ERROR       2025-05-09 00:35:52.632473 EST  connect         : Attempting a reconnect in 0.20s
Traceback (most recent call last):
  File "/usr/local/lib/python3.9/dist-packages/discord/client.py", line 667, in connect
    await self.ws.poll_event()
  File "/usr/local/lib/python3.9/dist-packages/discord/gateway.py", line 648, in poll_event
    raise ConnectionClosed(self.socket, shard_id=self.shard_id, code=code) from None
discord.errors.ConnectionClosed: Shard ID None WebSocket closed with 1000
INFO        2025-05-09 00:35:52.980418 EST  received_message : Shard ID None has successfully RESUMED session 4cf38b4270388a5f6a4684c6db744239.
INFO        2025-05-09 02:19:53.667847 EST  received_message : Shard ID None has successfully RESUMED session 4cf38b4270388a5f6a4684c6db744239.
INFO        2025-05-09 02:58:34.658634 EST  received_message : Shard ID None has successfully RESUMED session 4cf38b4270388a5f6a4684c6db744239.
INFO        2025-05-09 05:31:11.538723 EST  received_message : Shard ID None has successfully RESUMED session 4cf38b4270388a5f6a4684c6db744239.
INFO        2025-05-09 06:34:13.246073 EST  received_message : Shard ID None has successfully RESUMED session 4cf38b4270388a5f6a4684c6db744239.
INFO        2025-05-09 10:02:22.397839 EST  received_message : Shard ID None has successfully RESUMED session 4cf38b4270388a5f6a4684c6db744239.
INFO        2025-05-09 10:25:43.918393 EST  received_message : Shard ID None has successfully RESUMED session 4cf38b4270388a5f6a4684c6db744239.
INFO        2025-05-09 12:07:09.348814 EST  received_message : Shard ID None has successfully RESUMED session 4cf38b4270388a5f6a4684c6db744239.
ERROR       2025-05-09 14:45:08.752791 EST  connect         : Attempting a reconnect in 1.74s
Traceback (most recent call last):
  File "/usr/local/lib/python3.9/dist-packages/discord/client.py", line 667, in connect
    await self.ws.poll_event()
  File "/usr/local/lib/python3.9/dist-packages/discord/gateway.py", line 648, in poll_event
    raise ConnectionClosed(self.socket, shard_id=self.shard_id, code=code) from None
discord.errors.ConnectionClosed: Shard ID None WebSocket closed with 1000
INFO        2025-05-09 14:45:10.664188 EST  received_message : Shard ID None has successfully RESUMED session 4cf38b4270388a5f6a4684c6db744239.
ERROR       2025-05-09 15:06:07.327645 EST  connect         : Attempting a reconnect in 1.63s
Traceback (most recent call last):
  File "/usr/local/lib/python3.9/dist-packages/discord/client.py", line 667, in connect
    await self.ws.poll_event()
  File "/usr/local/lib/python3.9/dist-packages/discord/gateway.py", line 648, in poll_event
    raise ConnectionClosed(self.socket, shard_id=self.shard_id, code=code) from None
discord.errors.ConnectionClosed: Shard ID None WebSocket closed with 1000
INFO        2025-05-09 15:06:09.122787 EST  received_message : Shard ID None has successfully RESUMED session 4cf38b4270388a5f6a4684c6db744239.
WARNING     2025-05-09 17:24:33.733765 EST  ack             : Can't keep up, shard ID None websocket is 13.2s behind.
ERROR       2025-05-09 18:23:24.321563 EST  connect         : Attempting a reconnect in 0.15s
Traceback (most recent call last):
  File "/usr/local/lib/python3.9/dist-packages/discord/client.py", line 667, in connect
    await self.ws.poll_event()
  File "/usr/local/lib/python3.9/dist-packages/discord/gateway.py", line 648, in poll_event
    raise ConnectionClosed(self.socket, shard_id=self.shard_id, code=code) from None
discord.errors.ConnectionClosed: Shard ID None WebSocket closed with 1000
INFO        2025-05-09 18:23:24.642173 EST  received_message : Shard ID None has successfully RESUMED session 4cf38b4270388a5f6a4684c6db744239.
INFO        2025-05-09 20:18:46.973826 EST  received_message : Shard ID None has successfully RESUMED session 4cf38b4270388a5f6a4684c6db744239.
ERROR       2025-05-09 21:11:52.670329 EST  on_command_error : Ignoring exception in command None
discord.ext.commands.errors.CommandNotFound: Command ".?" is not found
INFO        2025-05-09 23:22:58.325487 EST  received_message : Shard ID None has successfully RESUMED session 4cf38b4270388a5f6a4684c6db744239.
ERROR       2025-05-09 23:29:41.146369 EST  on_command_error : Ignoring exception in command None
discord.ext.commands.errors.CommandNotFound: Command "." is not found
INFO        2025-05-09 23:58:19.962018 EST  received_message : Shard ID None has successfully RESUMED session 4cf38b4270388a5f6a4684c6db744239.
INFO        2025-05-10 00:25:47.595398 EST  received_message : Shard ID None has successfully RESUMED session 4cf38b4270388a5f6a4684c6db744239.
INFO        2025-05-10 02:44:57.465517 EST  received_message : Shard ID None has successfully RESUMED session 4cf38b4270388a5f6a4684c6db744239.
INFO        2025-05-10 03:58:17.744191 EST  received_message : Shard ID None has successfully RESUMED session 4cf38b4270388a5f6a4684c6db744239.
INFO        2025-05-10 07:23:21.683673 EST  received_message : Shard ID None has successfully RESUMED session 4cf38b4270388a5f6a4684c6db744239.
INFO        2025-05-10 10:42:59.242728 EST  received_message : Shard ID None has successfully RESUMED session 4cf38b4270388a5f6a4684c6db744239.
INFO        2025-05-10 11:39:31.187178 EST  received_message : Shard ID None has successfully RESUMED session 4cf38b4270388a5f6a4684c6db744239.
INFO        2025-05-10 15:08:15.693481 EST  received_message : Shard ID None has successfully RESUMED session 4cf38b4270388a5f6a4684c6db744239.
ERROR       2025-05-10 15:09:57.999789 EST  on_command_error : Ignoring exception in command None
discord.ext.commands.errors.CommandNotFound: Command ".." is not found
ERROR       2025-05-10 15:29:01.894333 EST  on_command_error : Ignoring exception in command None
discord.ext.commands.errors.CommandNotFound: Command ".." is not found
ERROR       2025-05-10 15:32:34.394908 EST  on_command_error : Ignoring exception in command None
discord.ext.commands.errors.CommandNotFound: Command "/lms" is not found
INFO        2025-05-10 18:43:58.577454 EST  received_message : Shard ID None has successfully RESUMED session 4cf38b4270388a5f6a4684c6db744239.
ERROR       2025-05-10 19:27:17.370185 EST  on_command_error : Ignoring exception in command None
discord.ext.commands.errors.CommandNotFound: Command ".." is not found
INFO        2025-05-10 20:59:03.192413 EST  received_message : Shard ID None has successfully RESUMED session 4cf38b4270388a5f6a4684c6db744239.
INFO        2025-05-10 21:16:47.937225 EST  received_message : Shard ID None has successfully RESUMED session 4cf38b4270388a5f6a4684c6db744239.
INFO        2025-05-10 23:58:09.481524 EST  received_message : Shard ID None has successfully RESUMED session 4cf38b4270388a5f6a4684c6db744239.
ERROR       2025-05-11 02:00:26.229779 EST  connect         : Attempting a reconnect in 0.57s
Traceback (most recent call last):
  File "/usr/local/lib/python3.9/dist-packages/discord/client.py", line 667, in connect
    await self.ws.poll_event()
  File "/usr/local/lib/python3.9/dist-packages/discord/gateway.py", line 648, in poll_event
    raise ConnectionClosed(self.socket, shard_id=self.shard_id, code=code) from None
discord.errors.ConnectionClosed: Shard ID None WebSocket closed with 1000
INFO        2025-05-11 02:00:26.936795 EST  received_message : Shard ID None has successfully RESUMED session 4cf38b4270388a5f6a4684c6db744239.
ERROR       2025-05-11 02:35:24.987526 EST  on_command_error : Ignoring exception in command None
discord.ext.commands.errors.CommandNotFound: Command "\" is not found
INFO        2025-05-11 04:20:40.426714 EST  received_message : Shard ID None has successfully RESUMED session 4cf38b4270388a5f6a4684c6db744239.
INFO        2025-05-11 05:45:19.392438 EST  received_message : Shard ID None has successfully RESUMED session 4cf38b4270388a5f6a4684c6db744239.
ERROR       2025-05-11 07:09:23.849715 EST  on_command_error : Ignoring exception in command None
discord.ext.commands.errors.CommandNotFound: Command "..." is not found
INFO        2025-05-11 09:29:18.249949 EST  received_message : Shard ID None has successfully RESUMED session 4cf38b4270388a5f6a4684c6db744239.
ST  on_interaction  : confrontable (544952418178301974) ran /private in #heymandude-ticket-162704 (1370417313236516885) True
INFO        2025-05-09 11:49:33.883965 EST  on_interaction  : reheat (409915081317679104) ran /close reason:'given' in #vpn-whitelist (1370376907442491522) True
INFO        2025-05-09 11:49:35.609707 EST  close_command   : Closed #vpn-whitelist (1370376907442491522) in 1.55s by reheat (409915081317679104) 58
INFO        2025-05-09 11:49:44.034708 EST  on_interaction  : reheat (409915081317679104) ran /ticket-logs user:'1076789350165139476' in #vpn-whitelist (1370414521255989371) True
INFO        2025-05-09 11:50:36.298200 EST  on_interaction  : reheat (409915081317679104) ran /close reason:'denied' in #vpn-whitelist (1370414521255989371) True
INFO        2025-05-09 11:50:38.023269 EST  close_command   : Closed #vpn-whitelist (1370414521255989371) in 1.5s by reheat (409915081317679104) 57
INFO        2025-05-09 11:51:09.323020 EST  on_interaction  : reheat (409915081317679104) ran /close reason:'We don't unlink accounts for this reason' in #heymandude-ticket-162704 (1370417313236516885) True
INFO        2025-05-09 11:51:11.766217 EST  close_command   : Closed #heymandude-ticket-162704 (1370417313236516885) in 2.09s by reheat (409915081317679104) 56
INFO        2025-05-09 11:53:39.777482 EST  on_interaction  : reheat (409915081317679104) ran /rename name:'ftop2' in #pro_wombat-ticket-162692 (1370266057209810974) True
INFO        2025-05-09 11:53:43.648417 EST  on_interaction  : reheat (409915081317679104) ran /rename name:'kitmapftop2' in #ftop-2-rewards (1370247228912046100) True
INFO        2025-05-09 11:57:41.624269 EST  on_interaction  : _matiass. (638734404402806815) ran /move category:'1051128605083709500' in #halalalawalalala-ticket-162705 (1370421326572945471) True
INFO        2025-05-09 11:57:47.133690 EST  on_interaction  : _matiass. (638734404402806815) ran /close reason:'Already denied' in #halalalawalalala-ticket-162705 (1370421326572945471) True
INFO        2025-05-09 11:57:48.926711 EST  close_command   : Closed #halalalawalalala-ticket-162705 (1370421326572945471) in 1.62s by _matiass. (638734404402806815) 55
INFO        2025-05-09 12:00:29.025345 EST  on_interaction  : reheat (409915081317679104) ran /close reason:'we have another ticket open regarding this' in #blxizeonfire3-ticket-162701 (1370409796884365523) True
INFO        2025-05-09 12:00:31.132958 EST  close_command   : Closed #blxizeonfire3-ticket-162701 (1370409796884365523) in 1.92s by reheat (409915081317679104) 54
INFO        2025-05-09 12:00:53.686921 EST  on_interaction  : m6rk (229691828650246145) ran /close reason:'answered' in #invincibility-bug (1370054414571798598) True
INFO        2025-05-09 12:00:56.097217 EST  close_command   : Closed #invincibility-bug (1370054414571798598) in 2.2s by m6rk (229691828650246145) 53
INFO        2025-05-09 12:18:55.658208 EST  on_interaction  : m6rk (229691828650246145) ran /ticket-logs user:'1076789350165139476' in #𝖠𝖽𝗆𝗂𝗇-𝖢𝗈𝗆𝗆𝖺𝗇𝖽𝗌 (918905775907291156) True
INFO        2025-05-09 12:50:58.125220 EST  on_interaction  : m6rk (229691828650246145) ran /close reason:'answered' in #zxsnm-ticket-162563 (1369724179464585238) True
INFO        2025-05-09 12:51:00.002461 EST  close_command   : Closed #zxsnm-ticket-162563 (1369724179464585238) in 1.71s by m6rk (229691828650246145) 56
INFO        2025-05-09 12:54:13.873834 EST  on_interaction  : reheat (409915081317679104) ran /move category:'948592775669121034' in #cottage-ticket-162707 (1370436554723692605) True
INFO        2025-05-09 12:54:23.215905 EST  on_interaction  : reheat (409915081317679104) ran /rename name:'eotw koth' in #cottage-ticket-162707 (1370436554723692605) True
INFO        2025-05-09 12:54:51.255503 EST  on_interaction  : reheat (409915081317679104) ran /rename name:'eotwkoth pvptop1' in #eotw-koth (1370436554723692605) True
INFO        2025-05-09 13:24:54.883161 EST  on_interaction  : confrontable (544952418178301974) ran /rename name:'tourney winner' in #sophiajaja-ticket-162711 (1370450073368002770) True
INFO        2025-05-09 13:34:25.672727 EST  on_interaction  : thegenerous (198263506313805824) ran /rename name:'vpn-whitelist' in #shiverer-ticket-162712 (1370452293375365210) True
INFO        2025-05-09 13:34:39.739606 EST  on_interaction  : thegenerous (198263506313805824) ran /private in #vpn-whitelist (1370452293375365210) True
INFO        2025-05-09 13:40:01.653503 EST  on_interaction  : legendsarising (958225180604370945) ran /close reason:'denie' in #goatrobin-ticket-162713 (1370452397184258231) True
INFO        2025-05-09 13:40:03.915036 EST  close_command   : Closed #goatrobin-ticket-162713 (1370452397184258231) in 2.03s by legendsarising (958225180604370945) 60
INFO        2025-05-09 13:52:18.059462 EST  on_interaction  : reheat (409915081317679104) ran /close reason:'denied' in #tourney-winner (1370450073368002770) True
INFO        2025-05-09 13:52:22.382091 EST  close_command   : Closed #tourney-winner (1370450073368002770) in 4.14s by reheat (409915081317679104) 60
INFO        2025-05-09 13:52:24.643642 EST  on_interaction  : reheat (409915081317679104) ran /close reason:'handled' in #tag1919-ticket-162710 (1370448368459059302) True
INFO        2025-05-09 13:52:26.336576 EST  close_command   : Closed #tag1919-ticket-162710 (1370448368459059302) in 1.55s by reheat (409915081317679104) 59
INFO        2025-05-09 13:54:01.117116 EST  on_interaction  : reheat (409915081317679104) ran /close reason:'requested' in #linked-punishment (1370156725600124970) True
INFO        2025-05-09 13:54:03.689213 EST  close_command   : Closed #linked-punishment (1370156725600124970) in 2.27s by reheat (409915081317679104) 58
INFO        2025-05-09 13:56:11.896055 EST  on_interaction  : reheat (409915081317679104) ran /close reason:'fixed' in #eloyid123-ticket-162666 (1370126429475438743) True
INFO        2025-05-09 13:56:13.665971 EST  close_command   : Closed #eloyid123-ticket-162666 (1370126429475438743) in 1.57s by reheat (409915081317679104) 57
INFO        2025-05-09 13:59:51.944564 EST  on_interaction  : legendsarising (958225180604370945) ran /move category:'948592775669121034' in #fastbear_-ticket-162716 (1370460016980656208) True
INFO        2025-05-09 14:06:16.866258 EST  on_interaction  : legendsarising (958225180604370945) ran /ticket-logs user:'659883482599784448' in #𝖲𝗍𝖺𝖿𝖿-𝖢𝗈𝗆𝗆𝖺𝗇𝖽𝗌 (918905638464127016) True
INFO        2025-05-09 14:11:15.415812 EST  on_interaction  : legendsarising (958225180604370945) ran /ticket-logs user:'1370063059049250868' in #𝖲𝗍𝖺𝖿𝖿-𝖢𝗈𝗆𝗆𝖺𝗇𝖽𝗌 (918905638464127016) True
INFO        2025-05-09 14:17:43.518542 EST  on_interaction  : legendsarising (958225180604370945) ran /close reason:'answered' in #fastbear_-ticket-162716 (1370460016980656208) True
INFO        2025-05-09 14:17:45.776147 EST  close_command   : Closed #fastbear_-ticket-162716 (1370460016980656208) in 2.07s by legendsarising (958225180604370945) 57
INFO        2025-05-09 14:21:52.762988 EST  on_interaction  : confrontable (544952418178301974) ran /close reason:'answered' in #fastbear_-ticket-162717 (1370465180928184340) True
INFO        2025-05-09 14:21:54.354523 EST  close_command   : Closed #fastbear_-ticket-162717 (1370465180928184340) in 1.42s by confrontable (544952418178301974) 57
INFO        2025-05-09 15:11:48.262776 EST  on_interaction  : thegenerous (198263506313805824) ran /rename name:'jail-credits-check' in #cowtoe-ticket-162718 (1370477490577080461) True
INFO        2025-05-09 15:27:22.429482 EST  on_interaction  : thegenerous (198263506313805824) ran /rename name:'vpn-request' in #renan_br-ticket-162719 (1370481649183232050) True
INFO        2025-05-09 15:27:28.082623 EST  on_interaction  : thegenerous (198263506313805824) ran /private in #vpn-request (1370481649183232050) True
INFO        2025-05-09 15:46:09.184139 EST  on_interaction  : reheat (409915081317679104) ran /close reason:'given' in #vpn-request (1370481649183232050) True
INFO        2025-05-09 15:46:10.880754 EST  close_command   : Closed #vpn-request (1370481649183232050) in 1.5s by reheat (409915081317679104) 61
INFO        2025-05-09 15:47:06.792889 EST  on_interaction  : exitiummm (750077826874736770) ran /close reason:'he will need to ask for you to be added' in #expo-top-question (1370403420481126430) True
INFO        2025-05-09 15:47:08.470339 EST  close_command   : Closed #expo-top-question (1370403420481126430) in 1.48s by exitiummm (750077826874736770) 61
INFO        2025-05-09 15:48:06.941687 EST  on_interaction  : exitiummm (750077826874736770) ran /close reason:'answered' in #planet-question (1370414571235578048) True
INFO        2025-05-09 15:48:08.879259 EST  close_command   : Closed #planet-question (1370414571235578048) in 1.8s by exitiummm (750077826874736770) 60
INFO        2025-05-09 15:48:34.250612 EST  on_interaction  : reheat (409915081317679104) ran /ticket-logs user:'460966144304611329' in #blue1885-ticket-162723 (1370487139581694102) True
INFO        2025-05-09 15:48:51.028975 EST  on_interaction  : exitiummm (750077826874736770) ran /close reason:'answered' in #cromeey37-ticket-162709 (1370440700277297202) True
INFO        2025-05-09 15:48:52.632613 EST  close_command   : Closed #cromeey37-ticket-162709 (1370440700277297202) in 1.44s by exitiummm (750077826874736770) 59
INFO        2025-05-09 15:49:01.807886 EST  on_interaction  : reheat (409915081317679104) ran /close reason:'given' in #blue1885-ticket-162723 (1370487139581694102) True
INFO        2025-05-09 15:49:03.883764 EST  close_command   : Closed #blue1885-ticket-162723 (1370487139581694102) in 1.86s by reheat (409915081317679104) 58
INFO        2025-05-09 15:53:52.177077 EST  on_interaction  : m6rk (229691828650246145) ran /rename name:'shipwreck-maze-issues' in #jacomaa-ticket-162721 (1370485400300425287) True
INFO        2025-05-09 15:54:22.575515 EST  on_interaction  : confrontable (544952418178301974) ran /rename name:'armorset bonus question' in #empirehangout-ticket-162720 (1370483903529226280) True
INFO        2025-05-09 16:17:16.775246 EST  on_interaction  : _matiass. (638734404402806815) ran /close reason:'Asked to close' in #staydripu-ticket-162714 (1370453822295642153) True
INFO        2025-05-09 16:17:18.352269 EST  close_command   : Closed #staydripu-ticket-162714 (1370453822295642153) in 1.41s by _matiass. (638734404402806815) 57
INFO        2025-05-09 16:25:18.205240 EST  on_interaction  : confrontable (544952418178301974) ran /rename name:'vpn whitelist' in #coones-ticket-162724 (1370495491678404709) True
INFO        2025-05-09 16:25:19.439903 EST  on_interaction  : confrontable (544952418178301974) ran /private in #vpn-whitelist (1370495491678404709) True
INFO        2025-05-09 16:28:05.744273 EST  on_interaction  : exitiummm (750077826874736770) ran /close reason:'done' in #vpn-whitelist (1370495491678404709) True
INFO        2025-05-09 16:28:07.682337 EST  close_command   : Closed #vpn-whitelist (1370495491678404709) in 1.75s by exitiummm (750077826874736770) 57
INFO        2025-05-09 16:29:37.528535 EST  on_interaction  : exitiummm (750077826874736770) ran /close reason:'done' in #kitmapftop2 (1370247228912046100) True
INFO        2025-05-09 16:29:39.505566 EST  close_command   : Closed #kitmapftop2 (1370247228912046100) in 1.78s by exitiummm (750077826874736770) 56
INFO        2025-05-09 16:30:31.301569 EST  on_interaction  : exitiummm (750077826874736770) ran /close reason:'its been noted by him' in #reapa1-ticket-162049 (1368337662741709026) True
INFO        2025-05-09 16:30:32.823336 EST  close_command   : Closed #reapa1-ticket-162049 (1368337662741709026) in 1.33s by exitiummm (750077826874736770) 55
INFO        2025-05-09 16:32:39.890164 EST  on_interaction  : exitiummm (750077826874736770) ran /close reason:'not yet but it is on the bug list' in #armorset-bonus-question (1370483903529226280) True
INFO        2025-05-09 16:32:41.806903 EST  close_command   : Closed #armorset-bonus-question (1370483903529226280) in 1.68s by exitiummm (750077826874736770) 54
INFO        2025-05-09 16:50:39.553118 EST  on_interaction  : rolith (399760511706726400) ran /close reason:'fixe d' in #ad4mg4-ticket-162730 (1370503010425241741) True
INFO        2025-05-09 16:50:41.380329 EST  close_command   : Closed #ad4mg4-ticket-162730 (1370503010425241741) in 1.65s by rolith (399760511706726400) 59
INFO        2025-05-09 16:50:52.142737 EST  on_interaction  : confrontable (544952418178301974) ran /rename name:'vpn whitelist' in #humychh-ticket-162728 (1370502516512657418) True
INFO        2025-05-09 16:50:53.502893 EST  on_interaction  : confrontable (544952418178301974) ran /private in #vpn-whitelist (1370502516512657418) True
INFO        2025-05-09 16:51:03.963723 EST  on_interaction  : rolith (399760511706726400) ran /close reason:'done' in #vpn-whitelist (1370502516512657418) True
INFO        2025-05-09 16:51:06.412999 EST  close_command   : Closed #vpn-whitelist (1370502516512657418) in 2.25s by rolith (399760511706726400) 58
INFO        2025-05-09 16:51:22.238327 EST  on_interaction  : rolith (399760511706726400) ran /move category:'1051458276426006619' in #dla300-ticket-162684 (1370220042054012999) True
INFO        2025-05-09 16:51:47.113275 EST  on_interaction  : rolith (399760511706726400) ran /close reason:'it only has 1 unban bought' in #jail-credits-check (1370477490577080461) True
INFO        2025-05-09 16:51:48.862340 EST  close_command   : Closed #jail-credits-check (1370477490577080461) in 1.5s by rolith (399760511706726400) 57
INFO        2025-05-09 16:53:28.491083 EST  on_interaction  : confrontable (544952418178301974) ran /rename name:'vpn whitelist' in #khlsc-ticket-162731 (1370503759834251354) True
INFO        2025-05-09 16:53:30.541265 EST  on_interaction  : confrontable (544952418178301974) ran /private in #vpn-whitelist (1370503759834251354) True
INFO        2025-05-09 16:56:58.733302 EST  on_interaction  : confrontable (544952418178301974) ran /rename name:'temp mute appeal' in #otfdavy-ticket-162733 (1370504492566577173) True
INFO        2025-05-09 16:57:01.337015 EST  on_interaction  : rolith (399760511706726400) ran /close reason:'done' in #vpn-whitelist (1370503759834251354) True
INFO        2025-05-09 16:57:04.107894 EST  on_interaction  : confrontable (544952418178301974) ran /move category:'1010777747456524338' in #temp-mute-appeal (1370504492566577173) True
INFO        2025-05-09 16:57:05.143353 EST  close_command   : Closed #vpn-whitelist (1370503759834251354) in 3.58s by rolith (399760511706726400) 59
INFO        2025-05-09 16:57:12.069900 EST  on_interaction  : confrontable (544952418178301974) ran /close reason:'answered' in #zuser-ticket-162725 (1370500177491660822) True
INFO        2025-05-09 16:57:13.790226 EST  close_command   : Closed #zuser-ticket-162725 (1370500177491660822) in 1.57s by confrontable (544952418178301974) 58
INFO        2025-05-09 16:58:37.158508 EST  on_interaction  : confrontable (544952418178301974) ran /rename name:'vpn whitelist' in #edilso-ticket-162734 (1370505127412240464) True
INFO        2025-05-09 16:58:38.598770 EST  on_interaction  : confrontable (544952418178301974) ran /private in #vpn-whitelist (1370505127412240464) True
INFO        2025-05-09 17:00:41.465369 EST  on_interaction  : mochamoat (1079983420337303552) ran /close reason:'player punished' in #vinix__1-ticket-162708 (1370440528235073557) True
INFO        2025-05-09 17:00:43.309419 EST  close_command   : Closed #vinix__1-ticket-162708 (1370440528235073557) in 1.61s by mochamoat (1079983420337303552) 58
INFO        2025-05-09 17:01:02.556047 EST  on_interaction  : exitiummm (750077826874736770) ran /close reason:'Denied' in #temp-mute-appeal (1370504492566577173) True
INFO        2025-05-09 17:01:05.868652 EST  close_command   : Closed #temp-mute-appeal (1370504492566577173) in 3.17s by exitiummm (750077826874736770) 58
INFO        2025-05-09 17:08:16.780262 EST  on_interaction  : rolith (399760511706726400) ran /close reason:'done' in #vpn-whitelist (1370505127412240464) True
INFO        2025-05-09 17:08:19.093538 EST  close_command   : Closed #vpn-whitelist (1370505127412240464) in 2.1s by rolith (399760511706726400) 62
INFO        2025-05-09 17:08:23.783613 EST  on_interaction  : confrontable (544952418178301974) ran /rename name:'chatgames' in #cromeey37-ticket-162738 (1370506863728136375) True
INFO        2025-05-09 17:08:34.145821 EST  on_interaction  : confrontable (544952418178301974) ran /move category:'1009882045901721720' in #chatgames (1370506863728136375) True
INFO        2025-05-09 17:08:54.473222 EST  on_interaction  : confrontable (544952418178301974) ran /close reason:'answered' in #l122111-ticket-162739 (1370506926571393179) True
INFO        2025-05-09 17:08:56.277431 EST  close_command   : Closed #l122111-ticket-162739 (1370506926571393179) in 1.63s by confrontable (544952418178301974) 61
INFO        2025-05-09 17:09:03.870929 EST  on_interaction  : confrontable (544952418178301974) ran /close reason:'answered' in #caxty__-ticket-162740 (1370507064102621377) True
INFO        2025-05-09 17:09:05.651922 EST  close_command   : Closed #caxty__-ticket-162740 (1370507064102621377) in 1.6s by confrontable (544952418178301974) 60
INFO        2025-05-09 17:10:09.500933 EST  on_interaction  : rolith (399760511706726400) ran /close reason:'fixed' in #chatgames (1370506863728136375) True
INFO        2025-05-09 17:10:10.883246 EST  close_command   : Closed #chatgames (1370506863728136375) in 1.21s by rolith (399760511706726400) 60
INFO        2025-05-09 17:11:03.066640 EST  on_interaction  : rolith (399760511706726400) ran /close reason:'fixed' in #kausar-ticket-162736 (1370506162910396427) True
INFO        2025-05-09 17:11:05.087616 EST  close_command   : Closed #kausar-ticket-162736 (1370506162910396427) in 1.79s by rolith (399760511706726400) 59
INFO        2025-05-09 17:11:16.719908 EST  on_interaction  : rolith (399760511706726400) ran /close reason:'unbanned' in #desktopmist2089-ticket-162737 (1370506763308236841) True
INFO        2025-05-09 17:11:18.289789 EST  close_command   : Closed #desktopmist2089-ticket-162737 (1370506763308236841) in 1.42s by rolith (399760511706726400) 61
INFO        2025-05-09 17:11:52.507363 EST  on_interaction  : rolith (399760511706726400) ran /close reason:'someone reported before him' in #sevdali2309-ticket-162743 (1370508436302991361) True
INFO        2025-05-09 17:11:54.199427 EST  close_command   : Closed #sevdali2309-ticket-162743 (1370508436302991361) in 1.54s by rolith (399760511706726400) 61
INFO        2025-05-09 17:12:04.179036 EST  on_interaction  : rolith (399760511706726400) ran /close reason:'you know why' in #dumlmao-ticket-162745 (1370508505949147239) True
INFO        2025-05-09 17:12:05.743850 EST  close_command   : Closed #dumlmao-ticket-162745 (1370508505949147239) in 1.42s by rolith (399760511706726400) 60
INFO        2025-05-09 17:12:49.007665 EST  on_interaction  : rolith (399760511706726400) ran /close reason:'odne' in #criplin-ticket-162742 (1370508424634437825) True
INFO        2025-05-09 17:12:49.158703 EST  on_interaction  : _matiass. (638734404402806815) ran /close reason:'Accepted' in #shikamar-ticket-162741 (1370507985796857897) True
INFO        2025-05-09 17:12:50.917445 EST  close_command   : Closed #criplin-ticket-162742 (1370508424634437825) in 1.7s by rolith (399760511706726400) 59
INFO        2025-05-09 17:12:51.149321 EST  close_command   : Closed #shikamar-ticket-162741 (1370507985796857897) in 1.82s by _matiass. (638734404402806815) 59
INFO        2025-05-09 17:13:45.877784 EST  on_interaction  : rolith (399760511706726400) ran /close reason:'fixed' in #cliippy-ticket-162747 (1370508856022667429) True
INFO        2025-05-09 17:13:47.428018 EST  close_command   : Closed #cliippy-ticket-162747 (1370508856022667429) in 1.36s by rolith (399760511706726400) 60
INFO        2025-05-09 17:14:29.589446 EST  on_interaction  : rolith (399760511706726400) ran /close reason:'in your inv' in #asta1541-ticket-162743 (1370508436348993616) True
INFO        2025-05-09 17:14:31.362033 EST  close_command   : Closed #asta1541-ticket-162743 (1370508436348993616) in 1.58s by rolith (399760511706726400) 59
INFO        2025-05-09 17:16:26.226451 EST  on_interaction  : rolith (399760511706726400) ran /close reason:'smh' in #pro_wombat-ticket-162749 (1370509346978529431) True
INFO        2025-05-09 17:16:28.328440 EST  close_command   : Closed #pro_wombat-ticket-162749 (1370509346978529431) in 1.93s by rolith (399760511706726400) 59
INFO        2025-05-09 17:20:17.413978 EST  on_interaction  : d2_rappy (318403043102294027) ran /rename name:'Tourney-Winner' in #jacomaa-ticket-162751 (1370510385886662757) True
INFO        2025-05-09 17:22:23.877831 EST  on_interaction  : confrontable (544952418178301974) ran /rename name:'reclaim issue' in #viebsko-ticket-162746 (1370508658584190986) True
INFO        2025-05-09 17:22:50.365914 EST  on_interaction  : confrontable (544952418178301974) ran /rename name:'missing rep' in #danielem42-ticket-162752 (1370510449434558475) True
INFO        2025-05-09 17:23:47.158642 EST  on_interaction  : confrontable (544952418178301974) ran /rename name:'fund vote issue' in #totallydone127-ticket-162753 (1370511334956994610) True
INFO        2025-05-09 17:24:54.576679 EST  on_interaction  : rolith (399760511706726400) ran /close reason:'rep has not been given out yet' in #missing-rep (1370510449434558475) True
INFO        2025-05-09 17:24:56.598666 EST  close_command   : Closed #missing-rep (1370510449434558475) in 1.72s by rolith (399760511706726400) 64
INFO        2025-05-09 17:25:34.386619 EST  on_interaction  : rolith (399760511706726400) ran /close reason:'answered' in #fund-vote-issue (1370511334956994610) True
INFO        2025-05-09 17:25:36.319138 EST  close_command   : Closed #fund-vote-issue (1370511334956994610) in 1.73s by rolith (399760511706726400) 63
INFO        2025-05-09 17:26:05.054439 EST  on_interaction  : rolith (399760511706726400) ran /close reason:'told the dev' in #briitt-ticket-162754 (1370511592264831098) True
INFO        2025-05-09 17:26:06.749574 EST  close_command   : Closed #briitt-ticket-162754 (1370511592264831098) in 1.47s by rolith (399760511706726400) 62
INFO        2025-05-09 17:27:42.842825 EST  on_interaction  : _matiass. (638734404402806815) ran /close reason:'Answered' in #darknight065753-ticket-162750 (1370510344262389770) True
INFO        2025-05-09 17:27:45.853480 EST  close_command   : Closed #darknight065753-ticket-162750 (1370510344262389770) in 2.8s by _matiass. (638734404402806815) 61
INFO        2025-05-09 17:28:15.114423 EST  on_interaction  : confrontable (544952418178301974) ran /close reason:'answered' in #bannys-ticket-162726 (1370500384434553114) True
INFO        2025-05-09 17:28:16.897675 EST  close_command   : Closed #bannys-ticket-162726 (1370500384434553114) in 1.59s by confrontable (544952418178301974) 60
INFO        2025-05-09 17:28:52.569731 EST  on_interaction  : confrontable (544952418178301974) ran /rename name:'raidevent missing' in #8f5-ticket-162755 (1370511657444315236) True
INFO        2025-05-09 17:30:42.839578 EST  on_interaction  : rolith (399760511706726400) ran /close reason:'it starts after the event chapter' in #raidevent-missing (1370511657444315236) True
INFO        2025-05-09 17:30:44.923011 EST  close_command   : Closed #raidevent-missing (1370511657444315236) in 1.94s by rolith (399760511706726400) 60
INFO        2025-05-09 17:31:21.614813 EST  on_interaction  : exitiummm (750077826874736770) ran /close reason:'make ticket in leader disc' in #cliippy-ticket-162756 (1370512939181801502) True
INFO        2025-05-09 17:31:23.249401 EST  close_command   : Closed #cliippy-ticket-162756 (1370512939181801502) in 1.45s by exitiummm (750077826874736770) 59
INFO        2025-05-09 17:33:17.529241 EST  on_interaction  : exitiummm (750077826874736770) ran /close reason:'if I remember correctly only k+ gets /reclaim' in #reclaim-issue (1370508658584190986) True
INFO        2025-05-09 17:33:19.476200 EST  close_command   : Closed #reclaim-issue (1370508658584190986) in 1.76s by exitiummm (750077826874736770) 59
INFO        2025-05-09 17:33:23.439602 EST  on_interaction  : thegenerous (198263506313805824) ran /move category:'1010777747456524338' in #ericzx-ticket-162757 (1370513509430988840) True
INFO        2025-05-09 17:33:34.936451 EST  on_interaction  : exitiummm (750077826874736770) ran /close reason:'unbanned' in #ericzx-ticket-162757 (1370513509430988840) True
INFO        2025-05-09 17:33:36.771734 EST  close_command   : Closed #ericzx-ticket-162757 (1370513509430988840) in 1.68s by exitiummm (750077826874736770) 58
INFO        2025-05-09 17:35:40.836265 EST  on_interaction  : exitiummm (750077826874736770) ran /close reason:'done' in #tourney-winner (1370510385886662757) True
INFO        2025-05-09 17:35:42.493254 EST  close_command   : Closed #tourney-winner (1370510385886662757) in 1.47s by exitiummm (750077826874736770) 57
INFO        2025-05-09 17:37:32.911593 EST  on_interaction  : _matiass. (638734404402806815) ran /move category:'1010777747456524338' in #ericzx-ticket-162758 (1370514679926886510) True
INFO        2025-05-09 17:37:41.150167 EST  on_interaction  : _matiass. (638734404402806815) ran /move category:'1010777747456524338' in #desktopmist2089-ticket-162748 (1370508924339355718) True
INFO        2025-05-09 17:38:49.765737 EST  on_interaction  : rolith (399760511706726400) ran /close reason:'answered' in #dsadasdsadadaaa-ticket-162761 (1370515132928622682) True
INFO        2025-05-09 17:38:51.321417 EST  close_command   : Closed #dsadasdsadadaaa-ticket-162761 (1370515132928622682) in 1.41s by rolith (399760511706726400) 60
INFO        2025-05-09 17:39:05.507550 EST  on_interaction  : rolith (399760511706726400) ran /move category:'948592775669121034' in #cwgkdjisaiuxyux-ticket-162760 (1370515118638759937) True
INFO        2025-05-09 17:48:03.073736 EST  on_interaction  : confrontable (544952418178301974) ran /rename name:'vpn whitelist' in #gatonso-ticket-162765 (1370517256416792839) True
INFO        2025-05-09 17:48:04.542775 EST  on_interaction  : confrontable (544952418178301974) ran /private in #vpn-whitelist (1370517256416792839) True
INFO        2025-05-09 17:48:09.394648 EST  on_interaction  : rolith (399760511706726400) ran /close reason:'denied' in #zzz1919-ticket-162766 (1370517270278705404) True
INFO        2025-05-09 17:48:10.821784 EST  close_command   : Closed #zzz1919-ticket-162766 (1370517270278705404) in 1.3s by rolith (399760511706726400) 64
INFO        2025-05-09 17:48:49.805695 EST  on_interaction  : exitiummm (750077826874736770) ran /close reason:'done' in #vpn-whitelist (1370517256416792839) True
INFO        2025-05-09 17:48:51.513216 EST  close_command   : Closed #vpn-whitelist (1370517256416792839) in 1.54s by exitiummm (750077826874736770) 63
INFO        2025-05-09 17:49:29.479234 EST  on_interaction  : exitiummm (750077826874736770) ran /close reason:'unbanned, turn your fly speed down' in #desktopmist2089-ticket-162748 (1370508924339355718) True
INFO        2025-05-09 17:49:31.134172 EST  close_command   : Closed #desktopmist2089-ticket-162748 (1370508924339355718) in 1.47s by exitiummm (750077826874736770) 62
INFO        2025-05-09 17:49:38.913734 EST  on_interaction  : exitiummm (750077826874736770) ran /close reason:'unbanned, turn your fly speed down' in #ericzx-ticket-162758 (1370514679926886510) True
INFO        2025-05-09 17:49:40.352251 EST  close_command   : Closed #ericzx-ticket-162758 (1370514679926886510) in 1.31s by exitiummm (750077826874736770) 61
INFO        2025-05-09 17:53:40.701977 EST  on_interaction  : exitiummm (750077826874736770) ran /close reason:'answered - read' in #thegenerous-ticket-162769 (1370518578436112514) True
INFO        2025-05-09 17:53:43.805715 EST  close_command   : Closed #thegenerous-ticket-162769 (1370518578436112514) in 2.89s by exitiummm (750077826874736770) 63
INFO        2025-05-09 17:56:55.420081 EST  on_interaction  : reheat (409915081317679104) ran /close reason:'it's being handled in the ticket' in #eupm-ticket-162768 (1370518403642691595) True
INFO        2025-05-09 17:56:57.220783 EST  close_command   : Closed #eupm-ticket-162768 (1370518403642691595) in 1.64s by reheat (409915081317679104) 64
INFO        2025-05-09 17:57:05.909698 EST  on_interaction  : reheat (409915081317679104) ran /move category:'1238913372435775550' in #glosey-ticket-162770 (1370519267685957712) True
INFO        2025-05-09 17:58:47.009801 EST  on_interaction  : exitiummm (750077826874736770) ran /close reason:'the lootbag in it is intended' in #sevdali2309-ticket-162771 (1370519420920791090) True
INFO        2025-05-09 17:58:48.520885 EST  close_command   : Closed #sevdali2309-ticket-162771 (1370519420920791090) in 1.32s by exitiummm (750077826874736770) 65
INFO        2025-05-09 17:59:10.179705 EST  on_interaction  : exitiummm (750077826874736770) ran /close reason:'he is doing them' in #eupm-ticket-162772 (1370520118899113986) True
INFO        2025-05-09 17:59:12.030392 EST  close_command   : Closed #eupm-ticket-162772 (1370520118899113986) in 1.65s by exitiummm (750077826874736770) 64
INFO        2025-05-09 18:01:47.125600 EST  on_interaction  : thegenerous (198263506313805824) ran /rename name:'changelog-issues' in #epsaaa-ticket-162773 (1370520129296924792) True
INFO        2025-05-09 18:03:28.159083 EST  on_interaction  : thegenerous (198263506313805824) ran /rename name:'minigame-chapter-issue' in #ppuggy-ticket-162775 (1370521448401342485) True
INFO        2025-05-09 18:03:39.839652 EST  on_interaction  : thegenerous (198263506313805824) ran /rename name:'spectate-sumo-brawls' in #alexrcasi-ticket-162774 (1370521330633543781) True
INFO        2025-05-09 18:08:25.363079 EST  on_interaction  : rolith (399760511706726400) ran /close reason:'resolved' in #minigame-chapter-issue (1370521448401342485) True
INFO        2025-05-09 18:08:27.075052 EST  close_command   : Closed #minigame-chapter-issue (1370521448401342485) in 1.48s by rolith (399760511706726400) 65
INFO        2025-05-09 18:12:21.166298 EST  on_interaction  : rolith (399760511706726400) ran /close reason:'done' in #glosey-ticket-162770 (1370519267685957712) True
INFO        2025-05-09 18:12:23.051633 EST  close_command   : Closed #glosey-ticket-162770 (1370519267685957712) in 1.7s by rolith (399760511706726400) 65
INFO        2025-05-09 18:13:59.102904 EST  on_interaction  : rolith (399760511706726400) ran /close reason:'in your ec for oyu and your teammates' in #ppuggy-ticket-162777 (1370523861896007750) True
INFO        2025-05-09 18:14:01.068405 EST  close_command   : Closed #ppuggy-ticket-162777 (1370523861896007750) in 1.74s by rolith (399760511706726400) 65
INFO        2025-05-09 18:14:46.128454 EST  on_interaction  : exitiummm (750077826874736770) ran /close reason:'nibbling is watching them' in #spectate-sumo-brawls (1370521330633543781) True
INFO        2025-05-09 18:14:47.851262 EST  close_command   : Closed #spectate-sumo-brawls (1370521330633543781) in 1.49s by exitiummm (750077826874736770) 64
INFO        2025-05-09 18:21:20.415850 EST  on_interaction  : confrontable (544952418178301974) ran /close reason:'answered' in #eupm-ticket-162779 (1370525466330665000) True
INFO        2025-05-09 18:21:22.241134 EST  close_command   : Closed #eupm-ticket-162779 (1370525466330665000) in 1.68s by confrontable (544952418178301974) 68
INFO        2025-05-09 18:26:39.564058 EST  on_interaction  : exitiummm (750077826874736770) ran /close reason:'rewards given' in #ftop3 (1369935162812403814) True
INFO        2025-05-09 18:26:41.866009 EST  close_command   : Closed #ftop3 (1369935162812403814) in 2.14s by exitiummm (750077826874736770) 70
INFO        2025-05-09 18:26:54.356577 EST  on_interaction  : thegenerous (198263506313805824) ran /move category:'1010777747456524338' in #j2blazed420-ticket-162784 (1370527052205133824) True
INFO        2025-05-09 18:27:22.004991 EST  on_interaction  : thegenerous (198263506313805824) ran /rename name:'kraken-plus-purchase-issue' in #tightened-ticket-162785 (1370527324407074979) True
INFO        2025-05-09 18:27:26.679911 EST  on_interaction  : thegenerous (198263506313805824) ran /move category:'1003465142018768897' in #kraken-plus-purchase-issue (1370527324407074979) True
INFO        2025-05-09 18:27:47.685649 EST  on_interaction  : thegenerous (198263506313805824) ran /close reason:'answered' in #quinny-ticket-162776 (1370523232603738223) True
INFO        2025-05-09 18:27:49.182439 EST  close_command   : Closed #quinny-ticket-162776 (1370523232603738223) in 1.32s by thegenerous (198263506313805824) 69
INFO        2025-05-09 18:28:11.068484 EST  on_interaction  : thegenerous (198263506313805824) ran /rename name:'vpn-whitelist' in #adsdsadasdasd-ticket-162783 (1370527008857128972) True
INFO        2025-05-09 18:28:12.688245 EST  on_interaction  : thegenerous (198263506313805824) ran /private in #vpn-whitelist (1370527008857128972) True
INFO        2025-05-09 18:31:17.008183 EST  on_interaction  : thegenerous (198263506313805824) ran /rename name:'mini-game-compensation' in #cromeey37-ticket-162786 (1370528240090742846) True
INFO        2025-05-09 18:32:27.846645 EST  on_interaction  : exitiummm (750077826874736770) ran /close reason:'fixed' in #viebsko-ticket-162782 (1370525877493960734) True
INFO        2025-05-09 18:32:29.698856 EST  close_command   : Closed #viebsko-ticket-162782 (1370525877493960734) in 1.63s by exitiummm (750077826874736770) 70
INFO        2025-05-09 18:32:52.328342 EST  on_interaction  : exitiummm (750077826874736770) ran /close reason:'fixed' in #kraken-plus-purchase-issue (1370527324407074979) True
INFO        2025-05-09 18:32:53.980489 EST  close_command   : Closed #kraken-plus-purchase-issue (1370527324407074979) in 1.45s by exitiummm (750077826874736770) 69
INFO        2025-05-09 18:35:17.559649 EST  on_interaction  : reheat (409915081317679104) ran /ticket-logs user:'1191202185913044993' in #vpn-whitelist (1370527008857128972) True
INFO        2025-05-09 18:35:42.812525 EST  on_interaction  : reheat (409915081317679104) ran /close reason:'denied' in #vpn-whitelist (1370527008857128972) True
INFO        2025-05-09 18:35:44.504638 EST  close_command   : Closed #vpn-whitelist (1370527008857128972) in 1.51s by reheat (409915081317679104) 69
INFO        2025-05-09 18:39:02.469110 EST  on_interaction  : rolith (399760511706726400) ran /close reason:'we are removing them out of the eco rn' in #cliippy-ticket-162787 (1370528291315908780) True
INFO        2025-05-09 18:39:04.032324 EST  close_command   : Closed #cliippy-ticket-162787 (1370528291315908780) in 1.36s by rolith (399760511706726400) 68
INFO        2025-05-09 18:40:15.924250 EST  on_interaction  : exitiummm (750077826874736770) ran /close reason:'this was sent to the dev by rolith' in #alexrcasi-ticket-162778 (1370525011936280700) True
INFO        2025-05-09 18:40:17.392709 EST  close_command   : Closed #alexrcasi-ticket-162778 (1370525011936280700) in 1.3s by exitiummm (750077826874736770) 68
INFO        2025-05-09 18:40:44.012941 EST  on_interaction  : exitiummm (750077826874736770) ran /close reason:'reviewing your logs we would need a video , the logs say you were cheating' in #nhui0mwoad-ticket-162759 (1370515047847039057) True
INFO        2025-05-09 18:40:45.805049 EST  close_command   : Closed #nhui0mwoad-ticket-162759 (1370515047847039057) in 1.65s by exitiummm (750077826874736770) 68
INFO        2025-05-09 18:40:55.714998 EST  on_interaction  : exitiummm (750077826874736770) ran /close reason:'unfortuantely we cannot shorten it' in #zzz1919-ticket-162767 (1370518185824096337) True
INFO        2025-05-09 18:40:57.201717 EST  close_command   : Closed #zzz1919-ticket-162767 (1370518185824096337) in 1.34s by exitiummm (750077826874736770) 67
INFO        2025-05-09 18:41:36.517990 EST  on_interaction  : exitiummm (750077826874736770) ran /close reason:'unbanned' in #jonathan2003-ticket-162790 (1370530881449492653) True
INFO        2025-05-09 18:41:41.797976 EST  close_command   : Closed #jonathan2003-ticket-162790 (1370530881449492653) in 5.12s by exitiummm (750077826874736770) 67
INFO        2025-05-09 18:42:26.104027 EST  on_interaction  : confrontable (544952418178301974) ran /move category:'1009574363915370620' in #ppuggy-ticket-162791 (1370531107048525935) True
INFO        2025-05-09 18:44:01.127506 EST  on_interaction  : rolith (399760511706726400) ran /close reason:'we cannot unban you unfortunately you have a lot of flags' in #nhui0mwoad-ticket-162792 (1370531225428557926) True
INFO        2025-05-09 18:44:02.996669 EST  close_command   : Closed #nhui0mwoad-ticket-162792 (1370531225428557926) in 1.68s by rolith (399760511706726400) 67
INFO        2025-05-09 18:56:03.750504 EST  on_interaction  : exitiummm (750077826874736770) ran /close reason:'crate in pv 1' in #cwgkdjisaiuxyux-ticket-162760 (1370515118638759937) True
INFO        2025-05-09 18:56:05.897668 EST  close_command   : Closed #cwgkdjisaiuxyux-ticket-162760 (1370515118638759937) in 1.96s by exitiummm (750077826874736770) 68
INFO        2025-05-09 19:02:31.241299 EST  on_interaction  : rolith (399760511706726400) ran /close reason:'would need video proof' in #mini-game-compensation (1370528240090742846) True
INFO        2025-05-09 19:02:32.831532 EST  close_command   : Closed #mini-game-compensation (1370528240090742846) in 1.41s by rolith (399760511706726400) 69
INFO        2025-05-09 19:02:43.165256 EST  on_interaction  : rolith (399760511706726400) ran /close reason:'unbanned' in #j2blazed420-ticket-162784 (1370527052205133824) True
INFO        2025-05-09 19:02:44.743501 EST  close_command   : Closed #j2blazed420-ticket-162784 (1370527052205133824) in 1.45s by rolith (399760511706726400) 68
INFO        2025-05-09 19:03:40.052331 EST  on_interaction  : confrontable (544952418178301974) ran /rename name:'item despawned' in #otfdavy-ticket-162796 (1370536365112168478) True
INFO        2025-05-09 19:08:21.695221 EST  on_interaction  : rolith (399760511706726400) ran /close reason:'unbanned but you cant drag click' in #plusaxe242-ticket-162795 (1370535362178453525) True
INFO        2025-05-09 19:08:23.334260 EST  close_command   : Closed #plusaxe242-ticket-162795 (1370535362178453525) in 1.52s by rolith (399760511706726400) 68
INFO        2025-05-09 19:09:25.889640 EST  on_interaction  : rolith (399760511706726400) ran /close reason:'that make isn't supposed to be out yet, so all of them were removed from eco' in #item-despawned (1370536365112168478) True
INFO        2025-05-09 19:09:27.481780 EST  close_command   : Closed #item-despawned (1370536365112168478) in 1.39s by rolith (399760511706726400) 67
INFO        2025-05-09 19:18:41.085291 EST  on_interaction  : confrontable (544952418178301974) ran /move category:'1238913372435775550' in #matt33545-ticket-162798 (1370538518753054740) True
INFO        2025-05-09 19:22:19.142142 EST  on_interaction  : thegenerous (198263506313805824) ran /move category:'1010777747456524338' in #huseyin1-ticket-162800 (1370540719806218270) True
INFO        2025-05-09 19:27:25.965272 EST  on_interaction  : confrontable (544952418178301974) ran /rename name:'godly br suggestions' in #alexrcasi-ticket-162799 (1370540528818589717) True
WARNING     2025-05-09 19:27:27.967581 EST  rename_error    : confrontable (544952418178301974) is trying to change the ticket name too quickly `❌` Failed! You are trying to change the ticket name too quickly!
INFO        2025-05-09 19:27:38.302496 EST  on_interaction  : confrontable (544952418178301974) ran /rename name:'godly br suggestions' in #godly-br-suggestions (1370540528818589717) True
INFO        2025-05-09 19:28:23.492924 EST  on_interaction  : confrontable (544952418178301974) ran /rename name:'missing rewards' in #bakugoukatsuki7574-ticket-162803 (1370542366284578816) True
INFO        2025-05-09 19:31:01.329862 EST  on_interaction  : confrontable (544952418178301974) ran /rename name:'leader transfer' in #lostem-ticket-162806 (1370543326079488005) True
INFO        2025-05-09 19:31:39.141353 EST  on_interaction  : confrontable (544952418178301974) ran /move category:'1010777747456524338' in #l122111-ticket-162805 (1370543255871029389) True
INFO        2025-05-09 19:33:48.711124 EST  on_interaction  : confrontable (544952418178301974) ran /rename name:'minigame rewards' in #cromeey37-ticket-162807 (1370543658989912135) True
INFO        2025-05-09 19:36:04.434087 EST  on_interaction  : confrontable (544952418178301974) ran /rename name:'community vid' in #sweatybomb-ticket-162808 (1370544689895309492) True
INFO        2025-05-09 19:45:34.327603 EST  on_interaction  : confrontable (544952418178301974) ran /rename name:'vpn whitelist' in #krisloy-ticket-162809 (1370546817367933008) True
INFO        2025-05-09 19:45:35.268036 EST  on_interaction  : confrontable (544952418178301974) ran /private in #vpn-whitelist (1370546817367933008) True
INFO        2025-05-09 19:48:44.128815 EST  on_interaction  : confrontable (544952418178301974) ran /private in #sweatybomb-ticket-162810 (1370547915696640072) True
INFO        2025-05-09 19:50:34.656720 EST  on_interaction  : confrontable (544952418178301974) ran /rename name:'vpn whitelist' in #z0rky-ticket-162811 (1370548339703283782) True
INFO        2025-05-09 19:50:35.894041 EST  on_interaction  : confrontable (544952418178301974) ran /private in #vpn-whitelist (1370548339703283782) True
INFO        2025-05-09 19:51:17.186554 EST  on_interaction  : confrontable (544952418178301974) ran /close reason:'answered' in #spedbas69-ticket-162802 (1370542326467792897) True
INFO        2025-05-09 19:51:19.496341 EST  close_command   : Closed #spedbas69-ticket-162802 (1370542326467792897) in 2.14s by confrontable (544952418178301974) 80
INFO        2025-05-09 20:08:45.842768 EST  on_interaction  : reheat (409915081317679104) ran /ticket-logs user:'987728771329187840' in #vpn-whitelist (1370546817367933008) True
INFO        2025-05-09 20:09:58.576438 EST  on_interaction  : reheat (409915081317679104) ran /close reason:'given' in #vpn-whitelist (1370546817367933008) True
INFO        2025-05-09 20:10:01.223557 EST  close_command   : Closed #vpn-whitelist (1370546817367933008) in 2.47s by reheat (409915081317679104) 82
INFO        2025-05-09 20:10:15.559301 EST  on_interaction  : reheat (409915081317679104) ran /close reason:'given' in #vpn-whitelist (1370548339703283782) True
INFO        2025-05-09 20:10:17.604783 EST  close_command   : Closed #vpn-whitelist (1370548339703283782) in 1.78s by reheat (409915081317679104) 81
INFO        2025-05-09 20:10:43.625512 EST  on_interaction  : reheat (409915081317679104) ran /close reason:'denied' in #zzz1919-ticket-162793 (1370534420767047791) True
INFO        2025-05-09 20:10:45.130147 EST  close_command   : Closed #zzz1919-ticket-162793 (1370534420767047791) in 1.32s by reheat (409915081317679104) 80
INFO        2025-05-09 20:11:20.745995 EST  on_interaction  : reheat (409915081317679104) ran /close reason:'denied' in #epsaaa-ticket-162797 (1370537859479506955) True
INFO        2025-05-09 20:11:22.715708 EST  close_command   : Closed #epsaaa-ticket-162797 (1370537859479506955) in 1.76s by reheat (409915081317679104) 79
INFO        2025-05-09 20:11:35.438785 EST  on_interaction  : reheat (409915081317679104) ran /close reason:'denied' in #huseyin1-ticket-162800 (1370540719806218270) True
INFO        2025-05-09 20:11:38.411481 EST  close_command   : Closed #huseyin1-ticket-162800 (1370540719806218270) in 2.83s by reheat (409915081317679104) 78
INFO        2025-05-09 20:11:41.845570 EST  on_interaction  : reheat (409915081317679104) ran /close reason:'denied' in #ad4mg4-ticket-162801 (1370541687989862510) True
INFO        2025-05-09 20:11:43.177140 EST  close_command   : Closed #ad4mg4-ticket-162801 (1370541687989862510) in 1.19s by reheat (409915081317679104) 77
INFO        2025-05-09 20:11:56.428306 EST  on_interaction  : reheat (409915081317679104) ran /close reason:'denied' in #plusaxe242-ticket-162804 (1370543246828113940) True
INFO        2025-05-09 20:11:57.908628 EST  close_command   : Closed #plusaxe242-ticket-162804 (1370543246828113940) in 1.29s by reheat (409915081317679104) 76
INFO        2025-05-09 20:12:28.370711 EST  on_interaction  : reheat (409915081317679104) ran /close reason:'ign isnt banned' in #l122111-ticket-162805 (1370543255871029389) True
INFO        2025-05-09 20:12:29.999749 EST  close_command   : Closed #l122111-ticket-162805 (1370543255871029389) in 1.43s by reheat (409915081317679104) 76
INFO        2025-05-09 20:17:07.814646 EST  on_interaction  : thegenerous (198263506313805824) ran /rename name:'linked-punishment' in #l122111-ticket-162816 (1370554751762038834) True
INFO        2025-05-09 20:17:08.912118 EST  on_interaction  : thegenerous (198263506313805824) ran /move category:'1010777747456524338' in #linked-punishment (1370554751762038834) True
INFO        2025-05-09 20:21:18.162125 EST  on_interaction  : rolith (399760511706726400) ran /close reason:'in your ec' in #missing-rewards (1370542366284578816) True
INFO        2025-05-09 20:21:19.999335 EST  close_command   : Closed #missing-rewards (1370542366284578816) in 1.58s by rolith (399760511706726400) 77
INFO        2025-05-09 20:21:29.952891 EST  on_interaction  : rolith (399760511706726400) ran /close reason:'done' in #leader-transfer (1370543326079488005) True
INFO        2025-05-09 20:21:31.745211 EST  close_command   : Closed #leader-transfer (1370543326079488005) in 1.58s by rolith (399760511706726400) 76
INFO        2025-05-09 20:22:11.559380 EST  on_interaction  : rolith (399760511706726400) ran /close reason:'shift right click' in #slymel-ticket-162813 (1370552017281482842) True
INFO        2025-05-09 20:22:13.328504 EST  close_command   : Closed #slymel-ticket-162813 (1370552017281482842) in 1.54s by rolith (399760511706726400) 75
INFO        2025-05-09 20:27:49.599538 EST  on_interaction  : legendsarising (958225180604370945) ran /close reason:'posted' in #community-vid (1370544689895309492) True
INFO        2025-05-09 20:27:51.286359 EST  close_command   : Closed #community-vid (1370544689895309492) in 1.5s by legendsarising (958225180604370945) 75
INFO        2025-05-09 20:34:53.730663 EST  on_interaction  : thegenerous (198263506313805824) ran /rename name:'leader-transfer' in #smilebtw13-ticket-162819 (1370559512578359306) True
INFO        2025-05-09 20:45:15.034144 EST  on_interaction  : exitiummm (750077826874736770) ran /close reason:'should be done' in #leader-transfer (1370559512578359306) True
INFO        2025-05-09 20:45:18.304243 EST  close_command   : Closed #leader-transfer (1370559512578359306) in 3.09s by exitiummm (750077826874736770) 76
INFO        2025-05-09 20:45:40.423844 EST  on_interaction  : exitiummm (750077826874736770) ran /close reason:'answered' in #clnedd-ticket-162818 (1370557097422618644) True
INFO        2025-05-09 20:45:42.627965 EST  close_command   : Closed #clnedd-ticket-162818 (1370557097422618644) in 2.0s by exitiummm (750077826874736770) 75
INFO        2025-05-09 20:46:32.132647 EST  on_interaction  : exitiummm (750077826874736770) ran /close reason:'denied' in #linked-punishment (1370554751762038834) True
INFO        2025-05-09 20:46:33.815817 EST  close_command   : Closed #linked-punishment (1370554751762038834) in 1.51s by exitiummm (750077826874736770) 75
INFO        2025-05-09 20:46:40.791453 EST  on_interaction  : exitiummm (750077826874736770) ran /close reason:'nope' in #sweatybomb-ticket-162820 (1370560955427328091) True
INFO        2025-05-09 20:46:42.412626 EST  close_command   : Closed #sweatybomb-ticket-162820 (1370560955427328091) in 1.4s by exitiummm (750077826874736770) 74
INFO        2025-05-09 20:50:25.077333 EST  on_interaction  : exitiummm (750077826874736770) ran /close reason:'rolith sent to the dev in management i see' in #briitt-ticket-162821 (1370562541620695080) True
INFO        2025-05-09 20:50:26.742768 EST  close_command   : Closed #briitt-ticket-162821 (1370562541620695080) in 1.49s by exitiummm (750077826874736770) 73
INFO        2025-05-09 20:54:20.923365 EST  on_interaction  : rolith (399760511706726400) ran /close reason:'pv is cleared, the items in it are in pv 2, there is a small reward in pv 2 as it isn't a game breaking bug' in #tatooooo-ticket-162814 (1370552977693081641) True
INFO        2025-05-09 20:54:24.802137 EST  close_command   : Closed #tatooooo-ticket-162814 (1370552977693081641) in 3.62s by rolith (399760511706726400) 72
INFO        2025-05-09 20:54:27.803036 EST  on_interaction  : legendsarising (958225180604370945) ran /close reason:'answered' in #sevdali2309-ticket-162815 (1370554026722332774) True
INFO        2025-05-09 20:54:29.457310 EST  close_command   : Closed #sevdali2309-ticket-162815 (1370554026722332774) in 1.42s by legendsarising (958225180604370945) 71
INFO        2025-05-09 20:54:36.098034 EST  on_interaction  : rolith (399760511706726400) ran /close reason:'accepted' in #ppuggy-ticket-162791 (1370531107048525935) True
INFO        2025-05-09 20:54:37.636055 EST  close_command   : Closed #ppuggy-ticket-162791 (1370531107048525935) in 1.39s by rolith (399760511706726400) 70
INFO        2025-05-09 20:56:58.546757 EST  on_interaction  : exitiummm (750077826874736770) ran /close reason:'accepted' in #cliippy-ticket-162781 (1370525863464140911) True
INFO        2025-05-09 20:57:00.165162 EST  close_command   : Closed #cliippy-ticket-162781 (1370525863464140911) in 1.43s by exitiummm (750077826874736770) 69
INFO        2025-05-09 21:04:30.161294 EST  on_interaction  : thegenerous (198263506313805824) ran /rename name:'hybrid-shard-bug' in #tatooooo-ticket-162822 (1370566954288549929) True
INFO        2025-05-09 21:05:16.189619 EST  on_interaction  : thegenerous (198263506313805824) ran /rename name:'remove-b-claims' in #ishownofearb-ticket-162823 (1370567083812720650) True
INFO        2025-05-09 21:06:44.753060 EST  on_interaction  : legendsarising (958225180604370945) ran /close reason:'resolved' in #remove-b-claims (1370567083812720650) True
INFO        2025-05-09 21:06:46.477679 EST  close_command   : Closed #remove-b-claims (1370567083812720650) in 1.53s by legendsarising (958225180604370945) 70
INFO        2025-05-09 21:10:14.351831 EST  on_interaction  : legendsarising (958225180604370945) ran /close reason:'answered' in #changelog-issues (1370520129296924792) True
INFO        2025-05-09 21:10:16.255962 EST  close_command   : Closed #changelog-issues (1370520129296924792) in 1.67s by legendsarising (958225180604370945) 70
INFO        2025-05-09 21:15:19.991132 EST  on_interaction  : thegenerous (198263506313805824) ran /rename name:'reward' in #cliippy-ticket-162825 (1370568923602489424) True
INFO        2025-05-09 21:16:47.633804 EST  on_interaction  : exitiummm (750077826874736770) ran /close reason:'this should be done' in #vpn-whitelist (1370452293375365210) True
INFO        2025-05-09 21:16:49.789495 EST  close_command   : Closed #vpn-whitelist (1370452293375365210) in 1.94s by exitiummm (750077826874736770) 70
INFO        2025-05-09 21:18:01.830702 EST  on_interaction  : exitiummm (750077826874736770) ran /close reason:'pv 1' in #minigame-rewards (1370543658989912135) True
INFO        2025-05-09 21:18:03.770516 EST  close_command   : Closed #minigame-rewards (1370543658989912135) in 1.64s by exitiummm (750077826874736770) 69
INFO        2025-05-09 21:19:04.317637 EST  on_interaction  : exitiummm (750077826874736770) ran /close reason:'you cannot get it' in #reward (1370568923602489424) True
INFO        2025-05-09 21:19:05.874791 EST  close_command   : Closed #reward (1370568923602489424) in 1.37s by exitiummm (750077826874736770) 69
INFO        2025-05-09 21:31:15.837635 EST  on_interaction  : thegenerous (198263506313805824) ran /move category:'1010777747456524338' in #clnedd-ticket-162828 (1370573609147301898) True
INFO        2025-05-09 21:32:55.879053 EST  on_interaction  : exitiummm (750077826874736770) ran /close reason:'player to make media applicatioin' in #sweatybomb-ticket-162810 (1370547915696640072) True
INFO        2025-05-09 21:32:57.481643 EST  close_command   : Closed #sweatybomb-ticket-162810 (1370547915696640072) in 1.42s by exitiummm (750077826874736770) 70
INFO        2025-05-09 21:55:21.506043 EST  on_interaction  : reheat (409915081317679104) ran /close reason:'done' in #expo-top (1370102039555866715) True
INFO        2025-05-09 21:55:23.243599 EST  close_command   : Closed #expo-top (1370102039555866715) in 1.57s by reheat (409915081317679104) 71
INFO        2025-05-09 22:33:01.998178 EST  on_interaction  : snack6133 (637766719095439380) ran /close reason:'answered' in #staydripu-ticket-162673 (1370151908509220986) True
INFO        2025-05-09 22:33:03.860992 EST  close_command   : Closed #staydripu-ticket-162673 (1370151908509220986) in 1.65s by snack6133 (637766719095439380) 76
INFO        2025-05-09 22:39:35.737973 EST  on_interaction  : snack6133 (637766719095439380) ran /close reason:'accepted' in #ronron100-ticket-162735 (1370505790422519928) True
INFO        2025-05-09 22:39:37.900088 EST  close_command   : Closed #ronron100-ticket-162735 (1370505790422519928) in 1.94s by snack6133 (637766719095439380) 75
INFO        2025-05-09 22:47:28.459731 EST  on_interaction  : snack6133 (637766719095439380) ran /close reason:'answered' in #ronron100-ticket-162762 (1370515553885749269) True
INFO        2025-05-09 22:47:29.807971 EST  close_command   : Closed #ronron100-ticket-162762 (1370515553885749269) in 1.17s by snack6133 (637766719095439380) 76
INFO        2025-05-09 22:49:34.582438 EST  on_interaction  : thegenerous (198263506313805824) ran /rename name:'missing-rewards' in #0uake-ticket-162839 (1370593070327926847) True
INFO        2025-05-09 22:49:52.177496 EST  on_interaction  : thegenerous (198263506313805824) ran /rename name:'qa-removal-concern' in #ppuggy-ticket-162835 (1370588772604968990) True
INFO        2025-05-09 22:54:19.923809 EST  on_interaction  : snack6133 (637766719095439380) ran /close reason:'denied' in #clnedd-ticket-162828 (1370573609147301898) True
INFO        2025-05-09 22:54:21.684492 EST  close_command   : Closed #clnedd-ticket-162828 (1370573609147301898) in 1.56s by snack6133 (637766719095439380) 76
INFO        2025-05-09 22:58:35.928086 EST  on_interaction  : thegenerous (198263506313805824) ran /rename name:'coinflip-issue' in #ynsmoke420-ticket-162837 (1370591340299030570) True
INFO        2025-05-09 23:07:09.934330 EST  on_interaction  : reheat (409915081317679104) ran /close reason:'dupe' in #suckyamadapusclat-ticket-162842 (1370596400575938673) True
INFO        2025-05-09 23:07:12.116062 EST  close_command   : Closed #suckyamadapusclat-ticket-162842 (1370596400575938673) in 2.0s by reheat (409915081317679104) 80
INFO        2025-05-09 23:07:29.570514 EST  on_interaction  : thegenerous (198263506313805824) ran /rename name:'vpn-whitelist' in #jesus291022-ticket-162844 (1370597767311003808) True
INFO        2025-05-09 23:07:33.857475 EST  on_interaction  : thegenerous (198263506313805824) ran /private in #vpn-whitelist (1370597767311003808) True
INFO        2025-05-09 23:07:48.596613 EST  on_interaction  : thegenerous (198263506313805824) ran /rename name:'possible-illegal-items' in #3uqn-ticket-162831 (1370583867425296444) True
INFO        2025-05-09 23:07:54.070172 EST  on_interaction  : reheat (409915081317679104) ran /close reason:'empty' in #suckyamadapusclat-ticket-162841 (1370596318728425562) True
INFO        2025-05-09 23:07:55.704414 EST  close_command   : Closed #suckyamadapusclat-ticket-162841 (1370596318728425562) in 1.4s by reheat (409915081317679104) 80
INFO        2025-05-09 23:16:29.447953 EST  on_interaction  : snack6133 (637766719095439380) ran /close reason:'denied' in #derekking-ticket-162846 (1370598407319851060) True
INFO        2025-05-09 23:16:31.450916 EST  close_command   : Closed #derekking-ticket-162846 (1370598407319851060) in 1.78s by snack6133 (637766719095439380) 82
INFO        2025-05-09 23:17:35.024117 EST  on_interaction  : thegenerous (198263506313805824) ran /rename name:'restart-raidevent' in #ericzx-ticket-162848 (1370599555422228540) True
INFO        2025-05-09 23:19:39.668126 EST  on_interaction  : rolith (399760511706726400) ran /close reason:'answered' in #psychtaz3-ticket-162847 (1370599527450411118) True
INFO        2025-05-09 23:19:41.841505 EST  close_command   : Closed #psychtaz3-ticket-162847 (1370599527450411118) in 1.83s by rolith (399760511706726400) 82
INFO        2025-05-09 23:21:29.964004 EST  on_interaction  : rolith (399760511706726400) ran /close reason:'restarted' in #restart-raidevent (1370599555422228540) True
INFO        2025-05-09 23:21:31.386639 EST  close_command   : Closed #restart-raidevent (1370599555422228540) in 1.27s by rolith (399760511706726400) 81
INFO        2025-05-09 23:23:41.791845 EST  on_interaction  : thegenerous (198263506313805824) ran /rename name:'lost-vkit-armor' in #eoka-ticket-162845 (1370598170366705784) True
INFO        2025-05-09 23:28:27.863918 EST  on_interaction  : exitiummm (750077826874736770) ran /close reason:'fixed' in #l122111-ticket-162826 (1370570680701288608) True
INFO        2025-05-09 23:28:29.294235 EST  close_command   : Closed #l122111-ticket-162826 (1370570680701288608) in 1.21s by exitiummm (750077826874736770) 83
INFO        2025-05-09 23:29:09.468544 EST  on_interaction  : exitiummm (750077826874736770) ran /close reason:'denied' in #trevando-ticket-162850 (1370601762783887370) True
INFO        2025-05-09 23:29:11.102409 EST  close_command   : Closed #trevando-ticket-162850 (1370601762783887370) in 1.47s by exitiummm (750077826874736770) 82
INFO        2025-05-09 23:29:22.688489 EST  on_interaction  : exitiummm (750077826874736770) ran /close reason:'we have noted in management' in #godly-br-suggestions (1370540528818589717) True
INFO        2025-05-09 23:29:24.237621 EST  close_command   : Closed #godly-br-suggestions (1370540528818589717) in 1.39s by exitiummm (750077826874736770) 81
INFO        2025-05-09 23:29:32.169000 EST  on_interaction  : exitiummm (750077826874736770) ran /close reason:'answered' in #treata-ticket-162829 (1370579452773273660) True
INFO        2025-05-09 23:29:35.705443 EST  close_command   : Closed #treata-ticket-162829 (1370579452773273660) in 3.39s by exitiummm (750077826874736770) 80
INFO        2025-05-09 23:29:39.055772 EST  on_interaction  : exitiummm (750077826874736770) ran /close reason:'player request' in #sweatybomb-ticket-162830 (1370579492128428124) True
INFO        2025-05-09 23:29:40.691355 EST  close_command   : Closed #sweatybomb-ticket-162830 (1370579492128428124) in 1.43s by exitiummm (750077826874736770) 79
INFO        2025-05-09 23:30:13.912772 EST  on_interaction  : exitiummm (750077826874736770) ran /close reason:'answered' in #possible-illegal-items (1370583867425296444) True
INFO        2025-05-09 23:30:15.501249 EST  close_command   : Closed #possible-illegal-items (1370583867425296444) in 1.43s by exitiummm (750077826874736770) 78
INFO        2025-05-09 23:31:16.313786 EST  on_interaction  : exitiummm (750077826874736770) ran /close reason:'answered' in #qa-removal-concern (1370588772604968990) True
INFO        2025-05-09 23:31:17.853358 EST  close_command   : Closed #qa-removal-concern (1370588772604968990) in 1.36s by exitiummm (750077826874736770) 77
INFO        2025-05-09 23:31:42.517001 EST  on_interaction  : exitiummm (750077826874736770) ran /close reason:'denied' in #vpn-whitelist (1370597767311003808) True
INFO        2025-05-09 23:31:45.871022 EST  close_command   : Closed #vpn-whitelist (1370597767311003808) in 3.14s by exitiummm (750077826874736770) 76
INFO        2025-05-09 23:32:27.384279 EST  on_interaction  : exitiummm (750077826874736770) ran /close reason:'player request' in #matt33545-ticket-162798 (1370538518753054740) True
INFO        2025-05-09 23:32:30.906344 EST  close_command   : Closed #matt33545-ticket-162798 (1370538518753054740) in 3.33s by exitiummm (750077826874736770) 75
INFO        2025-05-09 23:33:56.030926 EST  on_interaction  : thegenerous (198263506313805824) ran /rename name:'tourney-winner' in #narcoses-ticket-162851 (1370602711158100049) True
INFO        2025-05-09 23:34:19.474168 EST  on_interaction  : thegenerous (198263506313805824) ran /rename name:'lost-igs' in #totallydone127-ticket-162853 (1370604561420521492) True
INFO        2025-05-09 23:35:13.400023 EST  on_interaction  : exitiummm (750077826874736770) ran /close reason:'pv 1' in #missing-rewards (1370593070327926847) True
INFO        2025-05-09 23:35:15.120484 EST  close_command   : Closed #missing-rewards (1370593070327926847) in 1.56s by exitiummm (750077826874736770) 75
INFO        2025-05-09 23:38:35.659898 EST  on_interaction  : exitiummm (750077826874736770) ran /close reason:'pv 1' in #lost-igs (1370604561420521492) True
INFO        2025-05-09 23:38:37.266793 EST  close_command   : Closed #lost-igs (1370604561420521492) in 1.43s by exitiummm (750077826874736770) 75
INFO        2025-05-09 23:39:19.332600 EST  on_interaction  : rolith (399760511706726400) ran /close reason:'answered' in #sweatybomb-ticket-162840 (1370595740308607027) True
INFO        2025-05-09 23:39:21.908758 EST  close_command   : Closed #sweatybomb-ticket-162840 (1370595740308607027) in 2.37s by rolith (399760511706726400) 74
INFO        2025-05-09 23:47:25.238852 EST  on_interaction  : exitiummm (750077826874736770) ran /close reason:'it seems it was someone in godly battle royale iteming it' in #_jds6979-ticket-162833 (1370588571953795185) True
INFO        2025-05-09 23:47:26.994570 EST  close_command   : Closed #_jds6979-ticket-162833 (1370588571953795185) in 1.58s by exitiummm (750077826874736770) 74
INFO        2025-05-09 23:48:02.418193 EST  on_interaction  : exitiummm (750077826874736770) ran /close reason:'player bought unban' in #huntertowavey-ticket-162852 (1370603107142336632) True
INFO        2025-05-09 23:48:04.104197 EST  close_command   : Closed #huntertowavey-ticket-162852 (1370603107142336632) in 1.54s by exitiummm (750077826874736770) 74
INFO        2025-05-09 23:48:14.902622 EST  on_interaction  : exitiummm (750077826874736770) ran /close reason:'NoruuDuMeteMete is not an ign' in #noruuuu_-ticket-162794 (1370534734718832791) True
INFO        2025-05-09 23:48:16.431516 EST  close_command   : Closed #noruuuu_-ticket-162794 (1370534734718832791) in 1.4s by exitiummm (750077826874736770) 73
INFO        2025-05-09 23:48:22.406766 EST  on_interaction  : thegenerous (198263506313805824) ran /move category:'1010777747456524338' in #vodkalol69-ticket-162856 (1370608264798015599) True
INFO        2025-05-09 23:52:01.720132 EST  on_interaction  : llama_xd (200543436749668352) ran /close reason:'already denied' in #derekking-ticket-162849 (1370600835696033834) True
INFO        2025-05-09 23:52:03.512990 EST  close_command   : Closed #derekking-ticket-162849 (1370600835696033834) in 1.61s by llama_xd (200543436749668352) 72
INFO        2025-05-09 23:52:34.615936 EST  on_interaction  : rolith (399760511706726400) ran /oldest in #test-messages (1190060422468997130) True
INFO        2025-05-09 23:52:50.154950 EST  on_interaction  : rolith (399760511706726400) ran /close reason:'forwarded' in #printer-issue (1366381291452235867) True
INFO        2025-05-09 23:52:51.719135 EST  close_command   : Closed #printer-issue (1366381291452235867) in 1.42s by rolith (399760511706726400) 70
INFO        2025-05-09 23:53:22.852661 EST  on_interaction  : rolith (399760511706726400) ran /close reason:'no response' in #m0rocco-ticket-162780 (1370525520588177478) True
INFO        2025-05-09 23:53:24.975783 EST  close_command   : Closed #m0rocco-ticket-162780 (1370525520588177478) in 1.92s by rolith (399760511706726400) 69
INFO        2025-05-09 23:53:45.115488 EST  on_interaction  : rolith (399760511706726400) ran /close reason:'dupe ticket' in #eoka-ticket-162832 (1370587256267739247) True
INFO        2025-05-09 23:53:47.050845 EST  close_command   : Closed #eoka-ticket-162832 (1370587256267739247) in 1.76s by rolith (399760511706726400) 68
INFO        2025-05-09 23:54:32.654957 EST  on_interaction  : llama_xd (200543436749668352) ran /close reason:'denied' in #krumtx-ticket-162855 (1370607277815500800) True
INFO        2025-05-09 23:54:37.219635 EST  close_command   : Closed #krumtx-ticket-162855 (1370607277815500800) in 4.42s by llama_xd (200543436749668352) 68
INFO        2025-05-09 23:55:09.762271 EST  on_interaction  : thegenerous (198263506313805824) ran /close reason:'12pm EST (noon) the cap will raise, so every 24h cap raises by 13' in #scaries0420-ticket-162854 (1370605771192012830) True
INFO        2025-05-09 23:55:11.819076 EST  close_command   : Closed #scaries0420-ticket-162854 (1370605771192012830) in 1.87s by thegenerous (198263506313805824) 67
INFO        2025-05-09 23:58:46.164986 EST  on_interaction  : thegenerous (198263506313805824) ran /close reason:'answered' in #howecs-ticket-162834 (1370588689218142340) True
INFO        2025-05-09 23:58:50.040576 EST  close_command   : Closed #howecs-ticket-162834 (1370588689218142340) in 3.7s by thegenerous (198263506313805824) 66
INFO        2025-05-10 00:00:55.133123 EST  on_interaction  : llama_xd (200543436749668352) ran /close reason:'denied' in #vodkalol69-ticket-162856 (1370608264798015599) True
INFO        2025-05-10 00:00:57.338465 EST  close_command   : Closed #vodkalol69-ticket-162856 (1370608264798015599) in 1.96s by llama_xd (200543436749668352) 65
INFO        2025-05-10 00:05:20.588149 EST  on_interaction  : llama_xd (200543436749668352) ran /rename name:'beacon bug' in #cromeey37-ticket-162827 (1370571878133006378) True
INFO        2025-05-10 00:05:26.782110 EST  on_interaction  : llama_xd (200543436749668352) ran /move category:'1009882045901721720' in #beacon-bug (1370571878133006378) True
INFO        2025-05-10 00:09:07.609949 EST  on_interaction  : rolith (399760511706726400) ran /close reason:'player resolved' in #zzz081999-ticket-162332 (1368975239026970695) True
INFO        2025-05-10 00:09:09.367912 EST  close_command   : Closed #zzz081999-ticket-162332 (1368975239026970695) in 1.57s by rolith (399760511706726400) 64
INFO        2025-05-10 00:10:25.563552 EST  on_interaction  : rolith (399760511706726400) ran /close reason:'denied' in #goatrobin-ticket-162788 (1370529067962732544) True
INFO        2025-05-10 00:10:27.068983 EST  close_command   : Closed #goatrobin-ticket-162788 (1370529067962732544) in 1.33s by rolith (399760511706726400) 63
INFO        2025-05-10 00:12:01.000428 EST  on_interaction  : rolith (399760511706726400) ran /close reason:'pv 2' in #staydripu-ticket-162715 (1370456225350815776) True
INFO        2025-05-10 00:12:02.627387 EST  close_command   : Closed #staydripu-ticket-162715 (1370456225350815776) in 1.42s by rolith (399760511706726400) 62
INFO        2025-05-10 00:12:11.955157 EST  on_interaction  : rolith (399760511706726400) ran /close reason:'no response' in #imdebatable-ticket-162683 (1370217415086182410) True
INFO        2025-05-10 00:12:13.464802 EST  close_command   : Closed #imdebatable-ticket-162683 (1370217415086182410) in 1.35s by rolith (399760511706726400) 61
INFO        2025-05-10 00:12:57.888088 EST  on_interaction  : rolith (399760511706726400) ran /close reason:'resolved' in #pvptop-2 (1369919083600150599) True
INFO        2025-05-10 00:12:59.732967 EST  close_command   : Closed #pvptop-2 (1369919083600150599) in 1.58s by rolith (399760511706726400) 60
INFO        2025-05-10 00:29:55.787755 EST  on_interaction  : thegenerous (198263506313805824) ran /rename name:'vpn-whitelist' in #okoz-ticket-162861 (1370618377298772039) True
INFO        2025-05-10 00:29:57.262384 EST  on_interaction  : thegenerous (198263506313805824) ran /private in #vpn-whitelist (1370618377298772039) True
INFO        2025-05-10 00:31:43.496624 EST  on_interaction  : rolith (399760511706726400) ran /close reason:'done' in #vpn-whitelist (1370618377298772039) True
INFO        2025-05-10 00:31:45.031570 EST  close_command   : Closed #vpn-whitelist (1370618377298772039) in 1.31s by rolith (399760511706726400) 63
INFO        2025-05-10 00:46:41.830649 EST  on_interaction  : exitiummm (750077826874736770) ran /close reason:'Answered' in #icheathardd-ticket-162862 (1370621999210299513) True
INFO        2025-05-10 00:46:43.841554 EST  close_command   : Closed #icheathardd-ticket-162862 (1370621999210299513) in 1.83s by exitiummm (750077826874736770) 63
INFO        2025-05-10 00:51:02.649771 EST  on_interaction  : rolith (399760511706726400) ran /close reason:'fixed' in #eregy-ticket-162860 (1370617853304373341) True
INFO        2025-05-10 00:51:05.950318 EST  close_command   : Closed #eregy-ticket-162860 (1370617853304373341) in 3.13s by rolith (399760511706726400) 62
INFO        2025-05-10 00:53:23.110272 EST  on_interaction  : rolith (399760511706726400) ran /close reason:'unbanned' in #aiukes-ticket-162857 (1370609914946392124) True
INFO        2025-05-10 00:53:24.933926 EST  close_command   : Closed #aiukes-ticket-162857 (1370609914946392124) in 1.65s by rolith (399760511706726400) 61
INFO        2025-05-10 01:42:47.283312 EST  on_interaction  : rolith (399760511706726400) ran /close reason:'yes intended' in #sweatybomb-ticket-162866 (1370634649537347606) True
INFO        2025-05-10 01:42:48.761885 EST  close_command   : Closed #sweatybomb-ticket-162866 (1370634649537347606) in 1.32s by rolith (399760511706726400) 64
INFO        2025-05-10 01:59:09.689544 EST  on_interaction  : rolith (399760511706726400) ran /close reason:'answered' in #sweatybomb-ticket-162868 (1370639720735838220) True
INFO        2025-05-10 01:59:11.062510 EST  close_command   : Closed #sweatybomb-ticket-162868 (1370639720735838220) in 1.17s by rolith (399760511706726400) 66
INFO        2025-05-10 02:08:00.095276 EST  on_interaction  : rolith (399760511706726400) ran /close reason:'answered' in #sweatybomb-ticket-162870 (1370641405214462005) True
INFO        2025-05-10 02:08:01.415173 EST  close_command   : Closed #sweatybomb-ticket-162870 (1370641405214462005) in 1.16s by rolith (399760511706726400) 67
INFO        2025-05-10 02:08:14.325176 EST  on_interaction  : rolith (399760511706726400) ran /close reason:'answered' in #sweatybomb-ticket-162867 (1370637267130912842) True
INFO        2025-05-10 02:08:16.223440 EST  close_command   : Closed #sweatybomb-ticket-162867 (1370637267130912842) in 1.74s by rolith (399760511706726400) 66
INFO        2025-05-10 02:28:30.211338 EST  on_interaction  : pizzamuncher2132 (1066050892203315342) ran /close reason:'answered' in #hazza1841-ticket-162693 (1370289569202962493) True
INFO        2025-05-10 02:28:31.839399 EST  close_command   : Closed #hazza1841-ticket-162693 (1370289569202962493) in 1.46s by pizzamuncher2132 (1066050892203315342) 67
INFO        2025-05-10 02:57:44.878935 EST  on_interaction  : rolith (399760511706726400) ran /close reason:'dupe ticket' in #congram-ticket-162875 (1370651161194926121) True
INFO        2025-05-10 02:57:47.377500 EST  close_command   : Closed #congram-ticket-162875 (1370651161194926121) in 2.33s by rolith (399760511706726400) 72
INFO        2025-05-10 02:59:20.139426 EST  on_interaction  : rolith (399760511706726400) ran /close reason:'having dev look into' in #sweatybomb-ticket-162872 (1370644790361980990) True
INFO        2025-05-10 02:59:21.453012 EST  close_command   : Closed #sweatybomb-ticket-162872 (1370644790361980990) in 1.12s by rolith (399760511706726400) 71
INFO        2025-05-10 02:59:30.470335 EST  on_interaction  : rolith (399760511706726400) ran /close reason:'they are random' in #guawm-ticket-162871 (1370642944041812030) True
INFO        2025-05-10 02:59:32.409821 EST  close_command   : Closed #guawm-ticket-162871 (1370642944041812030) in 1.81s by rolith (399760511706726400) 70
INFO        2025-05-10 02:59:50.628917 EST  on_interaction  : rolith (399760511706726400) ran /close reason:'pv 1' in #eupm-ticket-162865 (1370629784480256030) True
INFO        2025-05-10 02:59:52.071517 EST  close_command   : Closed #eupm-ticket-162865 (1370629784480256030) in 1.26s by rolith (399760511706726400) 69
INFO        2025-05-10 03:00:06.439979 EST  on_interaction  : rolith (399760511706726400) ran /close reason:'answered' in #totallydone127-ticket-162858 (1370615606520315965) True
INFO        2025-05-10 03:00:08.186565 EST  close_command   : Closed #totallydone127-ticket-162858 (1370615606520315965) in 1.59s by rolith (399760511706726400) 69
INFO        2025-05-10 03:02:41.444051 EST  on_interaction  : pizzamuncher2132 (1066050892203315342) ran /close reason:'Player punished + items in EC' in #admin (1369933093833805824) True
INFO        2025-05-10 03:02:42.989120 EST  close_command   : Closed #admin (1369933093833805824) in 1.4s by pizzamuncher2132 (1066050892203315342) 69
INFO        2025-05-10 03:04:30.763931 EST  on_interaction  : rolith (399760511706726400) ran /close reason:'player request' in #eupm-ticket-162881 (1370657231133081680) True
INFO        2025-05-10 03:04:32.383825 EST  close_command   : Closed #eupm-ticket-162881 (1370657231133081680) in 1.38s by rolith (399760511706726400) 68
INFO        2025-05-10 03:05:17.424870 EST  on_interaction  : rolith (399760511706726400) ran /close reason:'pv 1' in #sweatybomb-ticket-162880 (1370656571301957687) True
INFO        2025-05-10 03:05:19.240759 EST  close_command   : Closed #sweatybomb-ticket-162880 (1370656571301957687) in 1.65s by rolith (399760511706726400) 67
INFO        2025-05-10 03:05:44.543831 EST  on_interaction  : rolith (399760511706726400) ran /close reason:'player request' in #heymandude-ticket-162706 (1370433992259797084) True
INFO        2025-05-10 03:05:46.471503 EST  close_command   : Closed #heymandude-ticket-162706 (1370433992259797084) in 1.7s by rolith (399760511706726400) 66
INFO        2025-05-10 03:10:23.491247 EST  on_interaction  : pizzamuncher2132 (1066050892203315342) ran /close reason:'Items in EC' in #spamanchors-ticket-162732 (1370504082791338066) True
INFO        2025-05-10 03:10:25.414879 EST  close_command   : Closed #spamanchors-ticket-162732 (1370504082791338066) in 1.73s by pizzamuncher2132 (1066050892203315342) 65
INFO        2025-05-10 03:21:43.544680 EST  on_interaction  : pizzamuncher2132 (1066050892203315342) ran /ticket-logs user:'770364845505511454' in #𝖠𝖽𝗆𝗂𝗇-𝖢𝗈𝗆𝗆𝖺𝗇𝖽𝗌 (918905775907291156) True
INFO        2025-05-10 04:20:26.598155 EST  on_interaction  : _matiass. (638734404402806815) ran /close reason:'Already denied' in #zzz1919-ticket-162885 (1370667400554614865) True
INFO        2025-05-10 04:20:28.292270 EST  close_command   : Closed #zzz1919-ticket-162885 (1370667400554614865) in 1.42s by _matiass. (638734404402806815) 68
INFO        2025-05-10 04:22:56.885168 EST  on_interaction  : _matiass. (638734404402806815) ran /close reason:'Answered' in #sylific-ticket-162883 (1370665345249181809) True
INFO        2025-05-10 04:22:58.791063 EST  close_command   : Closed #sylific-ticket-162883 (1370665345249181809) in 1.73s by _matiass. (638734404402806815) 67
INFO        2025-05-10 04:36:24.496940 EST  on_interaction  : _matiass. (638734404402806815) ran /close reason:'Solved' in #prgh_-ticket-162874 (1370650939693727814) True
INFO        2025-05-10 04:36:26.327249 EST  close_command   : Closed #prgh_-ticket-162874 (1370650939693727814) in 1.67s by _matiass. (638734404402806815) 66
INFO        2025-05-10 04:42:12.333951 EST  on_interaction  : _matiass. (638734404402806815) ran /close reason:'Denied, you will have to wait out the remaining ban' in #pathico-ticket-162869 (1370640290578300958) True
INFO        2025-05-10 04:42:14.110451 EST  close_command   : Closed #pathico-ticket-162869 (1370640290578300958) in 1.61s by _matiass. (638734404402806815) 65
INFO        2025-05-10 04:44:16.914269 EST  on_interaction  : rolith (399760511706726400) ran /close reason:'done' in #zuser-ticket-162884 (1370665913023725598) True
INFO        2025-05-10 04:44:18.551328 EST  close_command   : Closed #zuser-ticket-162884 (1370665913023725598) in 1.46s by rolith (399760511706726400) 64
INFO        2025-05-10 04:44:47.801570 EST  on_interaction  : rolith (399760511706726400) ran /close reason:'pv 1' in #congram-ticket-162876 (1370651192052547615) True
INFO        2025-05-10 04:44:49.222584 EST  close_command   : Closed #congram-ticket-162876 (1370651192052547615) in 1.25s by rolith (399760511706726400) 63
INFO        2025-05-10 04:49:07.957089 EST  on_interaction  : _matiass. (638734404402806815) ran /close reason:'Answered, check transcript' in #vulgoeduardo-ticket-162763 (1370516344222519307) True
INFO        2025-05-10 04:49:09.983054 EST  close_command   : Closed #vulgoeduardo-ticket-162763 (1370516344222519307) in 1.86s by _matiass. (638734404402806815) 62
INFO        2025-05-10 06:27:16.577207 EST  on_interaction  : _matiass. (638734404402806815) ran /close reason:'Already denied' in #huseyin1-ticket-162890 (1370698221193789482) True
INFO        2025-05-10 06:27:17.996746 EST  close_command   : Closed #huseyin1-ticket-162890 (1370698221193789482) in 1.24s by _matiass. (638734404402806815) 67
INFO        2025-05-10 06:43:50.661597 EST  on_interaction  : confrontable (544952418178301974) ran /rename name:'twitter giveaway question' in #proffezional-ticket-162882 (1370660667371290670) True
INFO        2025-05-10 06:45:05.898010 EST  on_interaction  : confrontable (544952418178301974) ran /rename name:'stuck in air' in #raiz4633-ticket-162892 (1370712366228176977) True
INFO        2025-05-10 06:46:12.583067 EST  on_interaction  : _matiass. (638734404402806815) ran /close reason:'Answered' in #walk3d-ticket-162893 (1370713043927040052) True
INFO        2025-05-10 06:46:14.489753 EST  close_command   : Closed #walk3d-ticket-162893 (1370713043927040052) in 1.72s by _matiass. (638734404402806815) 68
INFO        2025-05-10 06:51:48.170668 EST  on_interaction  : confrontable (544952418178301974) ran /rename name:'resource pack suggestion' in #desktopmist2089-ticket-162894 (1370714519499706460) True
INFO        2025-05-10 07:01:24.785886 EST  on_interaction  : daddy0001 (339415844411146251) ran /move category:'1010777747456524338' in #scaries0420-ticket-162891 (1370707675280834634) True
INFO        2025-05-10 07:01:49.283151 EST  on_interaction  : daddy0001 (339415844411146251) ran /rename name:'rep points query' in #danielem42-ticket-162887 (1370691535578075268) True
INFO        2025-05-10 07:44:27.584348 EST  on_interaction  : daddy0001 (339415844411146251) ran /rename name:'BR issue' in #ppuggy-ticket-162863 (1370625517887164457) True
INFO        2025-05-10 07:47:10.404064 EST  on_interaction  : confrontable (544952418178301974) ran /rename name:'vpn whitelist' in #hautinghim-ticket-162898 (1370728565896642590) True
INFO        2025-05-10 07:47:11.997557 EST  on_interaction  : confrontable (544952418178301974) ran /private in #vpn-whitelist (1370728565896642590) True
INFO        2025-05-10 08:12:26.013999 EST  on_interaction  : confrontable (544952418178301974) ran /rename name:'godly br suggestion' in #dedezz-ticket-162899 (1370734380569460807) True
INFO        2025-05-10 08:34:10.358656 EST  on_interaction  : lilrolls123 (776423109317361714) ran /rename name:'chat logs' in #walk3d-ticket-162901 (1370740270739488821) True
INFO        2025-05-10 08:43:09.732600 EST  on_interaction  : confrontable (544952418178301974) ran /rename name:'leader transfer' in #xallington-ticket-162902 (1370742656300224644) True
INFO        2025-05-10 09:02:40.620790 EST  on_interaction  : reheat (409915081317679104) ran /close reason:'given' in #vpn-whitelist (1370728565896642590) True
INFO        2025-05-10 09:02:45.144848 EST  close_command   : Closed #vpn-whitelist (1370728565896642590) in 4.32s by reheat (409915081317679104) 79
INFO        2025-05-10 09:02:58.451062 EST  on_interaction  : reheat (409915081317679104) ran /close reason:'already gave the alt acc' in #fransinh-ticket-162888 (1370694750805430302) True
INFO        2025-05-10 09:03:00.556761 EST  close_command   : Closed #fransinh-ticket-162888 (1370694750805430302) in 1.93s by reheat (409915081317679104) 78
INFO        2025-05-10 09:03:05.234463 EST  on_interaction  : reheat (409915081317679104) ran /close reason:'already done' in #hautinghim-ticket-162897 (1370725374991794256) True
INFO        2025-05-10 09:03:06.723021 EST  close_command   : Closed #hautinghim-ticket-162897 (1370725374991794256) in 1.34s by reheat (409915081317679104) 77
INFO        2025-05-10 09:03:27.577743 EST  on_interaction  : reheat (409915081317679104) ran /close reason:'account isn't banned' in #eregy-ticket-162864 (1370626193962963084) True
INFO        2025-05-10 09:03:29.308389 EST  close_command   : Closed #eregy-ticket-162864 (1370626193962963084) in 1.52s by reheat (409915081317679104) 76
INFO        2025-05-10 09:04:22.797449 EST  on_interaction  : reheat (409915081317679104) ran /close reason:'Reopen if you can provide video proof' in #stuck-in-air (1370712366228176977) True
INFO        2025-05-10 09:04:24.504052 EST  close_command   : Closed #stuck-in-air (1370712366228176977) in 1.54s by reheat (409915081317679104) 75
INFO        2025-05-10 09:06:42.627487 EST  on_interaction  : reheat (409915081317679104) ran /close reason:'punished' in #chat-logs (1370740270739488821) True
INFO        2025-05-10 09:06:44.271280 EST  close_command   : Closed #chat-logs (1370740270739488821) in 1.44s by reheat (409915081317679104) 74
INFO        2025-05-10 09:09:01.930326 EST  on_interaction  : reheat (409915081317679104) ran /close reason:'punished' in #reenactment-ticket-162905 (1370746560606113934) True
INFO        2025-05-10 09:09:03.739642 EST  close_command   : Closed #reenactment-ticket-162905 (1370746560606113934) in 1.62s by reheat (409915081317679104) 73
INFO        2025-05-10 09:15:10.293515 EST  on_interaction  : reheat (409915081317679104) ran /close reason:'done' in #leader-transfer (1370742656300224644) True
INFO        2025-05-10 09:15:12.610493 EST  close_command   : Closed #leader-transfer (1370742656300224644) in 2.12s by reheat (409915081317679104) 73
INFO        2025-05-10 10:22:40.909051 EST  on_interaction  : thegenerous (198263506313805824) ran /close reason:'answered' in #harcka-ticket-162909 (1370761728744489030) True
INFO        2025-05-10 10:22:42.885031 EST  close_command   : Closed #harcka-ticket-162909 (1370761728744489030) in 1.8s by thegenerous (198263506313805824) 77
INFO        2025-05-10 10:41:47.297455 EST  on_interaction  : confrontable (544952418178301974) ran /rename name:'missing rewards' in #beheldop-ticket-162911 (1370767210636775476) True
INFO        2025-05-10 10:43:40.018815 EST  on_interaction  : confrontable (544952418178301974) ran /rename name:'vpn whitelist' in #shiverer-ticket-162913 (1370771085519360000) True
INFO        2025-05-10 10:43:41.064916 EST  on_interaction  : confrontable (544952418178301974) ran /private in #vpn-whitelist (1370771085519360000) True
INFO        2025-05-10 10:45:28.427530 EST  on_interaction  : confrontable (544952418178301974) ran /rename name:'build missing blocks' in #growhl-ticket-162916 (1370773292700532858) True
INFO        2025-05-10 10:59:04.496914 EST  on_interaction  : keksmc (1193224557826412624) ran /close reason:'player punished' in #yusuf007426-ticket-162722 (1370486248405471325) True
INFO        2025-05-10 10:59:06.242201 EST  close_command   : Closed #yusuf007426-ticket-162722 (1370486248405471325) in 1.57s by keksmc (1193224557826412624) 82
INFO        2025-05-10 11:00:00.103595 EST  on_interaction  : reheat (409915081317679104) ran /close reason:'fixed' in #ichmussmal-ticket-162917 (1370774380510183504) True
INFO        2025-05-10 11:00:02.113228 EST  close_command   : Closed #ichmussmal-ticket-162917 (1370774380510183504) in 1.83s by reheat (409915081317679104) 81
INFO        2025-05-10 11:00:09.707913 EST  on_interaction  : xinkuu (901608730452426782) ran /close reason:'answered' in #alexandru1234457-ticket-162914 (1370771679348920412) True
INFO        2025-05-10 11:00:11.772071 EST  close_command   : Closed #alexandru1234457-ticket-162914 (1370771679348920412) in 1.9s by xinkuu (901608730452426782) 80
INFO        2025-05-10 11:01:06.271896 EST  on_interaction  : xinkuu (901608730452426782) ran /close reason:'video required' in #scaries0420-ticket-162891 (1370707675280834634) True
INFO        2025-05-10 11:01:09.484099 EST  close_command   : Closed #scaries0420-ticket-162891 (1370707675280834634) in 3.03s by xinkuu (901608730452426782) 79
INFO        2025-05-10 11:01:53.493242 EST  on_interaction  : xinkuu (901608730452426782) ran /close reason:'answered' in #asta1541-ticket-162912 (1370770941084303410) True
INFO        2025-05-10 11:01:55.173801 EST  close_command   : Closed #asta1541-ticket-162912 (1370770941084303410) in 1.51s by xinkuu (901608730452426782) 79
INFO        2025-05-10 11:02:10.673555 EST  on_interaction  : keksmc (1193224557826412624) ran /close reason:'denied' in #spamanchors-ticket-162729 (1370502824198144020) True
INFO        2025-05-10 11:02:12.272609 EST  close_command   : Closed #spamanchors-ticket-162729 (1370502824198144020) in 1.45s by keksmc (1193224557826412624) 79
INFO        2025-05-10 11:02:31.546014 EST  on_interaction  : xinkuu (901608730452426782) ran /close reason:'pv 1' in #missing-rewards (1370767210636775476) True
INFO        2025-05-10 11:02:33.918276 EST  close_command   : Closed #missing-rewards (1370767210636775476) in 2.22s by xinkuu (901608730452426782) 80
INFO        2025-05-10 11:03:01.500236 EST  on_interaction  : confrontable (544952418178301974) ran /move category:'1010777747456524338' in #coones-ticket-162921 (1370777998776729740) True
INFO        2025-05-10 11:03:26.513651 EST  on_interaction  : xinkuu (901608730452426782) ran /close reason:'answered' in #krakensb-ticket-162889 (1370697012420542495) True
INFO        2025-05-10 11:03:28.250734 EST  close_command   : Closed #krakensb-ticket-162889 (1370697012420542495) in 1.5s by xinkuu (901608730452426782) 79
INFO        2025-05-10 11:03:33.602952 EST  on_interaction  : reheat (409915081317679104) ran /close reason:'fixed' in #kadubb-ticket-162906 (1370750962859511930) True
INFO        2025-05-10 11:03:35.276196 EST  close_command   : Closed #kadubb-ticket-162906 (1370750962859511930) in 1.54s by reheat (409915081317679104) 78
INFO        2025-05-10 11:04:22.648035 EST  on_interaction  : xinkuu (901608730452426782) ran /close reason:'denied' in #heymandude-ticket-162873 (1370647062244491305) True
INFO        2025-05-10 11:04:24.228288 EST  close_command   : Closed #heymandude-ticket-162873 (1370647062244491305) in 1.37s by xinkuu (901608730452426782) 78
INFO        2025-05-10 11:06:22.565158 EST  on_interaction  : xinkuu (901608730452426782) ran /close reason:'video required' in #2270586635-ticket-162919 (1370777929331507220) True
INFO        2025-05-10 11:06:24.552955 EST  close_command   : Closed #2270586635-ticket-162919 (1370777929331507220) in 1.71s by xinkuu (901608730452426782) 78
INFO        2025-05-10 11:06:36.987618 EST  on_interaction  : reheat (409915081317679104) ran /close reason:'fixed' in #eregy-ticket-162908 (1370757824287604877) True
INFO        2025-05-10 11:06:39.340412 EST  close_command   : Closed #eregy-ticket-162908 (1370757824287604877) in 2.22s by reheat (409915081317679104) 77
INFO        2025-05-10 11:06:56.442056 EST  on_interaction  : xinkuu (901608730452426782) ran /close reason:'answered' in #rep-points-query (1370691535578075268) True
INFO        2025-05-10 11:06:58.036243 EST  close_command   : Closed #rep-points-query (1370691535578075268) in 1.42s by xinkuu (901608730452426782) 76
INFO        2025-05-10 11:09:24.216370 EST  on_interaction  : confrontable (544952418178301974) ran /rename name:'loot table issue' in #ppuggy-ticket-162923 (1370778687376724039) True
INFO        2025-05-10 11:09:36.889458 EST  on_interaction  : confrontable (544952418178301974) ran /move category:'1009882045901721720' in #loot-table-issue (1370778687376724039) True
INFO        2025-05-10 11:21:37.969545 EST  on_interaction  : reheat (409915081317679104) ran /move category:'948592775669121034' in #eregy-ticket-162924 (1370781034769285281) True
INFO        2025-05-10 11:29:59.301615 EST  on_interaction  : reheat (409915081317679104) ran /close reason:'solved' in #eregy-ticket-162924 (1370781034769285281) True
INFO        2025-05-10 11:30:01.354488 EST  close_command   : Closed #eregy-ticket-162924 (1370781034769285281) in 1.83s by reheat (409915081317679104) 81
INFO        2025-05-10 11:31:06.312529 EST  on_interaction  : exitiummm (750077826874736770) ran /close reason:'unbanned' in #vicemans-ticket-162926 (1370782434559266937) True
INFO        2025-05-10 11:31:08.080168 EST  close_command   : Closed #vicemans-ticket-162926 (1370782434559266937) in 1.52s by exitiummm (750077826874736770) 80
INFO        2025-05-10 11:31:12.873722 EST  on_interaction  : reheat (409915081317679104) ran /close reason:'5pm est on factions' in #xt0297-ticket-162928 (1370784285753217226) True
INFO        2025-05-10 11:31:14.326098 EST  close_command   : Closed #xt0297-ticket-162928 (1370784285753217226) in 1.32s by reheat (409915081317679104) 79
INFO        2025-05-10 11:31:24.323862 EST  on_interaction  : exitiummm (750077826874736770) ran /close reason:'unbanned' in #coones-ticket-162921 (1370777998776729740) True
INFO        2025-05-10 11:31:26.722690 EST  close_command   : Closed #coones-ticket-162921 (1370777998776729740) in 2.27s by exitiummm (750077826874736770) 79
INFO        2025-05-10 11:32:08.311829 EST  on_interaction  : exitiummm (750077826874736770) ran /close reason:'ban is reduced' in #insanyties-ticket-162895 (1370717414563643504) True
INFO        2025-05-10 11:32:12.159043 EST  close_command   : Closed #insanyties-ticket-162895 (1370717414563643504) in 3.64s by exitiummm (750077826874736770) 78
INFO        2025-05-10 11:32:41.947339 EST  on_interaction  : exitiummm (750077826874736770) ran /close reason:'I think rolith is adding' in #godly-br-suggestion (1370734380569460807) True
INFO        2025-05-10 11:32:43.655818 EST  close_command   : Closed #godly-br-suggestion (1370734380569460807) in 1.54s by exitiummm (750077826874736770) 77
INFO        2025-05-10 11:34:29.131959 EST  on_interaction  : exitiummm (750077826874736770) ran /close reason:'answere' in #build-missing-blocks (1370773292700532858) True
INFO        2025-05-10 11:34:31.122148 EST  close_command   : Closed #build-missing-blocks (1370773292700532858) in 1.79s by exitiummm (750077826874736770) 76
INFO        2025-05-10 11:35:29.501426 EST  on_interaction  : exitiummm (750077826874736770) ran /close reason:'this is intened' in #br-issue (1370625517887164457) True
INFO        2025-05-10 11:35:31.176340 EST  close_command   : Closed #br-issue (1370625517887164457) in 1.48s by exitiummm (750077826874736770) 76
INFO        2025-05-10 11:35:55.839253 EST  on_interaction  : exitiummm (750077826874736770) ran /close reason:'checked with dev and your first bug is intended, second thing I believe rolith is fixing' in #niggyboos-ticket-162764 (1370516537080811620) True
INFO        2025-05-10 11:35:57.612037 EST  close_command   : Closed #niggyboos-ticket-162764 (1370516537080811620) in 1.58s by exitiummm (750077826874736770) 75
INFO        2025-05-10 11:36:33.847118 EST  on_interaction  : daddy0001 (339415844411146251) ran /rename name:'speed 5 bug' in #vicemans-ticket-162879 (1370654458287099984) True
INFO        2025-05-10 11:36:51.907751 EST  on_interaction  : daddy0001 (339415844411146251) ran /rename name:'rep issue' in #danielem42-ticket-162931 (1370786195747115100) True
INFO        2025-05-10 11:38:01.891034 EST  on_interaction  : rolith (399760511706726400) ran /close reason:'no response' in #plusaxe242-ticket-162927 (1370783687020646480) True
INFO        2025-05-10 11:38:03.411773 EST  close_command   : Closed #plusaxe242-ticket-162927 (1370783687020646480) in 1.3s by rolith (399760511706726400) 74
INFO        2025-05-10 11:38:52.928632 EST  on_interaction  : rolith (399760511706726400) ran /close reason:'we haven't given rep out yet it will be later today' in #rep-issue (1370786195747115100) True
INFO        2025-05-10 11:38:54.860421 EST  close_command   : Closed #rep-issue (1370786195747115100) in 1.71s by rolith (399760511706726400) 73
INFO        2025-05-10 11:39:12.814246 EST  on_interaction  : keksmc (1193224557826412624) ran /close reason:'player punished' in #thebagman_89-ticket-162896 (1370723173481320538) True
INFO        2025-05-10 11:39:14.635864 EST  close_command   : Closed #thebagman_89-ticket-162896 (1370723173481320538) in 1.52s by keksmc (1193224557826412624) 72
INFO        2025-05-10 11:41:13.464425 EST  on_interaction  : keksmc (1193224557826412624) ran /close reason:'player punished' in #vinix__1-ticket-162900 (1370735398396887142) True
INFO        2025-05-10 11:41:15.141656 EST  close_command   : Closed #vinix__1-ticket-162900 (1370735398396887142) in 1.45s by keksmc (1193224557826412624) 71
INFO        2025-05-10 11:41:26.965313 EST  on_interaction  : rolith (399760511706726400) ran /close reason:'in your inv' in #loot-table-issue (1370778687376724039) True
INFO        2025-05-10 11:41:28.382792 EST  close_command   : Closed #loot-table-issue (1370778687376724039) in 1.24s by rolith (399760511706726400) 70
INFO        2025-05-10 11:41:45.215219 EST  on_interaction  : keksmc (1193224557826412624) ran /close reason:'player punished' in #chaseoce-ticket-162903 (1370744894376906884) True
INFO        2025-05-10 11:41:46.915313 EST  close_command   : Closed #chaseoce-ticket-162903 (1370744894376906884) in 1.54s by keksmc (1193224557826412624) 69
INFO        2025-05-10 11:50:04.374860 EST  on_interaction  : keksmc (1193224557826412624) ran /close reason:'player punished' in #gummybear0482-ticket-162904 (1370746447636463669) True
INFO        2025-05-10 11:50:06.111875 EST  close_command   : Closed #gummybear0482-ticket-162904 (1370746447636463669) in 1.54s by keksmc (1193224557826412624) 70
INFO        2025-05-10 11:57:40.836276 EST  on_interaction  : exitiummm (750077826874736770) ran /close reason:'resolved' in #ftop2 (1370266057209810974) True
INFO        2025-05-10 11:57:42.659918 EST  close_command   : Closed #ftop2 (1370266057209810974) in 1.67s by exitiummm (750077826874736770) 69
INFO        2025-05-10 12:03:39.432134 EST  on_interaction  : daddy0001 (339415844411146251) ran /rename name:'chatlog check' in #h2026-ticket-162934 (1370792469087916073) True
INFO        2025-05-10 12:04:21.488632 EST  on_interaction  : daddy0001 (339415844411146251) ran /rename name:'speed bug' in #matyhobff123-ticket-162929 (1370784871026528458) True
INFO        2025-05-10 12:19:23.353235 EST  on_interaction  : atomicog (172531164970483712) ran /close reason:'answered' in #item-despawned (1370111389754195978) True
INFO        2025-05-10 12:19:25.028758 EST  close_command   : Closed #item-despawned (1370111389754195978) in 1.46s by atomicog (172531164970483712) 70
INFO        2025-05-10 12:24:51.558275 EST  on_interaction  : confrontable (544952418178301974) ran /rename name:'fund suggestion' in #meazyl7v-ticket-162936 (1370797793777680556) True
INFO        2025-05-10 12:35:07.159475 EST  on_interaction  : rolith (399760511706726400) ran /close reason:'resolved' in #resource-pack-suggestion (1370714519499706460) True
INFO        2025-05-10 12:35:08.929144 EST  close_command   : Closed #resource-pack-suggestion (1370714519499706460) in 1.61s by rolith (399760511706726400) 73
INFO        2025-05-10 12:35:33.033530 EST  on_interaction  : daddy0001 (339415844411146251) ran /rename name:'secure the ship not spawned' in #beheldop-ticket-162939 (1370801254778933370) True
INFO        2025-05-10 12:35:36.332692 EST  on_interaction  : daddy0001 (339415844411146251) ran /move category:'1009882045901721720' in #secure-the-ship-not-spawned (1370801254778933370) True
INFO        2025-05-10 12:36:14.096251 EST  on_interaction  : confrontable (544952418178301974) ran /rename name:'glitching' in #matt33545-ticket-162938 (1370800238020919357) True
INFO        2025-05-10 12:36:17.352892 EST  on_interaction  : confrontable (544952418178301974) ran /move category:'1009574363915370620' in #glitching (1370800238020919357) True
INFO        2025-05-10 12:36:34.239027 EST  on_interaction  : daddy0001 (339415844411146251) ran /close reason:'answered' in #staywitme-ticket-162935 (1370793943821848638) True
INFO        2025-05-10 12:36:37.603793 EST  close_command   : Closed #staywitme-ticket-162935 (1370793943821848638) in 3.16s by daddy0001 (339415844411146251) 72
INFO        2025-05-10 12:44:09.561270 EST  on_interaction  : rolith (399760511706726400) ran /close reason:'answered' in #briitt-ticket-162940 (1370802904255955094) True
INFO        2025-05-10 12:44:11.262683 EST  close_command   : Closed #briitt-ticket-162940 (1370802904255955094) in 1.54s by rolith (399760511706726400) 72
INFO        2025-05-10 12:44:14.726023 EST  on_interaction  : rolith (399760511706726400) ran /close reason:'started' in #secure-the-ship-not-spawned (1370801254778933370) True
INFO        2025-05-10 12:44:16.256844 EST  close_command   : Closed #secure-the-ship-not-spawned (1370801254778933370) in 1.39s by rolith (399760511706726400) 71
INFO        2025-05-10 12:50:58.922163 EST  on_interaction  : exitiummm (750077826874736770) ran /close reason:'Accepted' in #chatlog-check (1370792469087916073) True
INFO        2025-05-10 12:51:00.582553 EST  close_command   : Closed #chatlog-check (1370792469087916073) in 1.46s by exitiummm (750077826874736770) 71
INFO        2025-05-10 12:55:37.431847 EST  on_interaction  : rolith (399760511706726400) ran /close reason:'resolved' in #glitching (1370800238020919357) True
INFO        2025-05-10 12:55:39.015104 EST  close_command   : Closed #glitching (1370800238020919357) in 1.3s by rolith (399760511706726400) 70
INFO        2025-05-10 13:00:20.785060 EST  on_interaction  : rolith (399760511706726400) ran /close reason:'it is meant to be hard' in #fund-suggestion (1370797793777680556) True
INFO        2025-05-10 13:00:22.495502 EST  close_command   : Closed #fund-suggestion (1370797793777680556) in 1.49s by rolith (399760511706726400) 69
INFO        2025-05-10 13:00:29.062186 EST  on_interaction  : rolith (399760511706726400) ran /close reason:'player request' in #twitter-giveaway-question (1370660667371290670) True
INFO        2025-05-10 13:00:31.808729 EST  close_command   : Closed #twitter-giveaway-question (1370660667371290670) in 1.43s by rolith (399760511706726400) 68
INFO        2025-05-10 13:00:42.665062 EST  on_interaction  : exitiummm (750077826874736770) ran /close reason:'Added to list - Pizza' in #vangelinamutias-ticket-162120 (1368456397532172359) True
INFO        2025-05-10 13:00:44.413718 EST  close_command   : Closed #vangelinamutias-ticket-162120 (1368456397532172359) in 1.62s by exitiummm (750077826874736770) 67
INFO        2025-05-10 13:04:51.618506 EST  on_interaction  : llama_xd (200543436749668352) ran /close reason:'denied' in #avry69-ticket-162930 (1370785274191413258) True
INFO        2025-05-10 13:04:53.492676 EST  close_command   : Closed #avry69-ticket-162930 (1370785274191413258) in 1.73s by llama_xd (200543436749668352) 67
INFO        2025-05-10 13:11:13.527621 EST  on_interaction  : confrontable (544952418178301974) ran /rename name:'tourney winner' in #omniscient667-ticket-162944 (1370809549308694710) True
INFO        2025-05-10 13:22:22.733573 EST  on_interaction  : llama_xd (200543436749668352) ran /rename name:'death logs check' in #cliippy-ticket-162946 (1370812936616022087) True
INFO        2025-05-10 13:23:38.140126 EST  on_interaction  : confrontable (544952418178301974) ran /close reason:'resolved' in #caleb1836875-ticket-162915 (1370772874712973335) True
INFO        2025-05-10 13:23:40.027117 EST  close_command   : Closed #caleb1836875-ticket-162915 (1370772874712973335) in 1.66s by confrontable (544952418178301974) 71
INFO        2025-05-10 13:23:53.304824 EST  on_interaction  : confrontable (544952418178301974) ran /rename name:'tourney winner' in #wh25_-ticket-162945 (1370812558117703700) True
INFO        2025-05-10 13:26:16.416223 EST  on_interaction  : thegenerous (198263506313805824) ran /rename name:'chron-issues' in #cake2004-ticket-162948 (1370813876282851369) True
INFO        2025-05-10 13:34:51.793799 EST  on_interaction  : confrontable (544952418178301974) ran /rename name:'xpis' in #justyntheking-ticket-162950 (1370815679984308294) True
INFO        2025-05-10 13:38:00.560417 EST  on_interaction  : llama_xd (200543436749668352) ran /close reason:'denied' in #m0rocco-ticket-162952 (1370815805364899840) True
INFO        2025-05-10 13:38:02.250376 EST  close_command   : Closed #m0rocco-ticket-162952 (1370815805364899840) in 1.52s by llama_xd (200543436749668352) 75
INFO        2025-05-10 13:38:37.859639 EST  on_interaction  : rolith (399760511706726400) ran /close reason:'answered' in #slymel-ticket-162951 (1370815797152186559) True
INFO        2025-05-10 13:38:39.302460 EST  close_command   : Closed #slymel-ticket-162951 (1370815797152186559) in 1.26s by rolith (399760511706726400) 74
INFO        2025-05-10 13:43:47.972684 EST  on_interaction  : rolith (399760511706726400) ran /close reason:'pv 1' in #death-logs-check (1370812936616022087) True
INFO        2025-05-10 13:43:49.752358 EST  close_command   : Closed #death-logs-check (1370812936616022087) in 1.57s by rolith (399760511706726400) 73
INFO        2025-05-10 13:46:30.676015 EST  on_interaction  : thegenerous (198263506313805824) ran /move category:'1009574363915370620' in #ppuggy-ticket-162954 (1370818984290816102) True
INFO        2025-05-10 13:46:42.763809 EST  on_interaction  : rolith (399760511706726400) ran /close reason:'pv 1' in #tourney-winner (1370812558117703700) True
INFO        2025-05-10 13:46:44.576349 EST  close_command   : Closed #tourney-winner (1370812558117703700) in 1.67s by rolith (399760511706726400) 74
INFO        2025-05-10 13:47:41.858362 EST  on_interaction  : exitiummm (750077826874736770) ran /close reason:'unbanned' in #mmareply-ticket-162937 (1370799950610305228) True
INFO        2025-05-10 13:47:43.436720 EST  close_command   : Closed #mmareply-ticket-162937 (1370799950610305228) in 1.42s by exitiummm (750077826874736770) 74
INFO        2025-05-10 13:47:59.939207 EST  on_interaction  : rolith (399760511706726400) ran /close reason:'accepted' in #ppuggy-ticket-162954 (1370818984290816102) True
INFO        2025-05-10 13:48:01.395807 EST  close_command   : Closed #ppuggy-ticket-162954 (1370818984290816102) in 1.27s by rolith (399760511706726400) 73
INFO        2025-05-10 13:52:19.712940 EST  on_interaction  : llama_xd (200543436749668352) ran /close reason:'already denied' in #nhui0mwoad-ticket-162955 (1370819490849361920) True
INFO        2025-05-10 13:52:21.158649 EST  close_command   : Closed #nhui0mwoad-ticket-162955 (1370819490849361920) in 1.25s by llama_xd (200543436749668352) 74
INFO        2025-05-10 13:53:19.360734 EST  on_interaction  : confrontable (544952418178301974) ran /rename name:'enchant chat spam' in #asta1541-ticket-162953 (1370818923351773214) True
INFO        2025-05-10 14:01:41.700212 EST  on_interaction  : rolith (399760511706726400) ran /close reason:'resolved' in #xpis (1370815679984308294) True
INFO        2025-05-10 14:01:44.072612 EST  close_command   : Closed #xpis (1370815679984308294) in 2.16s by rolith (399760511706726400) 74
INFO        2025-05-10 14:02:19.729206 EST  on_interaction  : _matiass. (638734404402806815) ran /close reason:'Congrats! In /pv 1' in #tourney-winner (1370602711158100049) True
INFO        2025-05-10 14:02:21.901078 EST  close_command   : Closed #tourney-winner (1370602711158100049) in 1.96s by _matiass. (638734404402806815) 73
INFO        2025-05-10 14:03:34.142538 EST  on_interaction  : reheat (409915081317679104) ran /close reason:'pv1' in #tourney-winner (1370809549308694710) True
INFO        2025-05-10 14:03:36.071493 EST  close_command   : Closed #tourney-winner (1370809549308694710) in 1.79s by reheat (409915081317679104) 73
INFO        2025-05-10 14:04:33.706922 EST  on_interaction  : reheat (409915081317679104) ran /close reason:'punished' in #slamsz-ticket-162942 (1370808185753043159) True
INFO        2025-05-10 14:04:36.292571 EST  close_command   : Closed #slamsz-ticket-162942 (1370808185753043159) in 2.35s by reheat (409915081317679104) 72
INFO        2025-05-10 14:12:56.280131 EST  on_interaction  : xinkuu (901608730452426782) ran /close reason:'yes' in #tvax-ticket-162959 (1370823450461208667) True
INFO        2025-05-10 14:12:58.169537 EST  close_command   : Closed #tvax-ticket-162959 (1370823450461208667) in 1.72s by xinkuu (901608730452426782) 71
INFO        2025-05-10 14:20:38.803855 EST  on_interaction  : xinkuu (901608730452426782) ran /close reason:'answered' in #abscott-ticket-162960 (1370826269641543774) True
INFO        2025-05-10 14:20:40.808198 EST  close_command   : Closed #abscott-ticket-162960 (1370826269641543774) in 1.71s by xinkuu (901608730452426782) 75
INFO        2025-05-10 14:31:49.298983 EST  on_interaction  : rolith (399760511706726400) ran /close reason:'answered' in #ppuggy-ticket-162958 (1370822644764508212) True
INFO        2025-05-10 14:31:50.799102 EST  close_command   : Closed #ppuggy-ticket-162958 (1370822644764508212) in 1.26s by rolith (399760511706726400) 75
INFO        2025-05-10 14:36:51.943929 EST  on_interaction  : rolith (399760511706726400) ran /close reason:'resolved' in #eotwkoth-pvptop1 (1370436554723692605) True
INFO        2025-05-10 14:36:55.683106 EST  close_command   : Closed #eotwkoth-pvptop1 (1370436554723692605) in 3.5s by rolith (399760511706726400) 74
INFO        2025-05-10 14:45:28.278250 EST  on_interaction  : exitiummm (750077826874736770) ran /close reason:'resolved' in #vpn-whitelist (1370771085519360000) True
INFO        2025-05-10 14:45:30.097604 EST  close_command   : Closed #vpn-whitelist (1370771085519360000) in 1.57s by exitiummm (750077826874736770) 74
INFO        2025-05-10 14:46:02.603641 EST  on_interaction  : exitiummm (750077826874736770) ran /close reason:'done' in #pvptop-3-rewards (1369845520520187964) True
INFO        2025-05-10 14:46:04.327817 EST  close_command   : Closed #pvptop-3-rewards (1369845520520187964) in 1.53s by exitiummm (750077826874736770) 73
INFO        2025-05-10 14:46:24.368574 EST  on_interaction  : exitiummm (750077826874736770) ran /close reason:'we will ask the dev to minimize the chat spam' in #enchant-chat-spam (1370818923351773214) True
INFO        2025-05-10 14:46:25.828066 EST  close_command   : Closed #enchant-chat-spam (1370818923351773214) in 1.26s by exitiummm (750077826874736770) 72
INFO        2025-05-10 14:46:30.210627 EST  on_interaction  : exitiummm (750077826874736770) ran /close reason:'answered' in #scaries0420-ticket-162956 (1370820352237768787) True
INFO        2025-05-10 14:46:31.660868 EST  close_command   : Closed #scaries0420-ticket-162956 (1370820352237768787) in 1.27s by exitiummm (750077826874736770) 71
INFO        2025-05-10 14:46:33.761139 EST  on_interaction  : exitiummm (750077826874736770) ran /close reason:'answered' in #thatsmokerlol-ticket-162957 (1370820394566680794) True
INFO        2025-05-10 14:46:37.019535 EST  close_command   : Closed #thatsmokerlol-ticket-162957 (1370820394566680794) in 3.08s by exitiummm (750077826874736770) 70
INFO        2025-05-10 14:46:56.886479 EST  on_interaction  : confrontable (544952418178301974) ran /rename name:'tourney winner' in #slyy2-ticket-162964 (1370827176550862928) True
INFO        2025-05-10 14:48:04.233844 EST  on_interaction  : confrontable (544952418178301974) ran /close reason:'already a ticket open' in #abscott-ticket-162965 (1370828803856928849) True
INFO        2025-05-10 14:48:05.822864 EST  close_command   : Closed #abscott-ticket-162965 (1370828803856928849) in 1.42s by confrontable (544952418178301974) 70
INFO        2025-05-10 14:49:25.963931 EST  on_interaction  : confrontable (544952418178301974) ran /rename name:'vpn whitelist' in #srtito0449-ticket-162967 (1370834477076709408) True
INFO        2025-05-10 14:49:27.727285 EST  on_interaction  : confrontable (544952418178301974) ran /private in #vpn-whitelist (1370834477076709408) True
INFO        2025-05-10 15:07:49.385478 EST  on_interaction  : xinkuu (901608730452426782) ran /close reason:'answered' in #epsaaa-ticket-162966 (1370832927444959234) True
INFO        2025-05-10 15:07:50.858064 EST  close_command   : Closed #epsaaa-ticket-162966 (1370832927444959234) in 1.3s by xinkuu (901608730452426782) 72
INFO        2025-05-10 15:20:11.495013 EST  on_interaction  : confrontable (544952418178301974) ran /close reason:'requested' in #ericzx-ticket-162972 (1370840753194008727) True
INFO        2025-05-10 15:20:14.560864 EST  close_command   : Closed #ericzx-ticket-162972 (1370840753194008727) in 2.83s by confrontable (544952418178301974) 74
INFO        2025-05-10 15:25:34.435609 EST  on_interaction  : lilrolls123 (776423109317361714) ran /close reason:'previously denied' in #zzz1919-ticket-162973 (1370842387252773098) True
INFO        2025-05-10 15:25:38.460026 EST  close_command   : Closed #zzz1919-ticket-162973 (1370842387252773098) in 3.8s by lilrolls123 (776423109317361714) 75
INFO        2025-05-10 15:25:53.854251 EST  on_interaction  : lilrolls123 (776423109317361714) ran /rename name:'suggestion' in #938747-ticket-162975 (1370843976399065109) True
INFO        2025-05-10 15:26:54.707549 EST  on_interaction  : confrontable (544952418178301974) ran /close reason:'resolved' in #ronron100-ticket-162970 (1370838786577010802) True
INFO        2025-05-10 15:26:57.546455 EST  close_command   : Closed #ronron100-ticket-162970 (1370838786577010802) in 2.62s by confrontable (544952418178301974) 75
INFO        2025-05-10 15:36:40.738622 EST  on_interaction  : confrontable (544952418178301974) ran /close reason:'answered' in #yaboynew-ticket-162978 (1370845384334639186) True
INFO        2025-05-10 15:36:42.405795 EST  close_command   : Closed #yaboynew-ticket-162978 (1370845384334639186) in 1.45s by confrontable (544952418178301974) 78
INFO        2025-05-10 15:37:01.332896 EST  on_interaction  : reheat (409915081317679104) ran /close reason:'you've been denied multiple times by different admin+, stop appealing it' in #zzz1919-ticket-162976 (1370844314887786607) True
INFO        2025-05-10 15:37:02.767919 EST  close_command   : Closed #zzz1919-ticket-162976 (1370844314887786607) in 1.25s by reheat (409915081317679104) 77
INFO        2025-05-10 15:37:11.736877 EST  on_interaction  : confrontable (544952418178301974) ran /rename name:'citadel winners' in #ronron100-ticket-162980 (1370846425344245822) True
INFO        2025-05-10 15:52:48.811880 EST  on_interaction  : confrontable (544952418178301974) ran /move category:'1009574363915370620' in #spedbas69-ticket-162984 (1370850657950629888) True
INFO        2025-05-10 15:53:06.458313 EST  on_interaction  : confrontable (544952418178301974) ran /rename name:'wz glitch spot' in #matt33545-ticket-162985 (1370850925320863926) True
INFO        2025-05-10 15:53:14.220683 EST  on_interaction  : confrontable (544952418178301974) ran /rename name:'expo staritem question' in #sevdali2309-ticket-162983 (1370850054348210196) True
INFO        2025-05-10 16:01:10.460025 EST  on_interaction  : rolith (399760511706726400) ran /close reason:'yes we are dealing with' in #vodkalol69-ticket-162981 (1370848641065156758) True
INFO        2025-05-10 16:01:11.983195 EST  close_command   : Closed #vodkalol69-ticket-162981 (1370848641065156758) in 1.38s by rolith (399760511706726400) 82
INFO        2025-05-10 16:02:56.192154 EST  on_interaction  : rolith (399760511706726400) ran /close reason:'dealt with' in #wz-glitch-spot (1370850925320863926) True
INFO        2025-05-10 16:02:57.719446 EST  close_command   : Closed #wz-glitch-spot (1370850925320863926) in 1.28s by rolith (399760511706726400) 81
INFO        2025-05-10 16:03:23.431298 EST  on_interaction  : exitiummm (750077826874736770) ran /close reason:'answered' in #slymel-ticket-162986 (1370852890784170136) True
INFO        2025-05-10 16:03:25.155385 EST  close_command   : Closed #slymel-ticket-162986 (1370852890784170136) in 1.51s by exitiummm (750077826874736770) 80
INFO        2025-05-10 16:06:10.833297 EST  on_interaction  : rolith (399760511706726400) ran /close reason:'ones you get with crypto don't expire' in #wh25_-ticket-162974 (1370843697465524298) True
INFO        2025-05-10 16:06:12.434736 EST  close_command   : Closed #wh25_-ticket-162974 (1370843697465524298) in 1.4s by rolith (399760511706726400) 80
INFO        2025-05-10 16:12:15.916384 EST  on_interaction  : reheat (409915081317679104) ran /close reason:'empty' in #wholimitless-ticket-162982 (1370849198290767964) True
INFO        2025-05-10 16:12:18.995703 EST  close_command   : Closed #wholimitless-ticket-162982 (1370849198290767964) in 2.9s by reheat (409915081317679104) 79
INFO        2025-05-10 16:26:05.466833 EST  on_interaction  : confrontable (544952418178301974) ran /rename name:'anticheat issues' in #ppuggy-ticket-162988 (1370858593888374895) True
INFO        2025-05-10 16:28:43.842209 EST  on_interaction  : llama_xd (200543436749668352) ran /close reason:'answerred' in #itsbenji-ticket-162971 (1370840087683661915) True
INFO        2025-05-10 16:28:45.625633 EST  close_command   : Closed #itsbenji-ticket-162971 (1370840087683661915) in 1.57s by llama_xd (200543436749668352) 82
INFO        2025-05-10 16:30:15.238483 EST  on_interaction  : llama_xd (200543436749668352) ran /close reason:'no longer needed' in #peterb0b-ticket-162990 (1370859350435954749) True
INFO        2025-05-10 16:30:17.512776 EST  close_command   : Closed #peterb0b-ticket-162990 (1370859350435954749) in 2.08s by llama_xd (200543436749668352) 81
INFO        2025-05-10 16:30:25.940407 EST  on_interaction  : daddy0001 (339415844411146251) ran /close reason:'Answered' in #expo-staritem-question (1370850054348210196) True
INFO        2025-05-10 16:30:27.643667 EST  close_command   : Closed #expo-staritem-question (1370850054348210196) in 1.49s by daddy0001 (339415844411146251) 81
INFO        2025-05-10 16:31:57.442619 EST  on_interaction  : daddy0001 (339415844411146251) ran /rename name:'challenge issue query' in #slymel-ticket-162987 (1370854270739415241) True
INFO        2025-05-10 16:33:00.168992 EST  on_interaction  : sipx (542834884683497472) ran /close reason:'resolved' in #proffezional-ticket-162979 (1370845566044733521) True
INFO        2025-05-10 16:33:01.792096 EST  close_command   : Closed #proffezional-ticket-162979 (1370845566044733521) in 1.41s by sipx (542834884683497472) 82
INFO        2025-05-10 16:33:11.226645 EST  on_interaction  : llama_xd (200543436749668352) ran /close reason:'denied insufficient evidence' in #spedbas69-ticket-162984 (1370850657950629888) True
INFO        2025-05-10 16:33:14.674829 EST  close_command   : Closed #spedbas69-ticket-162984 (1370850657950629888) in 3.3s by llama_xd (200543436749668352) 81
INFO        2025-05-10 16:34:41.163846 EST  on_interaction  : exitiummm (750077826874736770) ran /close reason:'done' in #vpn-whitelist (1370834477076709408) True
INFO        2025-05-10 16:34:42.966628 EST  close_command   : Closed #vpn-whitelist (1370834477076709408) in 1.57s by exitiummm (750077826874736770) 80
INFO        2025-05-10 16:34:48.308926 EST  on_interaction  : daddy0001 (339415844411146251) ran /ticket-logs user:'339415844411146251' in #𝖲𝗍𝖺𝖿𝖿-𝖢𝗈𝗆𝗆𝖺𝗇𝖽𝗌 (918905638464127016) True
INFO        2025-05-10 16:36:38.722894 EST  on_interaction  : confrontable (544952418178301974) ran /close reason:'no question' in #reapa1-ticket-162992 (1370860543182635089) True
INFO        2025-05-10 16:36:40.579892 EST  close_command   : Closed #reapa1-ticket-162992 (1370860543182635089) in 1.68s by confrontable (544952418178301974) 80
INFO        2025-05-10 16:37:39.010980 EST  on_interaction  : daddy0001 (339415844411146251) ran /rename name:'expedition staritem' in #sevdali2309-ticket-162994 (1370860865783464027) True
INFO        2025-05-10 16:57:22.101057 EST  on_interaction  : confrontable (544952418178301974) ran /rename name:'rank duration check' in #mmareply-ticket-162998 (1370866643583897640) True
INFO        2025-05-10 16:58:51.960963 EST  on_interaction  : confrontable (544952418178301974) ran /close reason:'answered' in #yaboynew-ticket-162997 (1370865023605411921) True
INFO        2025-05-10 16:58:53.665945 EST  close_command   : Closed #yaboynew-ticket-162997 (1370865023605411921) in 1.52s by confrontable (544952418178301974) 82
INFO        2025-05-10 16:59:28.865929 EST  on_interaction  : confrontable (544952418178301974) ran /close reason:'answered' in #abscott-ticket-162996 (1370862939225194566) True
INFO        2025-05-10 16:59:30.499065 EST  close_command   : Closed #abscott-ticket-162996 (1370862939225194566) in 1.43s by confrontable (544952418178301974) 81
INFO        2025-05-10 17:04:17.980288 EST  on_interaction  : legendsarising (958225180604370945) ran /rename name:'antidupe Battle Royale' in #anticheat-issues (1370858593888374895) True
INFO        2025-05-10 17:05:50.109945 EST  on_interaction  : legendsarising (958225180604370945) ran /close reason:'Denied, this is not revivable damage' in #airacle-ticket-162977 (1370844708779065354) True
INFO        2025-05-10 17:05:51.961086 EST  close_command   : Closed #airacle-ticket-162977 (1370844708779065354) in 1.68s by legendsarising (958225180604370945) 81
INFO        2025-05-10 17:20:43.544235 EST  on_interaction  : confrontable (544952418178301974) ran /rename name:'tourney winner' in #frank2152312-ticket-163001 (1370872427508138024) True
INFO        2025-05-10 17:20:44.295322 EST  on_interaction  : snack6133 (637766719095439380) ran /close reason:'answered' in #3v1me-ticket-162932 (1370789320545403045) True
INFO        2025-05-10 17:20:45.929008 EST  close_command   : Closed #3v1me-ticket-162932 (1370789320545403045) in 1.49s by snack6133 (637766719095439380) 83
INFO        2025-05-10 17:24:58.776955 EST  on_interaction  : snack6133 (637766719095439380) ran /close reason:'answered' in #hoodturtle-ticket-162989 (1370859094151401533) True
INFO        2025-05-10 17:25:01.415936 EST  close_command   : Closed #hoodturtle-ticket-162989 (1370859094151401533) in 2.46s by snack6133 (637766719095439380) 82
INFO        2025-05-10 17:27:13.011764 EST  on_interaction  : xinkuu (901608730452426782) ran /close reason:'23 hours left' in #rank-duration-check (1370866643583897640) True
INFO        2025-05-10 17:27:14.489092 EST  close_command   : Closed #rank-duration-check (1370866643583897640) in 1.3s by xinkuu (901608730452426782) 81
INFO        2025-05-10 17:27:39.556393 EST  on_interaction  : xinkuu (901608730452426782) ran /close reason:'in ec' in #tourney-winner (1370872427508138024) True
INFO        2025-05-10 17:27:41.435213 EST  close_command   : Closed #tourney-winner (1370872427508138024) in 1.57s by xinkuu (901608730452426782) 80
INFO        2025-05-10 17:28:42.531963 EST  on_interaction  : xinkuu (901608730452426782) ran /close reason:'on ss list' in #dedezz-ticket-162963 (1370826520565911634) True
INFO        2025-05-10 17:28:44.013105 EST  close_command   : Closed #dedezz-ticket-162963 (1370826520565911634) in 1.31s by xinkuu (901608730452426782) 79
INFO        2025-05-10 17:30:03.979375 EST  on_interaction  : xinkuu (901608730452426782) ran /close reason:'pv 1' in #leave-open-for-sotw (1367466542605799544) True
INFO        2025-05-10 17:30:06.203701 EST  close_command   : Closed #leave-open-for-sotw (1367466542605799544) in 1.87s by xinkuu (901608730452426782) 78
INFO        2025-05-10 17:30:06.741696 EST  on_interaction  : rolith (399760511706726400) ran /close reason:'in your pv 1s' in #dla300-ticket-162684 (1370220042054012999) True
INFO        2025-05-10 17:30:08.483613 EST  close_command   : Closed #dla300-ticket-162684 (1370220042054012999) in 1.45s by rolith (399760511706726400) 77
INFO        2025-05-10 17:30:27.691519 EST  on_interaction  : m6rk (229691828650246145) ran /close reason:'answered' in #abscott-ticket-162995 (1370861685287555094) True
INFO        2025-05-10 17:30:29.657256 EST  close_command   : Closed #abscott-ticket-162995 (1370861685287555094) in 1.78s by m6rk (229691828650246145) 76
INFO        2025-05-10 17:31:06.604102 EST  on_interaction  : rolith (399760511706726400) ran /close reason:'pv 1' in #citadel-winners (1370846425344245822) True
INFO        2025-05-10 17:31:08.465025 EST  close_command   : Closed #citadel-winners (1370846425344245822) in 1.7s by rolith (399760511706726400) 75
INFO        2025-05-10 17:34:12.662742 EST  on_interaction  : rolith (399760511706726400) ran /close reason:'in your pv 1s' in #tourney-winner (1370827176550862928) True
INFO        2025-05-10 17:34:14.490859 EST  close_command   : Closed #tourney-winner (1370827176550862928) in 1.66s by rolith (399760511706726400) 75
INFO        2025-05-10 17:39:44.828340 EST  on_interaction  : snack6133 (637766719095439380) ran /close reason:'ss list' in #ronron100-ticket-163004 (1370876634797703288) True
INFO        2025-05-10 17:39:46.519385 EST  close_command   : Closed #ronron100-ticket-163004 (1370876634797703288) in 1.49s by snack6133 (637766719095439380) 75
INFO        2025-05-10 17:48:30.123218 EST  on_interaction  : confrontable (544952418178301974) ran /close reason:'wasting staff time' in #peterb0b-ticket-163005 (1370878602320678984) True
INFO        2025-05-10 17:48:31.758164 EST  close_command   : Closed #peterb0b-ticket-163005 (1370878602320678984) in 1.38s by confrontable (544952418178301974) 76
INFO        2025-05-10 17:56:28.074011 EST  on_interaction  : snack6133 (637766719095439380) ran /close reason:'denied' in #afcu-ticket-163003 (1370876395164794983) True
INFO        2025-05-10 17:56:29.836863 EST  close_command   : Closed #afcu-ticket-163003 (1370876395164794983) in 1.53s by snack6133 (637766719095439380) 76
INFO        2025-05-10 18:02:36.748991 EST  on_interaction  : rolith (399760511706726400) ran /close reason:'accepted' in #ronron100-ticket-162949 (1370815532395401398) True
INFO        2025-05-10 18:02:38.821765 EST  close_command   : Closed #ronron100-ticket-162949 (1370815532395401398) in 1.9s by rolith (399760511706726400) 76
INFO        2025-05-10 18:04:57.577951 EST  on_interaction  : rolith (399760511706726400) ran /close reason:'accepted' in #ronron100-ticket-163007 (1370881280115478610) True
INFO        2025-05-10 18:04:59.172020 EST  close_command   : Closed #ronron100-ticket-163007 (1370881280115478610) in 1.41s by rolith (399760511706726400) 76
INFO        2025-05-10 18:08:49.985225 EST  on_interaction  : snack6133 (637766719095439380) ran /close reason:'denied' in #afcu-ticket-163008 (1370882326166503484) True
INFO        2025-05-10 18:08:51.502113 EST  close_command   : Closed #afcu-ticket-163008 (1370882326166503484) in 1.36s by snack6133 (637766719095439380) 77
INFO        2025-05-10 18:09:23.598972 EST  on_interaction  : rolith (399760511706726400) ran /close reason:'unbanned' in #tag1919-ticket-163009 (1370883953208066148) True
INFO        2025-05-10 18:09:25.263491 EST  close_command   : Closed #tag1919-ticket-163009 (1370883953208066148) in 1.48s by rolith (399760511706726400) 76
INFO        2025-05-10 18:09:30.556998 EST  on_interaction  : rolith (399760511706726400) ran /close reason:'unbanned' in #usernamem2x-ticket-163010 (1370884562481320026) True
INFO        2025-05-10 18:09:32.099111 EST  close_command   : Closed #usernamem2x-ticket-163010 (1370884562481320026) in 1.42s by rolith (399760511706726400) 75
INFO        2025-05-10 18:17:08.025746 EST  on_interaction  : confrontable (544952418178301974) ran /move category:'1010777747456524338' in #desktopmist2089-ticket-163013 (1370886342845927504) True
INFO        2025-05-10 18:17:20.370605 EST  on_interaction  : snack6133 (637766719095439380) ran /close reason:'denied' in #frank2152312-ticket-163014 (1370886700980502628) True
INFO        2025-05-10 18:17:22.341443 EST  close_command   : Closed #frank2152312-ticket-163014 (1370886700980502628) in 1.82s by snack6133 (637766719095439380) 80
INFO        2025-05-10 18:20:32.678953 EST  on_interaction  : confrontable (544952418178301974) ran /rename name:'tourney winner' in #sweatybomb-ticket-163016 (1370886830500610099) True
INFO        2025-05-10 18:27:04.188128 EST  on_interaction  : rolith (399760511706726400) ran /close reason:'we hope to have it fixed soon yes' in #insanyties-ticket-163019 (1370888860317515980) True
INFO        2025-05-10 18:27:05.725029 EST  close_command   : Closed #insanyties-ticket-163019 (1370888860317515980) in 1.35s by rolith (399760511706726400) 83
INFO        2025-05-10 18:27:47.348734 EST  on_interaction  : thegenerous (198263506313805824) ran /rename name:'check-logs-query' in #ppuggy-ticket-163017 (1370886935849209917) True
INFO        2025-05-10 18:28:05.969097 EST  on_interaction  : thegenerous (198263506313805824) ran /rename name:'combine-masks' in #cliippy-ticket-163021 (1370889726722183369) True
INFO        2025-05-10 18:28:21.273180 EST  on_interaction  : thegenerous (198263506313805824) ran /rename name:'ss-team' in #prgh_-ticket-163011 (1370885217312837652) True
INFO        2025-05-10 18:28:34.365524 EST  on_interaction  : exitiummm (750077826874736770) ran /close reason:'fixed' in #aomo67869-ticket-163020 (1370889700331487253) True
INFO        2025-05-10 18:28:35.965275 EST  close_command   : Closed #aomo67869-ticket-163020 (1370889700331487253) in 1.46s by exitiummm (750077826874736770) 82
INFO        2025-05-10 18:40:03.433339 EST  on_interaction  : itssfearless (469543931533852684) ran /rename name:'leader transfer' in #scaries0420-ticket-163024 (1370892227035005029) True
INFO        2025-05-10 18:40:20.633215 EST  on_interaction  : reheat (409915081317679104) ran /close reason:'denied' in #replexed-ticket-163015 (1370886762876108860) True
INFO        2025-05-10 18:40:22.185440 EST  close_command   : Closed #replexed-ticket-163015 (1370886762876108860) in 1.39s by reheat (409915081317679104) 84
INFO        2025-05-10 18:40:42.633278 EST  on_interaction  : reheat (409915081317679104) ran /close reason:'tourney ended' in #ss-team (1370885217312837652) True
INFO        2025-05-10 18:40:44.270274 EST  close_command   : Closed #ss-team (1370885217312837652) in 1.44s by reheat (409915081317679104) 83
INFO        2025-05-10 18:40:53.167597 EST  on_interaction  : _matiass. (638734404402806815) ran /close reason:'Already denied, read transcript' in #desktopmist2089-ticket-163013 (1370886342845927504) True
INFO        2025-05-10 18:40:54.715215 EST  close_command   : Closed #desktopmist2089-ticket-163013 (1370886342845927504) in 1.39s by _matiass. (638734404402806815) 83
INFO        2025-05-10 18:46:42.291824 EST  on_interaction  : exitiummm (750077826874736770) ran /close reason:'you are both offline, also we would need his permission to transfer it' in #leader-transfer (1370892227035005029) True
INFO        2025-05-10 18:46:43.741080 EST  close_command   : Closed #leader-transfer (1370892227035005029) in 1.23s by exitiummm (750077826874736770) 82
INFO        2025-05-10 18:47:54.137784 EST  on_interaction  : exitiummm (750077826874736770) ran /close reason:'do /krakenplus' in #sweatybomb-ticket-163018 (1370888067660906606) True
INFO        2025-05-10 18:47:55.607783 EST  close_command   : Closed #sweatybomb-ticket-163018 (1370888067660906606) in 1.3s by exitiummm (750077826874736770) 83
INFO        2025-05-10 18:49:56.419915 EST  on_interaction  : exitiummm (750077826874736770) ran /close reason:'this has been fixed' in #antidupe-battle-royale (1370858593888374895) True
INFO        2025-05-10 18:49:57.897040 EST  close_command   : Closed #antidupe-battle-royale (1370858593888374895) in 1.28s by exitiummm (750077826874736770) 82
INFO        2025-05-10 18:50:18.164200 EST  on_interaction  : exitiummm (750077826874736770) ran /close reason:'this is intended that your inv fills up' in #suggestion (1370843976399065109) True
INFO        2025-05-10 18:50:19.767456 EST  close_command   : Closed #suggestion (1370843976399065109) in 1.39s by exitiummm (750077826874736770) 81
INFO        2025-05-10 18:50:40.884908 EST  on_interaction  : exitiummm (750077826874736770) ran /close reason:'done' in #deathstorm5219-ticket-162968 (1370836970812473526) True
INFO        2025-05-10 18:50:42.770241 EST  close_command   : Closed #deathstorm5219-ticket-162968 (1370836970812473526) in 1.71s by exitiummm (750077826874736770) 80
INFO        2025-05-10 18:51:10.570601 EST  on_interaction  : rolith (399760511706726400) ran /ticket-count in #test-bot (935016733033525328) True
INFO        2025-05-10 18:51:42.175131 EST  on_interaction  : exitiummm (750077826874736770) ran /close reason:'in your ec' in #aomo67869-ticket-163023 (1370891623252361256) True
INFO        2025-05-10 18:51:43.815603 EST  close_command   : Closed #aomo67869-ticket-163023 (1370891623252361256) in 1.42s by exitiummm (750077826874736770) 79
INFO        2025-05-10 18:57:56.023901 EST  on_interaction  : snack6133 (637766719095439380) ran /close reason:'answered' in #check-logs-query (1370886935849209917) True
INFO        2025-05-10 18:57:57.571604 EST  close_command   : Closed #check-logs-query (1370886935849209917) in 1.31s by snack6133 (637766719095439380) 78
INFO        2025-05-10 19:01:49.529046 EST  on_interaction  : snack6133 (637766719095439380) ran /close reason:'accepted + items returned' in #tbkouko-ticket-162698 (1370401914315079864) True
INFO        2025-05-10 19:01:51.505919 EST  close_command   : Closed #tbkouko-ticket-162698 (1370401914315079864) in 1.77s by snack6133 (637766719095439380) 77
INFO        2025-05-10 19:04:36.281987 EST  on_interaction  : snack6133 (637766719095439380) ran /close reason:'denied' in #sunjib-ticket-163025 (1370893373266984980) True
INFO        2025-05-10 19:04:38.104400 EST  close_command   : Closed #sunjib-ticket-163025 (1370893373266984980) in 1.63s by snack6133 (637766719095439380) 76
INFO        2025-05-10 19:10:58.660214 EST  on_interaction  : llama_xd (200543436749668352) ran /close reason:'already denied' in #afcu-ticket-163012 (1370885544422277260) True
INFO        2025-05-10 19:11:00.129000 EST  close_command   : Closed #afcu-ticket-163012 (1370885544422277260) in 1.3s by llama_xd (200543436749668352) 76
INFO        2025-05-10 19:12:34.534050 EST  on_interaction  : snack6133 (637766719095439380) ran /close reason:'banned' in #overworld5217-ticket-163028 (1370900396083515584) True
INFO        2025-05-10 19:12:36.342496 EST  close_command   : Closed #overworld5217-ticket-163028 (1370900396083515584) in 1.62s by snack6133 (637766719095439380) 75
INFO        2025-05-10 19:13:51.826587 EST  on_interaction  : _matiass. (638734404402806815) ran /close reason:'Answered' in #matt33545-ticket-163029 (1370901420051529840) True
INFO        2025-05-10 19:13:53.410636 EST  close_command   : Closed #matt33545-ticket-163029 (1370901420051529840) in 1.41s by _matiass. (638734404402806815) 75
INFO        2025-05-10 19:14:55.298036 EST  on_interaction  : confrontable (544952418178301974) ran /rename name:'tourney points' in #tourney-winner (1370886830500610099) True
INFO        2025-05-10 19:19:52.821642 EST  on_interaction  : _matiass. (638734404402806815) ran /close reason:'Done' in #combine-masks (1370889726722183369) True
INFO        2025-05-10 19:19:54.298593 EST  close_command   : Closed #combine-masks (1370889726722183369) in 1.29s by _matiass. (638734404402806815) 74
INFO        2025-05-10 19:29:20.184050 EST  on_interaction  : snack6133 (637766719095439380) ran /close reason:'answered' in #coinflip-issue (1370591340299030570) True
INFO        2025-05-10 19:29:22.918992 EST  close_command   : Closed #coinflip-issue (1370591340299030570) in 2.55s by snack6133 (637766719095439380) 74
INFO        2025-05-10 19:35:15.145434 EST  on_interaction  : thegenerous (198263506313805824) ran /close reason:'resolved' in #jonathan2003-ticket-163027 (1370894987377508523) True
INFO        2025-05-10 19:35:16.874752 EST  close_command   : Closed #jonathan2003-ticket-163027 (1370894987377508523) in 1.51s by thegenerous (198263506313805824) 73
INFO        2025-05-10 19:44:22.487445 EST  on_interaction  : _matiass. (638734404402806815) ran /close reason:'Answered' in #totallydone127-ticket-163031 (1370907983550222336) True
INFO        2025-05-10 19:44:24.193210 EST  close_command   : Closed #totallydone127-ticket-163031 (1370907983550222336) in 1.54s by _matiass. (638734404402806815) 73
INFO        2025-05-10 19:44:36.239366 EST  on_interaction  : _matiass. (638734404402806815) ran /close reason:'Answered' in #challenge-issue-query (1370854270739415241) True
INFO        2025-05-10 19:44:37.673983 EST  close_command   : Closed #challenge-issue-query (1370854270739415241) in 1.28s by _matiass. (638734404402806815) 72
INFO        2025-05-10 20:04:24.957237 EST  on_interaction  : confrontable (544952418178301974) ran /rename name:'item transfer' in #cbabruhhg-ticket-163033 (1370914011457261619) True
INFO        2025-05-10 20:12:04.093037 EST  on_interaction  : snack6133 (637766719095439380) ran /close reason:'done' in #item-transfer (1370914011457261619) True
INFO        2025-05-10 20:12:05.819304 EST  close_command   : Closed #item-transfer (1370914011457261619) in 1.56s by snack6133 (637766719095439380) 73
INFO        2025-05-10 20:45:15.465548 EST  on_interaction  : confrontable (544952418178301974) ran /rename name:'vpn whitelist' in #javierx2039-ticket-163035 (1370924328224428132) True
INFO        2025-05-10 20:45:16.831037 EST  on_interaction  : confrontable (544952418178301974) ran /private in #vpn-whitelist (1370924328224428132) True
INFO        2025-05-10 20:49:21.579205 EST  on_interaction  : snack6133 (637766719095439380) ran /close reason:'answered' in #xdsn0w-ticket-163038 (1370925262664896563) True
INFO        2025-05-10 20:49:23.326627 EST  close_command   : Closed #xdsn0w-ticket-163038 (1370925262664896563) in 1.54s by snack6133 (637766719095439380) 77
INFO        2025-05-10 20:51:32.963322 EST  on_interaction  : snack6133 (637766719095439380) ran /close reason:'denied' in #miikksssaaa-ticket-163037 (1370925170575020173) True
INFO        2025-05-10 20:51:35.183108 EST  close_command   : Closed #miikksssaaa-ticket-163037 (1370925170575020173) in 1.95s by snack6133 (637766719095439380) 77
INFO        2025-05-10 20:53:11.858958 EST  on_interaction  : confrontable (544952418178301974) ran /rename name:'vpn whitelist' in #peppa1565-ticket-163039 (1370926005857947678) True
INFO        2025-05-10 20:53:13.263245 EST  on_interaction  : confrontable (544952418178301974) ran /private in #vpn-whitelist (1370926005857947678) True
INFO        2025-05-10 20:54:58.077201 EST  on_interaction  : kos4ever (1086791650992476241) ran /close reason:'Answered.' in #xclnuser-ticket-162878 (1370653488249311283) True
INFO        2025-05-10 20:54:59.796021 EST  close_command   : Closed #xclnuser-ticket-162878 (1370653488249311283) in 1.54s by kos4ever (1086791650992476241) 76
INFO        2025-05-10 20:58:10.275421 EST  on_interaction  : thegenerous (198263506313805824) ran /move category:'1010777747456524338' in #miikksssaaa-ticket-163041 (1370927771538292769) True
INFO        2025-05-10 21:12:58.674562 EST  on_interaction  : snack6133 (637766719095439380) ran /close reason:'answered' in #quinny-ticket-163045 (1370930754405666828) True
INFO        2025-05-10 21:13:00.329557 EST  close_command   : Closed #quinny-ticket-163045 (1370930754405666828) in 1.47s by snack6133 (637766719095439380) 81
INFO        2025-05-10 21:33:24.351118 EST  on_interaction  : thegenerous (198263506313805824) ran /rename name:'lms-concern' in #reapa1-ticket-163047 (1370934109106339931) True
INFO        2025-05-10 21:33:41.912322 EST  on_interaction  : thegenerous (198263506313805824) ran /rename name:'arcade-duels-query' in #ppuggy-ticket-163044 (1370930383847292991) True
INFO        2025-05-10 21:33:54.127581 EST  on_interaction  : thegenerous (198263506313805824) ran /rename name:'lms-concern' in #quinny-ticket-163048 (1370934505753415810) True
INFO        2025-05-10 21:37:50.845718 EST  on_interaction  : pizzamuncher2132 (1066050892203315342) ran /close reason:'answered' in #clouds5881-ticket-162676 (1370184956889927702) True
INFO        2025-05-10 21:37:52.258055 EST  close_command   : Closed #clouds5881-ticket-162676 (1370184956889927702) in 1.18s by pizzamuncher2132 (1066050892203315342) 85
INFO        2025-05-10 21:38:16.512346 EST  on_interaction  : snack6133 (637766719095439380) ran /close reason:'answered' in #lms-concern (1370934109106339931) True
INFO        2025-05-10 21:38:17.958649 EST  close_command   : Closed #lms-concern (1370934109106339931) in 1.27s by snack6133 (637766719095439380) 84
INFO        2025-05-10 21:38:21.220676 EST  on_interaction  : snack6133 (637766719095439380) ran /close reason:'answered' in #lms-concern (1370934505753415810) True
INFO        2025-05-10 21:38:22.721167 EST  close_command   : Closed #lms-concern (1370934505753415810) in 1.35s by snack6133 (637766719095439380) 83
INFO        2025-05-10 21:40:28.867862 EST  on_interaction  : thegenerous (198263506313805824) ran /ticket-logs user:'386582359551770624' in #𝖲𝗍𝖺𝖿𝖿-𝖢𝗈𝗆𝗆𝖺𝗇𝖽𝗌 (918905638464127016) True
INFO        2025-05-10 21:40:47.552963 EST  on_interaction  : thegenerous (198263506313805824) ran /ticket-logs user:'318449044659765250' in #𝖲𝗍𝖺𝖿𝖿-𝖢𝗈𝗆𝗆𝖺𝗇𝖽𝗌 (918905638464127016) True
INFO        2025-05-10 21:46:27.276421 EST  on_interaction  : thegenerous (198263506313805824) ran /close reason:'requested' in #cadiarolls-ticket-163050 (1370936024032874642) True
INFO        2025-05-10 21:46:29.184645 EST  close_command   : Closed #cadiarolls-ticket-163050 (1370936024032874642) in 1.71s by thegenerous (198263506313805824) 82
INFO        2025-05-10 21:54:08.708822 EST  on_interaction  : pizzamuncher2132 (1066050892203315342) ran /rename name:'rolith store issue' in #admin (1369892374574010418) True
INFO        2025-05-10 22:04:01.661663 EST  on_interaction  : thegenerous (198263506313805824) ran /rename name:'expedition-loot-issue' in #shikamar-ticket-163052 (1370944289370275940) True
INFO        2025-05-10 22:17:39.906362 EST  on_interaction  : pizzamuncher2132 (1066050892203315342) ran /close reason:'player punished' in #bionicbeurghjn-ticket-162859 (1370617204072251503) True
INFO        2025-05-10 22:17:41.523268 EST  close_command   : Closed #bionicbeurghjn-ticket-162859 (1370617204072251503) in 1.42s by pizzamuncher2132 (1066050892203315342) 85
INFO        2025-05-10 22:19:45.323734 EST  on_interaction  : thegenerous (198263506313805824) ran /rename name:'vpn-whitelist' in #coones-ticket-163055 (1370948394176217190) True
INFO        2025-05-10 22:19:46.896218 EST  on_interaction  : thegenerous (198263506313805824) ran /private in #vpn-whitelist (1370948394176217190) True
INFO        2025-05-10 22:22:25.166425 EST  on_interaction  : d2_rappy (318403043102294027) ran /rename name:'Leader-Transfer' in #abscott-ticket-163054 (1370947539356094604) True
INFO        2025-05-10 22:22:27.091483 EST  on_interaction  : pizzamuncher2132 (1066050892203315342) ran /close reason:'Answered - read transcript' in #yusuf007426-ticket-162920 (1370777981496201336) True
INFO        2025-05-10 22:22:28.468744 EST  close_command   : Closed #yusuf007426-ticket-162920 (1370777981496201336) in 1.22s by pizzamuncher2132 (1066050892203315342) 87
INFO        2025-05-10 22:28:09.337045 EST  on_interaction  : thegenerous (198263506313805824) ran /rename name:'arcade-duels-issue' in #vodkalol69-ticket-163057 (1370948700955738153) True
INFO        2025-05-10 22:54:49.330623 EST  on_interaction  : reheat (409915081317679104) ran /close reason:'given' in #roach490-ticket-162969 (1370838768914792548) True
INFO        2025-05-10 22:54:51.234367 EST  close_command   : Closed #roach490-ticket-162969 (1370838768914792548) in 1.72s by reheat (409915081317679104) 89
INFO        2025-05-10 22:55:13.863560 EST  on_interaction  : reheat (409915081317679104) ran /ticket-logs user:'723610808621334708' in #vpn-whitelist (1370924328224428132) True
INFO        2025-05-10 22:56:03.251080 EST  on_interaction  : reheat (409915081317679104) ran /close reason:'given' in #vpn-whitelist (1370924328224428132) True
INFO        2025-05-10 22:56:05.480307 EST  close_command   : Closed #vpn-whitelist (1370924328224428132) in 2.03s by reheat (409915081317679104) 88
INFO        2025-05-10 22:58:18.402169 EST  on_interaction  : legendsarising (958225180604370945) ran /close reason:'denied' in #lorenz5337-ticket-163032 (1370913842443325450) True
INFO        2025-05-10 22:58:20.162574 EST  close_command   : Closed #lorenz5337-ticket-163032 (1370913842443325450) in 1.55s by legendsarising (958225180604370945) 87
INFO        2025-05-10 22:58:32.987908 EST  on_interaction  : pizzamuncher2132 (1066050892203315342) ran /close reason:'items in ec' in #dracothe-ticket-162817 (1370555649016074313) True
INFO        2025-05-10 22:58:35.466853 EST  close_command   : Closed #dracothe-ticket-162817 (1370555649016074313) in 2.34s by pizzamuncher2132 (1066050892203315342) 86
INFO        2025-05-10 23:00:54.961562 EST  on_interaction  : pizzamuncher2132 (1066050892203315342) ran /close reason:'Rollback denied' in #xclnuser-ticket-162922 (1370778344773255338) True
INFO        2025-05-10 23:00:57.264787 EST  close_command   : Closed #xclnuser-ticket-162922 (1370778344773255338) in 2.1s by pizzamuncher2132 (1066050892203315342) 85
INFO        2025-05-10 23:02:04.267788 EST  on_interaction  : pizzamuncher2132 (1066050892203315342) ran /close reason:'Rollback denied' in #xclnuser-ticket-163036 (1370924770597667027) True
INFO        2025-05-10 23:02:06.048556 EST  close_command   : Closed #xclnuser-ticket-163036 (1370924770597667027) in 1.61s by pizzamuncher2132 (1066050892203315342) 84
INFO        2025-05-10 23:14:05.579460 EST  on_interaction  : pizzamuncher2132 (1066050892203315342) ran /close reason:'Answered' in #isa4u_98662-ticket-163002 (1370872833181356094) True
INFO        2025-05-10 23:14:07.505162 EST  close_command   : Closed #isa4u_98662-ticket-163002 (1370872833181356094) in 1.73s by pizzamuncher2132 (1066050892203315342) 83
INFO        2025-05-10 23:14:14.080310 EST  on_interaction  : pizzamuncher2132 (1066050892203315342) ran /close reason:'items in EC' in #bionicbeurghjn-ticket-163000 (1370871313228496976) True
INFO        2025-05-10 23:14:15.568819 EST  close_command   : Closed #bionicbeurghjn-ticket-163000 (1370871313228496976) in 1.23s by pizzamuncher2132 (1066050892203315342) 82
INFO        2025-05-10 23:15:48.383679 EST  on_interaction  : pizzamuncher2132 (1066050892203315342) ran /close reason:'Answered' in #vaultzs-ticket-163006 (1370879264903139338) True
INFO        2025-05-10 23:15:50.247056 EST  close_command   : Closed #vaultzs-ticket-163006 (1370879264903139338) in 1.68s by pizzamuncher2132 (1066050892203315342) 82
INFO        2025-05-10 23:42:19.493911 EST  on_interaction  : pizzamuncher2132 (1066050892203315342) ran /close reason:'All bugs forwarded - Thank you for creating a ticket regarding these :D' in #vangelinamutias-ticket-162943 (1370808839364153364) True
INFO        2025-05-10 23:42:21.569209 EST  close_command   : Closed #vangelinamutias-ticket-162943 (1370808839364153364) in 1.9s by pizzamuncher2132 (1066050892203315342) 83
INFO        2025-05-10 23:45:39.708174 EST  on_interaction  : m6rk (229691828650246145) ran /close reason:'denied' in #halalalawalalala-ticket-163056 (1370948682136031334) True
INFO        2025-05-10 23:45:41.353945 EST  close_command   : Closed #halalalawalalala-ticket-163056 (1370948682136031334) in 1.49s by m6rk (229691828650246145) 82
INFO        2025-05-10 23:58:39.490745 EST  on_interaction  : exitiummm (750077826874736770) ran /close reason:'pv 1' in #gamer6767222-ticket-163040 (1370927331392094300) True
INFO        2025-05-10 23:58:42.181381 EST  close_command   : Closed #gamer6767222-ticket-163040 (1370927331392094300) in 2.51s by exitiummm (750077826874736770) 82
INFO        2025-05-10 23:59:21.351527 EST  on_interaction  : exitiummm (750077826874736770) ran /close reason:'done' in #gaber300-ticket-163051 (1370944094179688498) True
INFO        2025-05-10 23:59:23.200581 EST  close_command   : Closed #gaber300-ticket-163051 (1370944094179688498) in 1.68s by exitiummm (750077826874736770) 81
INFO        2025-05-10 23:59:46.179139 EST  on_interaction  : exitiummm (750077826874736770) ran /close reason:'denied' in #miikksssaaa-ticket-163041 (1370927771538292769) True
INFO        2025-05-10 23:59:47.780918 EST  close_command   : Closed #miikksssaaa-ticket-163041 (1370927771538292769) in 1.44s by exitiummm (750077826874736770) 80
INFO        2025-05-11 00:02:22.816129 EST  on_interaction  : exitiummm (750077826874736770) ran /close reason:'answered' in #tourney-points (1370886830500610099) True
INFO        2025-05-11 00:02:24.709383 EST  close_command   : Closed #tourney-points (1370886830500610099) in 1.7s by exitiummm (750077826874736770) 79
INFO        2025-05-11 00:04:23.073138 EST  on_interaction  : exitiummm (750077826874736770) ran /close reason:'I will tell rolith' in #expedition-loot-issue (1370944289370275940) True
INFO        2025-05-11 00:04:24.818961 EST  close_command   : Closed #expedition-loot-issue (1370944289370275940) in 1.55s by exitiummm (750077826874736770) 78
INFO        2025-05-11 00:04:56.478982 EST  on_interaction  : exitiummm (750077826874736770) ran /close reason:'you just have bad luck' in #airacle-ticket-163058 (1370951473504059488) True
INFO        2025-05-11 00:04:58.652589 EST  close_command   : Closed #airacle-ticket-163058 (1370951473504059488) in 1.93s by exitiummm (750077826874736770) 77
INFO        2025-05-11 00:11:50.676673 EST  on_interaction  : exitiummm (750077826874736770) ran /close reason:'sent to the devs' in #bakugoukatsuki7574-ticket-162933 (1370789708095033441) True
INFO        2025-05-11 00:11:52.207664 EST  close_command   : Closed #bakugoukatsuki7574-ticket-162933 (1370789708095033441) in 1.27s by exitiummm (750077826874736770) 77
INFO        2025-05-11 00:12:16.015746 EST  on_interaction  : exitiummm (750077826874736770) ran /close reason:'accepted' in #empirehangout-ticket-162925 (1370782417576529952) True
INFO        2025-05-11 00:12:17.987364 EST  close_command   : Closed #empirehangout-ticket-162925 (1370782417576529952) in 1.6s by exitiummm (750077826874736770) 76
INFO        2025-05-11 00:13:21.653851 EST  on_interaction  : exitiummm (750077826874736770) ran /close reason:'accepted' in #sevdali2309-ticket-162907 (1370751796661850163) True
INFO        2025-05-11 00:13:23.119457 EST  close_command   : Closed #sevdali2309-ticket-162907 (1370751796661850163) in 1.3s by exitiummm (750077826874736770) 75
INFO        2025-05-11 00:13:52.020602 EST  on_interaction  : pizzamuncher2132 (1066050892203315342) ran /close reason:'base rerolled + player punished' in #angel_183737911-ticket-162941 (1370804158730338395) True
INFO        2025-05-11 00:13:53.626539 EST  close_command   : Closed #angel_183737911-ticket-162941 (1370804158730338395) in 1.42s by pizzamuncher2132 (1066050892203315342) 74
INFO        2025-05-11 00:14:31.862974 EST  on_interaction  : pizzamuncher2132 (1066050892203315342) ran /close reason:'Answered' in #dwights0127-ticket-162824 (1370568479282954321) True
INFO        2025-05-11 00:14:33.691281 EST  close_command   : Closed #dwights0127-ticket-162824 (1370568479282954321) in 1.66s by pizzamuncher2132 (1066050892203315342) 73
INFO        2025-05-11 00:15:11.137757 EST  on_interaction  : exitiummm (750077826874736770) ran /close reason:'accepeted' in #pro_wombat-ticket-163059 (1370955027102961737) True
INFO        2025-05-11 00:15:12.708797 EST  close_command   : Closed #pro_wombat-ticket-163059 (1370955027102961737) in 1.42s by exitiummm (750077826874736770) 72
INFO        2025-05-11 00:18:58.366540 EST  on_interaction  : exitiummm (750077826874736770) ran /close reason:'denied' in #alexrcasi-ticket-162990 (1370859348963758171) True
INFO        2025-05-11 00:19:00.020832 EST  close_command   : Closed #alexrcasi-ticket-162990 (1370859348963758171) in 1.5s by exitiummm (750077826874736770) 72
INFO        2025-05-11 00:20:49.648859 EST  on_interaction  : exitiummm (750077826874736770) ran /close reason:'denied' in #airacle-ticket-162999 (1370868292515926067) True
INFO        2025-05-11 00:20:51.189865 EST  close_command   : Closed #airacle-ticket-162999 (1370868292515926067) in 1.34s by exitiummm (750077826874736770) 71
INFO        2025-05-11 00:21:32.130437 EST  on_interaction  : exitiummm (750077826874736770) ran /close reason:'denied' in #noruuuu_-ticket-163030 (1370904529213587576) True
INFO        2025-05-11 00:21:34.319281 EST  close_command   : Closed #noruuuu_-ticket-163030 (1370904529213587576) in 2.05s by exitiummm (750077826874736770) 71
INFO        2025-05-11 00:24:05.207036 EST  on_interaction  : exitiummm (750077826874736770) ran /close reason:'pv 1 and 2' in #overworld5217-ticket-163049 (1370935185272475840) True
INFO        2025-05-11 00:24:07.025788 EST  close_command   : Closed #overworld5217-ticket-163049 (1370935185272475840) in 1.63s by exitiummm (750077826874736770) 71
INFO        2025-05-11 00:25:01.172404 EST  on_interaction  : exitiummm (750077826874736770) ran /close reason:'denied' in #gaber300-ticket-163060 (1370955384906321960) True
INFO        2025-05-11 00:25:02.720537 EST  close_command   : Closed #gaber300-ticket-163060 (1370955384906321960) in 1.35s by exitiummm (750077826874736770) 70
INFO        2025-05-11 00:27:04.098413 EST  on_interaction  : snack6133 (637766719095439380) ran /close reason:'accepted' in #jackl2667-ticket-163067 (1370979042655735851) True
INFO        2025-05-11 00:27:06.203518 EST  close_command   : Closed #jackl2667-ticket-163067 (1370979042655735851) in 1.94s by snack6133 (637766719095439380) 69
INFO        2025-05-11 00:27:20.405427 EST  on_interaction  : exitiummm (750077826874736770) ran /close reason:'pv 1' in #vodkalol69-ticket-163063 (1370965970558128208) True
INFO        2025-05-11 00:27:22.141981 EST  close_command   : Closed #vodkalol69-ticket-163063 (1370965970558128208) in 1.57s by exitiummm (750077826874736770) 68
INFO        2025-05-11 00:27:57.720032 EST  on_interaction  : exitiummm (750077826874736770) ran /close reason:'denied' in #airacle-ticket-163064 (1370972027908915221) True
INFO        2025-05-11 00:27:59.071009 EST  close_command   : Closed #airacle-ticket-163064 (1370972027908915221) in 1.17s by exitiummm (750077826874736770) 67
INFO        2025-05-11 00:28:44.440546 EST  on_interaction  : exitiummm (750077826874736770) ran /close reason:'pv 2' in #airacle-ticket-163068 (1370979241356951704) True
INFO        2025-05-11 00:28:46.160264 EST  close_command   : Closed #airacle-ticket-163068 (1370979241356951704) in 1.51s by exitiummm (750077826874736770) 66
INFO        2025-05-11 00:29:34.980490 EST  on_interaction  : exitiummm (750077826874736770) ran /close reason:'we dont follow your guys little draft rules, if you get reports by them we will deal with it like we deal with any other player' in #congram-ticket-163066 (1370977873048895559) True
INFO        2025-05-11 00:29:36.415701 EST  close_command   : Closed #congram-ticket-163066 (1370977873048895559) in 1.28s by exitiummm (750077826874736770) 65
INFO        2025-05-11 00:30:07.002128 EST  on_interaction  : exitiummm (750077826874736770) ran /close reason:'they are in a diff fac and offline' in #leader-transfer (1370947539356094604) True
INFO        2025-05-11 00:30:08.607083 EST  close_command   : Closed #leader-transfer (1370947539356094604) in 1.42s by exitiummm (750077826874736770) 64
INFO        2025-05-11 00:30:25.155303 EST  on_interaction  : exitiummm (750077826874736770) ran /close reason:'needs to be a video' in #odeadpoolo8307-ticket-163026 (1370894944050483310) True
INFO        2025-05-11 00:30:26.551031 EST  close_command   : Closed #odeadpoolo8307-ticket-163026 (1370894944050483310) in 1.21s by exitiummm (750077826874736770) 63
INFO        2025-05-11 00:43:30.384060 EST  on_interaction  : snack6133 (637766719095439380) ran /close reason:'accepted' in #ppuggy-ticket-163062 (1370963742396780636) True
INFO        2025-05-11 00:43:31.850149 EST  close_command   : Closed #ppuggy-ticket-163062 (1370963742396780636) in 1.31s by snack6133 (637766719095439380) 63
INFO        2025-05-11 00:44:32.905553 EST  on_interaction  : rolith (399760511706726400) ran /close reason:'pv 1' in #jordannet-ticket-163061 (1370962474895151155) True
INFO        2025-05-11 00:44:34.450139 EST  close_command   : Closed #jordannet-ticket-163061 (1370962474895151155) in 1.41s by rolith (399760511706726400) 62
INFO        2025-05-11 00:45:52.458676 EST  on_interaction  : thegenerous (198263506313805824) ran /rename name:'alts-blocked-by-vpn' in #jollycyrus-ticket-163070 (1370984969509277726) True
INFO        2025-05-11 01:12:56.593573 EST  on_interaction  : rolith (399760511706726400) ran /close reason:'bruh you have a reduced ban, also the ban was valid' in #congram-ticket-163071 (1370985466773377134) True
INFO        2025-05-11 01:12:57.971133 EST  close_command   : Closed #congram-ticket-163071 (1370985466773377134) in 1.23s by rolith (399760511706726400) 64
INFO        2025-05-11 01:13:36.600238 EST  on_interaction  : rolith (399760511706726400) ran /move category:'948592775669121034' in #alts-blocked-by-vpn (1370984969509277726) True
INFO        2025-05-11 01:13:49.139046 EST  on_interaction  : rolith (399760511706726400) ran /close reason:'did other ticket' in #arcade-duels-issue (1370948700955738153) True
INFO        2025-05-11 01:13:50.769883 EST  close_command   : Closed #arcade-duels-issue (1370948700955738153) in 1.48s by rolith (399760511706726400) 63
INFO        2025-05-11 01:27:27.239009 EST  on_interaction  : pizzamuncher2132 (1066050892203315342) ran /close reason:'Bug resolved' in #mcpe-bug (1363479645734834388) True
INFO        2025-05-11 01:27:28.993883 EST  close_command   : Closed #mcpe-bug (1363479645734834388) in 1.57s by pizzamuncher2132 (1066050892203315342) 62
INFO        2025-05-11 01:53:08.068136 EST  on_interaction  : thegenerous (198263506313805824) ran /rename name:'expo-boots-broke' in #thatsmokerlol-ticket-163073 (1371001686109327502) True
INFO        2025-05-11 02:12:43.992418 EST  on_interaction  : thegenerous (198263506313805824) ran /rename name:'combat-timer-bug' in #mythich-ticket-163072 (1370991011387674744) True
INFO        2025-05-11 02:19:08.460708 EST  on_interaction  : rolith (399760511706726400) ran /close reason:'sent to the devs to fix' in #expedition-staritem (1370860865783464027) True
INFO        2025-05-11 02:19:10.034844 EST  close_command   : Closed #expedition-staritem (1370860865783464027) in 1.38s by rolith (399760511706726400) 63
INFO        2025-05-11 02:32:47.855851 EST  on_interaction  : pizzamuncher2132 (1066050892203315342) ran /close reason:'Appeal denied' in #poblo1234__-ticket-162918 (1370777777565077656) True
INFO        2025-05-11 02:32:49.538068 EST  close_command   : Closed #poblo1234__-ticket-162918 (1370777777565077656) in 1.5s by pizzamuncher2132 (1066050892203315342) 62
INFO        2025-05-11 02:55:45.380235 EST  on_interaction  : thegenerous (198263506313805824) ran /move category:'1009882045901721720' in #combat-timer-bug (1370991011387674744) True
INFO        2025-05-11 02:59:09.166022 EST  on_interaction  : thegenerous (198263506313805824) ran /rename name:'leader-transfer' in #tapemeasure-ticket-163077 (1371018651716681768) True
INFO        2025-05-11 03:07:06.921644 EST  on_interaction  : rolith (399760511706726400) ran /close reason:'not it wouldn't extend it' in #gaber300-ticket-163078 (1371019410961334293) True
INFO        2025-05-11 03:07:08.469717 EST  close_command   : Closed #gaber300-ticket-163078 (1371019410961334293) in 1.32s by rolith (399760511706726400) 66
INFO        2025-05-11 03:46:03.307484 EST  on_interaction  : rolith (399760511706726400) ran /move category:'1010744614153617439' in #alts-blocked-by-vpn (1370984969509277726) True
INFO        2025-05-11 03:47:33.591287 EST  on_interaction  : rolith (399760511706726400) ran /close reason:'odne' in #heymandude-ticket-163075 (1371012871005147187) True
INFO        2025-05-11 03:47:35.182366 EST  close_command   : Closed #heymandude-ticket-163075 (1371012871005147187) in 1.41s by rolith (399760511706726400) 69
INFO        2025-05-11 03:48:00.494871 EST  on_interaction  : rolith (399760511706726400) ran /close reason:'unbanned' in #yahoodle-ticket-163083 (1371028792910286969) True
INFO        2025-05-11 03:48:02.778218 EST  close_command   : Closed #yahoodle-ticket-163083 (1371028792910286969) in 2.09s by rolith (399760511706726400) 68
INFO        2025-05-11 03:48:28.608081 EST  on_interaction  : rolith (399760511706726400) ran /close reason:'denied' in #blxizeonfire3-ticket-163065 (1370975127205970060) True
INFO        2025-05-11 03:48:30.157857 EST  close_command   : Closed #blxizeonfire3-ticket-163065 (1370975127205970060) in 1.31s by rolith (399760511706726400) 67
INFO        2025-05-11 03:49:01.362918 EST  on_interaction  : rolith (399760511706726400) ran /close reason:'answered' in #slymel-ticket-163082 (1371027974048059432) True
INFO        2025-05-11 03:49:03.027329 EST  close_command   : Closed #slymel-ticket-163082 (1371027974048059432) in 1.51s by rolith (399760511706726400) 67
INFO        2025-05-11 03:49:13.314874 EST  on_interaction  : rolith (399760511706726400) ran /close reason:'odne' in #leader-transfer (1371018651716681768) True
INFO        2025-05-11 03:49:15.727724 EST  close_command   : Closed #leader-transfer (1371018651716681768) in 2.29s by rolith (399760511706726400) 66
INFO        2025-05-11 03:54:44.906208 EST  on_interaction  : rolith (399760511706726400) ran /close reason:'unbanned' in #tvax-ticket-163081 (1371026149450453023) True
INFO        2025-05-11 03:54:46.443408 EST  close_command   : Closed #tvax-ticket-163081 (1371026149450453023) in 1.32s by rolith (399760511706726400) 65
INFO        2025-05-11 04:30:03.029339 EST  on_interaction  : keksmc (1193224557826412624) ran /close reason:'denies' in #masterbaiter1of1-ticket-162836 (1370589239103983752) True
INFO        2025-05-11 04:30:05.707057 EST  close_command   : Closed #masterbaiter1of1-ticket-162836 (1370589239103983752) in 2.46s by keksmc (1193224557826412624) 66
INFO        2025-05-11 04:31:00.324149 EST  on_interaction  : keksmc (1193224557826412624) ran /rename name:'admin' in #craked8620-ticket-163084 (1371031248667021402) True
INFO        2025-05-11 04:38:25.036907 EST  on_interaction  : rolith (399760511706726400) ran /close reason:'resolved' in #alts-blocked-by-vpn (1370984969509277726) True
INFO        2025-05-11 04:38:26.880280 EST  close_command   : Closed #alts-blocked-by-vpn (1370984969509277726) in 1.54s by rolith (399760511706726400) 65
INFO        2025-05-11 04:50:14.962771 EST  on_interaction  : pizzamuncher2132 (1066050892203315342) ran /close reason:'if you get evidence, then please create another ticket' in #vinix__1-ticket-162661 (1370111134371287221) True
INFO        2025-05-11 04:50:16.572370 EST  close_command   : Closed #vinix__1-ticket-162661 (1370111134371287221) in 1.44s by pizzamuncher2132 (1066050892203315342) 65
INFO        2025-05-11 05:15:49.530626 EST  on_interaction  : daddy0001 (339415844411146251) ran /rename name:'missing bags' in #criplin-ticket-163089 (1371051743265427516) True
INFO        2025-05-11 05:16:03.140765 EST  on_interaction  : daddy0001 (339415844411146251) ran /rename name:'faction bundle query' in #danielem42-ticket-163087 (1371046224266002492) True
INFO        2025-05-11 05:55:24.011061 EST  on_interaction  : daddy0001 (339415844411146251) ran /move category:'1010777747456524338' in #epsaaa-ticket-163093 (1371061720897814609) True
INFO        2025-05-11 05:55:33.162532 EST  on_interaction  : daddy0001 (339415844411146251) ran /close reason:'answered' in #burgermelon-ticket-162993 (1370860743821361194) True
INFO        2025-05-11 05:55:35.687475 EST  close_command   : Closed #burgermelon-ticket-162993 (1370860743821361194) in 2.35s by daddy0001 (339415844411146251) 70
INFO        2025-05-11 06:03:48.816224 EST  on_interaction  : confrontable (544952418178301974) ran /rename name:'rolith' in #sevdali2309-ticket-163092 (1371055847697809472) True
INFO        2025-05-11 07:12:53.951166 EST  on_interaction  : confrontable (544952418178301974) ran /rename name:'fac bundle question' in #saup-ticket-163097 (1371080672017518664) True
INFO        2025-05-11 07:14:43.760784 EST  on_interaction  : pizzamuncher2132 (1066050892203315342) ran /ticket-logs user:'1348795635700338709' in #𝖲𝗍𝖺𝖿𝖿-𝖢𝗈𝗆𝗆𝖺𝗇𝖽𝗌 (918905638464127016) True
INFO        2025-05-11 07:17:55.913740 EST  on_interaction  : confrontable (544952418178301974) ran /rename name:'vpn whitelist' in #jarad7566-ticket-163098 (1371083499984912446) True
INFO        2025-05-11 07:17:56.983809 EST  on_interaction  : confrontable (544952418178301974) ran /private in #vpn-whitelist (1371083499984912446) True
INFO        2025-05-11 07:40:15.315180 EST  on_interaction  : _matiass. (638734404402806815) ran /close reason:'Answered' in #epsaaa-ticket-163093 (1371061720897814609) True
INFO        2025-05-11 07:40:18.936082 EST  close_command   : Closed #epsaaa-ticket-163093 (1371061720897814609) in 3.38s by _matiass. (638734404402806815) 76
INFO        2025-05-11 07:41:40.943683 EST  on_interaction  : _matiass. (638734404402806815) ran /close reason:'Answered' in #fac-bundle-question (1371080672017518664) True
INFO        2025-05-11 07:41:42.496504 EST  close_command   : Closed #fac-bundle-question (1371080672017518664) in 1.39s by _matiass. (638734404402806815) 75
INFO        2025-05-11 07:43:08.949456 EST  on_interaction  : _matiass. (638734404402806815) ran /close reason:'Answered, check transcript' in #faction-bundle-query (1371046224266002492) True
INFO        2025-05-11 07:43:10.861100 EST  close_command   : Closed #faction-bundle-query (1371046224266002492) in 1.75s by _matiass. (638734404402806815) 74
INFO        2025-05-11 09:15:53.103418 EST  on_interaction  : snack6133 (637766719095439380) ran /close reason:'denied' in #l122111-ticket-163107 (1371106086521798768) True
INFO        2025-05-11 09:15:54.673378 EST  close_command   : Closed #l122111-ticket-163107 (1371106086521798768) in 1.41s by snack6133 (637766719095439380) 80
INFO        2025-05-11 09:17:00.702661 EST  on_interaction  : snack6133 (637766719095439380) ran /ticket-logs user:'694236722069766275' in #zaidxyz-ticket-163104 (1371102006109929597) True
INFO        2025-05-11 09:19:15.054329 EST  on_interaction  : snack6133 (637766719095439380) ran /close reason:'accepted' in #zaidxyz-ticket-163104 (1371102006109929597) True
INFO        2025-05-11 09:19:17.338371 EST  close_command   : Closed #zaidxyz-ticket-163104 (1371102006109929597) in 2.08s by snack6133 (637766719095439380) 79
INFO        2025-05-11 09:24:54.526298 EST  on_interaction  : snack6133 (637766719095439380) ran /close reason:'accepted' in #geeked___-ticket-163076 (1371017196209442907) True
INFO        2025-05-11 09:24:56.631773 EST  close_command   : Closed #geeked___-ticket-163076 (1371017196209442907) in 1.91s by snack6133 (637766719095439380) 78
INFO        2025-05-11 09:27:30.257995 EST  on_interaction  : snack6133 (637766719095439380) ran /ticket-logs user:'1362583551585026248' in #miikksssaaa-ticket-163103 (1371091397066625098) True
INFO        2025-05-11 09:28:41.958234 EST  on_interaction  : snack6133 (637766719095439380) ran /close reason:'denied' in #miikksssaaa-ticket-163103 (1371091397066625098) True
INFO        2025-05-11 09:28:43.760801 EST  close_command   : Closed #miikksssaaa-ticket-163103 (1371091397066625098) in 1.67s by snack6133 (637766719095439380) 78
INFO        2025-05-11 09:34:11.461161 EST  on_interaction  : snack6133 (637766719095439380) ran /close reason:'accepted' in #declandmc-ticket-163088 (1371050675831574538) True
INFO        2025-05-11 09:34:13.171289 EST  close_command   : Closed #declandmc-ticket-163088 (1371050675831574538) in 1.54s by snack6133 (637766719095439380) 78
INFO        2025-05-11 09:36:24.317726 EST  on_interaction  : snack6133 (637766719095439380) ran /close reason:'answered' in #willistttt-ticket-163101 (1371090583954919434) True
INFO        2025-05-11 09:36:26.127827 EST  close_command   : Closed #willistttt-ticket-163101 (1371090583954919434) in 1.62s by snack6133 (637766719095439380) 77
INFO        2025-05-11 09:37:54.033405 EST  on_interaction  : snack6133 (637766719095439380) ran /close reason:'answered' in #miha1986-ticket-163043 (1370930265253351515) True
INFO        2025-05-11 09:37:57.262709 EST  close_command   : Closed #miha1986-ticket-163043 (1370930265253351515) in 3.04s by snack6133 (637766719095439380) 76
INFO        2025-05-11 09:38:54.584990 EST  on_interaction  : confrontable (544952418178301974) ran /rename name:'vpn whitelist' in #pengveen-ticket-163109 (1371117498245845033) True
INFO        2025-05-11 09:38:55.763227 EST  on_interaction  : confrontable (544952418178301974) ran /private in #vpn-whitelist (1371117498245845033) True
yhobff123-ticket-162929 (1370784871026528458)
INFO        2025-05-10 11:41:14.654046 EST  wrapper         : Send Ticketlog completed in 0.39s
INFO        2025-05-10 11:41:27.952124 EST  wrapper         : Send Ticketlog completed in 0.36s
INFO        2025-05-10 11:41:46.436535 EST  wrapper         : Send Ticketlog completed in 0.55s
INFO        2025-05-10 11:47:23.362844 EST  new_ticket      : Created #3v1me-ticket-162932 (1370789320545403045) in 2.34s by 3v1me (750520011340382238) 70
INFO        2025-05-10 11:47:29.146396 EST  enter_information_button : Sent the Questions modal to 3v1me (750520011340382238)
INFO        2025-05-10 11:48:06.157434 EST  on_submit       : 3v1me (750520011340382238) updated the embed with question answers in #3v1me-ticket-162932 (1370789320545403045)
INFO        2025-05-10 11:48:55.496685 EST  new_ticket      : Created #bakugoukatsuki7574-ticket-162933 (1370789708095033441) in 2.37s by bakugoukatsuki7574 (786176943586017311) 71
INFO        2025-05-10 11:48:57.215329 EST  enter_information_button : Sent the Questions modal to bakugoukatsuki7574 (786176943586017311)
INFO        2025-05-10 11:49:06.768863 EST  on_submit       : bakugoukatsuki7574 (786176943586017311) updated the embed with question answers in #bakugoukatsuki7574-ticket-162933 (1370789708095033441)
INFO        2025-05-10 11:50:05.718261 EST  wrapper         : Send Ticketlog completed in 0.56s
INFO        2025-05-10 11:57:42.259926 EST  wrapper         : Send Ticketlog completed in 0.64s
INFO        2025-05-10 11:59:53.815023 EST  new_ticket      : Created #h2026-ticket-162934 (1370792469087916073) in 2.14s by h2026 (1230866623884296346) 70
INFO        2025-05-10 11:59:56.088807 EST  enter_information_button : Sent the Questions modal to h2026 (1230866623884296346)
WARNING     2025-05-10 12:01:02.806569 EST  check_verified  : staywitme (219955725668057088) is not verified and tried to open a ticket
INFO        2025-05-10 12:01:28.975052 EST  on_submit       : h2026 (1230866623884296346) updated the embed with question answers in #h2026-ticket-162934 (1370792469087916073)
INFO        2025-05-10 12:03:39.956139 EST  wrapper         : Rename Command completed in 0.52s
INFO        2025-05-10 12:04:22.171628 EST  wrapper         : Rename Command completed in 0.68s
INFO        2025-05-10 12:05:45.982825 EST  new_ticket      : Created #staywitme-ticket-162935 (1370793943821848638) in 2.88s by staywitme (219955725668057088) 71
WARNING     2025-05-10 12:05:45.983342 EST  wrapper         : New Ticket took a long time to complete and finished in 3.09s
INFO        2025-05-10 12:06:00.970575 EST  enter_information_button : Sent the Questions modal to staywitme (219955725668057088)
INFO        2025-05-10 12:07:19.113398 EST  on_submit       : staywitme (219955725668057088) updated the embed with question answers in #staywitme-ticket-162935 (1370793943821848638)
WARNING     2025-05-10 12:16:09.125917 EST  check_verified  : huuwi_ (701188830782423162) is not verified and tried to open a ticket
INFO        2025-05-10 12:19:24.638109 EST  wrapper         : Send Ticketlog completed in 0.47s
INFO        2025-05-10 12:21:03.187172 EST  new_ticket      : Created #meazyl7v-ticket-162936 (1370797793777680556) in 2.12s by meazyl7v (398504073307095051) 71
INFO        2025-05-10 12:21:05.453736 EST  enter_information_button : Sent the Questions modal to meazyl7v (398504073307095051)
INFO        2025-05-10 12:22:49.863765 EST  on_submit       : meazyl7v (398504073307095051) updated the embed with question answers in #meazyl7v-ticket-162936 (1370797793777680556)
INFO        2025-05-10 12:24:53.113538 EST  wrapper         : Rename Command completed in 1.56s
INFO        2025-05-10 12:29:38.108646 EST  new_ticket      : Created #mmareply-ticket-162937 (1370799950610305228) in 2.85s by mmareply (492028532428636162) 72
WARNING     2025-05-10 12:29:38.109646 EST  wrapper         : New Ticket took a long time to complete and finished in 3.03s
INFO        2025-05-10 12:29:40.927103 EST  enter_information_button : Sent the Questions modal to mmareply (492028532428636162)
INFO        2025-05-10 12:30:35.134999 EST  on_submit       : mmareply (492028532428636162) updated the embed with question answers in #mmareply-ticket-162937 (1370799950610305228)
INFO        2025-05-10 12:30:46.285300 EST  new_ticket      : Created #matt33545-ticket-162938 (1370800238020919357) in 2.47s by matt33545 (1156893889769246793) 73
INFO        2025-05-10 12:30:48.182017 EST  enter_information_button : Sent the Questions modal to matt33545 (1156893889769246793)
INFO        2025-05-10 12:31:03.604643 EST  on_submit       : matt33545 (1156893889769246793) updated the embed with question answers in #matt33545-ticket-162938 (1370800238020919357)
INFO        2025-05-10 12:34:49.153405 EST  new_ticket      : Created #beheldop-ticket-162939 (1370801254778933370) in 2.86s by beheldop (1001155430698991636) 74
WARNING     2025-05-10 12:34:49.153967 EST  wrapper         : New Ticket took a long time to complete and finished in 3.03s
INFO        2025-05-10 12:34:50.349037 EST  enter_information_button : Sent the Questions modal to beheldop (1001155430698991636)
INFO        2025-05-10 12:35:04.579375 EST  on_submit       : beheldop (1001155430698991636) updated the embed with question answers in #beheldop-ticket-162939 (1370801254778933370)
INFO        2025-05-10 12:35:08.456081 EST  wrapper         : Send Ticketlog completed in 0.37s
INFO        2025-05-10 12:35:33.530980 EST  wrapper         : Rename Command completed in 0.5s
INFO        2025-05-10 12:35:38.875013 EST  wrapper         : Move Command completed in 2.54s
INFO        2025-05-10 12:36:14.611498 EST  wrapper         : Rename Command completed in 0.52s
INFO        2025-05-10 12:36:19.798337 EST  wrapper         : Move Command completed in 2.45s
INFO        2025-05-10 12:36:37.167420 EST  wrapper         : Send Ticketlog completed in 2.22s
WARNING     2025-05-10 12:36:37.604400 EST  wrapper         : Close Command took a long time to complete and finished in 3.37s
INFO        2025-05-10 12:41:22.257079 EST  new_ticket      : Created #briitt-ticket-162940 (1370802904255955094) in 2.88s by briitt (560221074244239381) 73
WARNING     2025-05-10 12:41:22.257957 EST  wrapper         : New Ticket took a long time to complete and finished in 3.06s
INFO        2025-05-10 12:41:24.746363 EST  enter_information_button : Sent the Questions modal to briitt (560221074244239381)
INFO        2025-05-10 12:41:50.388484 EST  on_submit       : briitt (560221074244239381) updated the embed with question answers in #briitt-ticket-162940 (1370802904255955094)
INFO        2025-05-10 12:44:10.827745 EST  wrapper         : Send Ticketlog completed in 0.6s
INFO        2025-05-10 12:44:15.836721 EST  wrapper         : Send Ticketlog completed in 0.51s
INFO        2025-05-10 12:46:20.851854 EST  new_ticket      : Created #angel_183737911-ticket-162941 (1370804158730338395) in 2.19s by angel_183737911 (1175303111422775318) 72
INFO        2025-05-10 12:46:23.006517 EST  enter_information_button : Sent the Questions modal to angel_183737911 (1175303111422775318)
INFO        2025-05-10 12:46:48.811721 EST  on_submit       : angel_183737911 (1175303111422775318) updated the embed with question answers in #angel_183737911-ticket-162941 (1370804158730338395)
INFO        2025-05-10 12:51:00.200261 EST  wrapper         : Send Ticketlog completed in 0.56s
INFO        2025-05-10 12:55:38.619883 EST  wrapper         : Send Ticketlog completed in 0.36s
INFO        2025-05-10 13:00:22.015677 EST  wrapper         : Send Ticketlog completed in 0.55s
INFO        2025-05-10 13:00:31.421592 EST  wrapper         : Send Ticketlog completed in 0.48s
INFO        2025-05-10 13:00:44.029268 EST  wrapper         : Send Ticketlog completed in 0.55s
INFO        2025-05-10 13:02:21.532214 EST  new_ticket      : Created #slamsz-ticket-162942 (1370808185753043159) in 2.77s by slamsz (1008570539624890478) 68
INFO        2025-05-10 13:04:45.033995 EST  enter_information_button : Sent the Questions modal to slamsz (1008570539624890478)
INFO        2025-05-10 13:04:53.112424 EST  wrapper         : Send Ticketlog completed in 0.78s
INFO        2025-05-10 13:04:56.917125 EST  new_ticket      : Created #vangelinamutias-ticket-162943 (1370808839364153364) in 2.57s by vangelinamutias (806065734483968010) 68
INFO        2025-05-10 13:04:59.773365 EST  enter_information_button : Sent the Questions modal to vangelinamutias (806065734483968010)
INFO        2025-05-10 13:05:16.771050 EST  on_submit       : slamsz (1008570539624890478) updated the embed with question answers in #slamsz-ticket-162942 (1370808185753043159)
INFO        2025-05-10 13:06:45.123046 EST  on_submit       : vangelinamutias (806065734483968010) updated the embed with question answers in #vangelinamutias-ticket-162943 (1370808839364153364)
INFO        2025-05-10 13:07:47.024475 EST  new_ticket      : Created #omniscient667-ticket-162944 (1370809549308694710) in 3.16s by omniscient667 (670730668015353876) 69
WARNING     2025-05-10 13:07:47.024921 EST  wrapper         : New Ticket took a long time to complete and finished in 3.34s
INFO        2025-05-10 13:07:49.212194 EST  enter_information_button : Sent the Questions modal to omniscient667 (670730668015353876)
INFO        2025-05-10 13:08:25.418776 EST  on_submit       : omniscient667 (670730668015353876) updated the embed with question answers in #omniscient667-ticket-162944 (1370809549308694710)
INFO        2025-05-10 13:11:14.063222 EST  wrapper         : Rename Command completed in 0.54s
INFO        2025-05-10 13:19:43.140884 EST  new_ticket      : Created #wh25_-ticket-162945 (1370812558117703700) in 1.99s by wh25_ (509632271532294155) 70
WARNING     2025-05-10 13:19:44.521289 EST  check_verified  : leooooopl (924924258063372368) is not verified and tried to open a ticket
INFO        2025-05-10 13:19:45.747923 EST  enter_information_button : Sent the Questions modal to wh25_ (509632271532294155)
INFO        2025-05-10 13:20:01.832139 EST  on_submit       : wh25_ (509632271532294155) updated the embed with question answers in #wh25_-ticket-162945 (1370812558117703700)
INFO        2025-05-10 13:21:13.321016 EST  new_ticket      : Created #cliippy-ticket-162946 (1370812936616022087) in 1.87s by cliippy (951334827599208459) 71
INFO        2025-05-10 13:21:15.498594 EST  enter_information_button : Sent the Questions modal to cliippy (951334827599208459)
INFO        2025-05-10 13:21:27.609667 EST  on_submit       : cliippy (951334827599208459) updated the embed with question answers in #cliippy-ticket-162946 (1370812936616022087)
INFO        2025-05-10 13:21:34.433509 EST  new_ticket      : Created #vinix__1-ticket-162947 (1370813023316611133) in 2.6s by vinix__1 (1101136988612087909) 72
INFO        2025-05-10 13:21:37.344594 EST  enter_information_button : Sent the Questions modal to vinix__1 (1101136988612087909)
INFO        2025-05-10 13:21:57.595385 EST  on_submit       : vinix__1 (1101136988612087909) updated the embed with question answers in #vinix__1-ticket-162947 (1370813023316611133)
INFO        2025-05-10 13:22:23.349722 EST  wrapper         : Rename Command completed in 0.62s
INFO        2025-05-10 13:23:39.479674 EST  wrapper         : Send Ticketlog completed in 0.63s
INFO        2025-05-10 13:23:53.771551 EST  wrapper         : Rename Command completed in 0.47s
INFO        2025-05-10 13:24:57.753298 EST  new_ticket      : Created #cake2004-ticket-162948 (1370813876282851369) in 2.54s by cake2004 (327293581549109250) 72
INFO        2025-05-10 13:25:01.930526 EST  enter_information_button : Sent the Questions modal to cake2004 (327293581549109250)
INFO        2025-05-10 13:25:04.769727 EST  on_submit       : cake2004 (327293581549109250) updated the embed with question answers in #cake2004-ticket-162948 (1370813876282851369)
WARNING     2025-05-10 13:25:13.960416 EST  check_verified  : justyntheking (494611031440490518) is not verified and tried to open a ticket
INFO        2025-05-10 13:26:16.910743 EST  wrapper         : Rename Command completed in 0.49s
INFO        2025-05-10 13:31:33.194130 EST  new_ticket      : Created #ronron100-ticket-162949 (1370815532395401398) in 2.95s by ronron100 (182086495367200768) 73
WARNING     2025-05-10 13:31:33.194900 EST  wrapper         : New Ticket took a long time to complete and finished in 3.15s
INFO        2025-05-10 13:31:34.937629 EST  enter_information_button : Sent the Questions modal to ronron100 (182086495367200768)
INFO        2025-05-10 13:31:55.268012 EST  on_submit       : ronron100 (182086495367200768) updated the embed with question answers in #ronron100-ticket-162949 (1370815532395401398)
INFO        2025-05-10 13:32:07.715725 EST  new_ticket      : Created #justyntheking-ticket-162950 (1370815679984308294) in 2.23s by justyntheking (494611031440490518) 74
INFO        2025-05-10 13:32:13.624657 EST  enter_information_button : Sent the Questions modal to justyntheking (494611031440490518)
INFO        2025-05-10 13:32:35.445514 EST  new_ticket      : Created #slymel-ticket-162951 (1370815797152186559) in 1.81s by slymel (199046561790033921) 75
INFO        2025-05-10 13:32:37.859289 EST  new_ticket      : Created #m0rocco-ticket-162952 (1370815805364899840) in 2.58s by m0rocco (805408212853063690) 76
INFO        2025-05-10 13:32:38.120553 EST  enter_information_button : Sent the Questions modal to slymel (199046561790033921)
INFO        2025-05-10 13:32:39.932423 EST  enter_information_button : Sent the Questions modal to m0rocco (805408212853063690)
INFO        2025-05-10 13:33:03.170967 EST  on_submit       : slymel (199046561790033921) updated the embed with question answers in #slymel-ticket-162951 (1370815797152186559)
INFO        2025-05-10 13:33:26.533881 EST  on_submit       : m0rocco (805408212853063690) updated the embed with question answers in #m0rocco-ticket-162952 (1370815805364899840)
INFO        2025-05-10 13:34:29.221362 EST  on_submit       : justyntheking (494611031440490518) updated the embed with question answers in #justyntheking-ticket-162950 (1370815679984308294)
INFO        2025-05-10 13:34:52.356518 EST  wrapper         : Rename Command completed in 0.56s
INFO        2025-05-10 13:38:01.829340 EST  wrapper         : Send Ticketlog completed in 0.53s
INFO        2025-05-10 13:38:38.903911 EST  wrapper         : Send Ticketlog completed in 0.35s
INFO        2025-05-10 13:43:49.340107 EST  wrapper         : Send Ticketlog completed in 0.66s
INFO        2025-05-10 13:45:01.111284 EST  new_ticket      : Created #asta1541-ticket-162953 (1370818923351773214) in 2.5s by asta1541 (977208815944622081) 74
INFO        2025-05-10 13:45:02.175677 EST  enter_information_button : Sent the Questions modal to asta1541 (977208815944622081)
WARNING     2025-05-10 13:45:15.472501 EST  wrapper         : Create Ticket took a long time to complete and finished in 3.21s
INFO        2025-05-10 13:45:15.554833 EST  new_ticket      : Created #ppuggy-ticket-162954 (1370818984290816102) in 3.53s by ppuggy (498666606323302400) 75
WARNING     2025-05-10 13:45:15.555113 EST  wrapper         : New Ticket took a long time to complete and finished in 3.65s
INFO        2025-05-10 13:45:25.702784 EST  on_submit       : asta1541 (977208815944622081) updated the embed with question answers in #asta1541-ticket-162953 (1370818923351773214)
INFO        2025-05-10 13:45:57.806753 EST  enter_information_button : Sent the Questions modal to ppuggy (498666606323302400)
INFO        2025-05-10 13:46:15.106366 EST  on_submit       : ppuggy (498666606323302400) updated the embed with question answers in #ppuggy-ticket-162954 (1370818984290816102)
INFO        2025-05-10 13:46:33.175167 EST  wrapper         : Move Command completed in 2.5s
INFO        2025-05-10 13:46:44.145740 EST  wrapper         : Send Ticketlog completed in 0.59s
WARNING     2025-05-10 13:47:16.282030 EST  wrapper         : Create Ticket took a long time to complete and finished in 3.68s
INFO        2025-05-10 13:47:16.356232 EST  new_ticket      : Created #nhui0mwoad-ticket-162955 (1370819490849361920) in 4.13s by nhui0mwoad (436126382121025539) 75
WARNING     2025-05-10 13:47:16.356485 EST  wrapper         : New Ticket took a long time to complete and finished in 4.3s
INFO        2025-05-10 13:47:18.642030 EST  enter_information_button : Sent the Questions modal to nhui0mwoad (436126382121025539)
INFO        2025-05-10 13:47:43.009788 EST  wrapper         : Send Ticketlog completed in 0.51s
INFO        2025-05-10 13:48:00.965923 EST  wrapper         : Send Ticketlog completed in 0.33s
INFO        2025-05-10 13:50:15.805672 EST  on_submit       : nhui0mwoad (436126382121025539) updated the embed with question answers in #nhui0mwoad-ticket-162955 (1370819490849361920)
WARNING     2025-05-10 13:50:23.174262 EST  check_verified  : thatsmokerlol (1328089881737433089) is not verified and tried to open a ticket
INFO        2025-05-10 13:50:41.580425 EST  new_ticket      : Created #scaries0420-ticket-162956 (1370820352237768787) in 2.23s by scaries0420 (1226924541150892124) 74
INFO        2025-05-10 13:50:44.604607 EST  enter_information_button : Sent the Questions modal to scaries0420 (1226924541150892124)
INFO        2025-05-10 13:50:52.008437 EST  new_ticket      : Created #thatsmokerlol-ticket-162957 (1370820394566680794) in 2.73s by thatsmokerlol (1328089881737433089) 75
INFO        2025-05-10 13:50:56.000114 EST  enter_information_button : Sent the Questions modal to thatsmokerlol (1328089881737433089)
INFO        2025-05-10 13:51:09.415904 EST  on_submit       : scaries0420 (1226924541150892124) updated the embed with question answers in #scaries0420-ticket-162956 (1370820352237768787)
INFO        2025-05-10 13:51:20.739124 EST  on_submit       : thatsmokerlol (1328089881737433089) updated the embed with question answers in #thatsmokerlol-ticket-162957 (1370820394566680794)
INFO        2025-05-10 13:52:20.726625 EST  wrapper         : Send Ticketlog completed in 0.39s
INFO        2025-05-10 13:53:19.978806 EST  wrapper         : Rename Command completed in 0.62s
INFO        2025-05-10 13:59:48.407121 EST  new_ticket      : Created #ppuggy-ticket-162958 (1370822644764508212) in 2.47s by ppuggy (498666606323302400) 75
INFO        2025-05-10 13:59:49.832761 EST  enter_information_button : Sent the Questions modal to ppuggy (498666606323302400)
INFO        2025-05-10 14:00:08.377069 EST  on_submit       : ppuggy (498666606323302400) updated the embed with question answers in #ppuggy-ticket-162958 (1370822644764508212)
INFO        2025-05-10 14:01:43.646768 EST  wrapper         : Send Ticketlog completed in 1.22s
INFO        2025-05-10 14:02:21.086480 EST  wrapper         : Send Ticketlog completed in 0.58s
INFO        2025-05-10 14:03:00.174011 EST  new_ticket      : Created #tvax-ticket-162959 (1370823450461208667) in 2.17s by tvax (852618085202526209) 74
INFO        2025-05-10 14:03:04.956902 EST  enter_information_button : Sent the Questions modal to tvax (852618085202526209)
INFO        2025-05-10 14:03:31.434048 EST  on_submit       : tvax (852618085202526209) updated the embed with question answers in #tvax-ticket-162959 (1370823450461208667)
INFO        2025-05-10 14:03:35.573229 EST  wrapper         : Send Ticketlog completed in 0.78s
INFO        2025-05-10 14:04:35.866445 EST  wrapper         : Send Ticketlog completed in 1.48s
INFO        2025-05-10 14:12:57.765009 EST  wrapper         : Send Ticketlog completed in 0.85s
INFO        2025-05-10 14:14:12.364035 EST  new_ticket      : Created #abscott-ticket-162960 (1370826269641543774) in 2.15s by abscott (853498857819602954) 72
INFO        2025-05-10 14:14:16.794739 EST  enter_information_button : Sent the Questions modal to abscott (853498857819602954)
INFO        2025-05-10 14:14:36.263874 EST  new_ticket      : Created #topfloor_yn_12342-ticket-162961 (1370826368509673573) in 2.47s by topfloor_yn_12342 (730058569872965642) 73
INFO        2025-05-10 14:14:37.686453 EST  enter_information_button : Sent the Questions modal to topfloor_yn_12342 (730058569872965642)
INFO        2025-05-10 14:14:42.401400 EST  enter_information_button : Sent the Questions modal to abscott (853498857819602954)
INFO        2025-05-10 14:14:45.766787 EST  on_submit       : topfloor_yn_12342 (730058569872965642) updated the embed with question answers in #topfloor_yn_12342-ticket-162961 (1370826368509673573)
INFO        2025-05-10 14:14:58.606485 EST  new_ticket      : Created #topsuuu13-ticket-162962 (1370826463049285723) in 2.31s by topsuuu13 (932191135407955998) 74
INFO        2025-05-10 14:15:00.551872 EST  enter_information_button : Sent the Questions modal to topsuuu13 (932191135407955998)
INFO        2025-05-10 14:15:12.464431 EST  new_ticket      : Created #dedezz-ticket-162963 (1370826520565911634) in 2.53s by dedezz (377145471073779712) 75
INFO        2025-05-10 14:15:14.045035 EST  enter_information_button : Sent the Questions modal to dedezz (377145471073779712)
INFO        2025-05-10 14:15:40.945166 EST  enter_information_button : Sent the Questions modal to abscott (853498857819602954)
INFO        2025-05-10 14:15:45.770730 EST  on_submit       : dedezz (377145471073779712) updated the embed with question answers in #dedezz-ticket-162963 (1370826520565911634)
INFO        2025-05-10 14:15:50.762111 EST  on_submit       : topsuuu13 (932191135407955998) updated the embed with question answers in #topsuuu13-ticket-162962 (1370826463049285723)
INFO        2025-05-10 14:15:59.696968 EST  enter_information_button : Sent the Questions modal to abscott (853498857819602954)
INFO        2025-05-10 14:17:18.289611 EST  on_submit       : abscott (853498857819602954) updated the embed with question answers in #abscott-ticket-162960 (1370826269641543774)
INFO        2025-05-10 14:17:48.727110 EST  new_ticket      : Created #slyy2-ticket-162964 (1370827176550862928) in 2.47s by slyy.2 (824456102535233576) 76
INFO        2025-05-10 14:17:53.306114 EST  enter_information_button : Sent the Questions modal to slyy.2 (824456102535233576)
INFO        2025-05-10 14:17:56.503166 EST  on_submit       : slyy.2 (824456102535233576) updated the embed with question answers in #slyy2-ticket-162964 (1370827176550862928)
INFO        2025-05-10 14:20:40.379097 EST  wrapper         : Send Ticketlog completed in 0.6s
INFO        2025-05-10 14:24:16.851063 EST  new_ticket      : Created #abscott-ticket-162965 (1370828803856928849) in 2.3s by abscott (853498857819602954) 76
INFO        2025-05-10 14:24:18.923544 EST  enter_information_button : Sent the Questions modal to abscott (853498857819602954)
INFO        2025-05-10 14:24:38.030606 EST  on_submit       : abscott (853498857819602954) updated the embed with question answers in #abscott-ticket-162965 (1370828803856928849)
INFO        2025-05-10 14:31:50.365759 EST  wrapper         : Send Ticketlog completed in 0.32s
WARNING     2025-05-10 14:36:55.134936 EST  send_ticket_log : Failed to send ticket log: 403 Forbidden (error code: 50007): Cannot send messages to this user
INFO        2025-05-10 14:36:55.135490 EST  wrapper         : Send Ticketlog completed in 1.98s
WARNING     2025-05-10 14:36:55.683584 EST  wrapper         : Close Command took a long time to complete and finished in 3.74s
WARNING     2025-05-10 14:40:41.499551 EST  wrapper         : Create Ticket took a long time to complete and finished in 3.64s
INFO        2025-05-10 14:40:41.573122 EST  new_ticket      : Created #epsaaa-ticket-162966 (1370832927444959234) in 3.97s by epsaaa (924375190538960926) 75
WARNING     2025-05-10 14:40:41.573473 EST  wrapper         : New Ticket took a long time to complete and finished in 4.15s
INFO        2025-05-10 14:40:43.546759 EST  enter_information_button : Sent the Questions modal to epsaaa (924375190538960926)
INFO        2025-05-10 14:41:37.827322 EST  on_submit       : epsaaa (924375190538960926) updated the embed with question answers in #epsaaa-ticket-162966 (1370832927444959234)
INFO        2025-05-10 14:45:29.708903 EST  wrapper         : Send Ticketlog completed in 0.33s
INFO        2025-05-10 14:46:03.831682 EST  wrapper         : Send Ticketlog completed in 0.48s
INFO        2025-05-10 14:46:25.458907 EST  wrapper         : Send Ticketlog completed in 0.43s
INFO        2025-05-10 14:46:31.271659 EST  wrapper         : Send Ticketlog completed in 0.36s
INFO        2025-05-10 14:46:36.612424 EST  wrapper         : Send Ticketlog completed in 2.14s
WARNING     2025-05-10 14:46:37.019962 EST  wrapper         : Close Command took a long time to complete and finished in 3.26s
WARNING     2025-05-10 14:46:49.520936 EST  wrapper         : Create Ticket took a long time to complete and finished in 3.21s
INFO        2025-05-10 14:46:49.590487 EST  new_ticket      : Created #srtito0449-ticket-162967 (1370834477076709408) in 3.49s by srtito0449 (231105615609593856) 71
WARNING     2025-05-10 14:46:49.590801 EST  wrapper         : New Ticket took a long time to complete and finished in 3.65s
INFO        2025-05-10 14:46:56.249630 EST  enter_information_button : Sent the Questions modal to srtito0449 (231105615609593856)
INFO        2025-05-10 14:46:57.363352 EST  wrapper         : Rename Command completed in 0.48s
INFO        2025-05-10 14:48:05.325109 EST  wrapper         : Send Ticketlog completed in 0.39s
INFO        2025-05-10 14:48:37.567626 EST  enter_information_button : Sent the Questions modal to srtito0449 (231105615609593856)
INFO        2025-05-10 14:48:49.321671 EST  on_submit       : srtito0449 (231105615609593856) updated the embed with question answers in #srtito0449-ticket-162967 (1370834477076709408)
INFO        2025-05-10 14:49:26.440361 EST  wrapper         : Rename Command completed in 0.48s
WARNING     2025-05-10 14:49:34.528878 EST  wrapper         : Private Command took a long time to complete and finished in 6.8s
INFO        2025-05-10 14:56:43.832098 EST  new_ticket      : Created #deathstorm5219-ticket-162968 (1370836970812473526) in 2.18s by deathstorm5219 (662161182450253843) 71
INFO        2025-05-10 14:57:08.803206 EST  enter_information_button : Sent the Questions modal to deathstorm5219 (662161182450253843)
INFO        2025-05-10 14:57:30.745114 EST  on_submit       : deathstorm5219 (662161182450253843) updated the embed with question answers in #deathstorm5219-ticket-162968 (1370836970812473526)
INFO        2025-05-10 15:03:52.418034 EST  new_ticket      : Created #roach490-ticket-162969 (1370838768914792548) in 2.24s by roach490 (632198829374046209) 72
INFO        2025-05-10 15:03:54.990266 EST  enter_information_button : Sent the Questions modal to roach490 (632198829374046209)
INFO        2025-05-10 15:03:57.208493 EST  new_ticket      : Created #ronron100-ticket-162970 (1370838786577010802) in 2.69s by ronron100 (182086495367200768) 73
INFO        2025-05-10 15:04:05.712111 EST  enter_information_button : Sent the Questions modal to ronron100 (182086495367200768)
INFO        2025-05-10 15:04:11.546912 EST  on_submit       : ronron100 (182086495367200768) updated the embed with question answers in #ronron100-ticket-162970 (1370838786577010802)
INFO        2025-05-10 15:04:29.074254 EST  on_submit       : roach490 (632198829374046209) updated the embed with question answers in #roach490-ticket-162969 (1370838768914792548)
INFO        2025-05-10 15:07:50.456317 EST  wrapper         : Send Ticketlog completed in 0.48s
INFO        2025-05-10 15:09:07.049170 EST  new_ticket      : Created #itsbenji-ticket-162971 (1370840087683661915) in 2.81s by .itsbenji (435148690831704085) 73
INFO        2025-05-10 15:09:09.771781 EST  enter_information_button : Sent the Questions modal to .itsbenji (435148690831704085)
INFO        2025-05-10 15:09:35.908745 EST  on_submit       : .itsbenji (435148690831704085) updated the embed with question answers in #itsbenji-ticket-162971 (1370840087683661915)
INFO        2025-05-10 15:11:45.583378 EST  new_ticket      : Created #ericzx-ticket-162972 (1370840753194008727) in 2.24s by .ericzx (380157369176555542) 74
INFO        2025-05-10 15:11:49.009573 EST  enter_information_button : Sent the Questions modal to .ericzx (380157369176555542)
INFO        2025-05-10 15:11:52.975515 EST  on_submit       : .ericzx (380157369176555542) updated the embed with question answers in #ericzx-ticket-162972 (1370840753194008727)
INFO        2025-05-10 15:16:09.235105 EST  request_tickets : Sent the 📨 button to best0145 (1132711243606655057)
WARNING     2025-05-10 15:16:48.261051 EST  check_verified  : best0145 (1132711243606655057) is not verified and tried to open a ticket
INFO        2025-05-10 15:18:15.032038 EST  new_ticket      : Created #zzz1919-ticket-162973 (1370842387252773098) in 2.17s by zzz1919 (312232582278283265) 75
INFO        2025-05-10 15:18:17.374293 EST  enter_information_button : Sent the Questions modal to zzz1919 (312232582278283265)
INFO        2025-05-10 15:18:23.871217 EST  on_submit       : zzz1919 (312232582278283265) updated the embed with question answers in #zzz1919-ticket-162973 (1370842387252773098)
INFO        2025-05-10 15:20:12.727010 EST  wrapper         : Send Ticketlog completed in 0.4s
WARNING     2025-05-10 15:20:14.561521 EST  wrapper         : Close Command took a long time to complete and finished in 3.07s
INFO        2025-05-10 15:23:27.941822 EST  new_ticket      : Created #wh25_-ticket-162974 (1370843697465524298) in 3.09s by wh25_ (509632271532294155) 75
WARNING     2025-05-10 15:23:27.942476 EST  wrapper         : New Ticket took a long time to complete and finished in 3.31s
INFO        2025-05-10 15:23:30.163353 EST  enter_information_button : Sent the Questions modal to wh25_ (509632271532294155)
INFO        2025-05-10 15:23:59.148599 EST  on_submit       : wh25_ (509632271532294155) updated the embed with question answers in #wh25_-ticket-162974 (1370843697465524298)
INFO        2025-05-10 15:24:34.717174 EST  new_ticket      : Created #938747-ticket-162975 (1370843976399065109) in 2.65s by 938747 (482718165692841984) 76
INFO        2025-05-10 15:24:36.786834 EST  enter_information_button : Sent the Questions modal to 938747 (482718165692841984)
INFO        2025-05-10 15:24:39.339577 EST  on_submit       : 938747 (482718165692841984) updated the embed with question answers in #938747-ticket-162975 (1370843976399065109)
INFO        2025-05-10 15:25:35.663157 EST  wrapper         : Send Ticketlog completed in 0.48s
WARNING     2025-05-10 15:25:38.460413 EST  wrapper         : Close Command took a long time to complete and finished in 4.03s
INFO        2025-05-10 15:25:54.471408 EST  wrapper         : Rename Command completed in 0.62s
INFO        2025-05-10 15:25:55.012703 EST  new_ticket      : Created #zzz1919-ticket-162976 (1370844314887786607) in 2.56s by zzz1919 (312232582278283265) 76
INFO        2025-05-10 15:25:57.086394 EST  enter_information_button : Sent the Questions modal to zzz1919 (312232582278283265)
INFO        2025-05-10 15:26:02.698493 EST  on_submit       : zzz1919 (312232582278283265) updated the embed with question answers in #zzz1919-ticket-162976 (1370844314887786607)
INFO        2025-05-10 15:26:57.117238 EST  wrapper         : Send Ticketlog completed in 1.75s
WARNING     2025-05-10 15:27:29.621294 EST  wrapper         : Create Ticket took a long time to complete and finished in 3.04s
INFO        2025-05-10 15:27:29.701034 EST  new_ticket      : Created #airacle-ticket-162977 (1370844708779065354) in 3.4s by airacle (486493409666793484) 76
WARNING     2025-05-10 15:27:29.701389 EST  wrapper         : New Ticket took a long time to complete and finished in 3.59s
INFO        2025-05-10 15:27:32.532037 EST  enter_information_button : Sent the Questions modal to airacle (486493409666793484)
INFO        2025-05-10 15:28:10.256604 EST  on_submit       : airacle (486493409666793484) updated the embed with question answers in #airacle-ticket-162977 (1370844708779065354)
INFO        2025-05-10 15:30:09.866296 EST  new_ticket      : Created #yaboynew-ticket-162978 (1370845384334639186) in 2.51s by .yaboynew (1201588212964012085) 77
INFO        2025-05-10 15:30:12.810724 EST  enter_information_button : Sent the Questions modal to .yaboynew (1201588212964012085)
INFO        2025-05-10 15:30:25.458236 EST  on_submit       : .yaboynew (1201588212964012085) updated the embed with question answers in #yaboynew-ticket-162978 (1370845384334639186)
INFO        2025-05-10 15:30:53.479596 EST  new_ticket      : Created #proffezional-ticket-162979 (1370845566044733521) in 2.66s by proffezional (1241032341049184306) 78
INFO        2025-05-10 15:30:56.986323 EST  enter_information_button : Sent the Questions modal to proffezional (1241032341049184306)
INFO        2025-05-10 15:31:08.422868 EST  enter_information_button : Sent the Questions modal to proffezional (1241032341049184306)
INFO        2025-05-10 15:31:56.931554 EST  on_submit       : proffezional (1241032341049184306) updated the embed with question answers in #proffezional-ticket-162979 (1370845566044733521)
INFO        2025-05-10 15:34:18.648201 EST  new_ticket      : Created #ronron100-ticket-162980 (1370846425344245822) in 3.09s by ronron100 (182086495367200768) 79
WARNING     2025-05-10 15:34:18.648695 EST  wrapper         : New Ticket took a long time to complete and finished in 3.9s
INFO        2025-05-10 15:34:20.753881 EST  enter_information_button : Sent the Questions modal to ronron100 (182086495367200768)
INFO        2025-05-10 15:34:27.347635 EST  on_submit       : ronron100 (182086495367200768) updated the embed with question answers in #ronron100-ticket-162980 (1370846425344245822)
INFO        2025-05-10 15:36:42.007708 EST  wrapper         : Send Ticketlog completed in 0.52s
INFO        2025-05-10 15:37:02.357477 EST  wrapper         : Send Ticketlog completed in 0.33s
INFO        2025-05-10 15:37:12.209673 EST  wrapper         : Rename Command completed in 0.47s
INFO        2025-05-10 15:43:06.525079 EST  new_ticket      : Created #vodkalol69-ticket-162981 (1370848641065156758) in 2.48s by vodkalol69 (496021347550625792) 78
INFO        2025-05-10 15:43:12.132814 EST  enter_information_button : Sent the Questions modal to vodkalol69 (496021347550625792)
INFO        2025-05-10 15:43:15.833688 EST  on_submit       : vodkalol69 (496021347550625792) updated the embed with question answers in #vodkalol69-ticket-162981 (1370848641065156758)
INFO        2025-05-10 15:45:19.022120 EST  new_ticket      : Created #wholimitless-ticket-162982 (1370849198290767964) in 2.31s by wholimitless (1236521485225562176) 79
INFO        2025-05-10 15:48:43.154747 EST  new_ticket      : Created #sevdali2309-ticket-162983 (1370850054348210196) in 2.16s by sevdali2309 (836494138681458759) 80
INFO        2025-05-10 15:48:46.034975 EST  enter_information_button : Sent the Questions modal to sevdali2309 (836494138681458759)
INFO        2025-05-10 15:48:54.715197 EST  enter_information_button : Sent the Questions modal to sevdali2309 (836494138681458759)
INFO        2025-05-10 15:49:03.721318 EST  on_submit       : sevdali2309 (836494138681458759) updated the embed with question answers in #sevdali2309-ticket-162983 (1370850054348210196)
INFO        2025-05-10 15:51:07.378200 EST  new_ticket      : Created #spedbas69-ticket-162984 (1370850657950629888) in 2.49s by spedbas69 (1062930325442924595) 81
INFO        2025-05-10 15:51:09.571223 EST  enter_information_button : Sent the Questions modal to spedbas69 (1062930325442924595)
INFO        2025-05-10 15:51:37.952405 EST  on_submit       : spedbas69 (1062930325442924595) updated the embed with question answers in #spedbas69-ticket-162984 (1370850657950629888)
INFO        2025-05-10 15:52:11.288193 EST  new_ticket      : Created #matt33545-ticket-162985 (1370850925320863926) in 2.71s by matt33545 (1156893889769246793) 82
INFO        2025-05-10 15:52:26.552479 EST  enter_information_button : Sent the Questions modal to matt33545 (1156893889769246793)
INFO        2025-05-10 15:52:34.353150 EST  on_submit       : matt33545 (1156893889769246793) updated the embed with question answers in #matt33545-ticket-162985 (1370850925320863926)
INFO        2025-05-10 15:52:51.436567 EST  wrapper         : Move Command completed in 2.63s
INFO        2025-05-10 15:53:07.041978 EST  wrapper         : Rename Command completed in 0.58s
INFO        2025-05-10 15:53:14.635269 EST  wrapper         : Rename Command completed in 0.41s
INFO        2025-05-10 15:59:59.247697 EST  new_ticket      : Created #slymel-ticket-162986 (1370852890784170136) in 2.39s by slymel (199046561790033921) 83
INFO        2025-05-10 16:00:00.931164 EST  enter_information_button : Sent the Questions modal to slymel (199046561790033921)
WARNING     2025-05-10 16:01:02.820552 EST  check_verified  : burgermelon (543200964065099796) is not verified and tried to open a ticket
INFO        2025-05-10 16:01:11.537148 EST  wrapper         : Send Ticketlog completed in 0.38s
INFO        2025-05-10 16:01:34.436188 EST  on_submit       : slymel (199046561790033921) updated the embed with question answers in #slymel-ticket-162986 (1370852890784170136)
INFO        2025-05-10 16:02:57.270771 EST  wrapper         : Send Ticketlog completed in 0.34s
INFO        2025-05-10 16:03:24.600661 EST  wrapper         : Send Ticketlog completed in 0.44s
INFO        2025-05-10 16:05:28.986214 EST  new_ticket      : Created #slymel-ticket-162987 (1370854270739415241) in 3.03s by slymel (199046561790033921) 81
WARNING     2025-05-10 16:05:28.987291 EST  wrapper         : New Ticket took a long time to complete and finished in 3.24s
INFO        2025-05-10 16:05:30.898203 EST  enter_information_button : Sent the Questions modal to slymel (199046561790033921)
INFO        2025-05-10 16:06:04.888186 EST  on_submit       : slymel (199046561790033921) updated the embed with question answers in #slymel-ticket-162987 (1370854270739415241)
INFO        2025-05-10 16:06:11.976720 EST  wrapper         : Send Ticketlog completed in 0.39s
INFO        2025-05-10 16:12:17.228511 EST  wrapper         : Send Ticketlog completed in 0.62s
WARNING     2025-05-10 16:12:18.996377 EST  wrapper         : Close Command took a long time to complete and finished in 3.08s
INFO        2025-05-10 16:18:30.581850 EST  request_tickets : Sent the 📨 button to best0145 (1132711243606655057)
INFO        2025-05-10 16:22:39.299642 EST  new_ticket      : Created #ppuggy-ticket-162988 (1370858593888374895) in 2.56s by ppuggy (498666606323302400) 80
INFO        2025-05-10 16:22:40.316528 EST  enter_information_button : Sent the Questions modal to ppuggy (498666606323302400)
INFO        2025-05-10 16:23:16.608041 EST  on_submit       : ppuggy (498666606323302400) updated the embed with question answers in #ppuggy-ticket-162988 (1370858593888374895)
INFO        2025-05-10 16:24:38.808309 EST  new_ticket      : Created #hoodturtle-ticket-162989 (1370859094151401533) in 2.54s by hoodturtle (216705614783447041) 81
INFO        2025-05-10 16:24:40.694548 EST  enter_information_button : Sent the Questions modal to hoodturtle (216705614783447041)
INFO        2025-05-10 16:24:50.864304 EST  on_submit       : hoodturtle (216705614783447041) updated the embed with question answers in #hoodturtle-ticket-162989 (1370859094151401533)
INFO        2025-05-10 16:25:39.435714 EST  new_ticket      : Created #alexrcasi-ticket-162990 (1370859348963758171) in 2.82s by alexrcasi (554303102564696075) 82
INFO        2025-05-10 16:25:39.551483 EST  new_ticket      : Created #peterb0b-ticket-162990 (1370859350435954749) in 2.34s by peterb0b (809818289664557066) 83
INFO        2025-05-10 16:25:40.959297 EST  enter_information_button : Sent the Questions modal to alexrcasi (554303102564696075)
INFO        2025-05-10 16:25:41.134305 EST  enter_information_button : Sent the Questions modal to peterb0b (809818289664557066)
INFO        2025-05-10 16:25:44.297909 EST  on_submit       : peterb0b (809818289664557066) updated the embed with question answers in #peterb0b-ticket-162990 (1370859350435954749)
INFO        2025-05-10 16:26:05.991946 EST  wrapper         : Rename Command completed in 0.53s
INFO        2025-05-10 16:27:37.864667 EST  on_submit       : alexrcasi (554303102564696075) updated the embed with question answers in #alexrcasi-ticket-162990 (1370859348963758171)
INFO        2025-05-10 16:28:45.051589 EST  wrapper         : Send Ticketlog completed in 0.53s
INFO        2025-05-10 16:30:16.431719 EST  wrapper         : Send Ticketlog completed in 0.5s
INFO        2025-05-10 16:30:23.788903 EST  new_ticket      : Created #reapa1-ticket-162992 (1370860543182635089) in 2.24s by reapa1 (318449044659765250) 82
INFO        2025-05-10 16:30:24.984698 EST  enter_information_button : Sent the Questions modal to reapa1 (318449044659765250)
INFO        2025-05-10 16:30:27.239585 EST  wrapper         : Send Ticketlog completed in 0.57s
INFO        2025-05-10 16:30:29.673810 EST  on_submit       : reapa1 (318449044659765250) updated the embed with question answers in #reapa1-ticket-162992 (1370860543182635089)
WARNING     2025-05-10 16:31:01.906454 EST  check_disabled  : burgermelon (543200964065099796) tried to open a Store/Media Support ticket when it is disabled
WARNING     2025-05-10 16:31:13.218181 EST  wrapper         : Create Ticket took a long time to complete and finished in 3.36s
INFO        2025-05-10 16:31:13.290634 EST  new_ticket      : Created #burgermelon-ticket-162993 (1370860743821361194) in 3.64s by burgermelon (543200964065099796) 82
WARNING     2025-05-10 16:31:13.291102 EST  wrapper         : New Ticket took a long time to complete and finished in 3.79s
INFO        2025-05-10 16:31:19.217588 EST  enter_information_button : Sent the Questions modal to burgermelon (543200964065099796)
WARNING     2025-05-10 16:31:40.749033 EST  wrapper         : Create Ticket took a long time to complete and finished in 3.36s
INFO        2025-05-10 16:31:40.820602 EST  new_ticket      : Created #sevdali2309-ticket-162994 (1370860865783464027) in 3.69s by sevdali2309 (836494138681458759) 83
WARNING     2025-05-10 16:31:40.820909 EST  wrapper         : New Ticket took a long time to complete and finished in 3.85s
INFO        2025-05-10 16:31:52.404622 EST  enter_information_button : Sent the Questions modal to sevdali2309 (836494138681458759)
INFO        2025-05-10 16:31:52.818727 EST  on_submit       : burgermelon (543200964065099796) updated the embed with question answers in #burgermelon-ticket-162993 (1370860743821361194)
INFO        2025-05-10 16:31:55.468197 EST  on_submit       : sevdali2309 (836494138681458759) updated the embed with question answers in #sevdali2309-ticket-162994 (1370860865783464027)
INFO        2025-05-10 16:31:57.925407 EST  wrapper         : Rename Command completed in 0.48s
INFO        2025-05-10 16:33:01.394016 EST  wrapper         : Send Ticketlog completed in 0.49s
INFO        2025-05-10 16:33:12.278425 EST  wrapper         : Send Ticketlog completed in 0.36s
WARNING     2025-05-10 16:33:14.675226 EST  wrapper         : Close Command took a long time to complete and finished in 3.45s
INFO        2025-05-10 16:34:42.410448 EST  wrapper         : Send Ticketlog completed in 0.41s
INFO        2025-05-10 16:34:48.914056 EST  wrapper         : Ticket Logs Command completed in 0.61s
INFO        2025-05-10 16:34:56.010599 EST  new_ticket      : Created #abscott-ticket-162995 (1370861685287555094) in 1.96s by abscott (853498857819602954) 81
INFO        2025-05-10 16:34:58.950088 EST  enter_information_button : Sent the Questions modal to abscott (853498857819602954)
INFO        2025-05-10 16:36:39.959354 EST  wrapper         : Send Ticketlog completed in 0.55s
INFO        2025-05-10 16:37:39.485666 EST  wrapper         : Rename Command completed in 0.47s
INFO        2025-05-10 16:39:48.447707 EST  on_submit       : abscott (853498857819602954) updated the embed with question answers in #abscott-ticket-162995 (1370861685287555094)
INFO        2025-05-10 16:39:55.201192 EST  new_ticket      : Created #abscott-ticket-162996 (1370862939225194566) in 2.33s by abscott (853498857819602954) 81
INFO        2025-05-10 16:39:57.877838 EST  enter_information_button : Sent the Questions modal to abscott (853498857819602954)
INFO        2025-05-10 16:40:36.068175 EST  on_submit       : abscott (853498857819602954) updated the embed with question answers in #abscott-ticket-162996 (1370862939225194566)
INFO        2025-05-10 16:48:12.079083 EST  new_ticket      : Created #yaboynew-ticket-162997 (1370865023605411921) in 2.37s by .yaboynew (1201588212964012085) 82
INFO        2025-05-10 16:48:14.691164 EST  enter_information_button : Sent the Questions modal to .yaboynew (1201588212964012085)
INFO        2025-05-10 16:48:28.487496 EST  on_submit       : .yaboynew (1201588212964012085) updated the embed with question answers in #yaboynew-ticket-162997 (1370865023605411921)
INFO        2025-05-10 16:54:38.352164 EST  new_ticket      : Created #mmareply-ticket-162998 (1370866643583897640) in 2.44s by mmareply (492028532428636162) 83
INFO        2025-05-10 16:54:39.743963 EST  enter_information_button : Sent the Questions modal to mmareply (492028532428636162)
INFO        2025-05-10 16:54:50.644383 EST  on_submit       : mmareply (492028532428636162) updated the embed with question answers in #mmareply-ticket-162998 (1370866643583897640)
INFO        2025-05-10 16:57:22.587482 EST  wrapper         : Rename Command completed in 0.49s
INFO        2025-05-10 16:58:53.289841 EST  wrapper         : Send Ticketlog completed in 0.59s
INFO        2025-05-10 16:59:30.071584 EST  wrapper         : Send Ticketlog completed in 0.39s
INFO        2025-05-10 17:01:12.106583 EST  new_ticket      : Created #airacle-ticket-162999 (1370868292515926067) in 3.0s by airacle (486493409666793484) 82
WARNING     2025-05-10 17:01:12.107121 EST  wrapper         : New Ticket took a long time to complete and finished in 3.16s
INFO        2025-05-10 17:01:14.315700 EST  enter_information_button : Sent the Questions modal to airacle (486493409666793484)
INFO        2025-05-10 17:01:59.808033 EST  on_submit       : airacle (486493409666793484) updated the embed with question answers in #airacle-ticket-162999 (1370868292515926067)
INFO        2025-05-10 17:04:18.533014 EST  wrapper         : Rename Command completed in 0.55s
INFO        2025-05-10 17:05:51.433601 EST  wrapper         : Send Ticketlog completed in 0.66s
INFO        2025-05-10 17:13:11.532178 EST  new_ticket      : Created #bionicbeurghjn-ticket-163000 (1370871313228496976) in 2.31s by bionicbeurghjn (1347238092557389977) 82
INFO        2025-05-10 17:13:17.594857 EST  enter_information_button : Sent the Questions modal to bionicbeurghjn (1347238092557389977)
INFO        2025-05-10 17:14:33.557663 EST  on_submit       : bionicbeurghjn (1347238092557389977) updated the embed with question answers in #bionicbeurghjn-ticket-163000 (1370871313228496976)
WARNING     2025-05-10 17:17:18.413034 EST  check_verified  : frank2152312 (831260891558969374) is not verified and tried to open a ticket
INFO        2025-05-10 17:17:37.466506 EST  new_ticket      : Created #frank2152312-ticket-163001 (1370872427508138024) in 2.29s by frank2152312 (831260891558969374) 83
INFO        2025-05-10 17:17:39.544988 EST  enter_information_button : Sent the Questions modal to frank2152312 (831260891558969374)
INFO        2025-05-10 17:17:52.448810 EST  on_submit       : frank2152312 (831260891558969374) updated the embed with question answers in #frank2152312-ticket-163001 (1370872427508138024)
INFO        2025-05-10 17:19:13.934728 EST  new_ticket      : Created #isa4u_98662-ticket-163002 (1370872833181356094) in 2.15s by isa4u_98662 (1201507183678984242) 84
INFO        2025-05-10 17:19:28.085120 EST  enter_information_button : Sent the Questions modal to isa4u_98662 (1201507183678984242)
INFO        2025-05-10 17:20:43.981699 EST  wrapper         : Rename Command completed in 0.44s
INFO        2025-05-10 17:20:45.395815 EST  wrapper         : Send Ticketlog completed in 0.49s
INFO        2025-05-10 17:23:17.179476 EST  enter_information_button : Sent the Questions modal to isa4u_98662 (1201507183678984242)
INFO        2025-05-10 17:23:38.657651 EST  on_submit       : isa4u_98662 (1201507183678984242) updated the embed with question answers in #isa4u_98662-ticket-163002 (1370872833181356094)
INFO        2025-05-10 17:25:00.831021 EST  wrapper         : Send Ticketlog completed in 1.44s
INFO        2025-05-10 17:27:14.073126 EST  wrapper         : Send Ticketlog completed in 0.37s
INFO        2025-05-10 17:27:41.012929 EST  wrapper         : Send Ticketlog completed in 0.41s
INFO        2025-05-10 17:28:43.612334 EST  wrapper         : Send Ticketlog completed in 0.37s
INFO        2025-05-10 17:30:05.776427 EST  wrapper         : Send Ticketlog completed in 0.68s
INFO        2025-05-10 17:30:08.064127 EST  wrapper         : Send Ticketlog completed in 0.51s
INFO        2025-05-10 17:30:29.214941 EST  wrapper         : Send Ticketlog completed in 0.55s
INFO        2025-05-10 17:31:08.024602 EST  wrapper         : Send Ticketlog completed in 0.38s
INFO        2025-05-10 17:33:23.479171 EST  new_ticket      : Created #afcu-ticket-163003 (1370876395164794983) in 2.38s by afcu. (1017165000818839584) 76
INFO        2025-05-10 17:33:27.845341 EST  enter_information_button : Sent the Questions modal to afcu. (1017165000818839584)
INFO        2025-05-10 17:34:14.104398 EST  wrapper         : Send Ticketlog completed in 0.69s
INFO        2025-05-10 17:34:20.409133 EST  new_ticket      : Created #ronron100-ticket-163004 (1370876634797703288) in 2.17s by ronron100 (182086495367200768) 76
INFO        2025-05-10 17:34:23.512984 EST  enter_information_button : Sent the Questions modal to ronron100 (182086495367200768)
INFO        2025-05-10 17:34:30.960214 EST  on_submit       : ronron100 (182086495367200768) updated the embed with question answers in #ronron100-ticket-163004 (1370876634797703288)
INFO        2025-05-10 17:35:36.655077 EST  on_submit       : afcu. (1017165000818839584) updated the embed with question answers in #afcu-ticket-163003 (1370876395164794983)
INFO        2025-05-10 17:39:45.998553 EST  wrapper         : Send Ticketlog completed in 0.5s
INFO        2025-05-10 17:42:09.404722 EST  new_ticket      : Created #peterb0b-ticket-163005 (1370878602320678984) in 1.98s by peterb0b (809818289664557066) 76
INFO        2025-05-10 17:42:11.325469 EST  enter_information_button : Sent the Questions modal to peterb0b (809818289664557066)
INFO        2025-05-10 17:42:14.045637 EST  on_submit       : peterb0b (809818289664557066) updated the embed with question answers in #peterb0b-ticket-163005 (1370878602320678984)
INFO        2025-05-10 17:44:47.943544 EST  new_ticket      : Created #vaultzs-ticket-163006 (1370879264903139338) in 2.69s by vaultzs (799393311591759873) 77
INFO        2025-05-10 17:44:54.857654 EST  enter_information_button : Sent the Questions modal to vaultzs (799393311591759873)
INFO        2025-05-10 17:45:04.686022 EST  enter_information_button : Sent the Questions modal to vaultzs (799393311591759873)
INFO        2025-05-10 17:45:09.838199 EST  on_submit       : vaultzs (799393311591759873) updated the embed with question answers in #vaultzs-ticket-163006 (1370879264903139338)
INFO        2025-05-10 17:48:31.317966 EST  wrapper         : Send Ticketlog completed in 0.36s
INFO        2025-05-10 17:52:48.074482 EST  new_ticket      : Created #ronron100-ticket-163007 (1370881280115478610) in 2.4s by ronron100 (182086495367200768) 77
INFO        2025-05-10 17:52:50.809577 EST  enter_information_button : Sent the Questions modal to ronron100 (182086495367200768)
INFO        2025-05-10 17:53:04.965455 EST  on_submit       : ronron100 (182086495367200768) updated the embed with question answers in #ronron100-ticket-163007 (1370881280115478610)
INFO        2025-05-10 17:56:29.263072 EST  wrapper         : Send Ticketlog completed in 0.45s
INFO        2025-05-10 17:56:57.339955 EST  new_ticket      : Created #afcu-ticket-163008 (1370882326166503484) in 2.16s by afcu. (1017165000818839584) 77
INFO        2025-05-10 17:57:00.586169 EST  enter_information_button : Sent the Questions modal to afcu. (1017165000818839584)
INFO        2025-05-10 17:57:22.332573 EST  on_submit       : afcu. (1017165000818839584) updated the embed with question answers in #afcu-ticket-163008 (1370882326166503484)
INFO        2025-05-10 18:02:38.349555 EST  wrapper         : Send Ticketlog completed in 0.84s
INFO        2025-05-10 18:03:25.262821 EST  new_ticket      : Created #tag1919-ticket-163009 (1370883953208066148) in 2.07s by tag1919. (729021593035997185) 77
INFO        2025-05-10 18:03:26.568009 EST  enter_information_button : Sent the Questions modal to tag1919. (729021593035997185)
INFO        2025-05-10 18:03:35.144899 EST  on_submit       : tag1919. (729021593035997185) updated the embed with question answers in #tag1919-ticket-163009 (1370883953208066148)
INFO        2025-05-10 18:04:58.592726 EST  wrapper         : Send Ticketlog completed in 0.3s
INFO        2025-05-10 18:05:50.332414 EST  new_ticket      : Created #usernamem2x-ticket-163010 (1370884562481320026) in 2.01s by usernamem2x (611158314902093824) 77
INFO        2025-05-10 18:05:52.292020 EST  enter_information_button : Sent the Questions modal to usernamem2x (611158314902093824)
INFO        2025-05-10 18:07:19.180133 EST  on_submit       : usernamem2x (611158314902093824) updated the embed with question answers in #usernamem2x-ticket-163010 (1370884562481320026)
INFO        2025-05-10 18:08:26.892790 EST  new_ticket      : Created #prgh_-ticket-163011 (1370885217312837652) in 2.66s by prgh_ (948036644001439755) 78
INFO        2025-05-10 18:08:29.783860 EST  enter_information_button : Sent the Questions modal to prgh_ (948036644001439755)
INFO        2025-05-10 18:08:32.371690 EST  on_submit       : prgh_ (948036644001439755) updated the embed with question answers in #prgh_-ticket-163011 (1370885217312837652)
INFO        2025-05-10 18:08:51.086952 EST  wrapper         : Send Ticketlog completed in 0.43s
INFO        2025-05-10 18:09:24.814884 EST  wrapper         : Send Ticketlog completed in 0.48s
INFO        2025-05-10 18:09:31.694855 EST  wrapper         : Send Ticketlog completed in 0.44s
WARNING     2025-05-10 18:09:44.446861 EST  wrapper         : Create Ticket took a long time to complete and finished in 3.08s
INFO        2025-05-10 18:09:44.517729 EST  new_ticket      : Created #afcu-ticket-163012 (1370885544422277260) in 3.38s by afcu. (1017165000818839584) 76
WARNING     2025-05-10 18:09:44.518231 EST  wrapper         : New Ticket took a long time to complete and finished in 3.5s
INFO        2025-05-10 18:09:47.110607 EST  enter_information_button : Sent the Questions modal to afcu. (1017165000818839584)
INFO        2025-05-10 18:10:03.672316 EST  on_submit       : afcu. (1017165000818839584) updated the embed with question answers in #afcu-ticket-163012 (1370885544422277260)
WARNING     2025-05-10 18:12:56.698340 EST  wrapper         : Create Ticket took a long time to complete and finished in 3.82s
INFO        2025-05-10 18:12:56.769810 EST  new_ticket      : Created #desktopmist2089-ticket-163013 (1370886342845927504) in 4.18s by desktopmist2089 (977960007326892142) 77
WARNING     2025-05-10 18:12:56.770178 EST  wrapper         : New Ticket took a long time to complete and finished in 4.37s
INFO        2025-05-10 18:12:58.434292 EST  enter_information_button : Sent the Questions modal to desktopmist2089 (977960007326892142)
INFO        2025-05-10 18:13:05.201558 EST  on_submit       : desktopmist2089 (977960007326892142) updated the embed with question answers in #desktopmist2089-ticket-163013 (1370886342845927504)
INFO        2025-05-10 18:14:20.202021 EST  new_ticket      : Created #frank2152312-ticket-163014 (1370886700980502628) in 3.0s by frank2152312 (831260891558969374) 78
WARNING     2025-05-10 18:14:20.202877 EST  wrapper         : New Ticket took a long time to complete and finished in 3.16s
INFO        2025-05-10 18:14:21.562208 EST  enter_information_button : Sent the Questions modal to frank2152312 (831260891558969374)
INFO        2025-05-10 18:14:27.470374 EST  on_submit       : frank2152312 (831260891558969374) updated the embed with question answers in #frank2152312-ticket-163014 (1370886700980502628)
WARNING     2025-05-10 18:14:36.368116 EST  wrapper         : Create Ticket took a long time to complete and finished in 3.25s
INFO        2025-05-10 18:14:36.443869 EST  new_ticket      : Created #replexed-ticket-163015 (1370886762876108860) in 3.59s by r.e.p.l.e.x.e.d (748750769934696559) 79
WARNING     2025-05-10 18:14:36.444165 EST  wrapper         : New Ticket took a long time to complete and finished in 3.72s
INFO        2025-05-10 18:14:51.520223 EST  new_ticket      : Created #sweatybomb-ticket-163016 (1370886830500610099) in 2.54s by sweatybomb (223949506989916170) 80
INFO        2025-05-10 18:14:52.501149 EST  enter_information_button : Sent the Questions modal to sweatybomb (223949506989916170)
INFO        2025-05-10 18:14:59.497357 EST  on_submit       : sweatybomb (223949506989916170) updated the embed with question answers in #sweatybomb-ticket-163016 (1370886830500610099)
WARNING     2025-05-10 18:15:18.254946 EST  wrapper         : Create Ticket took a long time to complete and finished in 3.85s
INFO        2025-05-10 18:15:18.328669 EST  new_ticket      : Created #ppuggy-ticket-163017 (1370886935849209917) in 4.3s by ppuggy (498666606323302400) 81
WARNING     2025-05-10 18:15:18.329043 EST  wrapper         : New Ticket took a long time to complete and finished in 4.42s
INFO        2025-05-10 18:15:19.269685 EST  enter_information_button : Sent the Questions modal to ppuggy (498666606323302400)
INFO        2025-05-10 18:15:20.477894 EST  enter_information_button : Sent the Questions modal to r.e.p.l.e.x.e.d (748750769934696559)
INFO        2025-05-10 18:15:42.607342 EST  enter_information_button : Sent the Questions modal to ppuggy (498666606323302400)
INFO        2025-05-10 18:15:56.007958 EST  on_submit       : r.e.p.l.e.x.e.d (748750769934696559) updated the embed with question answers in #replexed-ticket-163015 (1370886762876108860)
INFO        2025-05-10 18:16:04.747485 EST  on_submit       : ppuggy (498666606323302400) updated the embed with question answers in #ppuggy-ticket-163017 (1370886935849209917)
INFO        2025-05-10 18:17:10.041189 EST  wrapper         : Move Command completed in 2.02s
INFO        2025-05-10 18:17:21.642481 EST  wrapper         : Send Ticketlog completed in 0.37s
INFO        2025-05-10 18:19:46.242898 EST  new_ticket      : Created #sweatybomb-ticket-163018 (1370888067660906606) in 2.27s by sweatybomb (223949506989916170) 81
INFO        2025-05-10 18:19:47.864904 EST  enter_information_button : Sent the Questions modal to sweatybomb (223949506989916170)
INFO        2025-05-10 18:19:56.400164 EST  on_submit       : sweatybomb (223949506989916170) updated the embed with question answers in #sweatybomb-ticket-163018 (1370888067660906606)
INFO        2025-05-10 18:20:33.237135 EST  wrapper         : Rename Command completed in 0.56s
INFO        2025-05-10 18:22:55.078915 EST  new_ticket      : Created #insanyties-ticket-163019 (1370888860317515980) in 1.91s by insanyties. (1226918823471480974) 82
INFO        2025-05-10 18:22:57.185822 EST  enter_information_button : Sent the Questions modal to insanyties. (1226918823471480974)
INFO        2025-05-10 18:23:02.568184 EST  enter_information_button : Sent the Questions modal to insanyties. (1226918823471480974)
INFO        2025-05-10 18:23:37.221907 EST  on_submit       : insanyties. (1226918823471480974) updated the embed with question answers in #insanyties-ticket-163019 (1370888860317515980)
INFO        2025-05-10 18:26:15.701287 EST  new_ticket      : Created #aomo67869-ticket-163020 (1370889700331487253) in 2.57s by aomo67869 (1086919463393312768) 83
INFO        2025-05-10 18:26:18.031884 EST  enter_information_button : Sent the Questions modal to aomo67869 (1086919463393312768)
INFO        2025-05-10 18:26:21.585706 EST  new_ticket      : Created #cliippy-ticket-163021 (1370889726722183369) in 2.2s by cliippy (951334827599208459) 84
INFO        2025-05-10 18:26:23.458857 EST  enter_information_button : Sent the Questions modal to cliippy (951334827599208459)
INFO        2025-05-10 18:26:39.652852 EST  on_submit       : cliippy (951334827599208459) updated the embed with question answers in #cliippy-ticket-163021 (1370889726722183369)
INFO        2025-05-10 18:27:05.346335 EST  on_submit       : aomo67869 (1086919463393312768) updated the embed with question answers in #aomo67869-ticket-163020 (1370889700331487253)
INFO        2025-05-10 18:27:05.359120 EST  wrapper         : Send Ticketlog completed in 0.47s
INFO        2025-05-10 18:27:47.866184 EST  wrapper         : Rename Command completed in 0.52s
INFO        2025-05-10 18:28:06.441848 EST  wrapper         : Rename Command completed in 0.47s
INFO        2025-05-10 18:28:21.689566 EST  wrapper         : Rename Command completed in 0.42s
WARNING     2025-05-10 18:28:30.441101 EST  check_verified  : kenternew (1330902802855362613) is not verified and tried to open a ticket
INFO        2025-05-10 18:28:35.548855 EST  wrapper         : Send Ticketlog completed in 0.61s
INFO        2025-05-10 18:29:14.577755 EST  new_ticket      : Created #kenternew-ticket-163022 (1370890451963609099) in 2.25s by kenternew (1330902802855362613) 83
INFO        2025-05-10 18:29:26.312579 EST  enter_information_button : Sent the Questions modal to kenternew (1330902802855362613)
INFO        2025-05-10 18:29:55.114148 EST  on_submit       : kenternew (1330902802855362613) updated the embed with question answers in #kenternew-ticket-163022 (1370890451963609099)
INFO        2025-05-10 18:33:53.806618 EST  new_ticket      : Created #aomo67869-ticket-163023 (1370891623252361256) in 2.09s by aomo67869 (1086919463393312768) 84
INFO        2025-05-10 18:33:57.004471 EST  enter_information_button : Sent the Questions modal to aomo67869 (1086919463393312768)
INFO        2025-05-10 18:34:11.305631 EST  on_submit       : aomo67869 (1086919463393312768) updated the embed with question answers in #aomo67869-ticket-163023 (1370891623252361256)
INFO        2025-05-10 18:36:17.763462 EST  new_ticket      : Created #scaries0420-ticket-163024 (1370892227035005029) in 2.05s by scaries0420 (1226924541150892124) 85
INFO        2025-05-10 18:36:19.599677 EST  enter_information_button : Sent the Questions modal to scaries0420 (1226924541150892124)
INFO        2025-05-10 18:37:04.374607 EST  on_submit       : scaries0420 (1226924541150892124) updated the embed with question answers in #scaries0420-ticket-163024 (1370892227035005029)
INFO        2025-05-10 18:40:04.069782 EST  wrapper         : Rename Command completed in 0.64s
INFO        2025-05-10 18:40:21.746560 EST  wrapper         : Send Ticketlog completed in 0.46s
INFO        2025-05-10 18:40:43.699310 EST  wrapper         : Send Ticketlog completed in 0.34s
INFO        2025-05-10 18:40:51.340461 EST  new_ticket      : Created #sunjib-ticket-163025 (1370893373266984980) in 2.6s by sunjib (899361990139600938) 84
INFO        2025-05-10 18:40:54.286926 EST  wrapper         : Send Ticketlog completed in 0.5s
INFO        2025-05-10 18:41:04.623803 EST  enter_information_button : Sent the Questions modal to sunjib (899361990139600938)
INFO        2025-05-10 18:41:30.840277 EST  on_submit       : sunjib (899361990139600938) updated the embed with question answers in #sunjib-ticket-163025 (1370893373266984980)
WARNING     2025-05-10 18:45:06.706950 EST  check_verified  : fahdesx (1204125271633043520) is not verified and tried to open a ticket
INFO        2025-05-10 18:46:43.362762 EST  wrapper         : Send Ticketlog completed in 0.36s
INFO        2025-05-10 18:47:05.853896 EST  new_ticket      : Created #odeadpoolo8307-ticket-163026 (1370894944050483310) in 2.42s by odeadpoolo8307 (742237882475085844) 83
INFO        2025-05-10 18:47:08.189238 EST  enter_information_button : Sent the Questions modal to odeadpoolo8307 (742237882475085844)
INFO        2025-05-10 18:47:16.162342 EST  new_ticket      : Created #jonathan2003-ticket-163027 (1370894987377508523) in 2.3s by jonathan.2003 (229008524854689793) 84
INFO        2025-05-10 18:47:19.568305 EST  enter_information_button : Sent the Questions modal to jonathan.2003 (229008524854689793)
INFO        2025-05-10 18:47:36.469093 EST  on_submit       : jonathan.2003 (229008524854689793) updated the embed with question answers in #jonathan2003-ticket-163027 (1370894987377508523)
INFO        2025-05-10 18:47:39.572338 EST  on_submit       : odeadpoolo8307 (742237882475085844) updated the embed with question answers in #odeadpoolo8307-ticket-163026 (1370894944050483310)
INFO        2025-05-10 18:47:55.230501 EST  wrapper         : Send Ticketlog completed in 0.37s
INFO        2025-05-10 18:49:57.528142 EST  wrapper         : Send Ticketlog completed in 0.45s
INFO        2025-05-10 18:50:19.315892 EST  wrapper         : Send Ticketlog completed in 0.5s
INFO        2025-05-10 18:50:42.373057 EST  wrapper         : Send Ticketlog completed in 0.76s
INFO        2025-05-10 18:51:10.843681 EST  wrapper         : Ticket Count Command completed in 0.48s
INFO        2025-05-10 18:51:43.328946 EST  wrapper         : Send Ticketlog completed in 0.41s
INFO        2025-05-10 18:57:57.201641 EST  wrapper         : Send Ticketlog completed in 0.44s
INFO        2025-05-10 19:01:51.000567 EST  wrapper         : Send Ticketlog completed in 0.64s
INFO        2025-05-10 19:04:37.616222 EST  wrapper         : Send Ticketlog completed in 0.68s
INFO        2025-05-10 19:08:46.115345 EST  new_ticket      : Created #overworld5217-ticket-163028 (1370900396083515584) in 2.67s by overworld5217 (808326118779912242) 77
INFO        2025-05-10 19:09:29.490534 EST  enter_information_button : Sent the Questions modal to overworld5217 (808326118779912242)
INFO        2025-05-10 19:09:56.816942 EST  on_submit       : overworld5217 (808326118779912242) updated the embed with question answers in #overworld5217-ticket-163028 (1370900396083515584)
INFO        2025-05-10 19:10:59.743721 EST  wrapper         : Send Ticketlog completed in 0.37s
INFO        2025-05-10 19:12:35.725353 EST  wrapper         : Send Ticketlog completed in 0.51s
INFO        2025-05-10 19:12:49.619055 EST  new_ticket      : Created #matt33545-ticket-163029 (1370901420051529840) in 1.94s by matt33545 (1156893889769246793) 76
INFO        2025-05-10 19:12:51.918747 EST  enter_information_button : Sent the Questions modal to matt33545 (1156893889769246793)
INFO        2025-05-10 19:12:58.425371 EST  on_submit       : matt33545 (1156893889769246793) updated the embed with question answers in #matt33545-ticket-163029 (1370901420051529840)
INFO        2025-05-10 19:13:52.932552 EST  wrapper         : Send Ticketlog completed in 0.49s
INFO        2025-05-10 19:14:55.835889 EST  wrapper         : Rename Command completed in 0.54s
INFO        2025-05-10 19:19:53.909843 EST  wrapper         : Send Ticketlog completed in 0.31s
WARNING     2025-05-10 19:25:12.982613 EST  wrapper         : Create Ticket took a long time to complete and finished in 4.0s
INFO        2025-05-10 19:25:13.057292 EST  new_ticket      : Created #noruuuu_-ticket-163030 (1370904529213587576) in 4.33s by noruuuu_ (664036232241872906) 75
WARNING     2025-05-10 19:25:13.057622 EST  wrapper         : New Ticket took a long time to complete and finished in 4.49s
INFO        2025-05-10 19:25:22.059618 EST  enter_information_button : Sent the Questions modal to noruuuu_ (664036232241872906)
INFO        2025-05-10 19:26:27.944449 EST  on_submit       : noruuuu_ (664036232241872906) updated the embed with question answers in #noruuuu_-ticket-163030 (1370904529213587576)
INFO        2025-05-10 19:29:22.486539 EST  wrapper         : Send Ticketlog completed in 1.52s
INFO        2025-05-10 19:35:16.386508 EST  wrapper         : Send Ticketlog completed in 0.57s
INFO        2025-05-10 19:38:54.546882 EST  new_ticket      : Created #totallydone127-ticket-163031 (1370907983550222336) in 2.09s by totallydone127 (515520968777793536) 74
INFO        2025-05-10 19:38:57.730486 EST  enter_information_button : Sent the Questions modal to totallydone127 (515520968777793536)
INFO        2025-05-10 19:40:13.574244 EST  on_submit       : totallydone127 (515520968777793536) updated the embed with question answers in #totallydone127-ticket-163031 (1370907983550222336)
INFO        2025-05-10 19:44:23.796722 EST  wrapper         : Send Ticketlog completed in 0.64s
INFO        2025-05-10 19:44:37.170865 EST  wrapper         : Send Ticketlog completed in 0.3s
INFO        2025-05-10 20:02:11.387813 EST  new_ticket      : Created #lorenz5337-ticket-163032 (1370913842443325450) in 1.97s by lorenz5337 (399304562705694721) 73
INFO        2025-05-10 20:02:51.631810 EST  new_ticket      : Created #cbabruhhg-ticket-163033 (1370914011457261619) in 2.12s by cbabruhhg (663429602533965835) 74
INFO        2025-05-10 20:02:53.201258 EST  enter_information_button : Sent the Questions modal to cbabruhhg (663429602533965835)
INFO        2025-05-10 20:03:20.357776 EST  on_submit       : cbabruhhg (663429602533965835) updated the embed with question answers in #cbabruhhg-ticket-163033 (1370914011457261619)
INFO        2025-05-10 20:04:25.488408 EST  wrapper         : Rename Command completed in 0.53s
INFO        2025-05-10 20:05:32.489956 EST  enter_information_button : Sent the Questions modal to lorenz5337 (399304562705694721)
INFO        2025-05-10 20:06:05.896251 EST  on_submit       : lorenz5337 (399304562705694721) updated the embed with question answers in #lorenz5337-ticket-163032 (1370913842443325450)
INFO        2025-05-10 20:12:05.445365 EST  wrapper         : Send Ticketlog completed in 0.68s
INFO        2025-05-10 20:33:04.847952 EST  new_ticket      : Created #thedanholy-ticket-163034 (1370921613448445972) in 2.85s by thedanholy. (282237676323733504) 74
WARNING     2025-05-10 20:33:04.848629 EST  wrapper         : New Ticket took a long time to complete and finished in 3.02s
INFO        2025-05-10 20:33:06.731324 EST  enter_information_button : Sent the Questions modal to thedanholy. (282237676323733504)
INFO        2025-05-10 20:33:43.877398 EST  on_submit       : thedanholy. (282237676323733504) updated the embed with question answers in #thedanholy-ticket-163034 (1370921613448445972)
INFO        2025-05-10 20:35:55.846972 EST  request_tickets : Sent the 📨 button to dwights0127 (870440938340753408)
WARNING     2025-05-10 20:39:23.840531 EST  check_verified  : shenzhen420 (1202086600159531068) is not verified and tried to open a ticket
INFO        2025-05-10 20:43:51.680577 EST  new_ticket      : Created #javierx2039-ticket-163035 (1370924328224428132) in 2.34s by javierx2039 (723610808621334708) 75
INFO        2025-05-10 20:43:53.590191 EST  enter_information_button : Sent the Questions modal to javierx2039 (723610808621334708)
INFO        2025-05-10 20:44:03.363834 EST  on_submit       : javierx2039 (723610808621334708) updated the embed with question answers in #javierx2039-ticket-163035 (1370924328224428132)
INFO        2025-05-10 20:45:16.104563 EST  wrapper         : Rename Command completed in 0.64s
WARNING     2025-05-10 20:45:23.762547 EST  wrapper         : Private Command took a long time to complete and finished in 6.93s
INFO        2025-05-10 20:45:36.827979 EST  new_ticket      : Created #xclnuser-ticket-163036 (1370924770597667027) in 1.98s by xclnuser (1048671485671264426) 76
INFO        2025-05-10 20:45:38.817425 EST  enter_information_button : Sent the Questions modal to xclnuser (1048671485671264426)
INFO        2025-05-10 20:45:49.648956 EST  on_submit       : xclnuser (1048671485671264426) updated the embed with question answers in #xclnuser-ticket-163036 (1370924770597667027)
WARNING     2025-05-10 20:46:29.384907 EST  check_verified  : miikksssaaa (1362583551585026248) is not verified and tried to open a ticket
INFO        2025-05-10 20:47:12.322540 EST  new_ticket      : Created #miikksssaaa-ticket-163037 (1370925170575020173) in 2.36s by miikksssaaa (1362583551585026248) 77
INFO        2025-05-10 20:47:16.814873 EST  enter_information_button : Sent the Questions modal to miikksssaaa (1362583551585026248)
INFO        2025-05-10 20:47:34.198295 EST  new_ticket      : Created #xdsn0w-ticket-163038 (1370925262664896563) in 1.97s by xdsn0w (312858225320132608) 78
INFO        2025-05-10 20:47:39.502487 EST  enter_information_button : Sent the Questions modal to xdsn0w (312858225320132608)
INFO        2025-05-10 20:47:41.817389 EST  enter_information_button : Sent the Questions modal to xdsn0w (312858225320132608)
INFO        2025-05-10 20:48:02.275356 EST  on_submit       : xdsn0w (312858225320132608) updated the embed with question answers in #xdsn0w-ticket-163038 (1370925262664896563)
INFO        2025-05-10 20:48:15.162037 EST  on_submit       : miikksssaaa (1362583551585026248) updated the embed with question answers in #miikksssaaa-ticket-163037 (1370925170575020173)
INFO        2025-05-10 20:49:22.733992 EST  wrapper         : Send Ticketlog completed in 0.45s
INFO        2025-05-10 20:50:31.366020 EST  new_ticket      : Created #peppa1565-ticket-163039 (1370926005857947678) in 2.05s by peppa1565 (684272529195401217) 78
INFO        2025-05-10 20:50:34.697614 EST  enter_information_button : Sent the Questions modal to peppa1565 (684272529195401217)
INFO        2025-05-10 20:51:34.730627 EST  wrapper         : Send Ticketlog completed in 0.93s
INFO        2025-05-10 20:52:40.412450 EST  on_submit       : peppa1565 (684272529195401217) updated the embed with question answers in #peppa1565-ticket-163039 (1370926005857947678)
INFO        2025-05-10 20:53:12.346575 EST  wrapper         : Rename Command completed in 0.49s
INFO        2025-05-10 20:53:15.401746 EST  wrapper         : Private Command completed in 2.14s
INFO        2025-05-10 20:54:59.295802 EST  wrapper         : Send Ticketlog completed in 0.5s
INFO        2025-05-10 20:55:47.910224 EST  new_ticket      : Created #gamer6767222-ticket-163040 (1370927331392094300) in 2.89s by gamer6767222 (1317897620743786659) 77
WARNING     2025-05-10 20:55:47.910697 EST  wrapper         : New Ticket took a long time to complete and finished in 3.04s
INFO        2025-05-10 20:55:53.668900 EST  enter_information_button : Sent the Questions modal to gamer6767222 (1317897620743786659)
INFO        2025-05-10 20:57:27.070748 EST  on_submit       : gamer6767222 (1317897620743786659) updated the embed with question answers in #gamer6767222-ticket-163040 (1370927331392094300)
INFO        2025-05-10 20:57:32.349970 EST  new_ticket      : Created #miikksssaaa-ticket-163041 (1370927771538292769) in 2.24s by miikksssaaa (1362583551585026248) 78
INFO        2025-05-10 20:57:36.132446 EST  enter_information_button : Sent the Questions modal to miikksssaaa (1362583551585026248)
INFO        2025-05-10 20:57:44.754323 EST  on_submit       : miikksssaaa (1362583551585026248) updated the embed with question answers in #miikksssaaa-ticket-163041 (1370927771538292769)
INFO        2025-05-10 20:58:12.859376 EST  wrapper         : Move Command completed in 2.59s
INFO        2025-05-10 21:06:05.510060 EST  new_ticket      : Created #xdsn0w-ticket-163042 (1370929924067823746) in 2.6s by xdsn0w (312858225320132608) 79
INFO        2025-05-10 21:06:10.633914 EST  enter_information_button : Sent the Questions modal to xdsn0w (312858225320132608)
INFO        2025-05-10 21:06:42.013218 EST  on_submit       : xdsn0w (312858225320132608) updated the embed with question answers in #xdsn0w-ticket-163042 (1370929924067823746)
WARNING     2025-05-10 21:06:43.206422 EST  check_verified  : miha.19.86 (590447400254963715) is not verified and tried to open a ticket
INFO        2025-05-10 21:07:26.807995 EST  new_ticket      : Created #miha1986-ticket-163043 (1370930265253351515) in 1.99s by miha.19.86 (590447400254963715) 80
INFO        2025-05-10 21:07:47.205454 EST  enter_information_button : Sent the Questions modal to miha.19.86 (590447400254963715)
INFO        2025-05-10 21:07:55.779896 EST  new_ticket      : Created #ppuggy-ticket-163044 (1370930383847292991) in 2.73s by ppuggy (498666606323302400) 81
INFO        2025-05-10 21:07:56.849948 EST  enter_information_button : Sent the Questions modal to ppuggy (498666606323302400)
INFO        2025-05-10 21:08:09.492355 EST  on_submit       : ppuggy (498666606323302400) updated the embed with question answers in #ppuggy-ticket-163044 (1370930383847292991)
INFO        2025-05-10 21:09:23.366937 EST  new_ticket      : Created #quinny-ticket-163045 (1370930754405666828) in 2.0s by qui.nny (208265049750503425) 82
INFO        2025-05-10 21:09:25.057478 EST  enter_information_button : Sent the Questions modal to qui.nny (208265049750503425)
INFO        2025-05-10 21:09:39.502372 EST  on_submit       : qui.nny (208265049750503425) updated the embed with question answers in #quinny-ticket-163045 (1370930754405666828)
INFO        2025-05-10 21:11:13.152031 EST  enter_information_button : Sent the Questions modal to miha.19.86 (590447400254963715)
INFO        2025-05-10 21:11:55.386791 EST  on_submit       : miha.19.86 (590447400254963715) updated the embed with question answers in #miha1986-ticket-163043 (1370930265253351515)
INFO        2025-05-10 21:12:59.943410 EST  wrapper         : Send Ticketlog completed in 0.62s
INFO        2025-05-10 21:21:20.080268 EST  new_ticket      : Created #dracothe-ticket-163046 (1370933758907383928) in 2.28s by dracothe (770364845505511454) 82
INFO        2025-05-10 21:21:22.122991 EST  enter_information_button : Sent the Questions modal to dracothe (770364845505511454)
INFO        2025-05-10 21:21:50.757661 EST  on_submit       : dracothe (770364845505511454) updated the embed with question answers in #dracothe-ticket-163046 (1370933758907383928)
INFO        2025-05-10 21:22:43.542458 EST  new_ticket      : Created #reapa1-ticket-163047 (1370934109106339931) in 2.13s by reapa1 (318449044659765250) 83
INFO        2025-05-10 21:22:44.958556 EST  enter_information_button : Sent the Questions modal to reapa1 (318449044659765250)
INFO        2025-05-10 21:22:48.965254 EST  on_submit       : reapa1 (318449044659765250) updated the embed with question answers in #reapa1-ticket-163047 (1370934109106339931)
INFO        2025-05-10 21:24:17.795681 EST  new_ticket      : Created #quinny-ticket-163048 (1370934505753415810) in 1.93s by qui.nny (208265049750503425) 84
WARNING     2025-05-10 21:24:17.796340 EST  wrapper         : New Ticket took a long time to complete and finished in 3.06s
INFO        2025-05-10 21:24:19.711598 EST  enter_information_button : Sent the Questions modal to qui.nny (208265049750503425)
INFO        2025-05-10 21:24:38.653719 EST  on_submit       : qui.nny (208265049750503425) updated the embed with question answers in #quinny-ticket-163048 (1370934505753415810)
INFO        2025-05-10 21:26:59.987099 EST  new_ticket      : Created #overworld5217-ticket-163049 (1370935185272475840) in 2.24s by overworld5217 (808326118779912242) 85
INFO        2025-05-10 21:27:03.824554 EST  enter_information_button : Sent the Questions modal to overworld5217 (808326118779912242)
WARNING     2025-05-10 21:30:21.299582 EST  wrapper         : Create Ticket took a long time to complete and finished in 3.19s
INFO        2025-05-10 21:30:21.367865 EST  new_ticket      : Created #cadiarolls-ticket-163050 (1370936024032874642) in 3.51s by cadiarolls (948702474796142592) 86
WARNING     2025-05-10 21:30:21.368400 EST  wrapper         : New Ticket took a long time to complete and finished in 3.74s
INFO        2025-05-10 21:32:03.147558 EST  on_submit       : overworld5217 (808326118779912242) updated the embed with question answers in #overworld5217-ticket-163049 (1370935185272475840)
INFO        2025-05-10 21:33:24.785150 EST  wrapper         : Rename Command completed in 0.43s
INFO        2025-05-10 21:33:42.595867 EST  wrapper         : Rename Command completed in 0.68s
INFO        2025-05-10 21:33:54.536903 EST  wrapper         : Rename Command completed in 0.41s
INFO        2025-05-10 21:37:51.874080 EST  wrapper         : Send Ticketlog completed in 0.15s
INFO        2025-05-10 21:38:17.577363 EST  wrapper         : Send Ticketlog completed in 0.41s
INFO        2025-05-10 21:38:22.223662 EST  wrapper         : Send Ticketlog completed in 0.4s
INFO        2025-05-10 21:40:29.452478 EST  wrapper         : Ticket Logs Command completed in 0.59s
INFO        2025-05-10 21:40:48.173274 EST  wrapper         : Ticket Logs Command completed in 0.62s
INFO        2025-05-10 21:45:32.903682 EST  enter_information_button : Sent the Questions modal to cadiarolls (948702474796142592)
INFO        2025-05-10 21:45:41.410754 EST  on_submit       : cadiarolls (948702474796142592) updated the embed with question answers in #cadiarolls-ticket-163050 (1370936024032874642)
INFO        2025-05-10 21:46:28.698295 EST  wrapper         : Send Ticketlog completed in 0.71s
INFO        2025-05-10 21:54:09.329460 EST  wrapper         : Rename Command completed in 0.62s
INFO        2025-05-10 22:02:24.505965 EST  new_ticket      : Created #gaber300-ticket-163051 (1370944094179688498) in 4.55s by gaber300 (1344643512737730654) 83
WARNING     2025-05-10 22:02:24.506881 EST  wrapper         : New Ticket took a long time to complete and finished in 4.78s
INFO        2025-05-10 22:02:25.972192 EST  enter_information_button : Sent the Questions modal to gaber300 (1344643512737730654)
INFO        2025-05-10 22:02:29.767449 EST  on_submit       : gaber300 (1344643512737730654) updated the embed with question answers in #gaber300-ticket-163051 (1370944094179688498)
INFO        2025-05-10 22:03:10.411334 EST  new_ticket      : Created #shikamar-ticket-163052 (1370944289370275940) in 1.93s by shikamar (162083940906041344) 84
INFO        2025-05-10 22:03:12.386503 EST  enter_information_button : Sent the Questions modal to shikamar (162083940906041344)
INFO        2025-05-10 22:03:48.097048 EST  on_submit       : shikamar (162083940906041344) updated the embed with question answers in #shikamar-ticket-163052 (1370944289370275940)
INFO        2025-05-10 22:04:02.246345 EST  wrapper         : Rename Command completed in 0.58s
INFO        2025-05-10 22:06:16.283036 EST  new_ticket      : Created #unethical99-ticket-163053 (1370945068063653938) in 2.32s by unethical99 (1295050612404261006) 85
INFO        2025-05-10 22:06:19.275892 EST  enter_information_button : Sent the Questions modal to unethical99 (1295050612404261006)
INFO        2025-05-10 22:07:50.421964 EST  on_submit       : unethical99 (1295050612404261006) updated the embed with question answers in #unethical99-ticket-163053 (1370945068063653938)
INFO        2025-05-10 22:16:05.157694 EST  new_ticket      : Created #abscott-ticket-163054 (1370947539356094604) in 1.96s by abscott (853498857819602954) 86
INFO        2025-05-10 22:16:06.624485 EST  enter_information_button : Sent the Questions modal to abscott (853498857819602954)
INFO        2025-05-10 22:17:08.580572 EST  on_submit       : abscott (853498857819602954) updated the embed with question answers in #abscott-ticket-163054 (1370947539356094604)
INFO        2025-05-10 22:17:41.081667 EST  wrapper         : Send Ticketlog completed in 0.51s
INFO        2025-05-10 22:19:29.159642 EST  new_ticket      : Created #coones-ticket-163055 (1370948394176217190) in 3.62s by coones (712815605488680971) 86
WARNING     2025-05-10 22:19:29.169394 EST  wrapper         : New Ticket took a long time to complete and finished in 3.79s
INFO        2025-05-10 22:19:31.298051 EST  enter_information_button : Sent the Questions modal to coones (712815605488680971)
INFO        2025-05-10 22:19:34.224443 EST  on_submit       : coones (712815605488680971) updated the embed with question answers in #coones-ticket-163055 (1370948394176217190)
INFO        2025-05-10 22:19:45.917842 EST  wrapper         : Rename Command completed in 0.59s
WARNING     2025-05-10 22:19:49.909091 EST  wrapper         : Private Command took a long time to complete and finished in 3.01s
INFO        2025-05-10 22:20:37.582467 EST  new_ticket      : Created #halalalawalalala-ticket-163056 (1370948682136031334) in 1.75s by halalalawalalala (1234354341410766940) 87
INFO        2025-05-10 22:20:39.527099 EST  enter_information_button : Sent the Questions modal to halalalawalalala (1234354341410766940)
INFO        2025-05-10 22:20:42.371589 EST  new_ticket      : Created #vodkalol69-ticket-163057 (1370948700955738153) in 2.62s by vodkalol69 (496021347550625792) 88
INFO        2025-05-10 22:20:44.382228 EST  enter_information_button : Sent the Questions modal to vodkalol69 (496021347550625792)
INFO        2025-05-10 22:20:51.497708 EST  on_submit       : vodkalol69 (496021347550625792) updated the embed with question answers in #vodkalol69-ticket-163057 (1370948700955738153)
INFO        2025-05-10 22:21:05.503854 EST  on_submit       : halalalawalalala (1234354341410766940) updated the embed with question answers in #halalalawalalala-ticket-163056 (1370948682136031334)
INFO        2025-05-10 22:22:25.660898 EST  wrapper         : Rename Command completed in 0.49s
INFO        2025-05-10 22:22:28.072527 EST  wrapper         : Send Ticketlog completed in 0.34s
INFO        2025-05-10 22:28:09.928100 EST  wrapper         : Rename Command completed in 0.59s
INFO        2025-05-10 22:31:43.890462 EST  new_ticket      : Created #airacle-ticket-163058 (1370951473504059488) in 2.54s by airacle (486493409666793484) 88
INFO        2025-05-10 22:31:46.214405 EST  enter_information_button : Sent the Questions modal to airacle (486493409666793484)
INFO        2025-05-10 22:32:15.424947 EST  on_submit       : airacle (486493409666793484) updated the embed with question answers in #airacle-ticket-163058 (1370951473504059488)
WARNING     2025-05-10 22:45:51.126805 EST  wrapper         : Create Ticket took a long time to complete and finished in 3.75s
INFO        2025-05-10 22:45:51.199515 EST  new_ticket      : Created #pro_wombat-ticket-163059 (1370955027102961737) in 4.11s by pro_wombat (250708897571143681) 89
WARNING     2025-05-10 22:45:51.199795 EST  wrapper         : New Ticket took a long time to complete and finished in 4.28s
INFO        2025-05-10 22:45:53.172474 EST  enter_information_button : Sent the Questions modal to pro_wombat (250708897571143681)
INFO        2025-05-10 22:45:57.806334 EST  on_submit       : pro_wombat (250708897571143681) updated the embed with question answers in #pro_wombat-ticket-163059 (1370955027102961737)
INFO        2025-05-10 22:47:16.015445 EST  new_ticket      : Created #gaber300-ticket-163060 (1370955384906321960) in 2.14s by gaber300 (1344643512737730654) 90
INFO        2025-05-10 22:47:21.317312 EST  enter_information_button : Sent the Questions modal to gaber300 (1344643512737730654)
INFO        2025-05-10 22:47:27.353536 EST  on_submit       : gaber300 (1344643512737730654) updated the embed with question answers in #gaber300-ticket-163060 (1370955384906321960)
INFO        2025-05-10 22:54:50.636003 EST  wrapper         : Send Ticketlog completed in 0.56s
INFO        2025-05-10 22:55:14.684896 EST  wrapper         : Ticket Logs Command completed in 0.82s
INFO        2025-05-10 22:56:05.091773 EST  wrapper         : Send Ticketlog completed in 1.03s
INFO        2025-05-10 22:58:19.727089 EST  wrapper         : Send Ticketlog completed in 0.63s
INFO        2025-05-10 22:58:35.097067 EST  wrapper         : Send Ticketlog completed in 1.52s
INFO        2025-05-10 23:00:56.798014 EST  wrapper         : Send Ticketlog completed in 1.15s
INFO        2025-05-10 23:02:05.347199 EST  wrapper         : Send Ticketlog completed in 0.43s
INFO        2025-05-10 23:14:07.081322 EST  wrapper         : Send Ticketlog completed in 0.57s
INFO        2025-05-10 23:14:15.219629 EST  wrapper         : Send Ticketlog completed in 0.37s
INFO        2025-05-10 23:15:26.203581 EST  new_ticket      : Created #jordannet-ticket-163061 (1370962474895151155) in 2.05s by jordan.net (256864001068236800) 83
INFO        2025-05-10 23:15:30.601696 EST  enter_information_button : Sent the Questions modal to jordan.net (256864001068236800)
INFO        2025-05-10 23:15:49.811060 EST  wrapper         : Send Ticketlog completed in 0.73s
INFO        2025-05-10 23:16:20.568515 EST  on_submit       : jordan.net (256864001068236800) updated the embed with question answers in #jordannet-ticket-163061 (1370962474895151155)
INFO        2025-05-10 23:20:28.486439 EST  new_ticket      : Created #ppuggy-ticket-163062 (1370963742396780636) in 2.07s by ppuggy (498666606323302400) 83
INFO        2025-05-10 23:20:31.347368 EST  enter_information_button : Sent the Questions modal to ppuggy (498666606323302400)
INFO        2025-05-10 23:21:18.275618 EST  on_submit       : ppuggy (498666606323302400) updated the embed with question answers in #ppuggy-ticket-163062 (1370963742396780636)
INFO        2025-05-10 23:29:19.716532 EST  new_ticket      : Created #vodkalol69-ticket-163063 (1370965970558128208) in 2.02s by vodkalol69 (496021347550625792) 84
INFO        2025-05-10 23:29:21.204293 EST  enter_information_button : Sent the Questions modal to vodkalol69 (496021347550625792)
INFO        2025-05-10 23:30:18.185660 EST  on_submit       : vodkalol69 (496021347550625792) updated the embed with question answers in #vodkalol69-ticket-163063 (1370965970558128208)
INFO        2025-05-10 23:42:20.634821 EST  wrapper         : Send Ticketlog completed in 0.37s
INFO        2025-05-10 23:45:40.868809 EST  wrapper         : Send Ticketlog completed in 0.38s
INFO        2025-05-10 23:53:23.723482 EST  new_ticket      : Created #airacle-ticket-163064 (1370972027908915221) in 1.81s by airacle (486493409666793484) 83
INFO        2025-05-10 23:53:25.487449 EST  enter_information_button : Sent the Questions modal to airacle (486493409666793484)
INFO        2025-05-10 23:54:14.227005 EST  on_submit       : airacle (486493409666793484) updated the embed with question answers in #airacle-ticket-163064 (1370972027908915221)
INFO        2025-05-10 23:58:41.753681 EST  wrapper         : Send Ticketlog completed in 1.33s
INFO        2025-05-10 23:59:22.691890 EST  wrapper         : Send Ticketlog completed in 0.55s
INFO        2025-05-10 23:59:47.203474 EST  wrapper         : Send Ticketlog completed in 0.36s
INFO        2025-05-11 00:02:24.284701 EST  wrapper         : Send Ticketlog completed in 0.83s
INFO        2025-05-11 00:04:24.456373 EST  wrapper         : Send Ticketlog completed in 0.55s
INFO        2025-05-11 00:04:57.905455 EST  wrapper         : Send Ticketlog completed in 0.69s
INFO        2025-05-11 00:05:42.660651 EST  new_ticket      : Created #blxizeonfire3-ticket-163065 (1370975127205970060) in 1.84s by blxizeonfire3 (1206196261808640017) 78
INFO        2025-05-11 00:05:45.873972 EST  enter_information_button : Sent the Questions modal to blxizeonfire3 (1206196261808640017)
INFO        2025-05-11 00:06:22.873431 EST  on_submit       : blxizeonfire3 (1206196261808640017) updated the embed with question answers in #blxizeonfire3-ticket-163065 (1370975127205970060)
INFO        2025-05-11 00:11:51.841066 EST  wrapper         : Send Ticketlog completed in 0.47s
INFO        2025-05-11 00:12:17.567851 EST  wrapper         : Send Ticketlog completed in 0.63s
INFO        2025-05-11 00:13:22.728244 EST  wrapper         : Send Ticketlog completed in 0.48s
INFO        2025-05-11 00:13:53.190036 EST  wrapper         : Send Ticketlog completed in 0.48s
INFO        2025-05-11 00:14:33.289856 EST  wrapper         : Send Ticketlog completed in 0.57s
INFO        2025-05-11 00:15:12.345921 EST  wrapper         : Send Ticketlog completed in 0.6s
INFO        2025-05-11 00:16:37.759732 EST  new_ticket      : Created #congram-ticket-163066 (1370977873048895559) in 3.76s by congram. (1187910213852991538) 73
WARNING     2025-05-11 00:16:37.760323 EST  wrapper         : New Ticket took a long time to complete and finished in 3.93s
INFO        2025-05-11 00:16:39.274739 EST  enter_information_button : Sent the Questions modal to congram. (1187910213852991538)
INFO        2025-05-11 00:16:50.595339 EST  on_submit       : congram. (1187910213852991538) updated the embed with question answers in #congram-ticket-163066 (1370977873048895559)
INFO        2025-05-11 00:18:59.554846 EST  wrapper         : Send Ticketlog completed in 0.42s
WARNING     2025-05-11 00:20:28.667701 EST  check_verified  : jackl2667 (553443259972845568) is not verified and tried to open a ticket
INFO        2025-05-11 00:20:50.766555 EST  wrapper         : Send Ticketlog completed in 0.36s
INFO        2025-05-11 00:21:16.142776 EST  new_ticket      : Created #jackl2667-ticket-163067 (1370979042655735851) in 1.63s by jackl2667 (553443259972845568) 72
INFO        2025-05-11 00:21:22.181832 EST  enter_information_button : Sent the Questions modal to jackl2667 (553443259972845568)
INFO        2025-05-11 00:21:32.991734 EST  wrapper         : Send Ticketlog completed in 0.35s
INFO        2025-05-11 00:22:03.887501 EST  new_ticket      : Created #airacle-ticket-163068 (1370979241356951704) in 2.18s by airacle (486493409666793484) 72
INFO        2025-05-11 00:22:08.361727 EST  enter_information_button : Sent the Questions modal to airacle (486493409666793484)
INFO        2025-05-11 00:23:09.840512 EST  on_submit       : airacle (486493409666793484) updated the embed with question answers in #airacle-ticket-163068 (1370979241356951704)
INFO        2025-05-11 00:24:06.406708 EST  wrapper         : Send Ticketlog completed in 0.31s
INFO        2025-05-11 00:24:30.698386 EST  on_submit       : jackl2667 (553443259972845568) updated the embed with question answers in #jackl2667-ticket-163067 (1370979042655735851)
INFO        2025-05-11 00:25:02.335942 EST  wrapper         : Send Ticketlog completed in 0.39s
INFO        2025-05-11 00:27:05.764783 EST  wrapper         : Send Ticketlog completed in 0.9s
INFO        2025-05-11 00:27:21.771658 EST  wrapper         : Send Ticketlog completed in 0.55s
INFO        2025-05-11 00:27:58.669789 EST  wrapper         : Send Ticketlog completed in 0.29s
INFO        2025-05-11 00:28:45.709813 EST  wrapper         : Send Ticketlog completed in 0.58s
INFO        2025-05-11 00:29:36.008168 EST  wrapper         : Send Ticketlog completed in 0.37s
INFO        2025-05-11 00:30:08.127881 EST  wrapper         : Send Ticketlog completed in 0.43s
INFO        2025-05-11 00:30:26.136664 EST  wrapper         : Send Ticketlog completed in 0.36s
INFO        2025-05-11 00:34:55.765620 EST  new_ticket      : Created #originalkenzy-ticket-163069 (1370982481100144681) in 1.6s by originalkenzy (1369218470696190062) 64
INFO        2025-05-11 00:35:00.578201 EST  enter_information_button : Sent the Questions modal to originalkenzy (1369218470696190062)
INFO        2025-05-11 00:36:45.440076 EST  on_submit       : originalkenzy (1369218470696190062) updated the embed with question answers in #originalkenzy-ticket-163069 (1370982481100144681)
INFO        2025-05-11 00:43:31.390079 EST  wrapper         : Send Ticketlog completed in 0.42s
WARNING     2025-05-11 00:44:11.467530 EST  check_verified  : jollycyrus (703977954170109972) is not verified and tried to open a ticket
WARNING     2025-05-11 00:44:21.796772 EST  check_verified  : jollycyrus (703977954170109972) is not verified and tried to open a ticket
INFO        2025-05-11 00:44:33.999119 EST  wrapper         : Send Ticketlog completed in 0.48s
INFO        2025-05-11 00:44:49.408460 EST  new_ticket      : Created #jollycyrus-ticket-163070 (1370984969509277726) in 2.02s by jollycyrus (703977954170109972) 63
INFO        2025-05-11 00:44:51.776713 EST  enter_information_button : Sent the Questions modal to jollycyrus (703977954170109972)
INFO        2025-05-11 00:45:17.699119 EST  on_submit       : jollycyrus (703977954170109972) updated the embed with question answers in #jollycyrus-ticket-163070 (1370984969509277726)
INFO        2025-05-11 00:45:53.128350 EST  wrapper         : Rename Command completed in 0.67s
INFO        2025-05-11 00:46:48.285415 EST  new_ticket      : Created #congram-ticket-163071 (1370985466773377134) in 2.23s by congram. (1187910213852991538) 64
INFO        2025-05-11 00:46:49.586643 EST  enter_information_button : Sent the Questions modal to congram. (1187910213852991538)
INFO        2025-05-11 00:46:55.044291 EST  on_submit       : congram. (1187910213852991538) updated the embed with question answers in #congram-ticket-163071 (1370985466773377134)
INFO        2025-05-11 01:08:49.723882 EST  new_ticket      : Created #mythich-ticket-163072 (1370991011387674744) in 1.84s by mythich (285634201737363456) 65
INFO        2025-05-11 01:08:54.214821 EST  enter_information_button : Sent the Questions modal to mythich (285634201737363456)
INFO        2025-05-11 01:09:24.464381 EST  on_submit       : mythich (285634201737363456) updated the embed with question answers in #mythich-ticket-163072 (1370991011387674744)
INFO        2025-05-11 01:12:57.554683 EST  wrapper         : Send Ticketlog completed in 0.27s
INFO        2025-05-11 01:13:39.421080 EST  wrapper         : Move Command completed in 2.82s
INFO        2025-05-11 01:13:50.307444 EST  wrapper         : Send Ticketlog completed in 0.55s
INFO        2025-05-11 01:27:28.491544 EST  wrapper         : Send Ticketlog completed in 0.47s
INFO        2025-05-11 01:29:23.412094 EST  request_tickets : Sent the 📨 button to restorable (714687115514085473)
INFO        2025-05-11 01:51:14.997572 EST  new_ticket      : Created #thatsmokerlol-ticket-163073 (1371001686109327502) in 1.92s by thatsmokerlol (1328089881737433089) 63
INFO        2025-05-11 01:51:18.919833 EST  enter_information_button : Sent the Questions modal to thatsmokerlol (1328089881737433089)
INFO        2025-05-11 01:51:59.101628 EST  on_submit       : thatsmokerlol (1328089881737433089) updated the embed with question answers in #thatsmokerlol-ticket-163073 (1371001686109327502)
INFO        2025-05-11 01:53:08.583878 EST  wrapper         : Rename Command completed in 0.52s
INFO        2025-05-11 01:55:28.171766 EST  new_ticket      : Created #sweatybomb-ticket-163074 (1371002747809173554) in 2.06s by sweatybomb (223949506989916170) 64
INFO        2025-05-11 02:01:09.602329 EST  enter_information_button : Sent the Questions modal to sweatybomb (223949506989916170)
INFO        2025-05-11 02:01:14.511600 EST  on_submit       : sweatybomb (223949506989916170) updated the embed with question answers in #sweatybomb-ticket-163074 (1371002747809173554)
INFO        2025-05-11 02:09:08.278230 EST  request_tickets : Sent the 📨 button to restorable (714687115514085473)
INFO        2025-05-11 02:12:44.548100 EST  wrapper         : Rename Command completed in 0.56s
INFO        2025-05-11 02:19:09.510832 EST  wrapper         : Send Ticketlog completed in 0.38s
INFO        2025-05-11 02:32:49.123611 EST  wrapper         : Send Ticketlog completed in 0.57s
INFO        2025-05-11 02:35:41.422694 EST  new_ticket      : Created #heymandude-ticket-163075 (1371012871005147187) in 1.69s by heymandude. (1076789350165139476) 63
INFO        2025-05-11 02:35:44.678254 EST  enter_information_button : Sent the Questions modal to heymandude. (1076789350165139476)
INFO        2025-05-11 02:36:20.120135 EST  on_submit       : heymandude. (1076789350165139476) updated the embed with question answers in #heymandude-ticket-163075 (1371012871005147187)
INFO        2025-05-11 02:52:52.658077 EST  new_ticket      : Created #geeked___-ticket-163076 (1371017196209442907) in 1.69s by geeked___ (385902688522600471) 64
INFO        2025-05-11 02:53:07.925030 EST  enter_information_button : Sent the Questions modal to geeked___ (385902688522600471)
INFO        2025-05-11 02:54:57.237628 EST  on_submit       : geeked___ (385902688522600471) updated the embed with question answers in #geeked___-ticket-163076 (1371017196209442907)
INFO        2025-05-11 02:55:48.006350 EST  wrapper         : Move Command completed in 2.63s
INFO        2025-05-11 02:58:39.700311 EST  new_ticket      : Created #tapemeasure-ticket-163077 (1371018651716681768) in 1.82s by tapemeasure (125387540071972864) 65
INFO        2025-05-11 02:58:44.556067 EST  enter_information_button : Sent the Questions modal to tapemeasure (125387540071972864)
INFO        2025-05-11 02:59:03.503118 EST  on_submit       : tapemeasure (125387540071972864) updated the embed with question answers in #tapemeasure-ticket-163077 (1371018651716681768)
INFO        2025-05-11 02:59:09.741575 EST  wrapper         : Rename Command completed in 0.58s
INFO        2025-05-11 03:01:41.595219 EST  new_ticket      : Created #gaber300-ticket-163078 (1371019410961334293) in 2.67s by gaber300 (1344643512737730654) 66
INFO        2025-05-11 03:01:43.905329 EST  enter_information_button : Sent the Questions modal to gaber300 (1344643512737730654)
INFO        2025-05-11 03:01:50.553226 EST  on_submit       : gaber300 (1344643512737730654) updated the embed with question answers in #gaber300-ticket-163078 (1371019410961334293)
INFO        2025-05-11 03:05:34.030799 EST  new_ticket      : Created #jaygozo8338-ticket-163079 (1371020388405874729) in 2.38s by jaygozo8338. (1132943377374130176) 67
INFO        2025-05-11 03:05:37.765763 EST  enter_information_button : Sent the Questions modal to jaygozo8338. (1132943377374130176)
INFO        2025-05-11 03:07:08.063299 EST  wrapper         : Send Ticketlog completed in 0.39s
INFO        2025-05-11 03:16:44.122923 EST  new_ticket      : Created #sketchingo-ticket-163080 (1371023198765711420) in 2.45s by sketchingo (258759163423752192) 67
INFO        2025-05-11 03:17:09.098607 EST  enter_information_button : Sent the Questions modal to sketchingo (258759163423752192)
INFO        2025-05-11 03:20:25.784758 EST  enter_information_button : Sent the Questions modal to sketchingo (258759163423752192)
WARNING     2025-05-11 03:22:19.644224 EST  check_verified  : yahoodle (1040880497204666439) is not verified and tried to open a ticket
INFO        2025-05-11 03:23:40.849166 EST  on_submit       : sketchingo (258759163423752192) updated the embed with question answers in #sketchingo-ticket-163080 (1371023198765711420)
WARNING     2025-05-11 03:28:29.233038 EST  wrapper         : Create Ticket took a long time to complete and finished in 3.6s
INFO        2025-05-11 03:28:29.308064 EST  new_ticket      : Created #tvax-ticket-163081 (1371026149450453023) in 3.92s by tvax (852618085202526209) 68
WARNING     2025-05-11 03:28:29.308342 EST  wrapper         : New Ticket took a long time to complete and finished in 4.09s
INFO        2025-05-11 03:28:31.590802 EST  enter_information_button : Sent the Questions modal to tvax (852618085202526209)
INFO        2025-05-11 03:29:26.299102 EST  on_submit       : tvax (852618085202526209) updated the embed with question answers in #tvax-ticket-163081 (1371026149450453023)
INFO        2025-05-11 03:35:42.297289 EST  new_ticket      : Created #slymel-ticket-163082 (1371027974048059432) in 1.87s by slymel (199046561790033921) 69
INFO        2025-05-11 03:35:44.470716 EST  enter_information_button : Sent the Questions modal to slymel (199046561790033921)
INFO        2025-05-11 03:36:30.929696 EST  on_submit       : slymel (199046561790033921) updated the embed with question answers in #slymel-ticket-163082 (1371027974048059432)
INFO        2025-05-11 03:38:57.670135 EST  new_ticket      : Created #yahoodle-ticket-163083 (1371028792910286969) in 2.01s by yahoodle (1040880497204666439) 70
INFO        2025-05-11 03:39:04.945444 EST  enter_information_button : Sent the Questions modal to yahoodle (1040880497204666439)
INFO        2025-05-11 03:41:07.686741 EST  on_submit       : yahoodle (1040880497204666439) updated the embed with question answers in #yahoodle-ticket-163083 (1371028792910286969)
INFO        2025-05-11 03:46:06.121461 EST  wrapper         : Move Command completed in 2.82s
INFO        2025-05-11 03:47:34.831991 EST  wrapper         : Send Ticketlog completed in 0.56s
INFO        2025-05-11 03:48:02.333279 EST  wrapper         : Send Ticketlog completed in 1.13s
INFO        2025-05-11 03:48:29.776160 EST  wrapper         : Send Ticketlog completed in 0.45s
INFO        2025-05-11 03:48:43.920074 EST  new_ticket      : Created #craked8620-ticket-163084 (1371031248667021402) in 2.76s by craked8620 (1030952658200178799) 68
INFO        2025-05-11 03:48:55.472915 EST  enter_information_button : Sent the Questions modal to craked8620 (1030952658200178799)
INFO        2025-05-11 03:49:02.500190 EST  wrapper         : Send Ticketlog completed in 0.47s
INFO        2025-05-11 03:49:14.612350 EST  wrapper         : Send Ticketlog completed in 0.53s
INFO        2025-05-11 03:49:37.820357 EST  on_submit       : craked8620 (1030952658200178799) updated the embed with question answers in #craked8620-ticket-163084 (1371031248667021402)
INFO        2025-05-11 03:54:46.025146 EST  wrapper         : Send Ticketlog completed in 0.34s
INFO        2025-05-11 04:06:31.299371 EST  new_ticket      : Created #craked8620-ticket-163085 (1371035727961526312) in 2.32s by craked8620 (1030952658200178799) 66
INFO        2025-05-11 04:06:33.920427 EST  enter_information_button : Sent the Questions modal to craked8620 (1030952658200178799)
INFO        2025-05-11 04:07:59.026520 EST  on_submit       : craked8620 (1030952658200178799) updated the embed with question answers in #craked8620-ticket-163085 (1371035727961526312)
INFO        2025-05-11 04:27:53.277731 EST  new_ticket      : Created #notfakewws-ticket-163086 (1371041106699227159) in 1.74s by notfakewws (1255362695574720604) 67
INFO        2025-05-11 04:27:55.717188 EST  enter_information_button : Sent the Questions modal to notfakewws (1255362695574720604)
INFO        2025-05-11 04:28:33.664698 EST  on_submit       : notfakewws (1255362695574720604) updated the embed with question answers in #notfakewws-ticket-163086 (1371041106699227159)
INFO        2025-05-11 04:30:05.308214 EST  wrapper         : Send Ticketlog completed in 1.46s
INFO        2025-05-11 04:31:00.813229 EST  wrapper         : Rename Command completed in 0.49s
INFO        2025-05-11 04:34:48.532765 EST  enter_information_button : Sent the Questions modal to jaygozo8338. (1132943377374130176)
INFO        2025-05-11 04:35:59.761954 EST  on_submit       : jaygozo8338. (1132943377374130176) updated the embed with question answers in #jaygozo8338-ticket-163079 (1371020388405874729)
INFO        2025-05-11 04:38:26.479546 EST  wrapper         : Send Ticketlog completed in 0.53s
INFO        2025-05-11 04:48:13.475516 EST  new_ticket      : Created #danielem42-ticket-163087 (1371046224266002492) in 1.77s by danielem42 (1008636422426742806) 66
INFO        2025-05-11 04:48:15.766867 EST  enter_information_button : Sent the Questions modal to danielem42 (1008636422426742806)
INFO        2025-05-11 04:48:59.859899 EST  on_submit       : danielem42 (1008636422426742806) updated the embed with question answers in #danielem42-ticket-163087 (1371046224266002492)
INFO        2025-05-11 04:50:16.215349 EST  wrapper         : Send Ticketlog completed in 0.46s
WARNING     2025-05-11 05:05:56.862117 EST  wrapper         : Create Ticket took a long time to complete and finished in 3.62s
INFO        2025-05-11 05:05:56.936157 EST  new_ticket      : Created #declandmc-ticket-163088 (1371050675831574538) in 4.17s by declandmc (249632012187467785) 66
WARNING     2025-05-11 05:05:56.936461 EST  wrapper         : New Ticket took a long time to complete and finished in 4.35s
INFO        2025-05-11 05:05:59.989020 EST  enter_information_button : Sent the Questions modal to declandmc (249632012187467785)
INFO        2025-05-11 05:09:44.260966 EST  on_submit       : declandmc (249632012187467785) updated the embed with question answers in #declandmc-ticket-163088 (1371050675831574538)
INFO        2025-05-11 05:10:10.487999 EST  new_ticket      : Created #criplin-ticket-163089 (1371051743265427516) in 3.08s by criplin (403561555247104023) 67
WARNING     2025-05-11 05:10:10.488431 EST  wrapper         : New Ticket took a long time to complete and finished in 3.24s
INFO        2025-05-11 05:10:13.234574 EST  enter_information_button : Sent the Questions modal to criplin (403561555247104023)
INFO        2025-05-11 05:10:25.887377 EST  on_submit       : criplin (403561555247104023) updated the embed with question answers in #criplin-ticket-163089 (1371051743265427516)
INFO        2025-05-11 05:14:16.418613 EST  new_ticket      : Created #nicola01539-ticket-163090 (1371052778910126090) in 2.2s by nicola01539 (1238250795431100507) 68
INFO        2025-05-11 05:14:18.649006 EST  enter_information_button : Sent the Questions modal to nicola01539 (1238250795431100507)
INFO        2025-05-11 05:15:24.163416 EST  on_submit       : nicola01539 (1238250795431100507) updated the embed with question answers in #nicola01539-ticket-163090 (1371052778910126090)
INFO        2025-05-11 05:15:50.092815 EST  wrapper         : Rename Command completed in 0.56s
INFO        2025-05-11 05:16:03.525000 EST  wrapper         : Rename Command completed in 0.38s
INFO        2025-05-11 05:24:14.028689 EST  new_ticket      : Created #chaseoce-ticket-163091 (1371055285870792806) in 1.89s by chaseoce (940136712049410058) 69
INFO        2025-05-11 05:24:15.920985 EST  enter_information_button : Sent the Questions modal to chaseoce (940136712049410058)
INFO        2025-05-11 05:25:45.065912 EST  on_submit       : chaseoce (940136712049410058) updated the embed with question answers in #chaseoce-ticket-163091 (1371055285870792806)
INFO        2025-05-11 05:26:28.079314 EST  new_ticket      : Created #sevdali2309-ticket-163092 (1371055847697809472) in 1.94s by sevdali2309 (836494138681458759) 70
INFO        2025-05-11 05:26:29.946652 EST  enter_information_button : Sent the Questions modal to sevdali2309 (836494138681458759)
INFO        2025-05-11 05:27:26.387133 EST  on_submit       : sevdali2309 (836494138681458759) updated the embed with question answers in #sevdali2309-ticket-163092 (1371055847697809472)
INFO        2025-05-11 05:49:49.228520 EST  new_ticket      : Created #epsaaa-ticket-163093 (1371061720897814609) in 2.99s by epsaaa (924375190538960926) 71
WARNING     2025-05-11 05:49:49.229168 EST  wrapper         : New Ticket took a long time to complete and finished in 3.21s
INFO        2025-05-11 05:49:51.284381 EST  enter_information_button : Sent the Questions modal to epsaaa (924375190538960926)
INFO        2025-05-11 05:49:57.850031 EST  on_submit       : epsaaa (924375190538960926) updated the embed with question answers in #epsaaa-ticket-163093 (1371061720897814609)
WARNING     2025-05-11 05:55:27.105656 EST  wrapper         : Move Command took a long time to complete and finished in 3.1s
INFO        2025-05-11 05:55:35.249866 EST  wrapper         : Send Ticketlog completed in 1.36s
INFO        2025-05-11 06:03:49.413430 EST  wrapper         : Rename Command completed in 0.6s
INFO        2025-05-11 06:35:55.355307 EST  new_ticket      : Created #firat5-ticket-163094 (1371073326465945733) in 1.88s by firat5 (852609689237585930) 71
INFO        2025-05-11 06:36:11.630529 EST  new_ticket      : Created #44kdd-ticket-163095 (1371073394870845511) in 1.95s by 44kdd (753440314076954634) 72
INFO        2025-05-11 06:36:15.264589 EST  enter_information_button : Sent the Questions modal to 44kdd (753440314076954634)
INFO        2025-05-11 06:36:15.691357 EST  enter_information_button : Sent the Questions modal to firat5 (852609689237585930)
INFO        2025-05-11 06:36:49.124804 EST  on_submit       : 44kdd (753440314076954634) updated the embed with question answers in #44kdd-ticket-163095 (1371073394870845511)
INFO        2025-05-11 06:38:44.350044 EST  on_submit       : firat5 (852609689237585930) updated the embed with question answers in #firat5-ticket-163094 (1371073326465945733)
INFO        2025-05-11 06:50:48.769636 EST  new_ticket      : Created #javaexcept1on-ticket-163096 (1371077073745084466) in 2.06s by javaexcept1on (709291101575446560) 73
INFO        2025-05-11 06:51:11.938919 EST  enter_information_button : Sent the Questions modal to javaexcept1on (709291101575446560)
INFO        2025-05-11 06:52:31.245409 EST  on_submit       : javaexcept1on (709291101575446560) updated the embed with question answers in #javaexcept1on-ticket-163096 (1371077073745084466)
WARNING     2025-05-11 06:56:37.047796 EST  check_verified  : wurss. (805151643481931797) is not verified and tried to open a ticket
INFO        2025-05-11 07:05:07.000062 EST  new_ticket      : Created #saup-ticket-163097 (1371080672017518664) in 2.35s by saup (477445356989317121) 74
INFO        2025-05-11 07:05:10.742865 EST  enter_information_button : Sent the Questions modal to saup (477445356989317121)
INFO        2025-05-11 07:05:20.678473 EST  on_submit       : saup (477445356989317121) updated the embed with question answers in #saup-ticket-163097 (1371080672017518664)
INFO        2025-05-11 07:12:54.463788 EST  wrapper         : Rename Command completed in 0.51s
INFO        2025-05-11 07:14:44.444559 EST  wrapper         : Ticket Logs Command completed in 0.69s
INFO        2025-05-11 07:16:21.034655 EST  new_ticket      : Created #jarad7566-ticket-163098 (1371083499984912446) in 2.06s by jarad7566 (929810195398406195) 75
INFO        2025-05-11 07:16:26.151882 EST  enter_information_button : Sent the Questions modal to jarad7566 (929810195398406195)
INFO        2025-05-11 07:17:07.240154 EST  on_submit       : jarad7566 (929810195398406195) updated the embed with question answers in #jarad7566-ticket-163098 (1371083499984912446)
INFO        2025-05-11 07:17:56.326075 EST  wrapper         : Rename Command completed in 0.41s
INFO        2025-05-11 07:17:58.861789 EST  wrapper         : Private Command completed in 1.88s
INFO        2025-05-11 07:18:54.629573 EST  new_ticket      : Created #wurss-ticket-163099 (1371084144947363903) in 1.76s by wurss. (805151643481931797) 76
INFO        2025-05-11 07:19:05.364969 EST  enter_information_button : Sent the Questions modal to wurss. (805151643481931797)
INFO        2025-05-11 07:19:34.793981 EST  enter_information_button : Sent the Questions modal to wurss. (805151643481931797)
INFO        2025-05-11 07:20:59.228801 EST  enter_information_button : Sent the Questions modal to wurss. (805151643481931797)
INFO        2025-05-11 07:21:20.292177 EST  on_submit       : wurss. (805151643481931797) updated the embed with question answers in #wurss-ticket-163099 (1371084144947363903)
INFO        2025-05-11 07:21:42.659809 EST  new_ticket      : Created #wurss-ticket-163100 (1371084849154232320) in 2.16s by wurss. (805151643481931797) 77
INFO        2025-05-11 07:21:54.846981 EST  enter_information_button : Sent the Questions modal to wurss. (805151643481931797)
INFO        2025-05-11 07:30:22.913840 EST  enter_information_button : Sent the Questions modal to wurss. (805151643481931797)
INFO        2025-05-11 07:31:38.059070 EST  enter_information_button : Sent the Questions modal to wurss. (805151643481931797)
INFO        2025-05-11 07:40:18.521014 EST  wrapper         : Send Ticketlog completed in 1.28s
WARNING     2025-05-11 07:40:18.936654 EST  wrapper         : Close Command took a long time to complete and finished in 3.62s
INFO        2025-05-11 07:41:42.114226 EST  wrapper         : Send Ticketlog completed in 0.5s
INFO        2025-05-11 07:42:40.475165 EST  on_submit       : wurss. (805151643481931797) updated the embed with question answers in #wurss-ticket-163100 (1371084849154232320)
INFO        2025-05-11 07:43:10.464763 EST  wrapper         : Send Ticketlog completed in 0.83s
INFO        2025-05-11 07:44:29.729998 EST  new_ticket      : Created #willistttt-ticket-163101 (1371090583954919434) in 1.81s by willistttt (1270856179219693693) 75
INFO        2025-05-11 07:44:51.585068 EST  enter_information_button : Sent the Questions modal to willistttt (1270856179219693693)
INFO        2025-05-11 07:45:08.603191 EST  new_ticket      : Created #vinix__1-ticket-163102 (1371090744089116723) in 2.71s by vinix__1 (1101136988612087909) 76
INFO        2025-05-11 07:45:10.470017 EST  enter_information_button : Sent the Questions modal to vinix__1 (1101136988612087909)
INFO        2025-05-11 07:45:21.315815 EST  on_submit       : willistttt (1270856179219693693) updated the embed with question answers in #willistttt-ticket-163101 (1371090583954919434)
INFO        2025-05-11 07:45:27.890414 EST  on_submit       : vinix__1 (1101136988612087909) updated the embed with question answers in #vinix__1-ticket-163102 (1371090744089116723)
INFO        2025-05-11 07:47:43.469503 EST  new_ticket      : Created #miikksssaaa-ticket-163103 (1371091397066625098) in 1.84s by miikksssaaa (1362583551585026248) 77
INFO        2025-05-11 07:47:50.317107 EST  enter_information_button : Sent the Questions modal to miikksssaaa (1362583551585026248)
INFO        2025-05-11 07:48:03.271035 EST  on_submit       : miikksssaaa (1362583551585026248) updated the embed with question answers in #miikksssaaa-ticket-163103 (1371091397066625098)
WARNING     2025-05-11 08:28:30.010849 EST  check_verified  : zaidxyz. (694236722069766275) is not verified and tried to open a ticket
WARNING     2025-05-11 08:29:53.230921 EST  wrapper         : Create Ticket took a long time to complete and finished in 4.06s
INFO        2025-05-11 08:29:53.299736 EST  new_ticket      : Created #zaidxyz-ticket-163104 (1371102006109929597) in 4.42s by zaidxyz. (694236722069766275) 78
WARNING     2025-05-11 08:29:53.300018 EST  wrapper         : New Ticket took a long time to complete and finished in 4.68s
INFO        2025-05-11 08:30:02.942616 EST  enter_information_button : Sent the Questions modal to zaidxyz. (694236722069766275)
INFO        2025-05-11 08:32:21.961999 EST  on_submit       : zaidxyz. (694236722069766275) updated the embed with question answers in #zaidxyz-ticket-163104 (1371102006109929597)
INFO        2025-05-11 08:35:46.936413 EST  new_ticket      : Created #beheldop-ticket-163105 (1371103488704118846) in 2.44s by beheldop (1001155430698991636) 79
INFO        2025-05-11 08:35:48.783421 EST  enter_information_button : Sent the Questions modal to beheldop (1001155430698991636)
INFO        2025-05-11 08:36:24.621038 EST  on_submit       : beheldop (1001155430698991636) updated the embed with question answers in #beheldop-ticket-163105 (1371103488704118846)
INFO        2025-05-11 08:37:59.103337 EST  new_ticket      : Created #asta1541-ticket-163106 (1371104044709318727) in 2.06s by asta1541 (977208815944622081) 80
INFO        2025-05-11 08:38:01.082484 EST  enter_information_button : Sent the Questions modal to asta1541 (977208815944622081)
INFO        2025-05-11 08:38:18.441992 EST  on_submit       : asta1541 (977208815944622081) updated the embed with question answers in #asta1541-ticket-163106 (1371104044709318727)
INFO        2025-05-11 08:46:05.847319 EST  new_ticket      : Created #l122111-ticket-163107 (1371106086521798768) in 2.17s by l122111 (986904901055578142) 81
INFO        2025-05-11 08:46:08.523749 EST  enter_information_button : Sent the Questions modal to l122111 (986904901055578142)
INFO        2025-05-11 08:47:40.820551 EST  on_submit       : l122111 (986904901055578142) updated the embed with question answers in #l122111-ticket-163107 (1371106086521798768)
WARNING     2025-05-11 09:11:05.313505 EST  check_3_tickets : vinix__1 (1101136988612087909) has 3 tickets open and tried to open a ticket
WARNING     2025-05-11 09:12:09.630214 EST  check_verified  : oproof (473794995674021888) is not verified and tried to open a ticket
INFO        2025-05-11 09:15:54.255492 EST  wrapper         : Send Ticketlog completed in 0.49s
INFO        2025-05-11 09:17:01.267517 EST  wrapper         : Ticket Logs Command completed in 0.57s
INFO        2025-05-11 09:19:16.848573 EST  wrapper         : Send Ticketlog completed in 1.15s
INFO        2025-05-11 09:24:56.231111 EST  wrapper         : Send Ticketlog completed in 1.08s
INFO        2025-05-11 09:27:31.508341 EST  wrapper         : Ticket Logs Command completed in 1.25s
INFO        2025-05-11 09:28:40.324129 EST  new_ticket      : Created #kadubb-ticket-163108 (1371116799072141373) in 2.42s by kadubb (733371257139101770) 79
INFO        2025-05-11 09:28:42.261896 EST  enter_information_button : Sent the Questions modal to kadubb (733371257139101770)
INFO        2025-05-11 09:28:43.135992 EST  wrapper         : Send Ticketlog completed in 0.37s
INFO        2025-05-11 09:28:56.335078 EST  on_submit       : kadubb (733371257139101770) updated the embed with question answers in #kadubb-ticket-163108 (1371116799072141373)
INFO        2025-05-11 09:31:26.770919 EST  new_ticket      : Created #pengveen-ticket-163109 (1371117498245845033) in 2.24s by pengveen (1155238381584908448) 79
INFO        2025-05-11 09:31:29.706973 EST  enter_information_button : Sent the Questions modal to pengveen (1155238381584908448)
INFO        2025-05-11 09:31:38.025331 EST  enter_information_button : Sent the Questions modal to pengveen (1155238381584908448)
INFO        2025-05-11 09:32:50.497242 EST  on_submit       : pengveen (1155238381584908448) updated the embed with question answers in #pengveen-ticket-163109 (1371117498245845033)
INFO        2025-05-11 09:34:12.612168 EST  wrapper         : Send Ticketlog completed in 0.54s
INFO        2025-05-11 09:36:25.746688 EST  wrapper         : Send Ticketlog completed in 0.55s
INFO        2025-05-11 09:37:56.737393 EST  wrapper         : Send Ticketlog completed in 2.08s
WARNING     2025-05-11 09:37:57.263289 EST  wrapper         : Close Command took a long time to complete and finished in 3.23s
WARNING     2025-05-11 09:38:37.535395 EST  check_verified  : oproof (473794995674021888) is not verified and tried to open a ticket
WARNING     2025-05-11 09:38:53.630238 EST  check_verified  : oproof (473794995674021888) is not verified and tried to open a ticket
INFO        2025-05-11 09:38:55.089645 EST  wrapper         : Rename Command completed in 0.5s
WARNING     2025-05-11 09:39:03.332272 EST  wrapper         : Private Command took a long time to complete and finished in 7.57s
WARNING     2025-05-11 09:39:20.979082 EST  check_verified  : oproof (473794995674021888) is not verified and tried to open a ticket
