WARNING     2025-03-25 00:05:20.350435 EST  request         : We are being rate limited. PATCH https://discord.com/api/v10/channels/1272141079428202496 responded with 429. Retrying in 0.01 seconds.
WARNING     2025-03-25 00:15:20.312979 EST  request         : We are being rate limited. PATCH https://discord.com/api/v10/channels/1272141079428202496 responded with 429. Retrying in 0.16 seconds.
WARNING     2025-03-25 00:25:20.362246 EST  request         : We are being rate limited. PATCH https://discord.com/api/v10/channels/1272141079428202496 responded with 429. Retrying in 0.24 seconds.
INFO        2025-03-25 00:31:40.586046 EST  received_message : Shard ID None has successfully RESUMED session 054af6601827b8e27e46bd8010427ac7.
INFO        2025-03-25 04:30:27.750261 EST  received_message : Shard ID None has successfully RESUMED session 054af6601827b8e27e46bd8010427ac7.
INFO        2025-03-25 06:05:04.954712 EST  received_message : Shard ID None has successfully RESUMED session 054af6601827b8e27e46bd8010427ac7.
WARNING     2025-03-25 07:45:20.395184 EST  request         : We are being rate limited. PATCH https://discord.com/api/v10/channels/1272141079428202496 responded with 429. Retrying in 0.00 seconds.
ERROR       2025-03-25 08:36:36.308464 EST  on_command_error : Ignoring exception in command None
discord.ext.commands.errors.CommandNotFound: Command ".." is not found
INFO        2025-03-25 08:57:09.613802 EST  received_message : Shard ID None has successfully RESUMED session 054af6601827b8e27e46bd8010427ac7.
INFO        2025-03-25 10:50:49.265012 EST  received_message : Shard ID None has successfully RESUMED session 054af6601827b8e27e46bd8010427ac7.
INFO        2025-03-25 13:18:22.087109 EST  received_message : Shard ID None has successfully RESUMED session 054af6601827b8e27e46bd8010427ac7.
INFO        2025-03-25 13:30:15.838827 EST  received_message : Shard ID None has successfully RESUMED session 054af6601827b8e27e46bd8010427ac7.
WARNING     2025-03-25 13:40:20.332159 EST  request         : We are being rate limited. PATCH https://discord.com/api/v10/channels/1272141079428202496 responded with 429. Retrying in 0.12 seconds.
WARNING     2025-03-25 13:50:20.410331 EST  request         : We are being rate limited. PATCH https://discord.com/api/v10/channels/1272141079428202496 responded with 429. Retrying in 0.16 seconds.
WARNING     2025-03-25 14:00:20.333715 EST  request         : We are being rate limited. PATCH https://discord.com/api/v10/channels/1272141079428202496 responded with 429. Retrying in 0.35 seconds.
WARNING     2025-03-25 14:40:20.341991 EST  request         : We are being rate limited. PATCH https://discord.com/api/v10/channels/1272141079428202496 responded with 429. Retrying in 0.05 seconds.
WARNING     2025-03-25 14:50:20.358669 EST  request         : We are being rate limited. PATCH https://discord.com/api/v10/channels/1272141079428202496 responded with 429. Retrying in 0.14 seconds.
WARNING     2025-03-25 15:00:20.319740 EST  request         : We are being rate limited. PATCH https://discord.com/api/v10/channels/1272141079428202496 responded with 429. Retrying in 0.30 seconds.
WARNING     2025-03-25 15:10:20.396469 EST  request         : We are being rate limited. PATCH https://discord.com/api/v10/channels/1272141079428202496 responded with 429. Retrying in 0.37 seconds.
WARNING     2025-03-25 15:20:20.368922 EST  request         : We are being rate limited. PATCH https://discord.com/api/v10/channels/1272141079428202496 responded with 429. Retrying in 0.55 seconds.
WARNING     2025-03-25 15:30:20.334591 EST  request         : We are being rate limited. PATCH https://discord.com/api/v10/channels/1272141079428202496 responded with 429. Retrying in 0.71 seconds.
WARNING     2025-03-25 15:40:20.411754 EST  request         : We are being rate limited. PATCH https://discord.com/api/v10/channels/1272141079428202496 responded with 429. Retrying in 0.80 seconds.
WARNING     2025-03-25 15:50:20.365448 EST  request         : We are being rate limited. PATCH https://discord.com/api/v10/channels/1272141079428202496 responded with 429. Retrying in 1.01 seconds.
INFO        2025-03-25 16:27:30.732241 EST  received_message : Shard ID None has successfully RESUMED session 054af6601827b8e27e46bd8010427ac7.
WARNING     2025-03-25 16:55:20.353826 EST  request         : We are being rate limited. PATCH https://discord.com/api/v10/channels/1272141079428202496 responded with 429. Retrying in 0.08 seconds.
ERROR       2025-03-25 17:39:26.986052 EST  on_command_error : Ignoring exception in command None
discord.ext.commands.errors.CommandNotFound: Command "..." is not found
INFO        2025-03-25 18:17:05.177457 EST  received_message : Shard ID None has successfully RESUMED session 054af6601827b8e27e46bd8010427ac7.
ERROR       2025-03-25 19:08:38.573371 EST  on_command_error : Ignoring exception in command None
discord.ext.commands.errors.CommandNotFound: Command ".." is not found
ERROR       2025-03-25 19:53:54.954616 EST  on_command_error : Ignoring exception in command None
discord.ext.commands.errors.CommandNotFound: Command "/f" is not found
INFO        2025-03-25 20:09:05.405456 EST  received_message : Shard ID None has successfully RESUMED session 054af6601827b8e27e46bd8010427ac7.
WARNING     2025-03-25 20:35:20.395001 EST  request         : We are being rate limited. PATCH https://discord.com/api/v10/channels/1272141079428202496 responded with 429. Retrying in 0.01 seconds.
WARNING     2025-03-25 21:00:20.319114 EST  request         : We are being rate limited. PATCH https://discord.com/api/v10/channels/1272141079428202496 responded with 429. Retrying in 0.04 seconds.
WARNING     2025-03-25 21:10:20.389712 EST  request         : We are being rate limited. PATCH https://discord.com/api/v10/channels/1272141079428202496 responded with 429. Retrying in 0.14 seconds.
WARNING     2025-03-25 21:35:20.311375 EST  request         : We are being rate limited. PATCH https://discord.com/api/v10/channels/1272141079428202496 responded with 429. Retrying in 0.02 seconds.
WARNING     2025-03-25 22:10:20.348628 EST  request         : We are being rate limited. PATCH https://discord.com/api/v10/channels/1272141079428202496 responded with 429. Retrying in 0.10 seconds.
INFO        2025-03-25 22:34:10.182046 EST  received_message : Shard ID None has successfully RESUMED session 054af6601827b8e27e46bd8010427ac7.
ERROR       2025-03-25 23:15:04.918219 EST  on_command_error : Ignoring exception in command None
discord.ext.commands.errors.CommandNotFound: Command "/gold" is not found
ERROR       2025-03-26 01:12:29.376677 EST  on_command_error : Ignoring exception in command None
discord.ext.commands.errors.CommandNotFound: Command ".." is not found
WARNING     2025-03-26 01:35:20.307854 EST  request         : We are being rate limited. PATCH https://discord.com/api/v10/channels/1272141079428202496 responded with 429. Retrying in 0.02 seconds.
INFO        2025-03-26 01:39:01.856537 EST  received_message : Shard ID None has successfully RESUMED session 054af6601827b8e27e46bd8010427ac7.
WARNING     2025-03-26 01:45:20.438649 EST  request         : We are being rate limited. PATCH https://discord.com/api/v10/channels/1272141079428202496 responded with 429. Retrying in 0.12 seconds.
WARNING     2025-03-26 01:55:20.319568 EST  request         : We are being rate limited. PATCH https://discord.com/api/v10/channels/1272141079428202496 responded with 429. Retrying in 0.44 seconds.
INFO        2025-03-26 04:38:49.331846 EST  received_message : Shard ID None has successfully RESUMED session 054af6601827b8e27e46bd8010427ac7.
INFO        2025-03-26 05:00:00.714891 EST  received_message : Shard ID None has successfully RESUMED session 054af6601827b8e27e46bd8010427ac7.
INFO        2025-03-26 05:22:05.551102 EST  received_message : Shard ID None has successfully RESUMED session 054af6601827b8e27e46bd8010427ac7.
WARNING     2025-03-26 06:45:20.370147 EST  request         : We are being rate limited. PATCH https://discord.com/api/v10/channels/1272141079428202496 responded with 429. Retrying in 0.10 seconds.
WARNING     2025-03-26 06:55:20.401390 EST  request         : We are being rate limited. PATCH https://discord.com/api/v10/channels/1272141079428202496 responded with 429. Retrying in 0.20 seconds.
INFO        2025-03-26 07:08:58.978617 EST  received_message : Shard ID None has successfully RESUMED session 054af6601827b8e27e46bd8010427ac7.
INFO        2025-03-26 08:32:09.492565 EST  received_message : Shard ID None has successfully RESUMED session 054af6601827b8e27e46bd8010427ac7.
ERROR       2025-03-26 09:21:27.037355 EST  on_command_error : Ignoring exception in command None
discord.ext.commands.errors.CommandNotFound: Command ".." is not found
ERROR       2025-03-26 09:21:35.658189 EST  on_command_error : Ignoring exception in command None
discord.ext.commands.errors.CommandNotFound: Command "....." is not found
ERROR       2025-03-26 10:21:03.232154 EST  connect         : Attempting a reconnect in 0.67s
Traceback (most recent call last):
  File "/usr/local/lib/python3.9/dist-packages/discord/client.py", line 667, in connect
    await self.ws.poll_event()
  File "/usr/local/lib/python3.9/dist-packages/discord/gateway.py", line 648, in poll_event
    raise ConnectionClosed(self.socket, shard_id=self.shard_id, code=code) from None
discord.errors.ConnectionClosed: Shard ID None WebSocket closed with 1000
INFO        2025-03-26 10:21:04.047215 EST  received_message : Shard ID None has successfully RESUMED session 054af6601827b8e27e46bd8010427ac7.
INFO        2025-03-26 10:43:57.731172 EST  received_message : Shard ID None has successfully RESUMED session 054af6601827b8e27e46bd8010427ac7.
WARNING     2025-03-26 11:05:20.366315 EST  request         : We are being rate limited. PATCH https://discord.com/api/v10/channels/1272141079428202496 responded with 429. Retrying in 0.35 seconds.
ERROR       2025-03-26 11:31:07.347872 EST  on_command_error : Ignoring exception in command None
discord.ext.commands.errors.CommandNotFound: Command "..?" is not found
WARNING     2025-03-26 11:40:20.357705 EST  request         : We are being rate limited. PATCH https://discord.com/api/v10/channels/1272141079428202496 responded with 429. Retrying in 0.00 seconds.
ERROR       2025-03-26 12:05:07.588536 EST  on_command_error : Ignoring exception in command None
discord.ext.commands.errors.CommandNotFound: Command "." is not found
ERROR       2025-03-26 12:15:27.743179 EST  connect         : Attempting a reconnect in 0.59s
Traceback (most recent call last):
  File "/usr/local/lib/python3.9/dist-packages/discord/client.py", line 667, in connect
    await self.ws.poll_event()
  File "/usr/local/lib/python3.9/dist-packages/discord/gateway.py", line 648, in poll_event
    raise ConnectionClosed(self.socket, shard_id=self.shard_id, code=code) from None
discord.errors.ConnectionClosed: Shard ID None WebSocket closed with 1000
INFO        2025-03-26 12:15:28.487567 EST  received_message : Shard ID None has successfully RESUMED session 054af6601827b8e27e46bd8010427ac7.
ERROR       2025-03-26 12:37:57.778601 EST  on_command_error : Ignoring exception in command None
discord.ext.commands.errors.CommandNotFound: Command "..." is not found
INFO        2025-03-26 12:45:24.680564 EST  received_message : Shard ID None has successfully RESUMED session 054af6601827b8e27e46bd8010427ac7.
WARNING     2025-03-26 13:50:20.344589 EST  request         : We are being rate limited. PATCH https://discord.com/api/v10/channels/1272141079428202496 responded with 429. Retrying in 0.02 seconds.
WARNING     2025-03-26 14:25:20.309799 EST  request         : We are being rate limited. PATCH https://discord.com/api/v10/channels/1272141079428202496 responded with 429. Retrying in 0.07 seconds.
ERROR       2025-03-26 14:31:32.375614 EST  on_command_error : Ignoring exception in command None
discord.ext.commands.errors.CommandNotFound: Command ".?" is not found
WARNING     2025-03-26 14:35:20.358446 EST  request         : We are being rate limited. PATCH https://discord.com/api/v10/channels/1272141079428202496 responded with 429. Retrying in 0.25 seconds.
WARNING     2025-03-26 14:45:20.389059 EST  request         : We are being rate limited. PATCH https://discord.com/api/v10/channels/1272141079428202496 responded with 429. Retrying in 0.34 seconds.
ERROR       2025-03-26 15:21:40.802368 EST  connect         : Attempting a reconnect in 1.33s
Traceback (most recent call last):
  File "/usr/local/lib/python3.9/dist-packages/discord/client.py", line 667, in connect
    await self.ws.poll_event()
  File "/usr/local/lib/python3.9/dist-packages/discord/gateway.py", line 648, in poll_event
    raise ConnectionClosed(self.socket, shard_id=self.shard_id, code=code) from None
discord.errors.ConnectionClosed: Shard ID None WebSocket closed with 1000
INFO        2025-03-26 15:21:42.285673 EST  received_message : Shard ID None has successfully RESUMED session 054af6601827b8e27e46bd8010427ac7.
WARNING     2025-03-26 16:35:20.344451 EST  request         : We are being rate limited. PATCH https://discord.com/api/v10/channels/1272141079428202496 responded with 429. Retrying in 0.05 seconds.
WARNING     2025-03-26 16:45:20.386706 EST  request         : We are being rate limited. PATCH https://discord.com/api/v10/channels/1272141079428202496 responded with 429. Retrying in 0.14 seconds.
WARNING     2025-03-26 17:35:20.345660 EST  request         : We are being rate limited. PATCH https://discord.com/api/v10/channels/1272141079428202496 responded with 429. Retrying in 0.04 seconds.
ERROR       2025-03-26 17:41:48.071562 EST  connect         : Attempting a reconnect in 0.73s
Traceback (most recent call last):
  File "/usr/local/lib/python3.9/dist-packages/discord/client.py", line 667, in connect
    await self.ws.poll_event()
  File "/usr/local/lib/python3.9/dist-packages/discord/gateway.py", line 648, in poll_event
    raise ConnectionClosed(self.socket, shard_id=self.shard_id, code=code) from None
discord.errors.ConnectionClosed: Shard ID None WebSocket closed with 1000
INFO        2025-03-26 17:41:48.957001 EST  received_message : Shard ID None has successfully RESUMED session 054af6601827b8e27e46bd8010427ac7.
WARNING     2025-03-26 17:45:20.335620 EST  request         : We are being rate limited. PATCH https://discord.com/api/v10/channels/1272141079428202496 responded with 429. Retrying in 0.21 seconds.
WARNING     2025-03-26 18:10:20.328903 EST  request         : We are being rate limited. PATCH https://discord.com/api/v10/channels/1272141079428202496 responded with 429. Retrying in 0.01 seconds.
ERROR       2025-03-26 18:43:34.790596 EST  connect         : Attempting a reconnect in 1.46s
Traceback (most recent call last):
  File "/usr/local/lib/python3.9/dist-packages/discord/client.py", line 667, in connect
    await self.ws.poll_event()
  File "/usr/local/lib/python3.9/dist-packages/discord/gateway.py", line 648, in poll_event
    raise ConnectionClosed(self.socket, shard_id=self.shard_id, code=code) from None
discord.errors.ConnectionClosed: Shard ID None WebSocket closed with 1000
INFO        2025-03-26 18:43:36.396201 EST  received_message : Shard ID None has successfully RESUMED session 054af6601827b8e27e46bd8010427ac7.
ERROR       2025-03-26 19:48:30.796813 EST  connect         : Attempting a reconnect in 1.20s
Traceback (most recent call last):
  File "/usr/local/lib/python3.9/dist-packages/discord/client.py", line 667, in connect
    await self.ws.poll_event()
  File "/usr/local/lib/python3.9/dist-packages/discord/gateway.py", line 648, in poll_event
    raise ConnectionClosed(self.socket, shard_id=self.shard_id, code=code) from None
discord.errors.ConnectionClosed: Shard ID None WebSocket closed with 1000
INFO        2025-03-26 19:48:32.137050 EST  received_message : Shard ID None has successfully RESUMED session 054af6601827b8e27e46bd8010427ac7.
ERROR       2025-03-26 19:54:01.964903 EST  connect         : Attempting a reconnect in 2.22s
Traceback (most recent call last):
  File "/usr/local/lib/python3.9/dist-packages/discord/client.py", line 667, in connect
    await self.ws.poll_event()
  File "/usr/local/lib/python3.9/dist-packages/discord/gateway.py", line 648, in poll_event
    raise ConnectionClosed(self.socket, shard_id=self.shard_id, code=code) from None
discord.errors.ConnectionClosed: Shard ID None WebSocket closed with 1000
INFO        2025-03-26 19:54:04.335133 EST  received_message : Shard ID None has successfully RESUMED session 054af6601827b8e27e46bd8010427ac7.
WARNING     2025-03-26 21:00:20.339226 EST  request         : We are being rate limited. PATCH https://discord.com/api/v10/channels/1272141079428202496 responded with 429. Retrying in 0.04 seconds.
WARNING     2025-03-26 21:25:20.370038 EST  request         : We are being rate limited. PATCH https://discord.com/api/v10/channels/1272141079428202496 responded with 429. Retrying in 0.03 seconds.
ERROR       2025-03-26 21:58:51.966059 EST  on_command_error : Ignoring exception in command None
discord.ext.commands.errors.CommandNotFound: Command "." is not found
ERROR       2025-03-26 21:59:25.508984 EST  on_command_error : Ignoring exception in command None
discord.ext.commands.errors.CommandNotFound: Command ".." is not found
INFO        2025-03-26 23:00:58.098014 EST  received_message : Shard ID None has successfully RESUMED session 054af6601827b8e27e46bd8010427ac7.
INFO        2025-03-27 00:02:01.156221 EST  received_message : Shard ID None has successfully RESUMED session 054af6601827b8e27e46bd8010427ac7.
WARNING     2025-03-27 00:35:20.291003 EST  request         : We are being rate limited. PATCH https://discord.com/api/v10/channels/1272141079428202496 responded with 429. Retrying in 0.21 seconds.
INFO        2025-03-27 02:02:48.642572 EST  received_message : Shard ID None has successfully RESUMED session 054af6601827b8e27e46bd8010427ac7.
INFO        2025-03-27 05:50:33.226477 EST  received_message : Shard ID None has successfully RESUMED session 054af6601827b8e27e46bd8010427ac7.
INFO        2025-03-27 06:12:34.793827 EST  received_message : Shard ID None has successfully RESUMED session 054af6601827b8e27e46bd8010427ac7.
ERROR       2025-03-27 09:47:33.088970 EST  connect         : Attempting a reconnect in 1.71s
Traceback (most recent call last):
  File "/usr/local/lib/python3.9/dist-packages/discord/client.py", line 667, in connect
    await self.ws.poll_event()
  File "/usr/local/lib/python3.9/dist-packages/discord/gateway.py", line 648, in poll_event
    raise ConnectionClosed(self.socket, shard_id=self.shard_id, code=code) from None
discord.errors.ConnectionClosed: Shard ID None WebSocket closed with 1000
INFO        2025-03-27 09:47:34.973641 EST  received_message : Shard ID None has successfully RESUMED session 054af6601827b8e27e46bd8010427ac7.
WARNING     2025-03-27 10:25:20.372995 EST  request         : We are being rate limited. PATCH https://discord.com/api/v10/channels/1272141079428202496 responded with 429. Retrying in 0.02 seconds.
ERROR       2025-03-27 11:15:55.578768 EST  connect         : Attempting a reconnect in 1.86s
Traceback (most recent call last):
  File "/usr/local/lib/python3.9/dist-packages/discord/client.py", line 667, in connect
    await self.ws.poll_event()
  File "/usr/local/lib/python3.9/dist-packages/discord/gateway.py", line 648, in poll_event
    raise ConnectionClosed(self.socket, shard_id=self.shard_id, code=code) from None
discord.errors.ConnectionClosed: Shard ID None WebSocket closed with 1000
INFO        2025-03-27 11:15:57.578435 EST  received_message : Shard ID None has successfully RESUMED session 054af6601827b8e27e46bd8010427ac7.
5-03-25 13:12:02.342638 EST  on_interaction  : snack6133 (637766719095439380) ran /private in #vpn-whitelist (1354140392563540061) True
INFO        2025-03-25 13:12:17.900890 EST  on_interaction  : reheat (409915081317679104) ran /close reason:'given' in #vpn-whitelist (1354140392563540061) True
INFO        2025-03-25 13:12:20.037627 EST  close_command   : Closed #vpn-whitelist (1354140392563540061) in 1.94s by reheat (409915081317679104) 68
INFO        2025-03-25 13:16:39.168721 EST  on_interaction  : snack6133 (637766719095439380) ran /rename name:'tourney winner' in #d2_rappy-ticket-155733 (1354141677383843860) True
INFO        2025-03-25 13:19:53.639731 EST  on_interaction  : lilrolls123 (776423109317361714) ran /rename name:'tourney winne' in #mmareply-ticket-155734 (1354142654933372959) True
INFO        2025-03-25 13:22:30.725389 EST  on_interaction  : exitiummm (750077826874736770) ran /rename name:'blacklist appeal' in #elitejxsn-ticket-155574 (1353834536382763049) True
INFO        2025-03-25 13:23:04.017608 EST  on_interaction  : lilrolls123 (776423109317361714) ran /close reason:'answered' in #raiz4633-ticket-155723 (1354128987613298749) True
INFO        2025-03-25 13:23:05.918983 EST  close_command   : Closed #raiz4633-ticket-155723 (1354128987613298749) in 1.73s by lilrolls123 (776423109317361714) 69
INFO        2025-03-25 13:25:37.680178 EST  on_interaction  : exitiummm (750077826874736770) ran /close reason:'c037 isnt banned' in #awkjaimdlemdqkqmj-ticket-155725 (1354130681860460565) True
INFO        2025-03-25 13:25:39.366691 EST  close_command   : Closed #awkjaimdlemdqkqmj-ticket-155725 (1354130681860460565) in 1.51s by exitiummm (750077826874736770) 68
INFO        2025-03-25 13:26:01.871747 EST  on_interaction  : exitiummm (750077826874736770) ran /close reason:'pv 1' in #tourney-winne (1354142654933372959) True
INFO        2025-03-25 13:26:03.609534 EST  close_command   : Closed #tourney-winne (1354142654933372959) in 1.58s by exitiummm (750077826874736770) 68
INFO        2025-03-25 13:32:17.323928 EST  on_interaction  : exitiummm (750077826874736770) ran /close reason:'answered' in #voyage-roll (1354123384891375637) True
INFO        2025-03-25 13:32:19.231911 EST  close_command   : Closed #voyage-roll (1354123384891375637) in 1.63s by exitiummm (750077826874736770) 67
INFO        2025-03-25 13:33:07.137928 EST  on_interaction  : exitiummm (750077826874736770) ran /close reason:'aanswered' in #userss-ticket-155713 (1354105603823370352) True
INFO        2025-03-25 13:33:09.208514 EST  close_command   : Closed #userss-ticket-155713 (1354105603823370352) in 1.88s by exitiummm (750077826874736770) 66
INFO        2025-03-25 13:37:37.567556 EST  on_interaction  : d2_rappy (318403043102294027) ran /rename name:'leader-transfer' in #splxtzz-ticket-155736 (1354146894133334017) True
INFO        2025-03-25 13:38:36.187314 EST  on_interaction  : exitiummm (750077826874736770) ran /close reason:'accepted' in #userss-ticket-155718 (1354120288832458793) True
INFO        2025-03-25 13:38:37.978180 EST  close_command   : Closed #userss-ticket-155718 (1354120288832458793) in 1.48s by exitiummm (750077826874736770) 66
INFO        2025-03-25 13:38:46.202676 EST  on_interaction  : exitiummm (750077826874736770) ran /close reason:'denied' in #xo454-ticket-155484 (1353711563420205137) True
INFO        2025-03-25 13:38:47.984246 EST  close_command   : Closed #xo454-ticket-155484 (1353711563420205137) in 1.61s by exitiummm (750077826874736770) 65
INFO        2025-03-25 13:39:29.783562 EST  on_interaction  : exitiummm (750077826874736770) ran /close reason:'denied' in #18790029-ticket-155711 (1354104338712367236) True
INFO        2025-03-25 13:39:31.350886 EST  close_command   : Closed #18790029-ticket-155711 (1354104338712367236) in 1.38s by exitiummm (750077826874736770) 64
INFO        2025-03-25 13:40:34.800076 EST  on_interaction  : reheat (409915081317679104) ran /close reason:'swapped' in #tourney-winner (1354141677383843860) True
INFO        2025-03-25 13:40:36.415800 EST  close_command   : Closed #tourney-winner (1354141677383843860) in 1.41s by reheat (409915081317679104) 63
INFO        2025-03-25 13:41:19.041228 EST  on_interaction  : reheat (409915081317679104) ran /close reason:'given' in #leader-transfer (1354146894133334017) True
INFO        2025-03-25 13:41:20.885385 EST  close_command   : Closed #leader-transfer (1354146894133334017) in 1.55s by reheat (409915081317679104) 62
INFO        2025-03-25 13:41:27.464669 EST  on_interaction  : exitiummm (750077826874736770) ran /close reason:'set in pv 2, sadly we wouldnt be able to get the bp' in #edilso-ticket-155730 (1354137649694117970) True
INFO        2025-03-25 13:41:29.164965 EST  close_command   : Closed #edilso-ticket-155730 (1354137649694117970) in 1.51s by exitiummm (750077826874736770) 61
INFO        2025-03-25 13:45:59.801753 EST  on_interaction  : exitiummm (750077826874736770) ran /close reason:'pv 2' in #derekking-ticket-155731 (1354139744631783445) True
INFO        2025-03-25 13:46:01.607718 EST  close_command   : Closed #derekking-ticket-155731 (1354139744631783445) in 1.62s by exitiummm (750077826874736770) 62
INFO        2025-03-25 13:48:29.741788 EST  on_interaction  : lilrolls123 (776423109317361714) ran /rename name:'vpn whitelist' in #asta1541-ticket-155737 (1354148921382928424) True
INFO        2025-03-25 13:48:32.486696 EST  on_interaction  : lilrolls123 (776423109317361714) ran /private in #vpn-whitelist (1354148921382928424) True
INFO        2025-03-25 13:48:48.150573 EST  on_interaction  : reheat (409915081317679104) ran /close reason:'given' in #vpn-whitelist (1354148921382928424) True
INFO        2025-03-25 13:48:49.843891 EST  close_command   : Closed #vpn-whitelist (1354148921382928424) in 1.54s by reheat (409915081317679104) 62
INFO        2025-03-25 13:51:03.682866 EST  on_interaction  : confrontable (544952418178301974) ran /rename name:'fhook issue' in #jamie_orme-ticket-155738 (1354149313999016118) True
INFO        2025-03-25 13:53:06.984884 EST  on_interaction  : exitiummm (750077826874736770) ran /close reason:'answered' in #jacomaa-ticket-155740 (1354150314202108026) True
INFO        2025-03-25 13:53:08.577544 EST  close_command   : Closed #jacomaa-ticket-155740 (1354150314202108026) in 1.38s by exitiummm (750077826874736770) 62
INFO        2025-03-25 13:58:49.280234 EST  on_interaction  : reheat (409915081317679104) ran /close reason:'denied' in #kiril9410-ticket-155716 (1354114583459008604) True
INFO        2025-03-25 13:58:50.998195 EST  close_command   : Closed #kiril9410-ticket-155716 (1354114583459008604) in 1.52s by reheat (409915081317679104) 64
INFO        2025-03-25 13:59:25.699819 EST  on_interaction  : gcrazyy (934805715510517850) ran /close reason:'answered' in #underscoretwitch-ticket-155743 (1354152083288358963) True
INFO        2025-03-25 13:59:29.395467 EST  close_command   : Closed #underscoretwitch-ticket-155743 (1354152083288358963) in 3.48s by gcrazyy (934805715510517850) 63
INFO        2025-03-25 14:02:19.994611 EST  on_interaction  : sipx (542834884683497472) ran /close reason:'resolved' in #caobis-ticket-155637 (1353887198373478452) True
INFO        2025-03-25 14:02:21.731588 EST  close_command   : Closed #caobis-ticket-155637 (1353887198373478452) in 1.6s by sipx (542834884683497472) 63
INFO        2025-03-25 14:24:42.939767 EST  on_interaction  : lilrolls123 (776423109317361714) ran /private in #thegoat123458-ticket-155745 (1354155925765754970) True
INFO        2025-03-25 14:40:29.932547 EST  on_interaction  : llama_xd (200543436749668352) ran /close reason:'denied' in #raiz4633-ticket-155749 (1354161961012826173) True
INFO        2025-03-25 14:40:32.005579 EST  close_command   : Closed #raiz4633-ticket-155749 (1354161961012826173) in 1.84s by llama_xd (200543436749668352) 69
INFO        2025-03-25 14:41:00.634374 EST  on_interaction  : totallydone127 (515520968777793536) ran /ticket-logs user:'977960007326892142' in #totallydone127-ticket-155751 (1354162811454095653) True
INFO        2025-03-25 14:41:24.577839 EST  on_interaction  : llama_xd (200543436749668352) ran /rename name:'event buff removal' in #totallydone127-ticket-155751 (1354162811454095653) True
INFO        2025-03-25 14:41:55.753350 EST  on_interaction  : gcrazyy (934805715510517850) ran /move category:'1010777747456524338' in #adz_1-ticket-155746 (1354159809821147288) True
INFO        2025-03-25 14:44:32.811863 EST  on_interaction  : atomicog (172531164970483712) ran /close reason:'answered' in #simerance-ticket-155674 (1353945283628634112) True
INFO        2025-03-25 14:44:34.662392 EST  close_command   : Closed #simerance-ticket-155674 (1353945283628634112) in 1.66s by atomicog (172531164970483712) 68
INFO        2025-03-25 14:48:42.026812 EST  on_interaction  : atomicog (172531164970483712) ran /close reason:'answered' in #f-hook-bug (1353895004954955847) True
INFO        2025-03-25 14:48:44.042800 EST  close_command   : Closed #f-hook-bug (1353895004954955847) in 1.75s by atomicog (172531164970483712) 67
INFO        2025-03-25 14:52:03.674697 EST  on_interaction  : reheat (409915081317679104) ran /rename name:'admin' in #thegoat123458-ticket-155745 (1354155925765754970) True
INFO        2025-03-25 14:53:47.776401 EST  on_interaction  : atomicog (172531164970483712) ran /close reason:'answered' in #f-hook-bug (1353889373703245895) True
INFO        2025-03-25 14:53:50.001019 EST  close_command   : Closed #f-hook-bug (1353889373703245895) in 1.76s by atomicog (172531164970483712) 66
INFO        2025-03-25 14:55:47.238229 EST  on_interaction  : sipx (542834884683497472) ran /manage-tickets in #test-bot (935016733033525328) True
INFO        2025-03-25 14:56:07.119737 EST  on_interaction  : atomicog (172531164970483712) ran /close reason:'answered' in #fhook-replacement (1354092609114738768) True
INFO        2025-03-25 14:56:09.247325 EST  close_command   : Closed #fhook-replacement (1354092609114738768) in 1.93s by atomicog (172531164970483712) 65
INFO        2025-03-25 14:57:35.971287 EST  on_interaction  : keksmc (1193224557826412624) ran /close reason:'denied' in #kingvonreincarnate-ticket-155726 (1354131521753059420) True
INFO        2025-03-25 14:57:37.323297 EST  on_interaction  : rolith (399760511706726400) ran /close reason:'answered' in #visionnevry-ticket-155747 (1354160946599432364) True
INFO        2025-03-25 14:57:37.580482 EST  close_command   : Closed #kingvonreincarnate-ticket-155726 (1354131521753059420) in 1.4s by keksmc (1193224557826412624) 66
INFO        2025-03-25 14:57:38.926738 EST  close_command   : Closed #visionnevry-ticket-155747 (1354160946599432364) in 1.34s by rolith (399760511706726400) 65
INFO        2025-03-25 14:58:05.811976 EST  on_interaction  : reheat (409915081317679104) ran /close reason:'fixed' in #event-buff-removal (1354162811454095653) True
INFO        2025-03-25 14:58:07.531044 EST  close_command   : Closed #event-buff-removal (1354162811454095653) in 1.56s by reheat (409915081317679104) 65
INFO        2025-03-25 14:58:29.734688 EST  on_interaction  : reheat (409915081317679104) ran /close reason:'empty' in #alienbotplays-ticket-155744 (1354153425000206437) True
INFO        2025-03-25 14:58:33.858074 EST  close_command   : Closed #alienbotplays-ticket-155744 (1354153425000206437) in 3.94s by reheat (409915081317679104) 64
INFO        2025-03-25 14:58:59.948897 EST  on_interaction  : confrontable (544952418178301974) ran /rename name:'fhook refund' in #d2_rappy-ticket-155753 (1354167301565452498) True
INFO        2025-03-25 15:00:35.221248 EST  on_interaction  : reheat (409915081317679104) ran /close reason:'banned' in #ariole-ticket-155752 (1354167030835838976) True
INFO        2025-03-25 15:00:37.106321 EST  close_command   : Closed #ariole-ticket-155752 (1354167030835838976) in 1.6s by reheat (409915081317679104) 63
INFO        2025-03-25 15:00:44.621076 EST  on_interaction  : atomicog (172531164970483712) ran /close reason:'answered' in #jinkl_-ticket-155659 (1353921164983926795) True
INFO        2025-03-25 15:00:46.323644 EST  close_command   : Closed #jinkl_-ticket-155659 (1353921164983926795) in 1.49s by atomicog (172531164970483712) 62
INFO        2025-03-25 15:01:01.013150 EST  on_interaction  : llama_xd (200543436749668352) ran /rename name:'ss appeal' in #tghfudhbgfrdhgbdfhb-ticket-155742 (1354152023045439558) True
INFO        2025-03-25 15:03:41.784615 EST  on_interaction  : reheat (409915081317679104) ran /close reason:'banned the one who killed you' in #6mod-ticket-155739 (1354149916490076331) True
INFO        2025-03-25 15:03:44.514780 EST  close_command   : Closed #6mod-ticket-155739 (1354149916490076331) in 2.49s by reheat (409915081317679104) 61
INFO        2025-03-25 15:07:25.769391 EST  on_interaction  : pizzamuncher2132 (1066050892203315342) ran /close reason:'Issue resolved' in #yusuf007426-ticket-155754 (1354167465206087832) True
INFO        2025-03-25 15:07:27.344798 EST  close_command   : Closed #yusuf007426-ticket-155754 (1354167465206087832) in 1.39s by pizzamuncher2132 (1066050892203315342) 60
INFO        2025-03-25 15:08:04.900620 EST  on_interaction  : atomicog (172531164970483712) ran /close reason:'answered' in #fhook-refund (1354167301565452498) True
INFO        2025-03-25 15:08:06.515337 EST  close_command   : Closed #fhook-refund (1354167301565452498) in 1.42s by atomicog (172531164970483712) 59
INFO        2025-03-25 15:12:10.847369 EST  on_interaction  : confrontable (544952418178301974) ran /close reason:'Requested' in #insided (1353308911142440961) True
INFO        2025-03-25 15:12:12.609416 EST  close_command   : Closed #insided (1353308911142440961) in 1.57s by confrontable (544952418178301974) 58
INFO        2025-03-25 15:16:17.854469 EST  on_interaction  : atomicog (172531164970483712) ran /close reason:'answered' in #wouldst-ticket-155616 (1353865033783709826) True
INFO        2025-03-25 15:16:20.060936 EST  close_command   : Closed #wouldst-ticket-155616 (1353865033783709826) in 2.02s by atomicog (172531164970483712) 59
INFO        2025-03-25 15:18:05.008027 EST  on_interaction  : llama_xd (200543436749668352) ran /close reason:'wrong' in #deleted_user1083828102-ticket-155755 (1354171141098311721) True
INFO        2025-03-25 15:18:06.994797 EST  close_command   : Closed #deleted_user1083828102-ticket-155755 (1354171141098311721) in 1.75s by llama_xd (200543436749668352) 60
INFO        2025-03-25 15:28:59.719563 EST  on_interaction  : exitiummm (750077826874736770) ran /close reason:'sadly there is no way to unlink a mute' in #adz_1-ticket-155746 (1354159809821147288) True
INFO        2025-03-25 15:29:01.486118 EST  close_command   : Closed #adz_1-ticket-155746 (1354159809821147288) in 1.57s by exitiummm (750077826874736770) 61
INFO        2025-03-25 15:29:17.827113 EST  on_interaction  : exitiummm (750077826874736770) ran /close reason:'player bought unban' in #ss-appeal (1354152023045439558) True
INFO        2025-03-25 15:29:19.299241 EST  close_command   : Closed #ss-appeal (1354152023045439558) in 1.28s by exitiummm (750077826874736770) 60
INFO        2025-03-25 15:29:39.183800 EST  on_interaction  : exitiummm (750077826874736770) ran /close reason:'no ign or info provided in the ticket' in #mmareply-ticket-155748 (1354161404323823657) True
INFO        2025-03-25 15:29:41.948702 EST  close_command   : Closed #mmareply-ticket-155748 (1354161404323823657) in 1.54s by exitiummm (750077826874736770) 59
INFO        2025-03-25 15:38:10.505643 EST  on_interaction  : reheat (409915081317679104) ran /close reason:'denied' in #halalalawalalala-ticket-155759 (1354172508428828805) True
INFO        2025-03-25 15:38:12.477391 EST  close_command   : Closed #halalalawalalala-ticket-155759 (1354172508428828805) in 1.69s by reheat (409915081317679104) 59
INFO        2025-03-25 15:40:03.962447 EST  on_interaction  : atomicog (172531164970483712) ran /close reason:'answered' in #skellle24-ticket-155761 (1354176351384633566) True
INFO        2025-03-25 15:40:07.311934 EST  close_command   : Closed #skellle24-ticket-155761 (1354176351384633566) in 3.17s by atomicog (172531164970483712) 58
INFO        2025-03-25 16:04:53.777215 EST  on_interaction  : legendsarising (958225180604370945) ran /close reason:'denied' in #niggyboos-ticket-155728 (1354135865001246793) True
INFO        2025-03-25 16:04:55.689861 EST  close_command   : Closed #niggyboos-ticket-155728 (1354135865001246793) in 1.71s by legendsarising (958225180604370945) 60
INFO        2025-03-25 16:06:24.523228 EST  on_interaction  : mochamoat (1079983420337303552) ran /move category:'1051525603188289727' in #k1ngaspect-ticket-155762 (1354179144996487439) True
INFO        2025-03-25 16:06:31.528074 EST  on_interaction  : mochamoat (1079983420337303552) ran /rename name:'admin' in #k1ngaspect-ticket-155762 (1354179144996487439) True
INFO        2025-03-25 16:06:51.702577 EST  on_interaction  : legendsarising (958225180604370945) ran /close reason:'answered' in #tempmute-appeal (1354137183036112967) True
INFO        2025-03-25 16:06:53.357877 EST  close_command   : Closed #tempmute-appeal (1354137183036112967) in 1.45s by legendsarising (958225180604370945) 60
INFO        2025-03-25 16:15:35.339771 EST  on_interaction  : reheat (409915081317679104) ran /close reason:'swapped' in #coones-ticket-155765 (1354184431291863170) True
INFO        2025-03-25 16:15:36.839591 EST  close_command   : Closed #coones-ticket-155765 (1354184431291863170) in 1.35s by reheat (409915081317679104) 59
INFO        2025-03-25 16:15:51.546258 EST  on_interaction  : reheat (409915081317679104) ran /close reason:'I don't see a ticket open for them getting revived' in #awkjaimdlemdqkqmj-ticket-155763 (1354180604748365935) True
INFO        2025-03-25 16:15:53.265765 EST  close_command   : Closed #awkjaimdlemdqkqmj-ticket-155763 (1354180604748365935) in 1.54s by reheat (409915081317679104) 58
INFO        2025-03-25 16:16:13.644794 EST  on_interaction  : reheat (409915081317679104) ran /close reason:'If the user reporting it wants you unbanned, they can make a ticket requesting it' in #awkjaimdlemdqkqmj-ticket-155735 (1354144266519056507) True
INFO        2025-03-25 16:16:15.223504 EST  close_command   : Closed #awkjaimdlemdqkqmj-ticket-155735 (1354144266519056507) in 1.36s by reheat (409915081317679104) 57
INFO        2025-03-25 16:29:52.346728 EST  on_interaction  : totallydone127 (515520968777793536) ran /rename name:'leader transfer' in #hoodturtle-ticket-155767 (1354190288905703525) True
INFO        2025-03-25 16:48:22.811741 EST  on_interaction  : pizzamuncher2132 (1066050892203315342) ran /close reason:'answered' in #likse0049-ticket-155469 (1353641146865422376) True
INFO        2025-03-25 16:48:24.393756 EST  close_command   : Closed #likse0049-ticket-155469 (1353641146865422376) in 1.33s by pizzamuncher2132 (1066050892203315342) 64
INFO        2025-03-25 16:50:30.959435 EST  on_interaction  : pizzamuncher2132 (1066050892203315342) ran /close reason:'replaced' in #admin (1354179144996487439) True
INFO        2025-03-25 16:50:31.649152 EST  on_interaction  : totallydone127 (515520968777793536) ran /rename name:'leader transfer' in #thegenerous-ticket-155769 (1354194315798380797) True
INFO        2025-03-25 16:50:32.715939 EST  close_command   : Closed #admin (1354179144996487439) in 1.62s by pizzamuncher2132 (1066050892203315342) 64
INFO        2025-03-25 16:50:37.033168 EST  on_interaction  : rolith (399760511706726400) ran /close reason:'I need a video for it' in #asta1541-ticket-155760 (1354174265741676715) True
INFO        2025-03-25 16:50:38.599795 EST  close_command   : Closed #asta1541-ticket-155760 (1354174265741676715) in 1.38s by rolith (399760511706726400) 63
INFO        2025-03-25 16:50:54.491214 EST  on_interaction  : rolith (399760511706726400) ran /close reason:'done' in #leader-transfer (1354190288905703525) True
INFO        2025-03-25 16:50:55.989354 EST  close_command   : Closed #leader-transfer (1354190288905703525) in 1.29s by rolith (399760511706726400) 62
INFO        2025-03-25 16:51:05.945359 EST  on_interaction  : rolith (399760511706726400) ran /close reason:'that is allowed' in #neabastarca-ticket-155773 (1354195136778866915) True
INFO        2025-03-25 16:51:07.993170 EST  close_command   : Closed #neabastarca-ticket-155773 (1354195136778866915) in 1.91s by rolith (399760511706726400) 61
INFO        2025-03-25 16:51:26.827373 EST  on_interaction  : pizzamuncher2132 (1066050892203315342) ran /close reason:'issue fixed' in #realistic2769-ticket-155727 (1354131676477001789) True
INFO        2025-03-25 16:51:28.823956 EST  close_command   : Closed #realistic2769-ticket-155727 (1354131676477001789) in 1.66s by pizzamuncher2132 (1066050892203315342) 60
INFO        2025-03-25 16:52:40.981210 EST  on_interaction  : pizzamuncher2132 (1066050892203315342) ran /close reason:'replaced' in #admin (1353866055461638184) True
INFO        2025-03-25 16:52:42.865522 EST  close_command   : Closed #admin (1353866055461638184) in 1.64s by pizzamuncher2132 (1066050892203315342) 59
INFO        2025-03-25 16:53:02.552150 EST  on_interaction  : pizzamuncher2132 (1066050892203315342) ran /close reason:'Can you make a ticket with a clip regarding this situation, thanks' in #fahadytttt-ticket-154626 (1352400875359965234) True
INFO        2025-03-25 16:53:05.374993 EST  close_command   : Closed #fahadytttt-ticket-154626 (1352400875359965234) in 2.61s by pizzamuncher2132 (1066050892203315342) 58
INFO        2025-03-25 16:53:29.166896 EST  on_interaction  : rolith (399760511706726400) ran /close reason:'hood has' in #leader-transfer (1354194315798380797) True
INFO        2025-03-25 16:53:30.782062 EST  close_command   : Closed #leader-transfer (1354194315798380797) in 1.46s by rolith (399760511706726400) 58
INFO        2025-03-25 16:53:32.563456 EST  on_interaction  : pizzamuncher2132 (1066050892203315342) ran /close reason:'Answered' in #santyrohe-ticket-155479 (1353702379404394568) True
INFO        2025-03-25 16:53:34.881417 EST  close_command   : Closed #santyrohe-ticket-155479 (1353702379404394568) in 2.13s by pizzamuncher2132 (1066050892203315342) 57
INFO        2025-03-25 16:53:42.537470 EST  on_interaction  : pizzamuncher2132 (1066050892203315342) ran /close reason:'answered + issue resolved' in #pack-issue (1350542327315431424) True
INFO        2025-03-25 16:53:44.485760 EST  close_command   : Closed #pack-issue (1350542327315431424) in 1.8s by pizzamuncher2132 (1066050892203315342) 56
INFO        2025-03-25 16:54:21.579958 EST  on_interaction  : thegenerous (198263506313805824) ran /close reason:'no information entered' in #thegodgreengo_84323-ticket-155768 (1354191698888097822) True
INFO        2025-03-25 16:54:23.305950 EST  close_command   : Closed #thegodgreengo_84323-ticket-155768 (1354191698888097822) in 1.54s by thegenerous (198263506313805824) 55
INFO        2025-03-25 16:56:29.948747 EST  on_interaction  : rolith (399760511706726400) ran /close reason:'accepted' in #mmareply-ticket-155764 (1354182019294171352) True
INFO        2025-03-25 16:56:31.901088 EST  close_command   : Closed #mmareply-ticket-155764 (1354182019294171352) in 1.73s by rolith (399760511706726400) 54
INFO        2025-03-25 16:57:17.900577 EST  on_interaction  : rolith (399760511706726400) ran /close reason:'accepted' in #userss-ticket-155774 (1354195687306297354) True
INFO        2025-03-25 16:57:19.528295 EST  close_command   : Closed #userss-ticket-155774 (1354195687306297354) in 1.39s by rolith (399760511706726400) 53
INFO        2025-03-25 16:57:53.752198 EST  on_interaction  : rolith (399760511706726400) ran /close reason:'atomic is looking into' in #restorable-ticket-155770 (1354194714190156103) True
INFO        2025-03-25 16:57:55.429841 EST  close_command   : Closed #restorable-ticket-155770 (1354194714190156103) in 1.5s by rolith (399760511706726400) 52
INFO        2025-03-25 16:58:10.038897 EST  on_interaction  : rolith (399760511706726400) ran /close reason:'atomic is looking into' in #sweetbonanzacat28-ticket-155772 (1354195050753560759) True
INFO        2025-03-25 16:58:11.900169 EST  close_command   : Closed #sweetbonanzacat28-ticket-155772 (1354195050753560759) in 1.7s by rolith (399760511706726400) 51
INFO        2025-03-25 16:59:56.094856 EST  on_interaction  : rolith (399760511706726400) ran /close reason:'answered' in #rolith (1353312605585932308) True
INFO        2025-03-25 16:59:58.039610 EST  close_command   : Closed #rolith (1353312605585932308) in 1.74s by rolith (399760511706726400) 51
INFO        2025-03-25 17:17:45.338929 EST  on_interaction  : llama_xd (200543436749668352) ran /close reason:'denied' in #esatcan16-ticket-155776 (1354197728527122545) True
INFO        2025-03-25 17:17:48.435281 EST  close_command   : Closed #esatcan16-ticket-155776 (1354197728527122545) in 2.91s by llama_xd (200543436749668352) 52
INFO        2025-03-25 17:18:58.766517 EST  on_interaction  : _matiass. (638734404402806815) ran /close reason:'Denied' in #ariole-ticket-155758 (1354172420470214857) True
INFO        2025-03-25 17:19:00.208900 EST  close_command   : Closed #ariole-ticket-155758 (1354172420470214857) in 1.22s by _matiass. (638734404402806815) 51
INFO        2025-03-25 17:20:06.784281 EST  on_interaction  : llama_xd (200543436749668352) ran /move category:'1010777747456524338' in #awkjaimdlemdqkqmj-ticket-155766 (1354187348170244228) True
INFO        2025-03-25 17:20:14.572582 EST  on_interaction  : llama_xd (200543436749668352) ran /ticket-logs user:'1028144898391670825' in #awkjaimdlemdqkqmj-ticket-155766 (1354187348170244228) True
INFO        2025-03-25 17:22:00.757176 EST  on_interaction  : confrontable (544952418178301974) ran /rename name:'tourney winner' in #cub1554-ticket-155778 (1354202139647283320) True
INFO        2025-03-25 17:27:48.711783 EST  on_interaction  : reheat (409915081317679104) ran /rename name:'cant buy krakenplus' in #tayuko-ticket-155781 (1354203872729764174) True
INFO        2025-03-25 17:29:07.768693 EST  on_interaction  : reheat (409915081317679104) ran /close reason:'fixed' in #crelyks-ticket-155779 (1354203545414537328) True
INFO        2025-03-25 17:29:09.390081 EST  close_command   : Closed #crelyks-ticket-155779 (1354203545414537328) in 1.48s by reheat (409915081317679104) 55
INFO        2025-03-25 17:29:48.097199 EST  on_interaction  : reheat (409915081317679104) ran /close reason:'swapped' in #tourney-winner (1354202139647283320) True
INFO        2025-03-25 17:29:50.238228 EST  close_command   : Closed #tourney-winner (1354202139647283320) in 1.97s by reheat (409915081317679104) 55
INFO        2025-03-25 17:29:50.481731 EST  on_interaction  : keksmc (1193224557826412624) ran /close reason:'duplicate' in #killermaxhine_30023-ticket-155783 (1354205421665124374) True
INFO        2025-03-25 17:29:54.091972 EST  close_command   : Closed #killermaxhine_30023-ticket-155783 (1354205421665124374) in 3.44s by keksmc (1193224557826412624) 54
INFO        2025-03-25 17:30:26.585950 EST  on_interaction  : reheat (409915081317679104) ran /close reason:'There's no ETA on when reset is happening, keep an eye on announcements channel' in #abscott-ticket-155777 (1354202089085075546) True
INFO        2025-03-25 17:30:28.631694 EST  close_command   : Closed #abscott-ticket-155777 (1354202089085075546) in 1.9s by reheat (409915081317679104) 53
INFO        2025-03-25 17:37:11.012397 EST  on_interaction  : thegenerous (198263506313805824) ran /rename name:'unlink-punishment' in #cromeey37-ticket-155784 (1354205606768279595) True
INFO        2025-03-25 17:37:13.820551 EST  on_interaction  : thegenerous (198263506313805824) ran /move category:'1010777747456524338' in #unlink-punishment (1354205606768279595) True
INFO        2025-03-25 17:41:11.293521 EST  on_interaction  : confrontable (544952418178301974) ran /close reason:'Requested' in #slyy2-ticket-155785 (1354206767273349250) True
INFO        2025-03-25 17:41:13.265578 EST  close_command   : Closed #slyy2-ticket-155785 (1354206767273349250) in 1.81s by confrontable (544952418178301974) 55
INFO        2025-03-25 17:42:59.678018 EST  on_interaction  : killermaxhine._30023 (1268250532867211396) ran /tickets-reload cog:'Logs' in #Direct Message with Minecadia Tickets#0315 (1354205668952903760) True
INFO        2025-03-25 17:45:05.378973 EST  on_interaction  : atomicog (172531164970483712) ran /ticket-logs user:'771987889537679398' in #𝖲𝗍𝖺𝖿𝖿-𝖢𝗈𝗆𝗆𝖺𝗇𝖽𝗌 (918905638464127016) True
INFO        2025-03-25 17:45:56.386323 EST  on_interaction  : atomicog (172531164970483712) ran /ticket-logs user:'409915081317679104' in #𝖲𝗍𝖺𝖿𝖿-𝖢𝗈𝗆𝗆𝖺𝗇𝖽𝗌 (918905638464127016) True
INFO        2025-03-25 17:51:25.584927 EST  on_interaction  : atomicog (172531164970483712) ran /close reason:'answered' in #ronron100-ticket-155771 (1354194729843298467) True
INFO        2025-03-25 17:51:27.167459 EST  close_command   : Closed #ronron100-ticket-155771 (1354194729843298467) in 1.41s by atomicog (172531164970483712) 55
INFO        2025-03-25 17:54:29.709175 EST  on_interaction  : atomicog (172531164970483712) ran /close reason:'answered' in #slyy2-ticket-155788 (1354208531150016654) True
INFO        2025-03-25 17:54:31.165456 EST  close_command   : Closed #slyy2-ticket-155788 (1354208531150016654) in 1.28s by atomicog (172531164970483712) 54
INFO        2025-03-25 18:19:56.950286 EST  on_interaction  : snack6133 (637766719095439380) ran /move category:'1009740448128045149' in #mmareply-ticket-155780 (1354203598233276576) True
INFO        2025-03-25 18:30:08.855794 EST  on_interaction  : reheat (409915081317679104) ran /private in #ariole-ticket-155793 (1354219116059164813) True
INFO        2025-03-25 18:30:36.739894 EST  on_interaction  : reheat (409915081317679104) ran /close reason:'empty' in #killermaxhine_30023-ticket-155782 (1354205374554837123) True
INFO        2025-03-25 18:30:38.349685 EST  close_command   : Closed #killermaxhine_30023-ticket-155782 (1354205374554837123) in 1.41s by reheat (409915081317679104) 58
INFO        2025-03-25 18:51:04.889610 EST  on_interaction  : sonnix (150040606251417601) ran /close reason:'Resolved & refunded' in #sully1407-ticket-155542 (1353807002383552606) True
INFO        2025-03-25 18:51:06.796029 EST  close_command   : Closed #sully1407-ticket-155542 (1353807002383552606) in 1.69s by sonnix (150040606251417601) 60
INFO        2025-03-25 18:51:58.278025 EST  on_interaction  : confrontable (544952418178301974) ran /rename name:'arcade bug' in #frantic69-ticket-155796 (1354223659392176200) True
INFO        2025-03-25 18:52:05.880329 EST  on_interaction  : confrontable (544952418178301974) ran /move category:'1047710462176940032' in #arcade-bug (1354223659392176200) True
INFO        2025-03-25 18:54:49.307406 EST  on_interaction  : xinkuu (901608730452426782) ran /close reason:'unbanned' in #cooldownbro-ticket-155797 (1354226324025118842) True
INFO        2025-03-25 18:54:51.120711 EST  close_command   : Closed #cooldownbro-ticket-155797 (1354226324025118842) in 1.61s by xinkuu (901608730452426782) 62
INFO        2025-03-25 18:54:56.923568 EST  on_interaction  : snack6133 (637766719095439380) ran /rename name:'star items duels' in #xental_-ticket-155799 (1354226805954838618) True
INFO        2025-03-25 18:55:19.571744 EST  on_interaction  : xinkuu (901608730452426782) ran /close reason:'denied' in #esatcan16-ticket-155791 (1354216194386694296) True
INFO        2025-03-25 18:55:22.587781 EST  close_command   : Closed #esatcan16-ticket-155791 (1354216194386694296) in 1.59s by xinkuu (901608730452426782) 61
INFO        2025-03-25 18:55:42.718763 EST  on_interaction  : xinkuu (901608730452426782) ran /close reason:'answered' in #kiril9410-ticket-155795 (1354223138296041522) True
INFO        2025-03-25 18:55:44.076295 EST  close_command   : Closed #kiril9410-ticket-155795 (1354223138296041522) in 1.13s by xinkuu (901608730452426782) 61
INFO        2025-03-25 18:58:36.325051 EST  on_interaction  : snack6133 (637766719095439380) ran /close reason:'answered' in #xoxoxoxoxoxoxox0-ticket-155787 (1354207384339480879) True
INFO        2025-03-25 18:58:38.306559 EST  close_command   : Closed #xoxoxoxoxoxoxox0-ticket-155787 (1354207384339480879) in 1.65s by snack6133 (637766719095439380) 61
INFO        2025-03-25 19:02:15.029067 EST  on_interaction  : xinkuu (901608730452426782) ran /close reason:'answered' in #esatcan16-ticket-155801 (1354227414615461950) True
INFO        2025-03-25 19:02:16.750179 EST  close_command   : Closed #esatcan16-ticket-155801 (1354227414615461950) in 1.43s by xinkuu (901608730452426782) 60
INFO        2025-03-25 19:03:31.712475 EST  on_interaction  : snack6133 (637766719095439380) ran /rename name:'rank check' in #mmareply-ticket-155802 (1354229159571882196) True
INFO        2025-03-25 19:05:46.663470 EST  on_interaction  : xinkuu (901608730452426782) ran /close reason:'last chance' in #esatcan16-ticket-155802 (1354229146611355658) True
INFO        2025-03-25 19:05:48.279464 EST  close_command   : Closed #esatcan16-ticket-155802 (1354229146611355658) in 1.39s by xinkuu (901608730452426782) 61
INFO        2025-03-25 19:06:10.278021 EST  on_interaction  : xinkuu (901608730452426782) ran /close reason:'answered' in #rank-check (1354229159571882196) True
INFO        2025-03-25 19:06:11.827590 EST  close_command   : Closed #rank-check (1354229159571882196) in 1.33s by xinkuu (901608730452426782) 60
INFO        2025-03-25 19:14:15.887565 EST  on_interaction  : snack6133 (637766719095439380) ran /close reason:'requested' in #pologurululu_21556-ticket-155800 (1354227186999099512) True
INFO        2025-03-25 19:14:17.418754 EST  close_command   : Closed #pologurululu_21556-ticket-155800 (1354227186999099512) in 1.39s by snack6133 (637766719095439380) 60
INFO        2025-03-25 19:25:40.834506 EST  on_interaction  : sonnix (150040606251417601) ran /ticket-logs user:'492028532428636162' in #mmareply-ticket-155807 (1354233442665234532) True
INFO        2025-03-25 19:26:25.294971 EST  on_interaction  : sonnix (150040606251417601) ran /close reason:'Yes, that user is perm kraken' in #mmareply-ticket-155807 (1354233442665234532) True
INFO        2025-03-25 19:26:26.742447 EST  close_command   : Closed #mmareply-ticket-155807 (1354233442665234532) in 1.27s by sonnix (150040606251417601) 62
INFO        2025-03-25 19:29:15.851832 EST  on_interaction  : snack6133 (637766719095439380) ran /close reason:'settled by itself' in #zaneninja626-ticket-155806 (1354233353792131264) True
INFO        2025-03-25 19:29:17.681002 EST  close_command   : Closed #zaneninja626-ticket-155806 (1354233353792131264) in 1.61s by snack6133 (637766719095439380) 61
INFO        2025-03-25 19:38:33.828511 EST  on_interaction  : legendsarising (958225180604370945) ran /close reason:'answere' in #desktopmist2089-ticket-155792 (1354218443167109280) True
INFO        2025-03-25 19:38:35.334334 EST  close_command   : Closed #desktopmist2089-ticket-155792 (1354218443167109280) in 1.31s by legendsarising (958225180604370945) 60
INFO        2025-03-25 19:39:10.381516 EST  on_interaction  : legendsarising (958225180604370945) ran /close reason:'answered' in #sweatybomb-ticket-155804 (1354230247419285554) True
INFO        2025-03-25 19:39:12.160344 EST  close_command   : Closed #sweatybomb-ticket-155804 (1354230247419285554) in 1.58s by legendsarising (958225180604370945) 59
INFO        2025-03-25 19:40:09.125536 EST  on_interaction  : legendsarising (958225180604370945) ran /close reason:'denied' in #wh25_-ticket-155786 (1354206852484698373) True
INFO        2025-03-25 19:40:10.965508 EST  close_command   : Closed #wh25_-ticket-155786 (1354206852484698373) in 1.61s by legendsarising (958225180604370945) 58
INFO        2025-03-25 19:41:36.194392 EST  on_interaction  : legendsarising (958225180604370945) ran /close reason:'Denied due to aim assist present in the revive requests' in #pokemongo182-ticket-155790 (1354214999899377784) True
INFO        2025-03-25 19:41:37.779455 EST  close_command   : Closed #pokemongo182-ticket-155790 (1354214999899377784) in 1.41s by legendsarising (958225180604370945) 57
INFO        2025-03-25 19:42:05.357352 EST  on_interaction  : legendsarising (958225180604370945) ran /close reason:'already denied do not make another ticket regarding this or u will be timed out/blacklisted from tickets' in #niggyboos-ticket-155798 (1354226769317593259) True
INFO        2025-03-25 19:42:07.512847 EST  close_command   : Closed #niggyboos-ticket-155798 (1354226769317593259) in 1.93s by legendsarising (958225180604370945) 56
INFO        2025-03-25 19:46:33.590071 EST  on_interaction  : legendsarising (958225180604370945) ran /close reason:'answered' in #sweatybomb-ticket-155808 (1354238998427730075) True
INFO        2025-03-25 19:46:35.560069 EST  close_command   : Closed #sweatybomb-ticket-155808 (1354238998427730075) in 1.75s by legendsarising (958225180604370945) 57
INFO        2025-03-25 19:59:26.848777 EST  on_interaction  : snack6133 (637766719095439380) ran /rename name:'snowman pet issue' in #sweatybomb-ticket-155810 (1354240461191118868) True
INFO        2025-03-25 19:59:31.000167 EST  on_interaction  : snack6133 (637766719095439380) ran /move category:'1009882045901721720' in #snowman-pet-issue (1354240461191118868) True
INFO        2025-03-25 19:59:38.374220 EST  on_interaction  : snack6133 (637766719095439380) ran /rename name:'snowman mask issue' in #snowman-pet-issue (1354240461191118868) True
INFO        2025-03-25 20:01:05.918158 EST  on_interaction  : legendsarising (958225180604370945) ran /close reason:'answered' in #snowman-mask-issue (1354240461191118868) True
INFO        2025-03-25 20:01:07.389405 EST  close_command   : Closed #snowman-mask-issue (1354240461191118868) in 1.23s by legendsarising (958225180604370945) 61
INFO        2025-03-25 20:01:22.797688 EST  on_interaction  : legendsarising (958225180604370945) ran /close reason:'answered' in #epsaaa-ticket-155811 (1354240722349330462) True
INFO        2025-03-25 20:01:24.449130 EST  close_command   : Closed #epsaaa-ticket-155811 (1354240722349330462) in 1.44s by legendsarising (958225180604370945) 60
INFO        2025-03-25 20:02:37.578638 EST  on_interaction  : legendsarising (958225180604370945) ran /close reason:'answered/denied' in #asadadawfasfg-ticket-155812 (1354241216178290699) True
INFO        2025-03-25 20:02:39.313983 EST  close_command   : Closed #asadadawfasfg-ticket-155812 (1354241216178290699) in 1.47s by legendsarising (958225180604370945) 59
INFO        2025-03-25 20:06:13.870650 EST  on_interaction  : exitiummm (750077826874736770) ran /rename name:'vpn whitelist' in #gabriels3902-ticket-155815 (1354244339689062532) True
INFO        2025-03-25 20:12:23.357687 EST  on_interaction  : snack6133 (637766719095439380) ran /private in #vpn-whitelist (1354244339689062532) True
INFO        2025-03-25 20:13:36.842047 EST  on_interaction  : sonnix (150040606251417601) ran /close reason:'Resolved & refunded to the player' in #gk-expiry (1353923650176417894) True
INFO        2025-03-25 20:13:38.624344 EST  close_command   : Closed #gk-expiry (1353923650176417894) in 1.5s by sonnix (150040606251417601) 59
INFO        2025-03-25 20:14:27.214797 EST  on_interaction  : reheat (409915081317679104) ran /close reason:'given' in #vpn-whitelist (1354244339689062532) True
INFO        2025-03-25 20:14:28.861933 EST  close_command   : Closed #vpn-whitelist (1354244339689062532) in 1.47s by reheat (409915081317679104) 58
INFO        2025-03-25 20:21:02.324168 EST  on_interaction  : sonnix (150040606251417601) ran /close reason:'Resolved & added to our bug list' in #minkk-ticket-155809 (1354239562460696627) True
INFO        2025-03-25 20:21:04.163129 EST  close_command   : Closed #minkk-ticket-155809 (1354239562460696627) in 1.6s by sonnix (150040606251417601) 58
INFO        2025-03-25 20:32:32.266291 EST  on_interaction  : reheat (409915081317679104) ran /close reason:'empty' in #frantic69-ticket-155814 (1354243135441473738) True
INFO        2025-03-25 20:32:34.147178 EST  close_command   : Closed #frantic69-ticket-155814 (1354243135441473738) in 1.68s by reheat (409915081317679104) 58
INFO        2025-03-25 20:44:06.507927 EST  on_interaction  : sonnix (150040606251417601) ran /close reason:'Resolved & hooks fixed' in #peppa1565-ticket-155805 (1354232071261913118) True
INFO        2025-03-25 20:44:09.659165 EST  close_command   : Closed #peppa1565-ticket-155805 (1354232071261913118) in 2.96s by sonnix (150040606251417601) 58
INFO        2025-03-25 20:49:47.489299 EST  on_interaction  : reheat (409915081317679104) ran /close reason:'pv1' in #illegal-arcade-items (1353726315542483006) True
INFO        2025-03-25 20:49:49.663157 EST  close_command   : Closed #illegal-arcade-items (1353726315542483006) in 1.98s by reheat (409915081317679104) 57
INFO        2025-03-25 20:53:03.962691 EST  on_interaction  : exitiummm (750077826874736770) ran /close reason:'denied' in #frostdesire-ticket-155794 (1354222226903138505) True
INFO        2025-03-25 20:53:05.743087 EST  close_command   : Closed #frostdesire-ticket-155794 (1354222226903138505) in 1.58s by exitiummm (750077826874736770) 56
INFO        2025-03-25 20:54:05.365441 EST  on_interaction  : exitiummm (750077826874736770) ran /close reason:'added to bal' in #mmareply-ticket-155780 (1354203598233276576) True
INFO        2025-03-25 20:54:07.238269 EST  close_command   : Closed #mmareply-ticket-155780 (1354203598233276576) in 1.63s by exitiummm (750077826874736770) 55
INFO        2025-03-25 20:59:31.254163 EST  on_interaction  : snack6133 (637766719095439380) ran /rename name:'chat logs' in #zionlikesmen-ticket-155819 (1354257538610237530) True
INFO        2025-03-25 21:14:37.233485 EST  on_interaction  : exitiummm (750077826874736770) ran /close reason:'fixed' in #cant-buy-krakenplus (1354203872729764174) True
INFO        2025-03-25 21:14:38.773537 EST  close_command   : Closed #cant-buy-krakenplus (1354203872729764174) in 1.29s by exitiummm (750077826874736770) 59
INFO        2025-03-25 21:16:45.411855 EST  on_interaction  : exitiummm (750077826874736770) ran /close reason:'answered' in #ariole-ticket-155793 (1354219116059164813) True
INFO        2025-03-25 21:16:47.088300 EST  close_command   : Closed #ariole-ticket-155793 (1354219116059164813) in 1.45s by exitiummm (750077826874736770) 59
INFO        2025-03-25 21:17:38.239861 EST  on_interaction  : exitiummm (750077826874736770) ran /move category:'948592775669121034' in #awkjaimdlemdqkqmj-ticket-155766 (1354187348170244228) True
INFO        2025-03-25 21:18:12.117326 EST  on_interaction  : exitiummm (750077826874736770) ran /close reason:'fixed' in #unlink-punishment (1354205606768279595) True
INFO        2025-03-25 21:18:13.916289 EST  close_command   : Closed #unlink-punishment (1354205606768279595) in 1.59s by exitiummm (750077826874736770) 60
INFO        2025-03-25 21:22:16.476785 EST  on_interaction  : snack6133 (637766719095439380) ran /rename name:'bclaim removal' in #twofknscoops-ticket-155825 (1354263029457354846) True
INFO        2025-03-25 21:22:59.416908 EST  on_interaction  : exitiummm (750077826874736770) ran /close reason:'denied' in #brentkk-ticket-155813 (1354241605883920414) True
INFO        2025-03-25 21:23:01.541140 EST  close_command   : Closed #brentkk-ticket-155813 (1354241605883920414) in 1.92s by exitiummm (750077826874736770) 59
INFO        2025-03-25 21:25:14.103570 EST  on_interaction  : exitiummm (750077826874736770) ran /close reason:'accepted' in #sweatybomb-ticket-155821 (1354258917693194443) True
INFO        2025-03-25 21:25:15.636482 EST  close_command   : Closed #sweatybomb-ticket-155821 (1354258917693194443) in 1.28s by exitiummm (750077826874736770) 58
INFO        2025-03-25 21:25:38.494534 EST  on_interaction  : snack6133 (637766719095439380) ran /rename name:'voyage loot' in #totallydone127-ticket-155823 (1354261843689869506) True
INFO        2025-03-25 21:25:41.396949 EST  on_interaction  : snack6133 (637766719095439380) ran /move category:'1009740448128045149' in #voyage-loot (1354261843689869506) True
INFO        2025-03-25 21:26:14.960054 EST  on_interaction  : lilrolls123 (776423109317361714) ran /move category:'1009740448128045149' in #sweatybomb-ticket-155827 (1354265016320266291) True
INFO        2025-03-25 21:26:17.802405 EST  on_interaction  : exitiummm (750077826874736770) ran /close reason:'added to his bal' in #saup-ticket-155822 (1354260088868835338) True
INFO        2025-03-25 21:26:19.377955 EST  close_command   : Closed #saup-ticket-155822 (1354260088868835338) in 1.41s by exitiummm (750077826874736770) 59
INFO        2025-03-25 21:26:54.065314 EST  on_interaction  : snack6133 (637766719095439380) ran /rename name:'snow golem pet' in #sweatybomb-ticket-155816 (1354248023860838572) True
INFO        2025-03-25 21:26:57.142256 EST  on_interaction  : snack6133 (637766719095439380) ran /move category:'1009882045901721720' in #snow-golem-pet (1354248023860838572) True
INFO        2025-03-25 21:27:42.242321 EST  on_interaction  : reheat (409915081317679104) ran /close reason:'solved' in #reheat-ticket-155592 (1353841170362667092) True
INFO        2025-03-25 21:27:44.338686 EST  close_command   : Closed #reheat-ticket-155592 (1353841170362667092) in 1.87s by reheat (409915081317679104) 58
INFO        2025-03-25 21:28:12.129773 EST  on_interaction  : exitiummm (750077826874736770) ran /close reason:'answered' in #psychtaz3-ticket-155828 (1354265044455788605) True
INFO        2025-03-25 21:28:14.232423 EST  close_command   : Closed #psychtaz3-ticket-155828 (1354265044455788605) in 1.92s by exitiummm (750077826874736770) 57
INFO        2025-03-25 21:28:23.943941 EST  on_interaction  : exitiummm (750077826874736770) ran /close reason:'this should be dealt with' in #bclaim-removal (1354263029457354846) True
INFO        2025-03-25 21:28:25.705869 EST  close_command   : Closed #bclaim-removal (1354263029457354846) in 1.53s by exitiummm (750077826874736770) 56
INFO        2025-03-25 21:28:52.876042 EST  on_interaction  : reheat (409915081317679104) ran /close reason:'it will be looked into once someone is around to' in #frantic69-ticket-155820 (1354258555972227211) True
INFO        2025-03-25 21:28:54.646956 EST  close_command   : Closed #frantic69-ticket-155820 (1354258555972227211) in 1.56s by reheat (409915081317679104) 55
INFO        2025-03-25 21:29:32.396605 EST  on_interaction  : snack6133 (637766719095439380) ran /add user:'515520968777793536' in #beheldop-ticket-155750 (1354162781758296256) True
INFO        2025-03-25 21:30:03.369677 EST  on_interaction  : snack6133 (637766719095439380) ran /rename name:'missing needle' in #minkk-ticket-155826 (1354263040559812699) True
INFO        2025-03-25 21:30:25.437422 EST  on_interaction  : reheat (409915081317679104) ran /close reason:'user isnt banned' in #awkjaimdlemdqkqmj-ticket-155766 (1354187348170244228) True
INFO        2025-03-25 21:30:26.899704 EST  close_command   : Closed #awkjaimdlemdqkqmj-ticket-155766 (1354187348170244228) in 1.29s by reheat (409915081317679104) 54
INFO        2025-03-25 21:35:00.498809 EST  on_interaction  : snack6133 (637766719095439380) ran /rename name:'arcade issue' in #frantic69-ticket-155624 (1353873343987847269) True
INFO        2025-03-25 21:35:14.563200 EST  on_interaction  : snack6133 (637766719095439380) ran /rename name:'vanilla world enchants' in #sqeeties-ticket-155710 (1354099403413262467) True
INFO        2025-03-25 21:35:25.719073 EST  on_interaction  : snack6133 (637766719095439380) ran /rename name:'spawners' in #blaka47-ticket-155817 (1354250858002645022) True
INFO        2025-03-25 21:48:48.258188 EST  on_interaction  : rolith (399760511706726400) ran /close reason:'answered' in #beheldop-ticket-155750 (1354162781758296256) True
INFO        2025-03-25 21:48:49.827412 EST  close_command   : Closed #beheldop-ticket-155750 (1354162781758296256) in 1.36s by rolith (399760511706726400) 54
INFO        2025-03-25 21:49:06.310313 EST  on_interaction  : snack6133 (637766719095439380) ran /ticket-logs user:'1001155430698991636' in #𝖲𝗍𝖺𝖿𝖿-𝖢𝗈𝗆𝗆𝖺𝗇𝖽𝗌 (918905638464127016) True
INFO        2025-03-25 21:49:17.161961 EST  on_interaction  : exitiummm (750077826874736770) ran /close reason:'it is not fixed no' in #star-items-duels (1354226805954838618) True
INFO        2025-03-25 21:49:18.933594 EST  close_command   : Closed #star-items-duels (1354226805954838618) in 1.6s by exitiummm (750077826874736770) 53
INFO        2025-03-25 21:50:41.543078 EST  on_interaction  : exitiummm (750077826874736770) ran /close reason:'accepted' in #chat-logs (1354257538610237530) True
INFO        2025-03-25 21:50:43.720628 EST  close_command   : Closed #chat-logs (1354257538610237530) in 1.99s by exitiummm (750077826874736770) 52
INFO        2025-03-25 21:52:12.231824 EST  on_interaction  : rolith (399760511706726400) ran /close reason:'make a suggestion' in #beheldop-ticket-155830 (1354271477876133998) True
INFO        2025-03-25 21:52:13.707046 EST  close_command   : Closed #beheldop-ticket-155830 (1354271477876133998) in 1.26s by rolith (399760511706726400) 52
INFO        2025-03-25 21:54:05.911529 EST  on_interaction  : exitiummm (750077826874736770) ran /close reason:'pv 1' in #voyage-loot (1354261843689869506) True
INFO        2025-03-25 21:54:07.749012 EST  close_command   : Closed #voyage-loot (1354261843689869506) in 1.63s by exitiummm (750077826874736770) 52
INFO        2025-03-25 22:07:30.850934 EST  on_interaction  : rolith (399760511706726400) ran /close reason:'sent to the ss team' in #jajajjaajajaja-ticket-155829 (1354270730040246494) True
INFO        2025-03-25 22:07:32.896059 EST  close_command   : Closed #jajajjaajajaja-ticket-155829 (1354270730040246494) in 1.86s by rolith (399760511706726400) 53
INFO        2025-03-25 22:09:35.874784 EST  on_interaction  : rolith (399760511706726400) ran /close reason:'in your inventory' in #sweatybomb-ticket-155827 (1354265016320266291) True
INFO        2025-03-25 22:09:38.099892 EST  close_command   : Closed #sweatybomb-ticket-155827 (1354265016320266291) in 2.03s by rolith (399760511706726400) 52
INFO        2025-03-25 22:10:11.570594 EST  on_interaction  : rolith (399760511706726400) ran /close reason:'going to need to ss' in #ariole-ticket-155824 (1354262485766766735) True
INFO        2025-03-25 22:10:13.023834 EST  close_command   : Closed #ariole-ticket-155824 (1354262485766766735) in 1.23s by rolith (399760511706726400) 52
INFO        2025-03-25 22:16:25.901868 EST  on_interaction  : reheat (409915081317679104) ran /close reason:'we don't revive for getting stuck in blocks' in #21312211-ticket-155834 (1354276169205289144) True
INFO        2025-03-25 22:16:27.645360 EST  close_command   : Closed #21312211-ticket-155834 (1354276169205289144) in 1.56s by reheat (409915081317679104) 52
INFO        2025-03-25 22:45:07.468289 EST  on_interaction  : exitiummm (750077826874736770) ran /close reason:'answered' in #declandmc-ticket-155835 (1354277444198207721) True
INFO        2025-03-25 22:45:10.236176 EST  close_command   : Closed #declandmc-ticket-155835 (1354277444198207721) in 2.5s by exitiummm (750077826874736770) 56
INFO        2025-03-25 22:45:19.494544 EST  on_interaction  : exitiummm (750077826874736770) ran /close reason:'accident' in #fafafafaffafafafa-ticket-155840 (1354284600293199985) True
INFO        2025-03-25 22:45:21.063440 EST  close_command   : Closed #fafafafaffafafafa-ticket-155840 (1354284600293199985) in 1.38s by exitiummm (750077826874736770) 55
INFO        2025-03-25 22:48:36.255608 EST  on_interaction  : llama_xd (200543436749668352) ran /close reason:'no evidence' in #projectia_-ticket-155833 (1354274605354975442) True
INFO        2025-03-25 22:48:37.832446 EST  close_command   : Closed #projectia_-ticket-155833 (1354274605354975442) in 1.39s by llama_xd (200543436749668352) 54
INFO        2025-03-25 23:12:24.763460 EST  on_interaction  : legendsarising (958225180604370945) ran /close reason:'answere' in #foonox-ticket-155837 (1354279088847847495) True
INFO        2025-03-25 23:12:26.157415 EST  close_command   : Closed #foonox-ticket-155837 (1354279088847847495) in 1.24s by legendsarising (958225180604370945) 56
INFO        2025-03-25 23:13:27.780615 EST  on_interaction  : legendsarising (958225180604370945) ran /close reason:'answered' in #ariole-ticket-155836 (1354278673133604926) True
INFO        2025-03-25 23:13:29.180325 EST  close_command   : Closed #ariole-ticket-155836 (1354278673133604926) in 1.2s by legendsarising (958225180604370945) 55
INFO        2025-03-25 23:13:50.973797 EST  on_interaction  : legendsarising (958225180604370945) ran /close reason:'denied' in #jasonasf-ticket-155842 (1354290165400469597) True
INFO        2025-03-25 23:13:52.559304 EST  close_command   : Closed #jasonasf-ticket-155842 (1354290165400469597) in 1.4s by legendsarising (958225180604370945) 54
INFO        2025-03-25 23:17:00.120044 EST  on_interaction  : thegenerous (198263506313805824) ran /rename name:'vpn-whitelist-request' in #kuratongx089-ticket-155843 (1354291801535545384) True
INFO        2025-03-25 23:17:01.745471 EST  on_interaction  : thegenerous (198263506313805824) ran /private in #vpn-whitelist-request (1354291801535545384) True
INFO        2025-03-25 23:38:36.263908 EST  on_interaction  : snack6133 (637766719095439380) ran /close reason:'resolved' in #spawners (1354250858002645022) True
INFO        2025-03-25 23:38:38.190522 EST  close_command   : Closed #spawners (1354250858002645022) in 1.63s by snack6133 (637766719095439380) 55
INFO        2025-03-25 23:58:13.883133 EST  on_interaction  : lilrolls123 (776423109317361714) ran /move category:'1009574363915370620' in #sweatybomb-ticket-155841 (1354290033019850905) True
INFO        2025-03-26 00:03:18.987033 EST  on_interaction  : thegenerous (198263506313805824) ran /rename name:'faction-bundle' in #spedbas69-ticket-155847 (1354304516035580027) True
INFO        2025-03-26 00:03:41.358572 EST  on_interaction  : exitiummm (750077826874736770) ran /close reason:'done' in #vpn-whitelist-request (1354291801535545384) True
INFO        2025-03-26 00:03:43.178466 EST  close_command   : Closed #vpn-whitelist-request (1354291801535545384) in 1.61s by exitiummm (750077826874736770) 56
INFO        2025-03-26 00:09:10.094709 EST  on_interaction  : exitiummm (750077826874736770) ran /close reason:'answered read' in #faction-bundle (1354304516035580027) True
INFO        2025-03-26 00:09:11.671096 EST  close_command   : Closed #faction-bundle (1354304516035580027) in 1.38s by exitiummm (750077826874736770) 56
INFO        2025-03-26 00:10:54.860941 EST  on_interaction  : lilrolls123 (776423109317361714) ran /rename name:'credits check' in #coones-ticket-155849 (1354306379388682323) True
INFO        2025-03-26 00:13:25.530907 EST  on_interaction  : exitiummm (750077826874736770) ran /close reason:'13k credits' in #credits-check (1354306379388682323) True
INFO        2025-03-26 00:13:27.048946 EST  close_command   : Closed #credits-check (1354306379388682323) in 1.33s by exitiummm (750077826874736770) 56
INFO        2025-03-26 00:15:12.773691 EST  on_interaction  : exitiummm (750077826874736770) ran /close reason:'pv 1' in #ppuggy-ticket-155832 (1354272967957155850) True
INFO        2025-03-26 00:15:14.631438 EST  close_command   : Closed #ppuggy-ticket-155832 (1354272967957155850) in 1.68s by exitiummm (750077826874736770) 55
INFO        2025-03-26 00:36:14.749568 EST  on_interaction  : lilrolls123 (776423109317361714) ran /close reason:'answered' in #18ping-ticket-155845 (1354294569445101660) True
INFO        2025-03-26 00:36:16.561327 EST  close_command   : Closed #18ping-ticket-155845 (1354294569445101660) in 1.61s by lilrolls123 (776423109317361714) 54
INFO        2025-03-26 00:45:49.940253 EST  on_interaction  : thegenerous (198263506313805824) ran /rename name:'printer-issues' in #moneylife-ticket-155851 (1354314754071724162) True
INFO        2025-03-26 01:03:52.777317 EST  on_interaction  : thegenerous (198263506313805824) ran /close reason:'answered (orbit client 100% works)' in #printer-issues (1354314754071724162) True
INFO        2025-03-26 01:03:55.245399 EST  close_command   : Closed #printer-issues (1354314754071724162) in 2.26s by thegenerous (198263506313805824) 56
INFO        2025-03-26 01:08:04.406251 EST  on_interaction  : thegenerous (198263506313805824) ran /rename name:'check-jail-credits' in #burgasontrinjonesjr-ticket-155853 (1354320756015632394) True
INFO        2025-03-26 01:21:56.976428 EST  on_interaction  : rolith (399760511706726400) ran /close reason:'answered' in #check-jail-credits (1354320756015632394) True
INFO        2025-03-26 01:21:58.520267 EST  close_command   : Closed #check-jail-credits (1354320756015632394) in 1.32s by rolith (399760511706726400) 56
INFO        2025-03-26 01:22:21.913879 EST  on_interaction  : rolith (399760511706726400) ran /close reason:'answered' in #chokkkkkkkay-ticket-155852 (1354319468448186531) True
INFO        2025-03-26 01:22:23.521864 EST  close_command   : Closed #chokkkkkkkay-ticket-155852 (1354319468448186531) in 1.38s by rolith (399760511706726400) 55
INFO        2025-03-26 01:22:34.191943 EST  on_interaction  : rolith (399760511706726400) ran /close reason:'denied' in #sweatybomb-ticket-155846 (1354300120060919911) True
INFO        2025-03-26 01:22:35.535704 EST  close_command   : Closed #sweatybomb-ticket-155846 (1354300120060919911) in 1.17s by rolith (399760511706726400) 54
INFO        2025-03-26 01:42:32.158046 EST  on_interaction  : exitiummm (750077826874736770) ran /move category:'948592775669121034' in #____a17-ticket-155673 (1353944461159436308) True
INFO        2025-03-26 01:43:16.705535 EST  on_interaction  : exitiummm (750077826874736770) ran /close reason:'someone will shortly' in #fafafafaffafafafa-ticket-155850 (1354314327456350251) True
INFO        2025-03-26 01:43:18.185624 EST  close_command   : Closed #fafafafaffafafafa-ticket-155850 (1354314327456350251) in 1.31s by exitiummm (750077826874736770) 58
INFO        2025-03-26 01:43:22.886095 EST  on_interaction  : trojanfile (386288345304793089) ran /close reason:'no response' in #blacklist-appeal (1351437863337590804) True
INFO        2025-03-26 01:43:24.560560 EST  close_command   : Closed #blacklist-appeal (1351437863337590804) in 1.52s by trojanfile (386288345304793089) 57
INFO        2025-03-26 01:44:04.247000 EST  on_interaction  : trojanfile (386288345304793089) ran /close reason:'Will be fixed on next reboot' in #harpoint-bug (1348341005338022131) True
INFO        2025-03-26 01:44:05.824401 EST  close_command   : Closed #harpoint-bug (1348341005338022131) in 1.4s by trojanfile (386288345304793089) 56
INFO        2025-03-26 01:45:19.927966 EST  on_interaction  : trojanfile (386288345304793089) ran /close reason:'responded' in #cb-timer-issue (1343967911630340146) True
INFO        2025-03-26 01:45:20.486935 EST  on_interaction  : thegenerous (198263506313805824) ran /rename name:'leader-transfer' in #komatchie-ticket-155860 (1354330230721871953) True
INFO        2025-03-26 01:45:21.538821 EST  close_command   : Closed #cb-timer-issue (1343967911630340146) in 1.33s by trojanfile (386288345304793089) 57
WARNING     2025-03-26 01:45:22.488712 EST  rename_error    : thegenerous (198263506313805824) is trying to change the ticket name too quickly `❌` Failed! You are trying to change the ticket name too quickly!
INFO        2025-03-26 01:45:24.722570 EST  on_interaction  : trojanfile (386288345304793089) ran /close reason:'Responded' in #cb-timer-issue (1343579389589327982) True
INFO        2025-03-26 01:45:26.416140 EST  close_command   : Closed #cb-timer-issue (1343579389589327982) in 1.56s by trojanfile (386288345304793089) 56
INFO        2025-03-26 01:45:30.503528 EST  on_interaction  : thegenerous (198263506313805824) ran /rename name:'leader-transfer' in #komatchie-ticket-155860 (1354330230721871953) True
INFO        2025-03-26 01:45:39.466649 EST  on_interaction  : exitiummm (750077826874736770) ran /close reason:'accepted' in #chokkkkkkkay-ticket-155854 (1354325119912251543) True
INFO        2025-03-26 01:45:40.834717 EST  close_command   : Closed #chokkkkkkkay-ticket-155854 (1354325119912251543) in 1.23s by exitiummm (750077826874736770) 55
INFO        2025-03-26 01:45:48.881957 EST  on_interaction  : trojanfile (386288345304793089) ran /close reason:'user is blacklisted' in #hit-reg-issue (1338163723940003897) True
INFO        2025-03-26 01:45:50.051040 EST  on_interaction  : thegenerous (198263506313805824) ran /rename name:'revive-question' in #yourlocalson-ticket-155859 (1354330090594500649) True
INFO        2025-03-26 01:45:50.610355 EST  close_command   : Closed #hit-reg-issue (1338163723940003897) in 1.59s by trojanfile (386288345304793089) 54
INFO        2025-03-26 01:45:59.904295 EST  on_interaction  : thegenerous (198263506313805824) ran /rename name:'jail-credits-query' in #burgasontrinjonesjr-ticket-155858 (1354328515037626439) True
INFO        2025-03-26 01:46:18.103997 EST  on_interaction  : thegenerous (198263506313805824) ran /rename name:'ocean-admin' in #thegenerous-ticket-155844 (1354293581065617468) True
INFO        2025-03-26 01:46:53.046865 EST  on_interaction  : thegenerous (198263506313805824) ran /move category:'1010777747456524338' in #____a17-ticket-155861 (1354330598927241238) True
INFO        2025-03-26 01:46:54.330260 EST  on_interaction  : exitiummm (750077826874736770) ran /close reason:'answered' in #jail-credits-query (1354328515037626439) True
INFO        2025-03-26 01:46:55.746040 EST  close_command   : Closed #jail-credits-query (1354328515037626439) in 1.28s by exitiummm (750077826874736770) 54
INFO        2025-03-26 01:47:18.514150 EST  on_interaction  : rolith (399760511706726400) ran /close reason:'done' in #leader-transfer (1354330230721871953) True
INFO        2025-03-26 01:47:20.299272 EST  close_command   : Closed #leader-transfer (1354330230721871953) in 1.6s by rolith (399760511706726400) 53
INFO        2025-03-26 01:48:13.078192 EST  on_interaction  : exitiummm (750077826874736770) ran /close reason:'we will be going through suggestions this week' in #ppuggy-ticket-155856 (1354326584752078889) True
INFO        2025-03-26 01:48:14.573075 EST  close_command   : Closed #ppuggy-ticket-155856 (1354326584752078889) in 1.23s by exitiummm (750077826874736770) 52
INFO        2025-03-26 01:50:40.008145 EST  on_interaction  : rolith (399760511706726400) ran /close reason:'pv 1' in #rumjeet-ticket-155693 (1354017612366872576) True
INFO        2025-03-26 01:50:41.467170 EST  close_command   : Closed #rumjeet-ticket-155693 (1354017612366872576) in 1.27s by rolith (399760511706726400) 51
INFO        2025-03-26 01:51:06.724252 EST  on_interaction  : trojanfile (386288345304793089) ran /close reason:'Create a ticket when that time comes, the staff will @ me when it's created, etc.' in #trojan (1351241566060150784) True
INFO        2025-03-26 01:51:08.494170 EST  close_command   : Closed #trojan (1351241566060150784) in 1.56s by trojanfile (386288345304793089) 50
INFO        2025-03-26 01:55:47.463007 EST  on_interaction  : rolith (399760511706726400) ran /close reason:'resolved' in #fafafafaffafafafa-ticket-155700 (1354065755158614126) True
INFO        2025-03-26 01:55:49.031041 EST  close_command   : Closed #fafafafaffafafafa-ticket-155700 (1354065755158614126) in 1.38s by rolith (399760511706726400) 50
INFO        2025-03-26 02:49:36.618598 EST  on_interaction  : llama_xd (200543436749668352) ran /close reason:'denied' in #sweatybomb-ticket-155841 (1354290033019850905) True
INFO        2025-03-26 02:49:38.203083 EST  close_command   : Closed #sweatybomb-ticket-155841 (1354290033019850905) in 1.41s by llama_xd (200543436749668352) 52
INFO        2025-03-26 02:53:20.291705 EST  on_interaction  : lilrolls123 (776423109317361714) ran /close reason:'requested' in #sweatybomb-ticket-155866 (1354346588683636778) True
INFO        2025-03-26 02:53:21.776163 EST  close_command   : Closed #sweatybomb-ticket-155866 (1354346588683636778) in 1.3s by lilrolls123 (776423109317361714) 54
INFO        2025-03-26 02:53:59.103451 EST  on_interaction  : lilrolls123 (776423109317361714) ran /move category:'1009740448128045149' in #revive-question (1354330090594500649) True
INFO        2025-03-26 03:02:06.996241 EST  on_interaction  : rolith (399760511706726400) ran /close reason:'ss' in #thedanholy-ticket-155838 (1354281725349330954) True
INFO        2025-03-26 03:02:08.732552 EST  close_command   : Closed #thedanholy-ticket-155838 (1354281725349330954) in 1.47s by rolith (399760511706726400) 53
INFO        2025-03-26 03:03:11.149755 EST  on_interaction  : rolith (399760511706726400) ran /close reason:'nick hider on so deneid' in #revive-question (1354330090594500649) True
INFO        2025-03-26 03:03:13.120566 EST  close_command   : Closed #revive-question (1354330090594500649) in 1.77s by rolith (399760511706726400) 52
INFO        2025-03-26 03:05:11.479388 EST  on_interaction  : rolith (399760511706726400) ran /close reason:'pv 2' in #awkjaimdlemdqkqmj-ticket-155862 (1354332747505860798) True
INFO        2025-03-26 03:05:12.819939 EST  close_command   : Closed #awkjaimdlemdqkqmj-ticket-155862 (1354332747505860798) in 1.16s by rolith (399760511706726400) 52
INFO        2025-03-26 03:07:25.717550 EST  on_interaction  : rolith (399760511706726400) ran /close reason:'answered' in #fafafafaffafafafa-ticket-155864 (1354333371798655136) True
INFO        2025-03-26 03:07:27.181831 EST  close_command   : Closed #fafafafaffafafafa-ticket-155864 (1354333371798655136) in 1.24s by rolith (399760511706726400) 52
INFO        2025-03-26 03:08:45.884707 EST  on_interaction  : rolith (399760511706726400) ran /close reason:'gang put a revive reason i'm not a psychic' in #pokemongo182-ticket-155870 (1354350471028015176) True
INFO        2025-03-26 03:08:47.501476 EST  close_command   : Closed #pokemongo182-ticket-155870 (1354350471028015176) in 1.37s by rolith (399760511706726400) 51
INFO        2025-03-26 03:26:33.984426 EST  on_interaction  : pizzamuncher2132 (1066050892203315342) ran /close reason:'answered' in #santyrohe-ticket-155863 (1354333212440133723) True
INFO        2025-03-26 03:26:35.493876 EST  close_command   : Closed #santyrohe-ticket-155863 (1354333212440133723) in 1.29s by pizzamuncher2132 (1066050892203315342) 52
INFO        2025-03-26 03:50:09.087557 EST  on_interaction  : confrontable (544952418178301974) ran /rename name:'hypebox refund' in #thedanholy-ticket-155848 (1354305324982472704) True
INFO        2025-03-26 03:53:03.465528 EST  on_interaction  : confrontable (544952418178301974) ran /close reason:'requested' in #jamie_orme-ticket-155872 (1354353638109089872) True
INFO        2025-03-26 03:53:05.218013 EST  close_command   : Closed #jamie_orme-ticket-155872 (1354353638109089872) in 1.58s by confrontable (544952418178301974) 54
INFO        2025-03-26 04:33:54.804199 EST  on_interaction  : confrontable (544952418178301974) ran /rename name:'allying report' in #dream7403-ticket-155878 (1354367254250127470) True
INFO        2025-03-26 04:34:03.626088 EST  on_interaction  : confrontable (544952418178301974) ran /move category:'1051093261164494848' in #allying-report (1354367254250127470) True
INFO        2025-03-26 04:51:41.575656 EST  on_interaction  : gcrazyy (934805715510517850) ran /close reason:'requested' in #mmareply-ticket-155875 (1354360033126780969) True
INFO        2025-03-26 04:51:42.954046 EST  close_command   : Closed #mmareply-ticket-155875 (1354360033126780969) in 1.17s by gcrazyy (934805715510517850) 58
INFO        2025-03-26 04:52:00.653916 EST  on_interaction  : gcrazyy (934805715510517850) ran /rename name:'snowman mask bug' in #x_xdoor-ticket-155876 (1354365669650726932) True
INFO        2025-03-26 06:01:48.376462 EST  on_interaction  : llama_xd (200543436749668352) ran /close reason:'denied' in #brentkk-ticket-155874 (1354357972553306183) True
INFO        2025-03-26 06:01:49.963525 EST  close_command   : Closed #brentkk-ticket-155874 (1354357972553306183) in 1.4s by llama_xd (200543436749668352) 60
INFO        2025-03-26 06:03:55.994474 EST  on_interaction  : llama_xd (200543436749668352) ran /close reason:'denied' in #____a17-ticket-155861 (1354330598927241238) True
INFO        2025-03-26 06:03:57.370959 EST  close_command   : Closed #____a17-ticket-155861 (1354330598927241238) in 1.21s by llama_xd (200543436749668352) 59
INFO        2025-03-26 06:05:38.923737 EST  on_interaction  : llama_xd (200543436749668352) ran /ticket-logs user:'352191301057249282' in #𝖲𝗍𝖺𝖿𝖿-𝖢𝗈𝗆𝗆𝖺𝗇𝖽𝗌 (918905638464127016) True
INFO        2025-03-26 06:09:04.064089 EST  on_interaction  : llama_xd (200543436749668352) ran /close reason:'accidental ticket' in #mattayy-ticket-155882 (1354393437113159812) True
INFO        2025-03-26 06:09:05.852505 EST  close_command   : Closed #mattayy-ticket-155882 (1354393437113159812) in 1.61s by llama_xd (200543436749668352) 58
INFO        2025-03-26 06:09:38.471825 EST  on_interaction  : llama_xd (200543436749668352) ran /close reason:'blank ticket' in #imluckytoo-ticket-155879 (1354372992502861925) True
INFO        2025-03-26 06:09:43.359086 EST  close_command   : Closed #imluckytoo-ticket-155879 (1354372992502861925) in 4.73s by llama_xd (200543436749668352) 57
INFO        2025-03-26 06:09:59.166883 EST  on_interaction  : llama_xd (200543436749668352) ran /rename name:'scrolled item lost on death' in #darknight065753-ticket-155876 (1354365666278510633) True
INFO        2025-03-26 06:42:50.361584 EST  on_interaction  : llama_xd (200543436749668352) ran /ticket-logs user:'741619739280932951' in #brentkk-ticket-155884 (1354402110711664751) True
INFO        2025-03-26 06:44:12.108555 EST  on_interaction  : llama_xd (200543436749668352) ran /close reason:'already denied do not make further appeals' in #brentkk-ticket-155884 (1354402110711664751) True
INFO        2025-03-26 06:44:13.734050 EST  close_command   : Closed #brentkk-ticket-155884 (1354402110711664751) in 1.43s by llama_xd (200543436749668352) 58
INFO        2025-03-26 06:52:06.727358 EST  on_interaction  : lilrolls123 (776423109317361714) ran /rename name:'leader transfer' in #walk3d-ticket-155887 (1354407223568367646) True
INFO        2025-03-26 07:36:01.966172 EST  on_interaction  : keksmc (1193224557826412624) ran /close reason:'accident' in #thebagman_89-ticket-155886 (1354407088834744391) True
INFO        2025-03-26 07:36:03.628532 EST  close_command   : Closed #thebagman_89-ticket-155886 (1354407088834744391) in 1.49s by keksmc (1193224557826412624) 62
INFO        2025-03-26 07:36:15.462864 EST  on_interaction  : keksmc (1193224557826412624) ran /close reason:'denied' in #killermaxhine_30023-ticket-155757 (1354172330326098107) True
INFO        2025-03-26 07:36:17.148529 EST  close_command   : Closed #killermaxhine_30023-ticket-155757 (1354172330326098107) in 1.54s by keksmc (1193224557826412624) 61
INFO        2025-03-26 07:41:35.863360 EST  on_interaction  : thegenerous (198263506313805824) ran /rename name:'leader-transfer' in #smokica-ticket-155890 (1354417457892425880) True
INFO        2025-03-26 07:45:08.425626 EST  on_interaction  : llama_xd (200543436749668352) ran /rename name:'revive query' in #yourlocalson-ticket-155869 (1354350076318978179) True
INFO        2025-03-26 08:04:58.741976 EST  on_interaction  : lilrolls123 (776423109317361714) ran /close reason:'requested' in #leader-transfer (1354407223568367646) True
INFO        2025-03-26 08:05:00.654201 EST  close_command   : Closed #leader-transfer (1354407223568367646) in 1.6s by lilrolls123 (776423109317361714) 61
INFO        2025-03-26 08:29:04.271333 EST  on_interaction  : llama_xd (200543436749668352) ran /close reason:'preq' in #mattayy-ticket-155883 (1354393446764253275) True
INFO        2025-03-26 08:29:06.141364 EST  close_command   : Closed #mattayy-ticket-155883 (1354393446764253275) in 1.67s by llama_xd (200543436749668352) 61
INFO        2025-03-26 08:31:55.039062 EST  on_interaction  : legendsarising (958225180604370945) ran /move category:'1238913372435775550' in #powerfulest-ticket-155873 (1354355888122626189) True
INFO        2025-03-26 08:33:09.593760 EST  on_interaction  : snack6133 (637766719095439380) ran /close reason:'answered' in #snowman-mask-bug (1354365669650726932) True
INFO        2025-03-26 08:33:11.284593 EST  close_command   : Closed #snowman-mask-bug (1354365669650726932) in 1.51s by snack6133 (637766719095439380) 60
INFO        2025-03-26 09:08:57.231812 EST  on_interaction  : snack6133 (637766719095439380) ran /close reason:'denied' in #provoked_1-ticket-155894 (1354440709989466173) True
INFO        2025-03-26 09:08:59.115738 EST  close_command   : Closed #provoked_1-ticket-155894 (1354440709989466173) in 1.6s by snack6133 (637766719095439380) 62
INFO        2025-03-26 09:19:48.221204 EST  on_interaction  : gcrazyy (934805715510517850) ran /close reason:'accepted' in #gcrazyy-ticket-155893 (1354439422405382184) True
INFO        2025-03-26 09:19:49.697791 EST  close_command   : Closed #gcrazyy-ticket-155893 (1354439422405382184) in 1.26s by gcrazyy (934805715510517850) 64
INFO        2025-03-26 09:21:10.049506 EST  on_interaction  : gcrazyy (934805715510517850) ran /move category:'1009882045901721720' in #theonewhowonders-ticket-155897 (1354444018506924103) True
INFO        2025-03-26 09:21:40.676564 EST  on_interaction  : gcrazyy (934805715510517850) ran /rename name:'lootbags expired' in #theonewhowonders-ticket-155897 (1354444018506924103) True
INFO        2025-03-26 09:26:14.014104 EST  on_interaction  : snack6133 (637766719095439380) ran /ticket-logs user:'525684567546527745' in #𝖲𝗍𝖺𝖿𝖿-𝖢𝗈𝗆𝗆𝖺𝗇𝖽𝗌 (918905638464127016) True
INFO        2025-03-26 09:28:14.828854 EST  on_interaction  : reheat (409915081317679104) ran /close reason:'you have leader' in #leader-transfer (1354417457892425880) True
INFO        2025-03-26 09:28:16.303007 EST  close_command   : Closed #leader-transfer (1354417457892425880) in 1.3s by reheat (409915081317679104) 63
INFO        2025-03-26 09:31:24.432981 EST  on_interaction  : reheat (409915081317679104) ran /close reason:'denied' in #walk3d-ticket-155891 (1354421323916378243) True
INFO        2025-03-26 09:31:26.342411 EST  close_command   : Closed #walk3d-ticket-155891 (1354421323916378243) in 1.67s by reheat (409915081317679104) 62
INFO        2025-03-26 09:32:21.656559 EST  on_interaction  : reheat (409915081317679104) ran /close reason:'The video MUST be submitted within 1 hour of the death.' in #sweatybomb-ticket-155867 (1354346684175618078) True
INFO        2025-03-26 09:32:23.192182 EST  close_command   : Closed #sweatybomb-ticket-155867 (1354346684175618078) in 1.34s by reheat (409915081317679104) 61
INFO        2025-03-26 09:33:33.439528 EST  on_interaction  : reheat (409915081317679104) ran /close reason:'denied' in #epsaaa-ticket-155892 (1354428969276936192) True
INFO        2025-03-26 09:33:35.047662 EST  close_command   : Closed #epsaaa-ticket-155892 (1354428969276936192) in 1.41s by reheat (409915081317679104) 60
INFO        2025-03-26 09:35:00.151604 EST  on_interaction  : reheat (409915081317679104) ran /close reason:'pv3' in #xnv280-ticket-155741 (1354151788378329119) True
INFO        2025-03-26 09:35:02.208479 EST  close_command   : Closed #xnv280-ticket-155741 (1354151788378329119) in 1.88s by reheat (409915081317679104) 59
INFO        2025-03-26 09:37:08.863805 EST  on_interaction  : reheat (409915081317679104) ran /close reason:'denied' in #imponent-ticket-155714 (1354113258813919295) True
INFO        2025-03-26 09:37:10.839234 EST  close_command   : Closed #imponent-ticket-155714 (1354113258813919295) in 1.82s by reheat (409915081317679104) 59
INFO        2025-03-26 09:38:07.864422 EST  on_interaction  : reheat (409915081317679104) ran /ticket-logs user:'379084714658758658' in #missing-needle (1354263040559812699) True
INFO        2025-03-26 09:39:12.600885 EST  on_interaction  : reheat (409915081317679104) ran /close reason:'pv1' in #missing-needle (1354263040559812699) True
INFO        2025-03-26 09:39:14.368739 EST  close_command   : Closed #missing-needle (1354263040559812699) in 1.51s by reheat (409915081317679104) 59
INFO        2025-03-26 09:55:57.547720 EST  on_interaction  : _matiass. (638734404402806815) ran /close reason:'Answered' in #krowie25-ticket-155400 (1353524641175572562) True
INFO        2025-03-26 09:55:59.286433 EST  close_command   : Closed #krowie25-ticket-155400 (1353524641175572562) in 1.55s by _matiass. (638734404402806815) 58
INFO        2025-03-26 09:56:44.912920 EST  on_interaction  : mochamoat (1079983420337303552) ran /move category:'1051525603188289727' in #thebagman_89-ticket-155885 (1354403715733520484) True
INFO        2025-03-26 09:56:50.327048 EST  on_interaction  : mochamoat (1079983420337303552) ran /rename name:'admin' in #thebagman_89-ticket-155885 (1354403715733520484) True
INFO        2025-03-26 09:57:34.711747 EST  on_interaction  : _matiass. (638734404402806815) ran /close reason:'Denied' in #wh25_-ticket-155898 (1354444477552525342) True
INFO        2025-03-26 09:57:36.172632 EST  close_command   : Closed #wh25_-ticket-155898 (1354444477552525342) in 1.32s by _matiass. (638734404402806815) 58
INFO        2025-03-26 10:00:46.606430 EST  on_interaction  : snack6133 (637766719095439380) ran /close reason:'denied see transcript' in #provoked_1-ticket-155896 (1354442926804959302) True
INFO        2025-03-26 10:00:48.420053 EST  close_command   : Closed #provoked_1-ticket-155896 (1354442926804959302) in 1.57s by snack6133 (637766719095439380) 57
INFO        2025-03-26 10:01:04.050128 EST  on_interaction  : lilrolls123 (776423109317361714) ran /ticket-logs user:'525684567546527745' in #𝖲𝗍𝖺𝖿𝖿-𝖢𝗈𝗆𝗆𝖺𝗇𝖽𝗌 (918905638464127016) True
INFO        2025-03-26 10:03:08.977850 EST  on_interaction  : reheat (409915081317679104) ran /close reason:'denied' in #trustwordypc-ticket-155818 (1354253695092523048) True
INFO        2025-03-26 10:03:10.819798 EST  close_command   : Closed #trustwordypc-ticket-155818 (1354253695092523048) in 1.63s by reheat (409915081317679104) 57
INFO        2025-03-26 10:04:26.193114 EST  on_interaction  : reheat (409915081317679104) ran /close reason:'denied' in #4ktgabe-ticket-155839 (1354283302919606422) True
INFO        2025-03-26 10:04:28.395201 EST  close_command   : Closed #4ktgabe-ticket-155839 (1354283302919606422) in 2.02s by reheat (409915081317679104) 56
INFO        2025-03-26 10:36:12.386511 EST  on_interaction  : confrontable (544952418178301974) ran /rename name:'hook issue' in #d2_rappy-ticket-155901 (1354453901692375131) True
INFO        2025-03-26 10:46:42.981977 EST  on_interaction  : llama_xd (200543436749668352) ran /ticket-logs user:'932705721261387816' in #𝖲𝗍𝖺𝖿𝖿-𝖢𝗈𝗆𝗆𝖺𝗇𝖽𝗌 (918905638464127016) True
INFO        2025-03-26 10:47:32.062361 EST  on_interaction  : llama_xd (200543436749668352) ran /ticket-logs user:'932705721261387816' in #esatcan16-ticket-155904 (1354465328179974244) True
INFO        2025-03-26 10:50:03.783925 EST  blacklist_user  : Ticket blacklisted esatcan16 (932705721261387816) for 5d
INFO        2025-03-26 10:50:03.785529 EST  on_interaction  : llama_xd (200543436749668352) ran /blacklist user:'932705721261387816' length:'5d' reason:'Repeated appeals after being asked not to make any more. This happens every time this player gets banned. They were told last chance and now made another appeal.' in #𝖲𝗍𝖺𝖿𝖿-𝖢𝗈𝗆𝗆𝖺𝗇𝖽𝗌 (918905638464127016) True
INFO        2025-03-26 10:50:42.399587 EST  on_interaction  : llama_xd (200543436749668352) ran /close reason:'denied' in #esatcan16-ticket-155904 (1354465328179974244) True
INFO        2025-03-26 10:50:43.835482 EST  close_command   : Closed #esatcan16-ticket-155904 (1354465328179974244) in 1.27s by llama_xd (200543436749668352) 59
INFO        2025-03-26 10:51:56.614344 EST  on_interaction  : llama_xd (200543436749668352) ran /close reason:'answered' in #epsaaa-ticket-155905 (1354465672020758580) True
INFO        2025-03-26 10:51:58.494026 EST  close_command   : Closed #epsaaa-ticket-155905 (1354465672020758580) in 1.71s by llama_xd (200543436749668352) 58
INFO        2025-03-26 11:11:26.380131 EST  on_interaction  : sanamo (837793755838939157) ran /close reason:'Questions answered.' in #cannon-question (1353351040451477504) True
INFO        2025-03-26 11:11:28.287627 EST  close_command   : Closed #cannon-question (1353351040451477504) in 1.74s by sanamo (837793755838939157) 59
INFO        2025-03-26 11:14:31.313401 EST  on_interaction  : sanamo (837793755838939157) ran /rename name:'au ping spikes' in #powerfulest-ticket-155873 (1354355888122626189) True
INFO        2025-03-26 11:52:35.601525 EST  on_interaction  : lilrolls123 (776423109317361714) ran /close reason:'answered' in #xental_-ticket-155911 (1354478944073814286) True
INFO        2025-03-26 11:52:37.081846 EST  close_command   : Closed #xental_-ticket-155911 (1354478944073814286) in 1.22s by lilrolls123 (776423109317361714) 61
INFO        2025-03-26 12:05:53.423532 EST  on_interaction  : atomicog (172531164970483712) ran /close reason:'answered' in #fhook-issue (1354149313999016118) True
INFO        2025-03-26 12:05:55.268955 EST  close_command   : Closed #fhook-issue (1354149313999016118) in 1.5s by atomicog (172531164970483712) 64
INFO        2025-03-26 12:10:55.780441 EST  on_interaction  : atomicog (172531164970483712) ran /close reason:'answered' in #fhook-replacement (1354068168011677726) True
INFO        2025-03-26 12:10:57.325012 EST  close_command   : Closed #fhook-replacement (1354068168011677726) in 1.35s by atomicog (172531164970483712) 64
INFO        2025-03-26 12:13:49.048405 EST  on_interaction  : gcrazyy (934805715510517850) ran /rename name:'vpn whitelist request' in #lilotxd_74762-ticket-155913 (1354484529481646252) True
INFO        2025-03-26 12:13:54.152495 EST  on_interaction  : gcrazyy (934805715510517850) ran /private in #vpn-whitelist-request (1354484529481646252) True
INFO        2025-03-26 12:14:33.687449 EST  on_interaction  : gcrazyy (934805715510517850) ran /close reason:'answered' in #zim4682-ticket-155914 (1354485376965939320) True
INFO        2025-03-26 12:14:35.256452 EST  close_command   : Closed #zim4682-ticket-155914 (1354485376965939320) in 1.37s by gcrazyy (934805715510517850) 63
INFO        2025-03-26 12:14:50.767488 EST  on_interaction  : gcrazyy (934805715510517850) ran /close reason:'answered' in #malagis-ticket-155915 (1354485502769627277) True
INFO        2025-03-26 12:14:52.732106 EST  close_command   : Closed #malagis-ticket-155915 (1354485502769627277) in 1.75s by gcrazyy (934805715510517850) 62
INFO        2025-03-26 12:19:17.843256 EST  on_interaction  : atomicog (172531164970483712) ran /close reason:'answered' in #scrolled-item-lost-on-death (1354365666278510633) True
INFO        2025-03-26 12:19:19.521657 EST  close_command   : Closed #scrolled-item-lost-on-death (1354365666278510633) in 1.47s by atomicog (172531164970483712) 64
INFO        2025-03-26 12:20:35.689781 EST  on_interaction  : atomicog (172531164970483712) ran /close reason:'answered' in #sqeeties-ticket-155889 (1354410132741558353) True
INFO        2025-03-26 12:20:37.437107 EST  close_command   : Closed #sqeeties-ticket-155889 (1354410132741558353) in 1.57s by atomicog (172531164970483712) 63
INFO        2025-03-26 12:32:53.593030 EST  on_interaction  : lilrolls123 (776423109317361714) ran /ticket-logs user:'683385527634100264' in #projectia_-ticket-155920 (1354490991758807061) True
INFO        2025-03-26 12:33:29.150566 EST  on_interaction  : lilrolls123 (776423109317361714) ran /ticket-logs user:'492028532428636162' in #mmareply-ticket-155910 (1354478666389655713) True
INFO        2025-03-26 12:39:45.865874 EST  on_interaction  : lilrolls123 (776423109317361714) ran /close reason:'no evidence' in #8nf-ticket-155923 (1354493220402237601) True
INFO        2025-03-26 12:39:47.800799 EST  close_command   : Closed #8nf-ticket-155923 (1354493220402237601) in 1.69s by lilrolls123 (776423109317361714) 68
INFO        2025-03-26 12:40:04.276039 EST  on_interaction  : lilrolls123 (776423109317361714) ran /move category:'1009740448128045149' in #revive-query (1354350076318978179) True
INFO        2025-03-26 12:51:54.912133 EST  on_interaction  : lilrolls123 (776423109317361714) ran /close reason:'no evidence' in #aprilgone-ticket-155928 (1354496399907098646) True
INFO        2025-03-26 12:51:56.598398 EST  close_command   : Closed #aprilgone-ticket-155928 (1354496399907098646) in 1.5s by lilrolls123 (776423109317361714) 71
INFO        2025-03-26 12:53:40.226305 EST  on_interaction  : snack6133 (637766719095439380) ran /rename name:'outpost safezone pvp' in #notlive9135-ticket-155908 (1354470051549282585) True
INFO        2025-03-26 12:54:15.124911 EST  on_interaction  : snack6133 (637766719095439380) ran /rename name:'voyage issue' in #provoked_1-ticket-155912 (1354483401331052617) True
INFO        2025-03-26 13:01:07.786128 EST  on_interaction  : reheat (409915081317679104) ran /close reason:'requested' in #smokica-ticket-155918 (1354489881211961508) True
INFO        2025-03-26 13:01:09.539206 EST  close_command   : Closed #smokica-ticket-155918 (1354489881211961508) in 1.53s by reheat (409915081317679104) 71
INFO        2025-03-26 13:01:18.566071 EST  on_interaction  : reheat (409915081317679104) ran /close reason:'not banned' in #walk3d-ticket-155916 (1354486745957273652) True
INFO        2025-03-26 13:01:20.146112 EST  close_command   : Closed #walk3d-ticket-155916 (1354486745957273652) in 1.44s by reheat (409915081317679104) 70
INFO        2025-03-26 13:01:29.631389 EST  on_interaction  : reheat (409915081317679104) ran /close reason:'unbanned' in #rippin-ticket-155917 (1354489148139896942) True
INFO        2025-03-26 13:01:31.210554 EST  close_command   : Closed #rippin-ticket-155917 (1354489148139896942) in 1.39s by reheat (409915081317679104) 69
INFO        2025-03-26 13:01:36.056667 EST  on_interaction  : reheat (409915081317679104) ran /close reason:'unbanned' in #derekking-ticket-155918 (1354489888749125837) True
INFO        2025-03-26 13:01:37.663650 EST  close_command   : Closed #derekking-ticket-155918 (1354489888749125837) in 1.36s by reheat (409915081317679104) 68
INFO        2025-03-26 13:01:55.369149 EST  on_interaction  : reheat (409915081317679104) ran /close reason:'if its still an issue remake a ticket' in #pvmn-ticket-155922 (1354492791295840338) True
INFO        2025-03-26 13:01:57.052512 EST  close_command   : Closed #pvmn-ticket-155922 (1354492791295840338) in 1.48s by reheat (409915081317679104) 67
INFO        2025-03-26 13:02:17.157512 EST  on_interaction  : imwoods_ (185139317516009473) ran /close reason:'no player response' in #aprilgone-ticket-155926 (1354495635893649518) True
INFO        2025-03-26 13:02:18.689642 EST  close_command   : Closed #aprilgone-ticket-155926 (1354495635893649518) in 1.35s by imwoods_ (185139317516009473) 66
INFO        2025-03-26 13:03:57.178531 EST  on_interaction  : lilrolls123 (776423109317361714) ran /close reason:'answered' in #coffert-ticket-155921 (1354492307348394185) True
INFO        2025-03-26 13:04:00.339895 EST  close_command   : Closed #coffert-ticket-155921 (1354492307348394185) in 2.97s by lilrolls123 (776423109317361714) 65
INFO        2025-03-26 13:14:14.925482 EST  on_interaction  : lilrolls123 (776423109317361714) ran /rename name:'tourney winner' in #cwgkdjisaiuxyux-ticket-155931 (1354503493565681846) True
INFO        2025-03-26 13:20:33.863897 EST  on_interaction  : thegenerous (198263506313805824) ran /close reason:'denied (read transcript)' in #8nf-ticket-155927 (1354495880140554270) True
INFO        2025-03-26 13:20:35.632219 EST  close_command   : Closed #8nf-ticket-155927 (1354495880140554270) in 1.59s by thegenerous (198263506313805824) 65
INFO        2025-03-26 13:23:38.728995 EST  on_interaction  : _matiass. (638734404402806815) ran /close reason:'Answered' in #splxtzz-ticket-155925 (1354494832071934145) True
INFO        2025-03-26 13:23:40.459301 EST  close_command   : Closed #splxtzz-ticket-155925 (1354494832071934145) in 1.49s by _matiass. (638734404402806815) 64
INFO        2025-03-26 13:27:25.599309 EST  on_interaction  : confrontable (544952418178301974) ran /rename name:'tourney winner' in #18790029-ticket-155932 (1354506168239653115) True
INFO        2025-03-26 13:46:03.626836 EST  on_interaction  : thegenerous (198263506313805824) ran /close reason:'denied (read transcript please)' in #userss-ticket-155924 (1354493602625224807) True
INFO        2025-03-26 13:46:05.156898 EST  close_command   : Closed #userss-ticket-155924 (1354493602625224807) in 1.32s by thegenerous (198263506313805824) 69
INFO        2025-03-26 13:50:39.201767 EST  on_interaction  : thegenerous (198263506313805824) ran /rename name:'pearl-glitch-srmod' in #draxxcyl-ticket-155936 (1354510869849051236) True
INFO        2025-03-26 13:58:35.685289 EST  on_interaction  : _matiass. (638734404402806815) ran /close reason:'Denied, check transcript' in #jahra-ticket-155906 (1354465735380041913) True
INFO        2025-03-26 13:58:37.640050 EST  close_command   : Closed #jahra-ticket-155906 (1354465735380041913) in 1.4s by _matiass. (638734404402806815) 69
INFO        2025-03-26 14:03:09.655770 EST  on_interaction  : _matiass. (638734404402806815) ran /close reason:'Denied, check transcript' in #nate54-ticket-155938 (1354514736091238641) True
INFO        2025-03-26 14:03:11.684577 EST  close_command   : Closed #nate54-ticket-155938 (1354514736091238641) in 1.72s by _matiass. (638734404402806815) 68
INFO        2025-03-26 14:04:52.649521 EST  on_interaction  : _matiass. (638734404402806815) ran /close reason:'Denied, check transcript' in #123uj8ik12oads-ticket-155933 (1354509583061618701) True
INFO        2025-03-26 14:04:54.346827 EST  close_command   : Closed #123uj8ik12oads-ticket-155933 (1354509583061618701) in 1.53s by _matiass. (638734404402806815) 68
INFO        2025-03-26 14:06:58.927476 EST  on_interaction  : _matiass. (638734404402806815) ran /close reason:'Denied' in #fafafafaffafafafa-ticket-155881 (1354383170065137735) True
INFO        2025-03-26 14:07:00.558554 EST  close_command   : Closed #fafafafaffafafafa-ticket-155881 (1354383170065137735) in 1.37s by _matiass. (638734404402806815) 67
INFO        2025-03-26 14:12:27.349725 EST  on_interaction  : rolith (399760511706726400) ran /close reason:'done' in #vpn-whitelist-request (1354484529481646252) True
INFO        2025-03-26 14:12:30.014276 EST  close_command   : Closed #vpn-whitelist-request (1354484529481646252) in 2.49s by rolith (399760511706726400) 66
INFO        2025-03-26 14:13:27.733394 EST  on_interaction  : exitiummm (750077826874736770) ran /close reason:'fixed' in #imponent-ticket-155775 (1354196449923170456) True
INFO        2025-03-26 14:13:29.430167 EST  close_command   : Closed #imponent-ticket-155775 (1354196449923170456) in 1.46s by exitiummm (750077826874736770) 65
INFO        2025-03-26 14:15:45.090780 EST  on_interaction  : exitiummm (750077826874736770) ran /close reason:'done' in #lilfs-ticket-155929 (1354497530636931072) True
INFO        2025-03-26 14:15:46.687017 EST  close_command   : Closed #lilfs-ticket-155929 (1354497530636931072) in 1.42s by exitiummm (750077826874736770) 64
INFO        2025-03-26 14:16:48.504917 EST  on_interaction  : exitiummm (750077826874736770) ran /close reason:'fixed' in #blokje2512-ticket-155930 (1354500185228706025) True
INFO        2025-03-26 14:16:50.362831 EST  close_command   : Closed #blokje2512-ticket-155930 (1354500185228706025) in 1.68s by exitiummm (750077826874736770) 63
INFO        2025-03-26 14:17:24.867394 EST  on_interaction  : exitiummm (750077826874736770) ran /close reason:'answered' in #derekking-ticket-155933 (1354509583380513090) True
INFO        2025-03-26 14:17:26.413759 EST  close_command   : Closed #derekking-ticket-155933 (1354509583380513090) in 1.28s by exitiummm (750077826874736770) 62
INFO        2025-03-26 14:18:01.294969 EST  on_interaction  : exitiummm (750077826874736770) ran /close reason:'resolved' in #spedbas69-ticket-155868 (1354346700218568784) True
INFO        2025-03-26 14:18:02.944036 EST  close_command   : Closed #spedbas69-ticket-155868 (1354346700218568784) in 1.45s by exitiummm (750077826874736770) 61
INFO        2025-03-26 14:18:25.990644 EST  on_interaction  : exitiummm (750077826874736770) ran /close reason:'answered' in #x_xdoor-ticket-155903 (1354463348183531624) True
INFO        2025-03-26 14:18:27.441749 EST  close_command   : Closed #x_xdoor-ticket-155903 (1354463348183531624) in 1.28s by exitiummm (750077826874736770) 60
INFO        2025-03-26 14:18:58.520517 EST  on_interaction  : _matiass. (638734404402806815) ran /close reason:'Done' in #ocean-admin (1354293581065617468) True
INFO        2025-03-26 14:19:00.577009 EST  close_command   : Closed #ocean-admin (1354293581065617468) in 1.83s by _matiass. (638734404402806815) 59
INFO        2025-03-26 14:19:27.582096 EST  on_interaction  : exitiummm (750077826874736770) ran /close reason:'there' in #mmareply-ticket-155910 (1354478666389655713) True
INFO        2025-03-26 14:19:29.200239 EST  close_command   : Closed #mmareply-ticket-155910 (1354478666389655713) in 1.44s by exitiummm (750077826874736770) 58
INFO        2025-03-26 14:20:30.185544 EST  on_interaction  : exitiummm (750077826874736770) ran /close reason:'pv 1' in #tourney-winner (1354503493565681846) True
INFO        2025-03-26 14:20:31.730440 EST  close_command   : Closed #tourney-winner (1354503493565681846) in 1.37s by exitiummm (750077826874736770) 57
INFO        2025-03-26 14:21:23.878348 EST  on_interaction  : exitiummm (750077826874736770) ran /close reason:'for this room we need a full video from start to finish as too many players have been caught faking it not working' in #imluckytoo-ticket-155880 (1354373106700914698) True
INFO        2025-03-26 14:21:25.435285 EST  close_command   : Closed #imluckytoo-ticket-155880 (1354373106700914698) in 1.38s by exitiummm (750077826874736770) 56
INFO        2025-03-26 14:21:51.784907 EST  on_interaction  : xinkuu (901608730452426782) ran /close reason:'answered' in #arcade-bug (1354223659392176200) True
INFO        2025-03-26 14:21:53.559461 EST  close_command   : Closed #arcade-bug (1354223659392176200) in 1.48s by xinkuu (901608730452426782) 55
INFO        2025-03-26 14:21:55.745969 EST  on_interaction  : snack6133 (637766719095439380) ran /close reason:'answered' in #aqzelol-ticket-155939 (1354516325166481629) True
INFO        2025-03-26 14:21:58.617660 EST  close_command   : Closed #aqzelol-ticket-155939 (1354516325166481629) in 2.7s by snack6133 (637766719095439380) 54
INFO        2025-03-26 14:22:00.785810 EST  on_interaction  : _matiass. (638734404402806815) ran /close reason:'Already denied' in #deleted_user1083828102-ticket-155756 (1354171273370140682) True
INFO        2025-03-26 14:22:02.339749 EST  close_command   : Closed #deleted_user1083828102-ticket-155756 (1354171273370140682) in 1.39s by _matiass. (638734404402806815) 53
INFO        2025-03-26 14:23:01.066723 EST  on_interaction  : exitiummm (750077826874736770) ran /close reason:'pv 2' in #voyage-issue (1354483401331052617) True
INFO        2025-03-26 14:23:02.655135 EST  close_command   : Closed #voyage-issue (1354483401331052617) in 1.39s by exitiummm (750077826874736770) 52
INFO        2025-03-26 14:23:27.983103 EST  on_interaction  : xinkuu (901608730452426782) ran /close reason:'done' in #tourney-winner (1354506168239653115) True
INFO        2025-03-26 14:23:29.654520 EST  close_command   : Closed #tourney-winner (1354506168239653115) in 1.44s by xinkuu (901608730452426782) 51
INFO        2025-03-26 14:23:34.030696 EST  on_interaction  : exitiummm (750077826874736770) ran /close reason:'pv 1' in #lootbags-expired (1354444018506924103) True
INFO        2025-03-26 14:23:35.681439 EST  close_command   : Closed #lootbags-expired (1354444018506924103) in 1.5s by exitiummm (750077826874736770) 50
INFO        2025-03-26 14:25:00.275593 EST  on_interaction  : _matiass. (638734404402806815) ran /close reason:'Solved' in #outpost-safezone-pvp (1354470051549282585) True
INFO        2025-03-26 14:25:02.857772 EST  on_interaction  : xinkuu (901608730452426782) ran /close reason:'in ec' in #hypebox-refund (1354305324982472704) True
INFO        2025-03-26 14:25:03.216483 EST  close_command   : Closed #outpost-safezone-pvp (1354470051549282585) in 2.72s by _matiass. (638734404402806815) 49
INFO        2025-03-26 14:25:04.243688 EST  close_command   : Closed #hypebox-refund (1354305324982472704) in 1.16s by xinkuu (901608730452426782) 48
INFO        2025-03-26 14:25:17.190753 EST  on_interaction  : xinkuu (901608730452426782) ran /ticket-logs user:'509632271532294155' in #wh25_-ticket-155902 (1354455071643140399) True
INFO        2025-03-26 14:27:32.118730 EST  on_interaction  : xinkuu (901608730452426782) ran /ticket-logs user:'865052642586001448' in #fafafafaffafafafa-ticket-155940 (1354521819968835604) True
INFO        2025-03-26 14:27:51.653233 EST  on_interaction  : xinkuu (901608730452426782) ran /close reason:'stop re appealing the same revive' in #fafafafaffafafafa-ticket-155940 (1354521819968835604) True
INFO        2025-03-26 14:27:53.096308 EST  close_command   : Closed #fafafafaffafafafa-ticket-155940 (1354521819968835604) in 1.21s by xinkuu (901608730452426782) 48
INFO        2025-03-26 14:28:10.285373 EST  on_interaction  : exitiummm (750077826874736770) ran /close reason:'we are already aware of the bug' in #snow-golem-pet (1354248023860838572) True
INFO        2025-03-26 14:28:12.080696 EST  close_command   : Closed #snow-golem-pet (1354248023860838572) in 1.37s by exitiummm (750077826874736770) 47
INFO        2025-03-26 14:28:47.722899 EST  on_interaction  : xinkuu (901608730452426782) ran /close reason:'answered' in #realsm0ke-ticket-155935 (1354510123678302402) True
INFO        2025-03-26 14:28:49.304798 EST  close_command   : Closed #realsm0ke-ticket-155935 (1354510123678302402) in 1.4s by xinkuu (901608730452426782) 47
INFO        2025-03-26 14:30:32.007046 EST  on_interaction  : xinkuu (901608730452426782) ran /close reason:'last chance' in #fafafafaffafafafa-ticket-155941 (1354522433939312671) True
INFO        2025-03-26 14:30:33.805323 EST  close_command   : Closed #fafafafaffafafafa-ticket-155941 (1354522433939312671) in 1.49s by xinkuu (901608730452426782) 46
INFO        2025-03-26 14:30:47.123770 EST  on_interaction  : xinkuu (901608730452426782) ran /rename name:'console check' in #pokemongo182-ticket-155871 (1354351494891180112) True
INFO        2025-03-26 14:31:04.296984 EST  on_interaction  : exitiummm (750077826874736770) ran /close reason:'accepted' in #pearl-glitch-srmod (1354510869849051236) True
INFO        2025-03-26 14:31:06.213140 EST  close_command   : Closed #pearl-glitch-srmod (1354510869849051236) in 1.73s by exitiummm (750077826874736770) 45
INFO        2025-03-26 14:32:21.691703 EST  on_interaction  : _matiass. (638734404402806815) ran /close reason:'Already denied' in #wh25_-ticket-155902 (1354455071643140399) True
INFO        2025-03-26 14:32:22.354655 EST  on_interaction  : xinkuu (901608730452426782) ran /close reason:'answered' in #gokaln-ticket-155831 (1354271980106547343) True
INFO        2025-03-26 14:32:23.309196 EST  close_command   : Closed #wh25_-ticket-155902 (1354455071643140399) in 1.43s by _matiass. (638734404402806815) 44
INFO        2025-03-26 14:32:24.004051 EST  close_command   : Closed #gokaln-ticket-155831 (1354271980106547343) in 1.5s by xinkuu (901608730452426782) 43
INFO        2025-03-26 14:36:23.094157 EST  on_interaction  : _matiass. (638734404402806815) ran /ticket-logs user:'683385527634100264' in #𝖠𝖽𝗆𝗂𝗇-𝖢𝗈𝗆𝗆𝖺𝗇𝖽𝗌 (918905775907291156) True
INFO        2025-03-26 14:45:42.536824 EST  on_interaction  : rolith (399760511706726400) ran /close reason:'done' in #ftop-payout (1353495636493996145) True
INFO        2025-03-26 14:45:44.249197 EST  close_command   : Closed #ftop-payout (1353495636493996145) in 1.52s by rolith (399760511706726400) 45
INFO        2025-03-26 14:47:17.084699 EST  on_interaction  : rolith (399760511706726400) ran /close reason:'pv 1' in #console-check (1354351494891180112) True
INFO        2025-03-26 14:47:18.633266 EST  close_command   : Closed #console-check (1354351494891180112) in 1.29s by rolith (399760511706726400) 44
INFO        2025-03-26 14:58:32.960222 EST  on_interaction  : xinkuu (901608730452426782) ran /close reason:'answered' in #lowgun12-ticket-155945 (1354529333305278596) True
INFO        2025-03-26 14:58:34.695626 EST  close_command   : Closed #lowgun12-ticket-155945 (1354529333305278596) in 1.5s by xinkuu (901608730452426782) 44
INFO        2025-03-26 15:00:41.748385 EST  on_interaction  : xinkuu (901608730452426782) ran /rename name:'voyage xinkuu' in #readoo-ticket-155943 (1354524591594279093) True
INFO        2025-03-26 15:00:51.996424 EST  on_interaction  : xinkuu (901608730452426782) ran /close reason:'req' in #counterfeits-ticket-155944 (1354526397921628522) True
INFO        2025-03-26 15:00:53.635804 EST  close_command   : Closed #counterfeits-ticket-155944 (1354526397921628522) in 1.48s by xinkuu (901608730452426782) 44
INFO        2025-03-26 15:01:40.565396 EST  on_interaction  : d2_rappy (318403043102294027) ran /close reason:'answered' in #abscott-ticket-155895 (1354441909963067503) True
INFO        2025-03-26 15:01:42.233238 EST  close_command   : Closed #abscott-ticket-155895 (1354441909963067503) in 1.48s by d2_rappy (318403043102294027) 43
INFO        2025-03-26 15:08:33.719306 EST  on_interaction  : llama_xd (200543436749668352) ran /ticket-logs user:'223949506989916170' in #𝖲𝗍𝖺𝖿𝖿-𝖢𝗈𝗆𝗆𝖺𝗇𝖽𝗌 (918905638464127016) True
INFO        2025-03-26 15:24:44.058456 EST  on_interaction  : gcrazyy (934805715510517850) ran /move category:'1009574363915370620' in #cottage-ticket-155949 (1354536274891112559) True
INFO        2025-03-26 15:25:02.214149 EST  on_interaction  : gcrazyy (934805715510517850) ran /rename name:'chat logs' in #cottage-ticket-155949 (1354536274891112559) True
INFO        2025-03-26 15:25:31.075734 EST  on_interaction  : xinkuu (901608730452426782) ran /rename name:'rolith' in #voyage-xinkuu (1354524591594279093) True
INFO        2025-03-26 15:25:39.989336 EST  on_interaction  : rolith (399760511706726400) ran /close reason:'pv 1' in #galo8864-ticket-155946 (1354530089152286751) True
INFO        2025-03-26 15:25:41.744820 EST  close_command   : Closed #galo8864-ticket-155946 (1354530089152286751) in 1.61s by rolith (399760511706726400) 45
INFO        2025-03-26 15:40:06.912092 EST  on_interaction  : exitiummm (750077826874736770) ran /close reason:'Accepted' in #chat-logs (1354536274891112559) True
INFO        2025-03-26 15:40:08.582290 EST  close_command   : Closed #chat-logs (1354536274891112559) in 1.38s by exitiummm (750077826874736770) 48
INFO        2025-03-26 15:49:54.197936 EST  on_interaction  : thegenerous (198263506313805824) ran /rename name:'remove-b-claims' in #brumarn-ticket-155954 (1354540997568368771) True
INFO        2025-03-26 15:52:57.235307 EST  on_interaction  : m6rk (229691828650246145) ran /rename name:'kraken-plus-negation' in #jacomaa-ticket-155952 (1354539126606659777) True
INFO        2025-03-26 15:54:02.752142 EST  on_interaction  : m6rk (229691828650246145) ran /close reason:'requested' in #ronron100-ticket-155950 (1354537143388602639) True
INFO        2025-03-26 15:54:04.109121 EST  close_command   : Closed #ronron100-ticket-155950 (1354537143388602639) in 1.22s by m6rk (229691828650246145) 56
INFO        2025-03-26 15:57:38.428457 EST  on_interaction  : confrontable (544952418178301974) ran /rename name:'fscroll question' in #demarkess-ticket-155959 (1354543204266938550) True
INFO        2025-03-26 15:57:49.786191 EST  on_interaction  : confrontable (544952418178301974) ran /rename name:'leader rotation' in #ronron100-ticket-155962 (1354543919626588377) True
INFO        2025-03-26 15:58:16.934586 EST  on_interaction  : confrontable (544952418178301974) ran /close reason:'Answered' in #restorable-ticket-155963 (1354544277564297266) True
INFO        2025-03-26 15:58:19.030342 EST  close_command   : Closed #restorable-ticket-155963 (1354544277564297266) in 1.51s by confrontable (544952418178301974) 56
INFO        2025-03-26 16:02:00.893142 EST  on_interaction  : lilrolls123 (776423109317361714) ran /move category:'1009740448128045149' in #sweatybomb-ticket-155907 (1354469320436093100) True
INFO        2025-03-26 16:17:29.132342 EST  on_interaction  : confrontable (544952418178301974) ran /rename name:'fhook replacement' in #restorable-ticket-155965 (1354547709629169825) True
INFO        2025-03-26 16:39:02.312069 EST  on_interaction  : confrontable (544952418178301974) ran /rename name:'leader transfer' in #deleted_user1083828102-ticket-155968 (1354553680036364489) True
INFO        2025-03-26 16:40:57.690368 EST  on_interaction  : llama_xd (200543436749668352) ran /close reason:'answered' in #otfdavy-ticket-155957 (1354541493678903297) True
INFO        2025-03-26 16:40:59.345188 EST  close_command   : Closed #otfdavy-ticket-155957 (1354541493678903297) in 1.43s by llama_xd (200543436749668352) 62
INFO        2025-03-26 16:51:36.208333 EST  on_interaction  : reheat (409915081317679104) ran /close reason:'denied' in #parietal-ticket-155969 (1354554022065082439) True
INFO        2025-03-26 16:51:37.906149 EST  close_command   : Closed #parietal-ticket-155969 (1354554022065082439) in 1.51s by reheat (409915081317679104) 63
INFO        2025-03-26 16:52:42.122537 EST  on_interaction  : reheat (409915081317679104) ran /close reason:'empty' in #snjyf-ticket-155960 (1354543506752012553) True
INFO        2025-03-26 16:52:43.737493 EST  close_command   : Closed #snjyf-ticket-155960 (1354543506752012553) in 1.4s by reheat (409915081317679104) 62
INFO        2025-03-26 16:54:32.228753 EST  on_interaction  : reheat (409915081317679104) ran /close reason:'you're not in the main fac, reopen if needed' in #leader-rotation (1354543919626588377) True
INFO        2025-03-26 16:54:34.086536 EST  close_command   : Closed #leader-rotation (1354543919626588377) in 1.61s by reheat (409915081317679104) 62
INFO        2025-03-26 16:54:46.730703 EST  on_interaction  : llama_xd (200543436749668352) ran /close reason:'resolved' in #brezinald-ticket-155955 (1354541029763846258) True
INFO        2025-03-26 16:54:49.011248 EST  close_command   : Closed #brezinald-ticket-155955 (1354541029763846258) in 2.11s by llama_xd (200543436749668352) 61
INFO        2025-03-26 16:54:50.804789 EST  on_interaction  : reheat (409915081317679104) ran /close reason:'done' in #leader-transfer (1354553680036364489) True
INFO        2025-03-26 16:54:52.434849 EST  close_command   : Closed #leader-transfer (1354553680036364489) in 1.47s by reheat (409915081317679104) 60
INFO        2025-03-26 16:55:07.998875 EST  on_interaction  : reheat (409915081317679104) ran /close reason:'denied' in #rqnsz-ticket-155951 (1354538245442113880) True
INFO        2025-03-26 16:55:09.889805 EST  close_command   : Closed #rqnsz-ticket-155951 (1354538245442113880) in 1.71s by reheat (409915081317679104) 59
INFO        2025-03-26 16:57:05.890007 EST  on_interaction  : reheat (409915081317679104) ran /close reason:'done' in #ronron100-ticket-155974 (1354559472701542441) True
INFO        2025-03-26 16:57:07.520804 EST  close_command   : Closed #ronron100-ticket-155974 (1354559472701542441) in 1.42s by reheat (409915081317679104) 59
INFO        2025-03-26 16:59:01.259615 EST  on_interaction  : reheat (409915081317679104) ran /close reason:'pv1+user banned' in #snjyf-ticket-155960 (1354543497226747924) True
INFO        2025-03-26 16:59:02.857960 EST  close_command   : Closed #snjyf-ticket-155960 (1354543497226747924) in 1.42s by reheat (409915081317679104) 59
INFO        2025-03-26 16:59:35.085849 EST  on_interaction  : rolith (399760511706726400) ran /close reason:'denied' in #suphello321-ticket-155972 (1354556129052463184) True
INFO        2025-03-26 16:59:36.854385 EST  close_command   : Closed #suphello321-ticket-155972 (1354556129052463184) in 1.58s by rolith (399760511706726400) 58
INFO        2025-03-26 17:00:11.615402 EST  on_interaction  : reheat (409915081317679104) ran /move category:'948592775669121034' in #projectia_-ticket-155942 (1354523864708677887) True
INFO        2025-03-26 17:00:14.690744 EST  on_interaction  : reheat (409915081317679104) ran /rename name:'strike team' in #projectia_-ticket-155942 (1354523864708677887) True
INFO        2025-03-26 17:00:47.432604 EST  on_interaction  : reheat (409915081317679104) ran /close reason:'ss list' in #guma396-ticket-155947 (1354532450767999157) True
INFO        2025-03-26 17:00:49.304807 EST  close_command   : Closed #guma396-ticket-155947 (1354532450767999157) in 1.66s by reheat (409915081317679104) 57
INFO        2025-03-26 17:01:39.890807 EST  on_interaction  : lilrolls123 (776423109317361714) ran /rename name:'tourney winner' in #coones-ticket-155964 (1354545748540260443) True
INFO        2025-03-26 17:02:17.721651 EST  on_interaction  : reheat (409915081317679104) ran /close reason:'banned' in #revival2279-ticket-155909 (1354476592038150274) True
INFO        2025-03-26 17:02:21.266813 EST  close_command   : Closed #revival2279-ticket-155909 (1354476592038150274) in 3.35s by reheat (409915081317679104) 56
INFO        2025-03-26 17:03:53.363640 EST  on_interaction  : reheat (409915081317679104) ran /close reason:'pv1' in #tourney-winner (1354545748540260443) True
INFO        2025-03-26 17:03:55.484574 EST  close_command   : Closed #tourney-winner (1354545748540260443) in 1.94s by reheat (409915081317679104) 56
INFO        2025-03-26 17:04:19.158698 EST  on_interaction  : reheat (409915081317679104) ran /close reason:'denied' in #jamie_orme-ticket-155975 (1354560015641481393) True
INFO        2025-03-26 17:04:20.627853 EST  close_command   : Closed #jamie_orme-ticket-155975 (1354560015641481393) in 1.23s by reheat (409915081317679104) 55
INFO        2025-03-26 17:04:56.115469 EST  on_interaction  : reheat (409915081317679104) ran /close reason:'requested' in #exkarma-ticket-155973 (1354558861704691863) True
INFO        2025-03-26 17:04:57.825879 EST  close_command   : Closed #exkarma-ticket-155973 (1354558861704691863) in 1.54s by reheat (409915081317679104) 54
INFO        2025-03-26 17:05:42.832534 EST  on_interaction  : reheat (409915081317679104) ran /ticket-logs user:'1028144898391670825' in #awkjaimdlemdqkqmj-ticket-155948 (1354532487665160354) True
INFO        2025-03-26 17:05:47.217544 EST  on_interaction  : reheat (409915081317679104) ran /rename name:'rolith' in #awkjaimdlemdqkqmj-ticket-155948 (1354532487665160354) True
INFO        2025-03-26 17:10:51.562497 EST  on_interaction  : reheat (409915081317679104) ran /close reason:'denied' in #loggings-ticket-155977 (1354562244339306746) True
INFO        2025-03-26 17:10:53.564163 EST  close_command   : Closed #loggings-ticket-155977 (1354562244339306746) in 1.72s by reheat (409915081317679104) 54
INFO        2025-03-26 17:14:59.907562 EST  on_interaction  : lilrolls123 (776423109317361714) ran /close reason:'answered' in #2drip-ticket-155976 (1354561145209360557) True
INFO        2025-03-26 17:15:01.738992 EST  close_command   : Closed #2drip-ticket-155976 (1354561145209360557) in 1.64s by lilrolls123 (776423109317361714) 54
INFO        2025-03-26 17:26:11.290006 EST  on_interaction  : confrontable (544952418178301974) ran /rename name:'tourney winner' in #asdasdasdasdasdasdasdadasa-ticket-155979 (1354566776792547531) True
INFO        2025-03-26 17:35:39.337801 EST  on_interaction  : reheat (409915081317679104) ran /close reason:'doesn't seem to be banned or ssed yet' in #visionnevry-ticket-155985 (1354568212976767158) True
INFO        2025-03-26 17:35:41.109041 EST  close_command   : Closed #visionnevry-ticket-155985 (1354568212976767158) in 1.55s by reheat (409915081317679104) 60
INFO        2025-03-26 17:36:10.482821 EST  on_interaction  : reheat (409915081317679104) ran /close reason:'dupe' in #xental_-ticket-155983 (1354568056361320610) True
INFO        2025-03-26 17:36:12.795295 EST  close_command   : Closed #xental_-ticket-155983 (1354568056361320610) in 1.88s by reheat (409915081317679104) 59
INFO        2025-03-26 17:37:21.255102 EST  on_interaction  : reheat (409915081317679104) ran /close reason:'pv2' in #tourney-winner (1354566776792547531) True
INFO        2025-03-26 17:37:22.949798 EST  close_command   : Closed #tourney-winner (1354566776792547531) in 1.51s by reheat (409915081317679104) 58
INFO        2025-03-26 17:40:56.650043 EST  on_interaction  : reheat (409915081317679104) ran /close reason:'banned' in #thedanholy-ticket-155982 (1354567870339612914) True
INFO        2025-03-26 17:40:58.580681 EST  close_command   : Closed #thedanholy-ticket-155982 (1354567870339612914) in 1.76s by reheat (409915081317679104) 58
INFO        2025-03-26 17:43:09.059203 EST  on_interaction  : reheat (409915081317679104) ran /close reason:'wrong' in #thedanholy-ticket-155987 (1354571116508610913) True
INFO        2025-03-26 17:43:10.596796 EST  close_command   : Closed #thedanholy-ticket-155987 (1354571116508610913) in 1.13s by reheat (409915081317679104) 59
INFO        2025-03-26 17:45:24.094428 EST  on_interaction  : reheat (409915081317679104) ran /close reason:'both punished' in #thedanholy-ticket-155978 (1354563542371795085) True
INFO        2025-03-26 17:45:25.551531 EST  close_command   : Closed #thedanholy-ticket-155978 (1354563542371795085) in 1.33s by reheat (409915081317679104) 59
INFO        2025-03-26 17:53:17.512279 EST  on_interaction  : atomicog (172531164970483712) ran /close reason:'answered' in #fhook-replacement (1354547709629169825) True
INFO        2025-03-26 17:53:18.965337 EST  close_command   : Closed #fhook-replacement (1354547709629169825) in 1.25s by atomicog (172531164970483712) 59
INFO        2025-03-26 17:55:58.215476 EST  on_interaction  : atomicog (172531164970483712) ran /close reason:'answered' in #hook-issue (1354453901692375131) True
INFO        2025-03-26 17:56:00.642991 EST  close_command   : Closed #hook-issue (1354453901692375131) in 2.26s by atomicog (172531164970483712) 58
INFO        2025-03-26 18:05:25.305546 EST  on_interaction  : reheat (409915081317679104) ran /close reason:'pv1' in #thedanholy-ticket-155989 (1354571456687640630) True
INFO        2025-03-26 18:05:27.003854 EST  close_command   : Closed #thedanholy-ticket-155989 (1354571456687640630) in 1.55s by reheat (409915081317679104) 58
INFO        2025-03-26 18:07:38.795077 EST  on_interaction  : reheat (409915081317679104) ran /close reason:'done' in #smokica-ticket-155991 (1354576610111524887) True
INFO        2025-03-26 18:07:40.384508 EST  close_command   : Closed #smokica-ticket-155991 (1354576610111524887) in 1.42s by reheat (409915081317679104) 57
INFO        2025-03-26 18:09:14.274737 EST  on_interaction  : xinkuu (901608730452426782) ran /close reason:'denied' in #thedanholy-ticket-155971 (1354555936903139479) True
INFO        2025-03-26 18:09:15.919655 EST  close_command   : Closed #thedanholy-ticket-155971 (1354555936903139479) in 1.44s by xinkuu (901608730452426782) 56
INFO        2025-03-26 18:16:27.424360 EST  on_interaction  : thegenerous (198263506313805824) ran /rename name:'illegal-base' in #_lirix-ticket-155988 (1354571178395828243) True
INFO        2025-03-26 18:20:21.919583 EST  on_interaction  : thegenerous (198263506313805824) ran /close reason:'we would need some kind of evidence to do anything' in #nicobo-ticket-155966 (1354551739025592551) True
INFO        2025-03-26 18:20:25.861514 EST  close_command   : Closed #nicobo-ticket-155966 (1354551739025592551) in 3.75s by thegenerous (198263506313805824) 59
INFO        2025-03-26 18:20:26.665643 EST  on_interaction  : reheat (409915081317679104) ran /close reason:'pv1' in #thedanholy-ticket-155992 (1354578226462064961) True
INFO        2025-03-26 18:20:28.180811 EST  close_command   : Closed #thedanholy-ticket-155992 (1354578226462064961) in 1.33s by reheat (409915081317679104) 58
INFO        2025-03-26 18:21:13.088249 EST  on_interaction  : reheat (409915081317679104) ran /close reason:'Don't see anything from your acc being taken' in #jasonasf-ticket-155986 (1354570141341450433) True
INFO        2025-03-26 18:21:14.640393 EST  close_command   : Closed #jasonasf-ticket-155986 (1354570141341450433) in 1.34s by reheat (409915081317679104) 57
INFO        2025-03-26 18:22:50.594252 EST  on_interaction  : thegenerous (198263506313805824) ran /rename name:'admin' in #draxxcyl-ticket-155995 (1354580718302265514) True
INFO        2025-03-26 18:23:22.107896 EST  on_interaction  : thegenerous (198263506313805824) ran /rename name:'jail-credits-concern' in #suphello321-ticket-155994 (1354580485384437781) True
INFO        2025-03-26 18:23:50.033502 EST  on_interaction  : thegenerous (198263506313805824) ran /rename name:'revive-question' in #derekking-ticket-155980 (1354567390037282956) True
INFO        2025-03-26 18:34:29.464851 EST  on_interaction  : mochamoat (1079983420337303552) ran /close reason:'troll' in #xmoua7-ticket-155996 (1354583357538697297) True
INFO        2025-03-26 18:34:31.092323 EST  close_command   : Closed #xmoua7-ticket-155996 (1354583357538697297) in 1.37s by mochamoat (1079983420337303552) 57
INFO        2025-03-26 18:34:49.775892 EST  on_interaction  : reheat (409915081317679104) ran /close reason:'unbanned' in #xental_-ticket-155984 (1354568083553128730) True
INFO        2025-03-26 18:34:51.132559 EST  close_command   : Closed #xental_-ticket-155984 (1354568083553128730) in 1.18s by reheat (409915081317679104) 56
INFO        2025-03-26 18:35:07.619708 EST  on_interaction  : reheat (409915081317679104) ran /move category:'948592775669121034' in #jail-credits-concern (1354580485384437781) True
INFO        2025-03-26 18:57:59.588765 EST  on_interaction  : mochamoat (1079983420337303552) ran /close reason:'invalid evidence' in #xmoua7-ticket-155997 (1354584431037255961) True
INFO        2025-03-26 18:58:01.002808 EST  close_command   : Closed #xmoua7-ticket-155997 (1354584431037255961) in 1.23s by mochamoat (1079983420337303552) 57
INFO        2025-03-26 18:59:24.172780 EST  on_interaction  : rolith (399760511706726400) ran /close reason:'answered' in #jail-credits-concern (1354580485384437781) True
INFO        2025-03-26 18:59:25.730232 EST  close_command   : Closed #jail-credits-concern (1354580485384437781) in 1.32s by rolith (399760511706726400) 56
INFO        2025-03-26 19:05:43.552670 EST  on_interaction  : snack6133 (637766719095439380) ran /close reason:'answered' in #allying-report (1354367254250127470) True
INFO        2025-03-26 19:05:45.620934 EST  close_command   : Closed #allying-report (1354367254250127470) in 1.83s by snack6133 (637766719095439380) 55
INFO        2025-03-26 19:20:20.502583 EST  on_interaction  : totallydone127 (515520968777793536) ran /rename name:'buff removal' in #pro_wombat-ticket-155998 (1354587433794142300) True
INFO        2025-03-26 19:20:34.157752 EST  on_interaction  : totallydone127 (515520968777793536) ran /rename name:'claim bug' in #cliippy-ticket-156001 (1354595693624561827) True
INFO        2025-03-26 19:40:03.107573 EST  on_interaction  : rolith (399760511706726400) ran /close reason:'answered' in #claim-bug (1354595693624561827) True
INFO        2025-03-26 19:40:05.093272 EST  close_command   : Closed #claim-bug (1354595693624561827) in 1.78s by rolith (399760511706726400) 60
INFO        2025-03-26 19:40:33.621394 EST  on_interaction  : rolith (399760511706726400) ran /close reason:'answered' in #reapa1-ticket-155999 (1354593094766428293) True
INFO        2025-03-26 19:40:35.545701 EST  close_command   : Closed #reapa1-ticket-155999 (1354593094766428293) in 1.65s by rolith (399760511706726400) 59
INFO        2025-03-26 20:05:14.230902 EST  on_interaction  : snack6133 (637766719095439380) ran /close reason:'denied' in #d2_rappy-ticket-156005 (1354606221684113669) True
INFO        2025-03-26 20:05:15.981738 EST  close_command   : Closed #d2_rappy-ticket-156005 (1354606221684113669) in 1.38s by snack6133 (637766719095439380) 59
INFO        2025-03-26 20:35:19.888821 EST  on_interaction  : exitiummm (750077826874736770) ran /close reason:'unbanned' in #832582852075105730285-ticket-155981 (1354567519901454498) True
INFO        2025-03-26 20:35:21.805221 EST  close_command   : Closed #832582852075105730285-ticket-155981 (1354567519901454498) in 1.74s by exitiummm (750077826874736770) 60
INFO        2025-03-26 20:35:50.634412 EST  on_interaction  : exitiummm (750077826874736770) ran /close reason:'unbanned' in #readoo-ticket-155953 (1354539581021880431) True
INFO        2025-03-26 20:35:52.599023 EST  close_command   : Closed #readoo-ticket-155953 (1354539581021880431) in 1.78s by exitiummm (750077826874736770) 59
INFO        2025-03-26 20:36:14.885420 EST  on_interaction  : exitiummm (750077826874736770) ran /close reason:'removed' in #buff-removal (1354587433794142300) True
INFO        2025-03-26 20:36:16.807432 EST  close_command   : Closed #buff-removal (1354587433794142300) in 1.75s by exitiummm (750077826874736770) 58
INFO        2025-03-26 20:36:46.877979 EST  on_interaction  : exitiummm (750077826874736770) ran /close reason:'denied' in #notderpy-ticket-156000 (1354594727118246040) True
INFO        2025-03-26 20:36:48.708208 EST  close_command   : Closed #notderpy-ticket-156000 (1354594727118246040) in 1.46s by exitiummm (750077826874736770) 57
INFO        2025-03-26 20:37:10.185659 EST  on_interaction  : legendsarising (958225180604370945) ran /close reason:'answered' in #revive-question (1354567390037282956) True
INFO        2025-03-26 20:37:11.822356 EST  close_command   : Closed #revive-question (1354567390037282956) in 1.46s by legendsarising (958225180604370945) 56
INFO        2025-03-26 20:38:38.612499 EST  on_interaction  : legendsarising (958225180604370945) ran /close reason:'answeredf' in #kraken-plus-negation (1354539126606659777) True
INFO        2025-03-26 20:38:40.725604 EST  close_command   : Closed #kraken-plus-negation (1354539126606659777) in 1.94s by legendsarising (958225180604370945) 56
INFO        2025-03-26 20:39:18.450266 EST  on_interaction  : legendsarising (958225180604370945) ran /close reason:'answered' in #briitt-ticket-156004 (1354599813290791138) True
INFO        2025-03-26 20:39:20.789892 EST  close_command   : Closed #briitt-ticket-156004 (1354599813290791138) in 2.17s by legendsarising (958225180604370945) 55
INFO        2025-03-26 20:39:44.737972 EST  on_interaction  : rolith (399760511706726400) ran /close reason:'pv 2' in #rolith (1354532487665160354) True
INFO        2025-03-26 20:39:46.622785 EST  close_command   : Closed #rolith (1354532487665160354) in 1.65s by rolith (399760511706726400) 54
INFO        2025-03-26 20:40:44.073660 EST  on_interaction  : rolith (399760511706726400) ran /close reason:'answered' in #rolith (1354524591594279093) True
INFO        2025-03-26 20:40:45.678051 EST  close_command   : Closed #rolith (1354524591594279093) in 1.43s by rolith (399760511706726400) 53
INFO        2025-03-26 20:41:22.398276 EST  on_interaction  : legendsarising (958225180604370945) ran /close reason:'requested' in #mmareply-ticket-155993 (1354579774504177880) True
INFO        2025-03-26 20:41:23.886914 EST  close_command   : Closed #mmareply-ticket-155993 (1354579774504177880) in 1.26s by legendsarising (958225180604370945) 52
INFO        2025-03-26 20:41:45.716912 EST  on_interaction  : exitiummm (750077826874736770) ran /close reason:'removed' in #remove-b-claims (1354540997568368771) True
INFO        2025-03-26 20:41:48.260734 EST  close_command   : Closed #remove-b-claims (1354540997568368771) in 2.36s by exitiummm (750077826874736770) 51
INFO        2025-03-26 20:41:53.321930 EST  on_interaction  : legendsarising (958225180604370945) ran /close reason:'denied' in #ariole-ticket-155970 (1354555167588094062) True
INFO        2025-03-26 20:41:53.761450 EST  on_interaction  : exitiummm (750077826874736770) ran /close reason:'we would not be able to unban you sadly' in #notderpy-ticket-156008 (1354615334463864902) True
INFO        2025-03-26 20:41:55.077468 EST  close_command   : Closed #ariole-ticket-155970 (1354555167588094062) in 1.62s by legendsarising (958225180604370945) 49
INFO        2025-03-26 20:41:55.202079 EST  close_command   : Closed #notderpy-ticket-156008 (1354615334463864902) in 1.21s by exitiummm (750077826874736770) 49
INFO        2025-03-26 20:42:35.848078 EST  on_interaction  : exitiummm (750077826874736770) ran /close reason:'pv 1' in #galo8864-ticket-155958 (1354542531462955008) True
INFO        2025-03-26 20:42:37.188736 EST  close_command   : Closed #galo8864-ticket-155958 (1354542531462955008) in 1.17s by exitiummm (750077826874736770) 48
INFO        2025-03-26 20:42:45.200250 EST  on_interaction  : legendsarising (958225180604370945) ran /ticket-logs user:'747572271857795093' in #𝖠𝖽𝗆𝗂𝗇-𝖢𝗈𝗆𝗆𝖺𝗇𝖽𝗌 (918905775907291156) True
INFO        2025-03-26 20:43:57.324623 EST  on_interaction  : legendsarising (958225180604370945) ran /ticket-logs user:'1076803798426714112' in #𝖠𝖽𝗆𝗂𝗇-𝖢𝗈𝗆𝗆𝖺𝗇𝖽𝗌 (918905775907291156) True
INFO        2025-03-26 20:44:40.181988 EST  on_interaction  : exitiummm (750077826874736770) ran /close reason:'rolled back' in #admin (1354580718302265514) True
INFO        2025-03-26 20:44:43.009899 EST  close_command   : Closed #admin (1354580718302265514) in 2.62s by exitiummm (750077826874736770) 47
INFO        2025-03-26 20:45:00.508459 EST  on_interaction  : exitiummm (750077826874736770) ran /ticket-logs user:'747572271857795093' in #test-bot (935016733033525328) True
INFO        2025-03-26 20:47:56.152075 EST  on_interaction  : exitiummm (750077826874736770) ran /close reason:'c037 has it' in #narcoses-ticket-155956 (1354541380139221144) True
INFO        2025-03-26 20:47:59.179290 EST  close_command   : Closed #narcoses-ticket-155956 (1354541380139221144) in 2.81s by exitiummm (750077826874736770) 46
INFO        2025-03-26 20:49:35.447874 EST  on_interaction  : snack6133 (637766719095439380) ran /close reason:'answered' in #coffert-ticket-156006 (1354611826993664010) True
INFO        2025-03-26 20:49:37.020101 EST  close_command   : Closed #coffert-ticket-156006 (1354611826993664010) in 1.38s by snack6133 (637766719095439380) 45
INFO        2025-03-26 20:49:41.236816 EST  on_interaction  : exitiummm (750077826874736770) ran /ticket-logs user:'352191301057249282' in #revive-query (1354350076318978179) True
INFO        2025-03-26 20:51:06.156238 EST  on_interaction  : exitiummm (750077826874736770) ran /close reason:'pv 2' in #revive-query (1354350076318978179) True
INFO        2025-03-26 20:51:07.910037 EST  close_command   : Closed #revive-query (1354350076318978179) in 1.48s by exitiummm (750077826874736770) 44
INFO        2025-03-26 21:16:23.571225 EST  on_interaction  : rolith (399760511706726400) ran /close reason:'resolved' in #inspired_-ticket-155865 (1354338234972373002) True
INFO        2025-03-26 21:16:25.412960 EST  close_command   : Closed #inspired_-ticket-155865 (1354338234972373002) in 1.6s by rolith (399760511706726400) 46
INFO        2025-03-26 21:36:53.121740 EST  on_interaction  : itssfearless (469543931533852684) ran /rename name:'missing lootbag items' in #shikamar-ticket-156014 (1354629874849026169) True
INFO        2025-03-26 21:47:43.339155 EST  on_interaction  : snack6133 (637766719095439380) ran /rename name:'enchant query' in #totallydone127-ticket-156015 (1354632695639965928) True
INFO        2025-03-26 21:50:11.432412 EST  on_interaction  : legendsarising (958225180604370945) ran /close reason:'answered' in #enchant-query (1354632695639965928) True
INFO        2025-03-26 21:50:13.133439 EST  close_command   : Closed #enchant-query (1354632695639965928) in 1.49s by legendsarising (958225180604370945) 51
INFO        2025-03-26 21:50:40.556799 EST  on_interaction  : legendsarising (958225180604370945) ran /close reason:'answered' in #cliippy-ticket-156016 (1354632748052123679) True
INFO        2025-03-26 21:50:42.171859 EST  close_command   : Closed #cliippy-ticket-156016 (1354632748052123679) in 1.31s by legendsarising (958225180604370945) 50
INFO        2025-03-26 21:56:24.937194 EST  on_interaction  : snack6133 (637766719095439380) ran /rename name:'missing cf' in #hello14142-ticket-156018 (1354634414880981084) True
INFO        2025-03-26 21:59:42.489270 EST  on_interaction  : snack6133 (637766719095439380) ran /close reason:'answered' in #missing-cf (1354634414880981084) True
INFO        2025-03-26 21:59:45.778398 EST  close_command   : Closed #missing-cf (1354634414880981084) in 3.03s by snack6133 (637766719095439380) 50
INFO        2025-03-26 22:24:22.666897 EST  on_interaction  : thegenerous (198263506313805824) ran /rename name:'chat-logs' in #counterfeits-ticket-156021 (1354641946760581210) True
INFO        2025-03-26 23:16:51.900609 EST  on_interaction  : trojanfile (386288345304793089) ran /close reason:'Create a ticket when u have clips' in #invis-bug (1345196641648509022) True
INFO        2025-03-26 23:16:53.757040 EST  close_command   : Closed #invis-bug (1345196641648509022) in 1.69s by trojanfile (386288345304793089) 54
INFO        2025-03-26 23:17:02.343176 EST  on_interaction  : trojanfile (386288345304793089) ran /close reason:'can get by myself' in #bedrock-placing-bug (1343529665184268332) True
INFO        2025-03-26 23:17:03.780080 EST  close_command   : Closed #bedrock-placing-bug (1343529665184268332) in 1.3s by trojanfile (386288345304793089) 53
INFO        2025-03-26 23:28:16.167402 EST  on_interaction  : legendsarising (958225180604370945) ran /close reason:'answered' in #visionnevry-ticket-156025 (1354656603185348750) True
INFO        2025-03-26 23:28:17.652204 EST  close_command   : Closed #visionnevry-ticket-156025 (1354656603185348750) in 1.3s by legendsarising (958225180604370945) 54
INFO        2025-03-26 23:36:03.986491 EST  on_interaction  : snack6133 (637766719095439380) ran /close reason:'banned' in #bheme-ticket-155857 (1354327458308034570) True
INFO        2025-03-26 23:36:05.702796 EST  close_command   : Closed #bheme-ticket-155857 (1354327458308034570) in 1.53s by snack6133 (637766719095439380) 54
INFO        2025-03-26 23:56:38.858297 EST  on_interaction  : itssfearless (469543931533852684) ran /close reason:'.' in #itssfearless-ticket-156027 (1354662156083138682) True
INFO        2025-03-26 23:56:40.610484 EST  close_command   : Closed #itssfearless-ticket-156027 (1354662156083138682) in 1.55s by itssfearless (469543931533852684) 56
INFO        2025-03-27 00:04:31.572594 EST  on_interaction  : rolith (399760511706726400) ran /close reason:'pv 1' in #missing-lootbag-items (1354629874849026169) True
INFO        2025-03-27 00:04:34.831401 EST  close_command   : Closed #missing-lootbag-items (1354629874849026169) in 3.09s by rolith (399760511706726400) 56
INFO        2025-03-27 00:04:50.935256 EST  on_interaction  : rolith (399760511706726400) ran /close reason:'allowed' in #balentinojiji-ticket-156023 (1354642026381054013) True
INFO        2025-03-27 00:04:52.438666 EST  close_command   : Closed #balentinojiji-ticket-156023 (1354642026381054013) in 1.32s by rolith (399760511706726400) 55
INFO        2025-03-27 00:05:14.475564 EST  on_interaction  : rolith (399760511706726400) ran /close reason:'given' in #nate54-ticket-156009 (1354620861830660147) True
INFO        2025-03-27 00:05:15.784724 EST  close_command   : Closed #nate54-ticket-156009 (1354620861830660147) in 1.14s by rolith (399760511706726400) 54
INFO        2025-03-27 00:12:25.507329 EST  on_interaction  : llama_xd (200543436749668352) ran /close reason:'denied' in #spinable-ticket-156010 (1354622687204610109) True
INFO        2025-03-27 00:12:27.122270 EST  close_command   : Closed #spinable-ticket-156010 (1354622687204610109) in 1.41s by llama_xd (200543436749668352) 55
INFO        2025-03-27 00:16:25.995697 EST  on_interaction  : llama_xd (200543436749668352) ran /close reason:'accepted' in #chat-logs (1354641946760581210) True
INFO        2025-03-27 00:16:27.697220 EST  close_command   : Closed #chat-logs (1354641946760581210) in 1.52s by llama_xd (200543436749668352) 54
INFO        2025-03-27 00:17:21.238304 EST  on_interaction  : llama_xd (200543436749668352) ran /private in #itssfearless-ticket-156031 (1354667573836513401) True
INFO        2025-03-27 00:25:07.214596 EST  on_interaction  : itssfearless (469543931533852684) ran /move category:'1010777747456524338' in #imtre-ticket-156035 (1354672056980996279) True
INFO        2025-03-27 00:28:21.379077 EST  on_interaction  : rolith (399760511706726400) ran /close reason:'unbanned' in #itssfearless-ticket-156031 (1354667573836513401) True
INFO        2025-03-27 00:28:22.825319 EST  close_command   : Closed #itssfearless-ticket-156031 (1354667573836513401) in 1.26s by rolith (399760511706726400) 56
INFO        2025-03-27 00:29:31.450392 EST  on_interaction  : rolith (399760511706726400) ran /close reason:'unbanned' in #derekking-ticket-156028 (1354662543045431296) True
INFO        2025-03-27 00:29:32.969749 EST  close_command   : Closed #derekking-ticket-156028 (1354662543045431296) in 1.33s by rolith (399760511706726400) 55
INFO        2025-03-27 00:29:47.457159 EST  on_interaction  : rolith (399760511706726400) ran /ticket-logs user:'469543931533852684' in #test-bot (935016733033525328) True
INFO        2025-03-27 00:32:09.673573 EST  on_interaction  : rolith (399760511706726400) ran /close reason:'unbanned' in #tightened-ticket-156032 (1354669053943353394) True
INFO        2025-03-27 00:32:11.150196 EST  close_command   : Closed #tightened-ticket-156032 (1354669053943353394) in 1.31s by rolith (399760511706726400) 56
INFO        2025-03-27 00:33:57.521916 EST  on_interaction  : rolith (399760511706726400) ran /close reason:'unbanned' in #imtre-ticket-156035 (1354672056980996279) True
INFO        2025-03-27 00:33:59.059028 EST  close_command   : Closed #imtre-ticket-156035 (1354672056980996279) in 1.36s by rolith (399760511706726400) 55
INFO        2025-03-27 00:34:10.153390 EST  on_interaction  : rolith (399760511706726400) ran /close reason:'unbanned' in #8f5-ticket-156033 (1354670844827271321) True
INFO        2025-03-27 00:34:12.162322 EST  close_command   : Closed #8f5-ticket-156033 (1354670844827271321) in 1.85s by rolith (399760511706726400) 54
INFO        2025-03-27 00:34:48.420383 EST  on_interaction  : rolith (399760511706726400) ran /close reason:'resolved' in #itssfearless-ticket-156036 (1354673933483507742) True
INFO        2025-03-27 00:34:49.994397 EST  close_command   : Closed #itssfearless-ticket-156036 (1354673933483507742) in 1.38s by rolith (399760511706726400) 53
INFO        2025-03-27 00:35:09.739326 EST  on_interaction  : rolith (399760511706726400) ran /close reason:'answered' in #sweatybomb-ticket-156030 (1354666146678181899) True
INFO        2025-03-27 00:35:11.079067 EST  close_command   : Closed #sweatybomb-ticket-156030 (1354666146678181899) in 1.15s by rolith (399760511706726400) 52
INFO        2025-03-27 00:39:35.941009 EST  on_interaction  : rolith (399760511706726400) ran /close reason:'REMOVED' in #illegal-base (1354571178395828243) True
INFO        2025-03-27 00:39:37.458288 EST  close_command   : Closed #illegal-base (1354571178395828243) in 1.32s by rolith (399760511706726400) 53
INFO        2025-03-27 00:39:51.152273 EST  on_interaction  : rolith (399760511706726400) ran /close reason:'unbanned' in #ericzx-ticket-156038 (1354675195956433067) True
INFO        2025-03-27 00:39:52.665210 EST  close_command   : Closed #ericzx-ticket-156038 (1354675195956433067) in 1.34s by rolith (399760511706726400) 52
INFO        2025-03-27 00:40:21.065762 EST  on_interaction  : rolith (399760511706726400) ran /close reason:'answered' in #sweatybomb-ticket-156039 (1354675249483878491) True
INFO        2025-03-27 00:40:22.322334 EST  close_command   : Closed #sweatybomb-ticket-156039 (1354675249483878491) in 1.12s by rolith (399760511706726400) 51
INFO        2025-03-27 00:41:21.551686 EST  on_interaction  : rolith (399760511706726400) ran /close reason:'kingspookad' in #sweatybomb-ticket-155907 (1354469320436093100) True
INFO        2025-03-27 00:41:23.094660 EST  close_command   : Closed #sweatybomb-ticket-155907 (1354469320436093100) in 1.35s by rolith (399760511706726400) 50
INFO        2025-03-27 00:48:24.943528 EST  on_interaction  : rolith (399760511706726400) ran /close reason:'player banned' in #jajajjaajajaja-ticket-156003 (1354599013126508544) True
INFO        2025-03-27 00:48:26.378523 EST  close_command   : Closed #jajajjaajajaja-ticket-156003 (1354599013126508544) in 1.23s by rolith (399760511706726400) 53
INFO        2025-03-27 00:49:49.817532 EST  on_interaction  : rolith (399760511706726400) ran /close reason:'pv 1' in #sweatybomb-ticket-156011 (1354624018308923473) True
INFO        2025-03-27 00:49:51.190819 EST  close_command   : Closed #sweatybomb-ticket-156011 (1354624018308923473) in 1.19s by rolith (399760511706726400) 52
INFO        2025-03-27 00:50:25.784154 EST  on_interaction  : thegenerous (198263506313805824) ran /rename name:'revive-question' in #xoxoxoxoxoxoxox0-ticket-156043 (1354678275166834758) True
INFO        2025-03-27 00:50:31.488370 EST  on_interaction  : thegenerous (198263506313805824) ran /close reason:'answered' in #aidenm7-ticket-156041 (1354676996549906554) True
INFO        2025-03-27 00:50:33.555636 EST  close_command   : Closed #aidenm7-ticket-156041 (1354676996549906554) in 1.92s by thegenerous (198263506313805824) 51
INFO        2025-03-27 00:52:57.869298 EST  on_interaction  : rolith (399760511706726400) ran /close reason:'pv 2' in #r00kieuk-ticket-156017 (1354632961508769925) True
INFO        2025-03-27 00:52:59.431008 EST  close_command   : Closed #r00kieuk-ticket-156017 (1354632961508769925) in 1.38s by rolith (399760511706726400) 51
INFO        2025-03-27 00:53:29.504922 EST  on_interaction  : rolith (399760511706726400) ran /rename name:'legends' in #ariole-ticket-156019 (1354637240877449308) True
INFO        2025-03-27 00:53:34.327229 EST  on_interaction  : rolith (399760511706726400) ran /close reason:'no response' in #visionnevry-ticket-156024 (1354656588706615306) True
INFO        2025-03-27 00:53:35.857080 EST  close_command   : Closed #visionnevry-ticket-156024 (1354656588706615306) in 1.34s by rolith (399760511706726400) 50
INFO        2025-03-27 00:53:44.883008 EST  on_interaction  : rolith (399760511706726400) ran /close reason:'already done' in #bandit2-ticket-156029 (1354663755971170375) True
INFO        2025-03-27 00:53:46.456496 EST  close_command   : Closed #bandit2-ticket-156029 (1354663755971170375) in 1.36s by rolith (399760511706726400) 49
INFO        2025-03-27 00:56:41.112759 EST  on_interaction  : rolith (399760511706726400) ran /close reason:'unbanned' in #rollocoster123-ticket-156037 (1354674167651242096) True
INFO        2025-03-27 00:56:42.542260 EST  close_command   : Closed #rollocoster123-ticket-156037 (1354674167651242096) in 1.25s by rolith (399760511706726400) 49
INFO        2025-03-27 00:58:51.803149 EST  on_interaction  : rolith (399760511706726400) ran /close reason:'pv 2' in #derekking-ticket-156042 (1354677753244553307) True
INFO        2025-03-27 00:58:53.288534 EST  close_command   : Closed #derekking-ticket-156042 (1354677753244553307) in 1.3s by rolith (399760511706726400) 49
INFO        2025-03-27 01:01:46.606661 EST  on_interaction  : rolith (399760511706726400) ran /close reason:'answered' in #revive-question (1354678275166834758) True
INFO        2025-03-27 01:01:48.521763 EST  close_command   : Closed #revive-question (1354678275166834758) in 1.7s by rolith (399760511706726400) 48
INFO        2025-03-27 01:01:59.583270 EST  on_interaction  : rolith (399760511706726400) ran /close reason:'no response' in #empirehangout-ticket-156045 (1354680012221059083) True
INFO        2025-03-27 01:02:01.414198 EST  close_command   : Closed #empirehangout-ticket-156045 (1354680012221059083) in 1.68s by rolith (399760511706726400) 47
INFO        2025-03-27 01:07:14.093903 EST  on_interaction  : rolith (399760511706726400) ran /close reason:'pv 3' in #rollocoster123-ticket-156046 (1354680969445244959) True
INFO        2025-03-27 01:07:15.635544 EST  close_command   : Closed #rollocoster123-ticket-156046 (1354680969445244959) in 1.37s by rolith (399760511706726400) 47
INFO        2025-03-27 01:19:48.668390 EST  on_interaction  : rolith (399760511706726400) ran /close reason:'pv 1' in #empirehangout-ticket-156047 (1354681961779691571) True
INFO        2025-03-27 01:19:51.290929 EST  close_command   : Closed #empirehangout-ticket-156047 (1354681961779691571) in 2.42s by rolith (399760511706726400) 46
INFO        2025-03-27 01:31:08.639164 EST  on_interaction  : sanamo (837793755838939157) ran /ticket-logs user:'683385527634100264' in #𝖠𝖽𝗆𝗂𝗇-𝖢𝗈𝗆𝗆𝖺𝗇𝖽𝗌 (918905775907291156) True
INFO        2025-03-27 01:38:49.386904 EST  on_interaction  : rolith (399760511706726400) ran /close reason:'no response' in #noties-bug (1353876568568496128) True
INFO        2025-03-27 01:38:50.847802 EST  close_command   : Closed #noties-bug (1353876568568496128) in 1.28s by rolith (399760511706726400) 46
INFO        2025-03-27 02:08:03.610353 EST  on_interaction  : lilrolls123 (776423109317361714) ran /move category:'1009574363915370620' in #ericzx-ticket-156050 (1354697179616510072) True
INFO        2025-03-27 02:33:49.749780 EST  on_interaction  : lilrolls123 (776423109317361714) ran /close reason:'empty' in #imluckytoo-ticket-156051 (1354700451773153420) True
INFO        2025-03-27 02:33:51.622449 EST  close_command   : Closed #imluckytoo-ticket-156051 (1354700451773153420) in 1.69s by lilrolls123 (776423109317361714) 49
INFO        2025-03-27 03:05:48.982184 EST  on_interaction  : lilrolls123 (776423109317361714) ran /move category:'1009574363915370620' in #____a17-ticket-156056 (1354711098720518194) True
INFO        2025-03-27 03:20:20.570660 EST  on_interaction  : lilrolls123 (776423109317361714) ran /move category:'1009574363915370620' in #sweatybomb-ticket-156060 (1354715025767403664) True
INFO        2025-03-27 03:22:23.337267 EST  on_interaction  : lilrolls123 (776423109317361714) ran /rename name:'marksman' in #imluckytoo-ticket-156052 (1354700470228090882) True
INFO        2025-03-27 03:25:54.160175 EST  on_interaction  : lilrolls123 (776423109317361714) ran /move category:'1010777747456524338' in #powerfulest-ticket-156059 (1354714026386391112) True
INFO        2025-03-27 03:38:39.157566 EST  on_interaction  : lilrolls123 (776423109317361714) ran /close reason:'answered' in #awkjaimdlemdqkqmj-ticket-156054 (1354708472989618297) True
INFO        2025-03-27 03:38:42.363698 EST  close_command   : Closed #awkjaimdlemdqkqmj-ticket-156054 (1354708472989618297) in 3.02s by lilrolls123 (776423109317361714) 61
INFO        2025-03-27 03:41:15.196045 EST  on_interaction  : _matiass. (638734404402806815) ran /close reason:'Answered' in #powerfulest-ticket-156059 (1354714026386391112) True
INFO        2025-03-27 03:41:16.675469 EST  close_command   : Closed #powerfulest-ticket-156059 (1354714026386391112) in 1.29s by _matiass. (638734404402806815) 60
INFO        2025-03-27 03:53:38.356060 EST  on_interaction  : llama_xd (200543436749668352) ran /ticket-logs user:'1327127748434591807' in #oagw-ticket-156061 (1354715446963863624) True
INFO        2025-03-27 03:54:34.894626 EST  blacklist_user  : Ticket blacklisted oagw. (1327127748434591807) for 4d
INFO        2025-03-27 03:54:34.896321 EST  on_interaction  : llama_xd (200543436749668352) ran /blacklist user:'1327127748434591807' length:'4d' reason:'Repeated appeals, was asked to stop making tickets but made another appeal' in #𝖲𝗍𝖺𝖿𝖿-𝖢𝗈𝗆𝗆𝖺𝗇𝖽𝗌 (918905638464127016) True
INFO        2025-03-27 03:54:42.157818 EST  on_interaction  : llama_xd (200543436749668352) ran /close reason:'denied' in #oagw-ticket-156061 (1354715446963863624) True
INFO        2025-03-27 03:54:43.915825 EST  close_command   : Closed #oagw-ticket-156061 (1354715446963863624) in 1.6s by llama_xd (200543436749668352) 59
INFO        2025-03-27 03:56:14.175671 EST  on_interaction  : llama_xd (200543436749668352) ran /close reason:'no evidence' in #____a17-ticket-156056 (1354711098720518194) True
INFO        2025-03-27 03:56:15.852361 EST  close_command   : Closed #____a17-ticket-156056 (1354711098720518194) in 1.5s by llama_xd (200543436749668352) 58
INFO        2025-03-27 03:56:48.948656 EST  on_interaction  : llama_xd (200543436749668352) ran /close reason:'preq' in #awkjaimdlemdqkqmj-ticket-156062 (1354716029716140163) True
INFO        2025-03-27 03:56:50.314384 EST  close_command   : Closed #awkjaimdlemdqkqmj-ticket-156062 (1354716029716140163) in 1.22s by llama_xd (200543436749668352) 57
INFO        2025-03-27 03:56:58.365958 EST  on_interaction  : llama_xd (200543436749668352) ran /close reason:'blank' in #auratax-ticket-156020 (1354641903374565496) True
INFO        2025-03-27 03:57:00.080417 EST  close_command   : Closed #auratax-ticket-156020 (1354641903374565496) in 1.57s by llama_xd (200543436749668352) 56
INFO        2025-03-27 04:00:39.179974 EST  on_interaction  : llama_xd (200543436749668352) ran /ticket-logs user:'249632012187467785' in #𝖲𝗍𝖺𝖿𝖿-𝖢𝗈𝗆𝗆𝖺𝗇𝖽𝗌 (918905638464127016) True
INFO        2025-03-27 04:13:35.310184 EST  on_interaction  : gcrazyy (934805715510517850) ran /rename name:'counter ticket' in #awkjaimdlemdqkqmj-ticket-156063 (1354716108489232435) True
INFO        2025-03-27 04:17:44.155404 EST  on_interaction  : confrontable (544952418178301974) ran /rename name:'fhook replacement' in #sqeeties-ticket-156048 (1354688071794430012) True
INFO        2025-03-27 04:24:05.259810 EST  on_interaction  : llama_xd (200543436749668352) ran /close reason:'added to ss list' in #sweatybomb-ticket-156060 (1354715025767403664) True
INFO        2025-03-27 04:24:06.730304 EST  close_command   : Closed #sweatybomb-ticket-156060 (1354715025767403664) in 1.3s by llama_xd (200543436749668352) 55
INFO        2025-03-27 04:27:29.202964 EST  on_interaction  : llama_xd (200543436749668352) ran /close reason:'ticket wasnt accepted' in #counter-ticket (1354716108489232435) True
INFO        2025-03-27 04:27:30.639739 EST  close_command   : Closed #counter-ticket (1354716108489232435) in 1.26s by llama_xd (200543436749668352) 54
INFO        2025-03-27 04:33:09.474950 EST  on_interaction  : gcrazyy (934805715510517850) ran /ticket-logs user:'223949506989916170' in #𝖲𝗍𝖺𝖿𝖿-𝖢𝗈𝗆𝗆𝖺𝗇𝖽𝗌 (918905638464127016) True
INFO        2025-03-27 05:09:37.910750 EST  on_interaction  : llama_xd (200543436749668352) ran /close reason:'denied' in #eoka-ticket-156058 (1354713818374082691) True
INFO        2025-03-27 05:09:39.921781 EST  close_command   : Closed #eoka-ticket-156058 (1354713818374082691) in 1.83s by llama_xd (200543436749668352) 53
INFO        2025-03-27 06:42:03.587367 EST  on_interaction  : legendsarising (958225180604370945) ran /close reason:'denied' in #legends (1354637240877449308) True
INFO        2025-03-27 06:42:04.937849 EST  close_command   : Closed #legends (1354637240877449308) in 1.16s by legendsarising (958225180604370945) 54
INFO        2025-03-27 07:07:46.249097 EST  on_interaction  : xinkuu (901608730452426782) ran /close reason:'denied,no video' in #cadiarolls-ticket-156053 (1354706243285155840) True
INFO        2025-03-27 07:07:47.813863 EST  close_command   : Closed #cadiarolls-ticket-156053 (1354706243285155840) in 1.38s by xinkuu (901608730452426782) 53
INFO        2025-03-27 07:07:58.213829 EST  on_interaction  : xinkuu (901608730452426782) ran /ticket-logs user:'223949506989916170' in #sweatybomb-ticket-156040 (1354676740634443877) True
INFO        2025-03-27 07:08:30.667603 EST  on_interaction  : xinkuu (901608730452426782) ran /rename name:'rolith' in #sweatybomb-ticket-156040 (1354676740634443877) True
INFO        2025-03-27 07:08:43.953278 EST  on_interaction  : xinkuu (901608730452426782) ran /rename name:'rolith' in #fafafafaffafafafa-ticket-156012 (1354626860390023188) True
INFO        2025-03-27 07:09:34.194738 EST  on_interaction  : xinkuu (901608730452426782) ran /close reason:'answered' in #ppuggy-ticket-155855 (1354326360520130701) True
INFO        2025-03-27 07:09:35.534708 EST  close_command   : Closed #ppuggy-ticket-155855 (1354326360520130701) in 1.21s by xinkuu (901608730452426782) 53
INFO        2025-03-27 07:12:11.396509 EST  on_interaction  : xinkuu (901608730452426782) ran /rename name:'.' in #whohaswomen-ticket-156002 (1354596591868313601) True
INFO        2025-03-27 07:14:48.984194 EST  on_interaction  : llama_xd (200543436749668352) ran /ticket-logs user:'948702474796142592' in #cadiarolls-ticket-156070 (1354774925222875156) True
INFO        2025-03-27 07:15:22.676201 EST  on_interaction  : llama_xd (200543436749668352) ran /close reason:'dont make another ticket without a video' in #cadiarolls-ticket-156070 (1354774925222875156) True
INFO        2025-03-27 07:15:24.158663 EST  close_command   : Closed #cadiarolls-ticket-156070 (1354774925222875156) in 1.34s by llama_xd (200543436749668352) 54
INFO        2025-03-27 07:19:28.883348 EST  on_interaction  : llama_xd (200543436749668352) ran /rename name:'admin item recover' in #dvrkred-ticket-156067 (1354765289140781229) True
INFO        2025-03-27 08:15:40.979162 EST  on_interaction  : d2_rappy (318403043102294027) ran /close reason:'answered' in #d2_rappy-ticket-156007 (1354613311898910750) True
INFO        2025-03-27 08:15:43.492589 EST  close_command   : Closed #d2_rappy-ticket-156007 (1354613311898910750) in 2.35s by d2_rappy (318403043102294027) 53
INFO        2025-03-27 09:36:36.200773 EST  on_interaction  : atomicog (172531164970483712) ran /close reason:'answered' in #fhook-replacement (1354688071794430012) True
INFO        2025-03-27 09:36:37.699067 EST  close_command   : Closed #fhook-replacement (1354688071794430012) in 1.32s by atomicog (172531164970483712) 54
INFO        2025-03-27 10:18:18.080720 EST  on_interaction  : llama_xd (200543436749668352) ran /close reason:'already denied' in #eoka-ticket-156075 (1354819934840033431) True
INFO        2025-03-27 10:18:19.840543 EST  close_command   : Closed #eoka-ticket-156075 (1354819934840033431) in 1.58s by llama_xd (200543436749668352) 56
INFO        2025-03-27 10:27:08.367861 EST  on_interaction  : llama_xd (200543436749668352) ran /ticket-logs user:'480116096137953292' in #eoka-ticket-156076 (1354822415573717105) True
INFO        2025-03-27 10:27:36.706331 EST  on_interaction  : llama_xd (200543436749668352) ran /ticket-logs user:'637766719095439380' in #𝖲𝗍𝖺𝖿𝖿-𝖢𝗈𝗆𝗆𝖺𝗇𝖽𝗌 (918905638464127016) True
INFO        2025-03-27 10:37:40.912967 EST  on_interaction  : llama_xd (200543436749668352) ran /close reason:'answered' in #eoka-ticket-156076 (1354822415573717105) True
INFO        2025-03-27 10:37:42.492303 EST  close_command   : Closed #eoka-ticket-156076 (1354822415573717105) in 1.4s by llama_xd (200543436749668352) 56
INFO        2025-03-27 11:03:00.070227 EST  on_interaction  : kos4ever (1086791650992476241) ran /close reason:'The player has been punished.' in #thebagman_89-ticket-155888 (1354407367655292948) True
INFO        2025-03-27 11:03:01.779310 EST  close_command   : Closed #thebagman_89-ticket-155888 (1354407367655292948) in 1.5s by kos4ever (1086791650992476241) 57
INFO        2025-03-27 11:19:37.912012 EST  on_interaction  : _matiass. (638734404402806815) ran /close reason:'Denied' in #- (1354596591868313601) True
INFO        2025-03-27 11:19:39.983039 EST  close_command   : Closed #- (1354596591868313601) in 1.89s by _matiass. (638734404402806815) 57
INFO        2025-03-27 11:20:28.626402 EST  on_interaction  : _matiass. (638734404402806815) ran /close reason:'Denied' in #rollocoster123-ticket-156072 (1354810989140250644) True
INFO        2025-03-27 11:20:30.332601 EST  close_command   : Closed #rollocoster123-ticket-156072 (1354810989140250644) in 1.52s by _matiass. (638734404402806815) 56
INFO        2025-03-27 11:29:13.411876 EST  on_interaction  : _matiass. (638734404402806815) ran /close reason:'Denied' in #coones-ticket-156080 (1354838988527108236) True
INFO        2025-03-27 11:29:15.075703 EST  close_command   : Closed #coones-ticket-156080 (1354838988527108236) in 1.47s by _matiass. (638734404402806815) 57
INFO        2025-03-27 11:30:34.083676 EST  on_interaction  : _matiass. (638734404402806815) ran /close reason:'Already denied' in #coones-ticket-156082 (1354839813785653360) True
INFO        2025-03-27 11:30:35.534388 EST  close_command   : Closed #coones-ticket-156082 (1354839813785653360) in 1.3s by _matiass. (638734404402806815) 57
new_ticket      : Created #splxtzz-ticket-155925 (1354494832071934145) in 2.56s by splxtzz (333748842816077826) 69
INFO        2025-03-26 12:38:59.421098 EST  enter_information_button : Sent the Questions modal to splxtzz (333748842816077826)
INFO        2025-03-26 12:39:47.334212 EST  wrapper         : Send Ticketlog completed in 0.68s
INFO        2025-03-26 12:40:06.899524 EST  wrapper         : Move Command completed in 2.62s
INFO        2025-03-26 12:40:13.195963 EST  on_submit       : splxtzz (333748842816077826) updated the embed with question answers in #splxtzz-ticket-155925 (1354494832071934145)
INFO        2025-03-26 12:42:05.835259 EST  new_ticket      : Created #aprilgone-ticket-155926 (1354495635893649518) in 1.99s by aprilgone (429713593135661058) 69
INFO        2025-03-26 12:42:08.368079 EST  enter_information_button : Sent the Questions modal to aprilgone (429713593135661058)
INFO        2025-03-26 12:43:03.939615 EST  new_ticket      : Created #8nf-ticket-155927 (1354495880140554270) in 1.8s by 8nf (393884648587001877) 70
INFO        2025-03-26 12:43:07.074142 EST  enter_information_button : Sent the Questions modal to 8nf (393884648587001877)
INFO        2025-03-26 12:44:29.285116 EST  on_submit       : 8nf (393884648587001877) updated the embed with question answers in #8nf-ticket-155927 (1354495880140554270)
INFO        2025-03-26 12:44:53.387463 EST  enter_information_button : Sent the Questions modal to aprilgone (429713593135661058)
INFO        2025-03-26 12:45:08.067046 EST  new_ticket      : Created #aprilgone-ticket-155928 (1354496399907098646) in 2.05s by aprilgone (429713593135661058) 71
INFO        2025-03-26 12:45:11.515882 EST  enter_information_button : Sent the Questions modal to aprilgone (429713593135661058)
INFO        2025-03-26 12:48:36.413533 EST  on_submit       : aprilgone (429713593135661058) updated the embed with question answers in #aprilgone-ticket-155928 (1354496399907098646)
INFO        2025-03-26 12:49:37.508053 EST  new_ticket      : Created #lilfs-ticket-155929 (1354497530636931072) in 1.91s by lilfs (617694763142873089) 72
INFO        2025-03-26 12:49:40.726809 EST  enter_information_button : Sent the Questions modal to lilfs (617694763142873089)
INFO        2025-03-26 12:51:56.228781 EST  wrapper         : Send Ticketlog completed in 0.63s
INFO        2025-03-26 12:52:15.160249 EST  enter_information_button : Sent the Questions modal to lilfs (617694763142873089)
INFO        2025-03-26 12:52:32.860155 EST  on_submit       : lilfs (617694763142873089) updated the embed with question answers in #lilfs-ticket-155929 (1354497530636931072)
INFO        2025-03-26 12:53:40.765111 EST  wrapper         : Rename Command completed in 0.54s
INFO        2025-03-26 12:54:15.825533 EST  wrapper         : Rename Command completed in 0.7s
INFO        2025-03-26 13:00:10.842243 EST  new_ticket      : Created #blokje2512-ticket-155930 (1354500185228706025) in 2.45s by blokje2512 (302044286671781890) 72
INFO        2025-03-26 13:00:15.668327 EST  enter_information_button : Sent the Questions modal to blokje2512 (302044286671781890)
INFO        2025-03-26 13:01:08.981810 EST  wrapper         : Send Ticketlog completed in 0.44s
INFO        2025-03-26 13:01:19.557274 EST  wrapper         : Send Ticketlog completed in 0.36s
INFO        2025-03-26 13:01:30.813055 EST  wrapper         : Send Ticketlog completed in 0.51s
INFO        2025-03-26 13:01:37.251755 EST  wrapper         : Send Ticketlog completed in 0.46s
INFO        2025-03-26 13:01:56.652627 EST  wrapper         : Send Ticketlog completed in 0.6s
INFO        2025-03-26 13:02:18.238869 EST  wrapper         : Send Ticketlog completed in 0.35s
INFO        2025-03-26 13:03:59.813512 EST  wrapper         : Send Ticketlog completed in 0.52s
WARNING     2025-03-26 13:04:00.340384 EST  wrapper         : Close Command took a long time to complete and finished in 3.16s
INFO        2025-03-26 13:11:44.802952 EST  on_submit       : blokje2512 (302044286671781890) updated the embed with question answers in #blokje2512-ticket-155930 (1354500185228706025)
INFO        2025-03-26 13:13:19.747140 EST  new_ticket      : Created #cwgkdjisaiuxyux-ticket-155931 (1354503493565681846) in 2.8s by cwgkdjisaiuxyux (724580695908810794) 66
INFO        2025-03-26 13:13:21.744031 EST  enter_information_button : Sent the Questions modal to cwgkdjisaiuxyux (724580695908810794)
INFO        2025-03-26 13:13:32.168056 EST  on_submit       : cwgkdjisaiuxyux (724580695908810794) updated the embed with question answers in #cwgkdjisaiuxyux-ticket-155931 (1354503493565681846)
INFO        2025-03-26 13:14:15.468740 EST  wrapper         : Rename Command completed in 0.54s
INFO        2025-03-26 13:20:34.980791 EST  wrapper         : Send Ticketlog completed in 0.33s
INFO        2025-03-26 13:23:39.979306 EST  wrapper         : Send Ticketlog completed in 0.4s
INFO        2025-03-26 13:23:56.823345 EST  new_ticket      : Created #18790029-ticket-155932 (1354506168239653115) in 1.73s by 18790029 (369880082002477060) 65
INFO        2025-03-26 13:24:00.062118 EST  enter_information_button : Sent the Questions modal to 18790029 (369880082002477060)
INFO        2025-03-26 13:24:10.826804 EST  on_submit       : 18790029 (369880082002477060) updated the embed with question answers in #18790029-ticket-155932 (1354506168239653115)
INFO        2025-03-26 13:27:26.188095 EST  wrapper         : Rename Command completed in 0.59s
INFO        2025-03-26 13:37:31.363855 EST  new_ticket      : Created #derekking-ticket-155933 (1354509583380513090) in 2.35s by derek.king (1060628909445615726) 66
WARNING     2025-03-26 13:37:31.526276 EST  wrapper         : Create Ticket took a long time to complete and finished in 3.48s
INFO        2025-03-26 13:37:31.592275 EST  new_ticket      : Created #123uj8ik12oads-ticket-155933 (1354509583061618701) in 3.83s by 123uj8ik12oads (1096772860275597432) 67
WARNING     2025-03-26 13:37:31.592539 EST  wrapper         : New Ticket took a long time to complete and finished in 4.0s
INFO        2025-03-26 13:37:43.726135 EST  enter_information_button : Sent the Questions modal to 123uj8ik12oads (1096772860275597432)
INFO        2025-03-26 13:37:52.528950 EST  on_submit       : 123uj8ik12oads (1096772860275597432) updated the embed with question answers in #123uj8ik12oads-ticket-155933 (1354509583061618701)
INFO        2025-03-26 13:39:40.125083 EST  new_ticket      : Created #realsm0ke-ticket-155935 (1354510123678302402) in 2.22s by realsm0ke (272465037942063104) 68
INFO        2025-03-26 13:39:41.941561 EST  enter_information_button : Sent the Questions modal to realsm0ke (272465037942063104)
INFO        2025-03-26 13:40:50.401275 EST  enter_information_button : Sent the Questions modal to derek.king (1060628909445615726)
INFO        2025-03-26 13:40:52.450555 EST  on_submit       : realsm0ke (272465037942063104) updated the embed with question answers in #realsm0ke-ticket-155935 (1354510123678302402)
INFO        2025-03-26 13:41:01.356251 EST  on_submit       : derek.king (1060628909445615726) updated the embed with question answers in #derekking-ticket-155933 (1354509583380513090)
INFO        2025-03-26 13:42:37.856960 EST  new_ticket      : Created #draxxcyl-ticket-155936 (1354510869849051236) in 2.11s by draxxcyl (345816461610319872) 69
INFO        2025-03-26 13:42:40.398521 EST  enter_information_button : Sent the Questions modal to draxxcyl (345816461610319872)
INFO        2025-03-26 13:43:03.969342 EST  new_ticket      : Created #4821_-ticket-155937 (1354510977701511440) in 2.28s by 4821_. (597116771358605319) 70
INFO        2025-03-26 13:43:14.375314 EST  enter_information_button : Sent the Questions modal to 4821_. (597116771358605319)
INFO        2025-03-26 13:43:55.970482 EST  on_submit       : 4821_. (597116771358605319) updated the embed with question answers in #4821_-ticket-155937 (1354510977701511440)
INFO        2025-03-26 13:46:04.726389 EST  wrapper         : Send Ticketlog completed in 0.44s
INFO        2025-03-26 13:46:10.814114 EST  enter_information_button : Sent the Questions modal to draxxcyl (345816461610319872)
INFO        2025-03-26 13:47:02.629378 EST  on_submit       : draxxcyl (345816461610319872) updated the embed with question answers in #draxxcyl-ticket-155936 (1354510869849051236)
INFO        2025-03-26 13:50:39.812733 EST  wrapper         : Rename Command completed in 0.61s
WARNING     2025-03-26 13:57:59.794876 EST  wrapper         : Create Ticket took a long time to complete and finished in 3.24s
INFO        2025-03-26 13:57:59.869561 EST  new_ticket      : Created #nate54-ticket-155938 (1354514736091238641) in 3.58s by nate54 (625411102611603466) 70
WARNING     2025-03-26 13:57:59.870046 EST  wrapper         : New Ticket took a long time to complete and finished in 3.77s
INFO        2025-03-26 13:58:07.716064 EST  enter_information_button : Sent the Questions modal to nate54 (625411102611603466)
INFO        2025-03-26 13:58:34.918916 EST  on_submit       : nate54 (625411102611603466) updated the embed with question answers in #nate54-ticket-155938 (1354514736091238641)
INFO        2025-03-26 13:58:37.254563 EST  wrapper         : Send Ticketlog completed in 0.53s
INFO        2025-03-26 14:03:11.192410 EST  wrapper         : Send Ticketlog completed in 0.66s
INFO        2025-03-26 14:04:18.828576 EST  new_ticket      : Created #aqzelol-ticket-155939 (1354516325166481629) in 2.3s by aqzelol (1217238251761303586) 69
INFO        2025-03-26 14:04:21.767072 EST  enter_information_button : Sent the Questions modal to aqzelol (1217238251761303586)
INFO        2025-03-26 14:04:53.940931 EST  wrapper         : Send Ticketlog completed in 0.65s
INFO        2025-03-26 14:04:54.348064 EST  on_submit       : aqzelol (1217238251761303586) updated the embed with question answers in #aqzelol-ticket-155939 (1354516325166481629)
INFO        2025-03-26 14:07:00.136050 EST  wrapper         : Send Ticketlog completed in 0.39s
WARNING     2025-03-26 14:08:59.473842 EST  check_verified  : mxsonnrblx (1038956642139656194) is not verified and tried to open a ticket
INFO        2025-03-26 14:12:29.624212 EST  wrapper         : Send Ticketlog completed in 1.57s
INFO        2025-03-26 14:13:28.878508 EST  wrapper         : Send Ticketlog completed in 0.44s
INFO        2025-03-26 14:15:46.235711 EST  wrapper         : Send Ticketlog completed in 0.54s
INFO        2025-03-26 14:16:49.916357 EST  wrapper         : Send Ticketlog completed in 0.83s
INFO        2025-03-26 14:17:25.968742 EST  wrapper         : Send Ticketlog completed in 0.31s
INFO        2025-03-26 14:18:02.415386 EST  wrapper         : Send Ticketlog completed in 0.34s
INFO        2025-03-26 14:18:27.025803 EST  wrapper         : Send Ticketlog completed in 0.36s
INFO        2025-03-26 14:18:59.842478 EST  wrapper         : Send Ticketlog completed in 0.55s
INFO        2025-03-26 14:19:28.776719 EST  wrapper         : Send Ticketlog completed in 0.33s
INFO        2025-03-26 14:20:31.333547 EST  wrapper         : Send Ticketlog completed in 0.53s
INFO        2025-03-26 14:21:24.969747 EST  wrapper         : Send Ticketlog completed in 0.49s
INFO        2025-03-26 14:21:53.178427 EST  wrapper         : Send Ticketlog completed in 0.58s
INFO        2025-03-26 14:21:58.072514 EST  wrapper         : Send Ticketlog completed in 1.72s
INFO        2025-03-26 14:22:01.772620 EST  wrapper         : Send Ticketlog completed in 0.38s
INFO        2025-03-26 14:23:02.272384 EST  wrapper         : Send Ticketlog completed in 0.49s
INFO        2025-03-26 14:23:29.182837 EST  wrapper         : Send Ticketlog completed in 0.49s
INFO        2025-03-26 14:23:35.305892 EST  wrapper         : Send Ticketlog completed in 0.61s
INFO        2025-03-26 14:25:02.729104 EST  wrapper         : Send Ticketlog completed in 1.6s
INFO        2025-03-26 14:25:03.864838 EST  wrapper         : Send Ticketlog completed in 0.3s
INFO        2025-03-26 14:25:17.786747 EST  wrapper         : Ticket Logs Command completed in 0.6s
INFO        2025-03-26 14:26:08.790292 EST  new_ticket      : Created #fafafafaffafafafa-ticket-155940 (1354521819968835604) in 2.78s by fafafafaffafafafa (865052642586001448) 49
INFO        2025-03-26 14:26:14.578551 EST  enter_information_button : Sent the Questions modal to fafafafaffafafafa (865052642586001448)
INFO        2025-03-26 14:26:42.131066 EST  on_submit       : fafafafaffafafafa (865052642586001448) updated the embed with question answers in #fafafafaffafafafa-ticket-155940 (1354521819968835604)
INFO        2025-03-26 14:27:32.710022 EST  wrapper         : Ticket Logs Command completed in 0.59s
INFO        2025-03-26 14:27:52.714138 EST  wrapper         : Send Ticketlog completed in 0.32s
INFO        2025-03-26 14:28:11.674744 EST  wrapper         : Send Ticketlog completed in 0.46s
WARNING     2025-03-26 14:28:36.266381 EST  wrapper         : Create Ticket took a long time to complete and finished in 3.01s
INFO        2025-03-26 14:28:36.333001 EST  new_ticket      : Created #fafafafaffafafafa-ticket-155941 (1354522433939312671) in 3.34s by fafafafaffafafafa (865052642586001448) 48
WARNING     2025-03-26 14:28:36.333396 EST  wrapper         : New Ticket took a long time to complete and finished in 3.55s
INFO        2025-03-26 14:28:41.820362 EST  enter_information_button : Sent the Questions modal to fafafafaffafafafa (865052642586001448)
INFO        2025-03-26 14:28:47.881019 EST  on_submit       : fafafafaffafafafa (865052642586001448) updated the embed with question answers in #fafafafaffafafafa-ticket-155941 (1354522433939312671)
INFO        2025-03-26 14:28:48.886351 EST  wrapper         : Send Ticketlog completed in 0.5s
INFO        2025-03-26 14:30:33.350611 EST  wrapper         : Send Ticketlog completed in 0.5s
INFO        2025-03-26 14:30:47.702564 EST  wrapper         : Rename Command completed in 0.58s
INFO        2025-03-26 14:31:05.717166 EST  wrapper         : Send Ticketlog completed in 0.76s
INFO        2025-03-26 14:32:22.847377 EST  wrapper         : Send Ticketlog completed in 0.5s
INFO        2025-03-26 14:32:23.616007 EST  wrapper         : Send Ticketlog completed in 0.54s
INFO        2025-03-26 14:34:16.182536 EST  new_ticket      : Created #projectia_-ticket-155942 (1354523864708677887) in 2.1s by projectia_ (683385527634100264) 44
INFO        2025-03-26 14:34:18.994628 EST  enter_information_button : Sent the Questions modal to projectia_ (683385527634100264)
INFO        2025-03-26 14:35:13.680540 EST  on_submit       : projectia_ (683385527634100264) updated the embed with question answers in #projectia_-ticket-155942 (1354523864708677887)
INFO        2025-03-26 14:36:23.955645 EST  wrapper         : Ticket Logs Command completed in 0.86s
INFO        2025-03-26 14:37:09.955655 EST  new_ticket      : Created #readoo-ticket-155943 (1354524591594279093) in 2.47s by readoo (313236201073278977) 45
INFO        2025-03-26 14:37:12.127144 EST  enter_information_button : Sent the Questions modal to readoo (313236201073278977)
INFO        2025-03-26 14:39:15.081693 EST  on_submit       : readoo (313236201073278977) updated the embed with question answers in #readoo-ticket-155943 (1354524591594279093)
INFO        2025-03-26 14:44:20.332990 EST  new_ticket      : Created #counterfeits-ticket-155944 (1354526397921628522) in 2.35s by counterfeits (524688347214381056) 46
INFO        2025-03-26 14:45:43.723661 EST  wrapper         : Send Ticketlog completed in 0.54s
INFO        2025-03-26 14:47:18.117828 EST  wrapper         : Send Ticketlog completed in 0.29s
INFO        2025-03-26 14:49:33.861394 EST  enter_information_button : Sent the Questions modal to counterfeits (524688347214381056)
INFO        2025-03-26 14:49:37.737571 EST  on_submit       : counterfeits (524688347214381056) updated the embed with question answers in #counterfeits-ticket-155944 (1354526397921628522)
INFO        2025-03-26 14:56:00.720559 EST  new_ticket      : Created #lowgun12-ticket-155945 (1354529333305278596) in 2.9s by lowgun12 (665635413506916352) 45
WARNING     2025-03-26 14:56:00.721226 EST  wrapper         : New Ticket took a long time to complete and finished in 3.07s
INFO        2025-03-26 14:56:09.321156 EST  enter_information_button : Sent the Questions modal to lowgun12 (665635413506916352)
INFO        2025-03-26 14:56:54.811971 EST  on_submit       : lowgun12 (665635413506916352) updated the embed with question answers in #lowgun12-ticket-155945 (1354529333305278596)
INFO        2025-03-26 14:58:34.323797 EST  wrapper         : Send Ticketlog completed in 0.54s
INFO        2025-03-26 14:59:00.063956 EST  new_ticket      : Created #galo8864-ticket-155946 (1354530089152286751) in 2.02s by galo8864 (761775376296312893) 45
INFO        2025-03-26 14:59:02.272288 EST  enter_information_button : Sent the Questions modal to galo8864 (761775376296312893)
INFO        2025-03-26 14:59:22.623985 EST  enter_information_button : Sent the Questions modal to galo8864 (761775376296312893)
INFO        2025-03-26 14:59:25.804211 EST  on_submit       : galo8864 (761775376296312893) updated the embed with question answers in #galo8864-ticket-155946 (1354530089152286751)
INFO        2025-03-26 15:00:42.519874 EST  wrapper         : Rename Command completed in 0.77s
INFO        2025-03-26 15:00:53.132403 EST  wrapper         : Send Ticketlog completed in 0.5s
INFO        2025-03-26 15:01:41.662991 EST  wrapper         : Send Ticketlog completed in 0.42s
INFO        2025-03-26 15:08:24.435192 EST  new_ticket      : Created #guma396-ticket-155947 (1354532450767999157) in 3.2s by guma396 (834087502280785941) 44
WARNING     2025-03-26 15:08:24.435734 EST  wrapper         : New Ticket took a long time to complete and finished in 3.43s
INFO        2025-03-26 15:08:26.546442 EST  enter_information_button : Sent the Questions modal to guma396 (834087502280785941)
INFO        2025-03-26 15:08:32.117269 EST  new_ticket      : Created #awkjaimdlemdqkqmj-ticket-155948 (1354532487665160354) in 2.16s by awkjaimdlemdqkqmj (1028144898391670825) 45
INFO        2025-03-26 15:08:34.374784 EST  wrapper         : Ticket Logs Command completed in 0.66s
INFO        2025-03-26 15:08:35.146296 EST  enter_information_button : Sent the Questions modal to awkjaimdlemdqkqmj (1028144898391670825)
INFO        2025-03-26 15:08:46.667677 EST  on_submit       : awkjaimdlemdqkqmj (1028144898391670825) updated the embed with question answers in #awkjaimdlemdqkqmj-ticket-155948 (1354532487665160354)
INFO        2025-03-26 15:09:46.150487 EST  on_submit       : guma396 (834087502280785941) updated the embed with question answers in #guma396-ticket-155947 (1354532450767999157)
WARNING     2025-03-26 15:17:15.703414 EST  check_verified  : brumarn (378653885012901909) is not verified and tried to open a ticket
INFO        2025-03-26 15:23:35.122955 EST  new_ticket      : Created #cottage-ticket-155949 (1354536274891112559) in 2.68s by cottage. (282383443491291138) 46
INFO        2025-03-26 15:23:36.502535 EST  enter_information_button : Sent the Questions modal to cottage. (282383443491291138)
INFO        2025-03-26 15:23:39.699508 EST  on_submit       : cottage. (282383443491291138) updated the embed with question answers in #cottage-ticket-155949 (1354536274891112559)
INFO        2025-03-26 15:24:46.573494 EST  wrapper         : Move Command completed in 2.52s
INFO        2025-03-26 15:25:02.807610 EST  wrapper         : Rename Command completed in 0.59s
INFO        2025-03-26 15:25:31.584245 EST  wrapper         : Rename Command completed in 0.51s
INFO        2025-03-26 15:25:41.328879 EST  wrapper         : Send Ticketlog completed in 0.7s
WARNING     2025-03-26 15:27:03.887814 EST  wrapper         : Create Ticket took a long time to complete and finished in 4.34s
INFO        2025-03-26 15:27:03.961432 EST  new_ticket      : Created #ronron100-ticket-155950 (1354537143388602639) in 4.63s by ronron100 (182086495367200768) 46
WARNING     2025-03-26 15:27:03.961742 EST  wrapper         : New Ticket took a long time to complete and finished in 4.88s
INFO        2025-03-26 15:27:05.455572 EST  enter_information_button : Sent the Questions modal to ronron100 (182086495367200768)
INFO        2025-03-26 15:27:15.789477 EST  on_submit       : ronron100 (182086495367200768) updated the embed with question answers in #ronron100-ticket-155950 (1354537143388602639)
WARNING     2025-03-26 15:31:26.314787 EST  wrapper         : Create Ticket took a long time to complete and finished in 3.25s
INFO        2025-03-26 15:31:26.382720 EST  new_ticket      : Created #rqnsz-ticket-155951 (1354538245442113880) in 3.57s by rqnsz (977331827910000680) 47
WARNING     2025-03-26 15:31:26.383017 EST  wrapper         : New Ticket took a long time to complete and finished in 3.75s
INFO        2025-03-26 15:31:34.369809 EST  enter_information_button : Sent the Questions modal to rqnsz (977331827910000680)
WARNING     2025-03-26 15:34:56.882137 EST  wrapper         : Create Ticket took a long time to complete and finished in 3.89s
INFO        2025-03-26 15:34:56.949707 EST  new_ticket      : Created #jacomaa-ticket-155952 (1354539126606659777) in 4.26s by jacomaa (210755804935094272) 48
WARNING     2025-03-26 15:34:56.949970 EST  wrapper         : New Ticket took a long time to complete and finished in 4.42s
INFO        2025-03-26 15:34:59.132972 EST  enter_information_button : Sent the Questions modal to jacomaa (210755804935094272)
INFO        2025-03-26 15:35:29.886184 EST  on_submit       : jacomaa (210755804935094272) updated the embed with question answers in #jacomaa-ticket-155952 (1354539126606659777)
INFO        2025-03-26 15:36:43.430621 EST  new_ticket      : Created #readoo-ticket-155953 (1354539581021880431) in 2.28s by readoo (313236201073278977) 49
INFO        2025-03-26 15:36:48.702402 EST  enter_information_button : Sent the Questions modal to readoo (313236201073278977)
INFO        2025-03-26 15:37:12.126409 EST  on_submit       : rqnsz (977331827910000680) updated the embed with question answers in #rqnsz-ticket-155951 (1354538245442113880)
INFO        2025-03-26 15:39:44.725775 EST  on_submit       : readoo (313236201073278977) updated the embed with question answers in #readoo-ticket-155953 (1354539581021880431)
WARNING     2025-03-26 15:40:08.108782 EST  send_ticket_log : Failed to send ticket log: 403 Forbidden (error code: 50007): Cannot send messages to this user
INFO        2025-03-26 15:40:08.109312 EST  wrapper         : Send Ticketlog completed in 0.37s
INFO        2025-03-26 15:42:20.870581 EST  new_ticket      : Created #brumarn-ticket-155954 (1354540997568368771) in 1.91s by brumarn (378653885012901909) 49
INFO        2025-03-26 15:42:28.163263 EST  enter_information_button : Sent the Questions modal to brumarn (378653885012901909)
INFO        2025-03-26 15:42:28.483624 EST  new_ticket      : Created #brezinald-ticket-155955 (1354541029763846258) in 2.09s by brezinald (695838651661156372) 50
INFO        2025-03-26 15:42:32.659448 EST  enter_information_button : Sent the Questions modal to brezinald (695838651661156372)
INFO        2025-03-26 15:43:10.738859 EST  on_submit       : brumarn (378653885012901909) updated the embed with question answers in #brumarn-ticket-155954 (1354540997568368771)
INFO        2025-03-26 15:43:32.171352 EST  on_submit       : brezinald (695838651661156372) updated the embed with question answers in #brezinald-ticket-155955 (1354541029763846258)
INFO        2025-03-26 15:43:52.236362 EST  new_ticket      : Created #narcoses-ticket-155956 (1354541380139221144) in 2.05s by narcoses (989146894200606730) 51
INFO        2025-03-26 15:43:54.189263 EST  enter_information_button : Sent the Questions modal to narcoses (989146894200606730)
WARNING     2025-03-26 15:44:20.893970 EST  wrapper         : Create Ticket took a long time to complete and finished in 3.61s
INFO        2025-03-26 15:44:20.964139 EST  new_ticket      : Created #otfdavy-ticket-155957 (1354541493678903297) in 3.91s by otfdavy (850136678144016395) 52
WARNING     2025-03-26 15:44:20.964414 EST  wrapper         : New Ticket took a long time to complete and finished in 4.1s
INFO        2025-03-26 15:44:22.165337 EST  enter_information_button : Sent the Questions modal to otfdavy (850136678144016395)
INFO        2025-03-26 15:44:32.918615 EST  on_submit       : otfdavy (850136678144016395) updated the embed with question answers in #otfdavy-ticket-155957 (1354541493678903297)
INFO        2025-03-26 15:45:18.529227 EST  on_submit       : narcoses (989146894200606730) updated the embed with question answers in #narcoses-ticket-155956 (1354541380139221144)
INFO        2025-03-26 15:48:26.496900 EST  new_ticket      : Created #galo8864-ticket-155958 (1354542531462955008) in 1.99s by galo8864 (761775376296312893) 53
INFO        2025-03-26 15:49:46.637278 EST  enter_information_button : Sent the Questions modal to galo8864 (761775376296312893)
INFO        2025-03-26 15:49:50.781438 EST  on_submit       : galo8864 (761775376296312893) updated the embed with question answers in #galo8864-ticket-155958 (1354542531462955008)
INFO        2025-03-26 15:49:54.794761 EST  wrapper         : Rename Command completed in 0.6s
INFO        2025-03-26 15:51:07.552413 EST  new_ticket      : Created #demarkess-ticket-155959 (1354543204266938550) in 2.57s by demarkess (885515550556553316) 54
INFO        2025-03-26 15:51:08.930911 EST  enter_information_button : Sent the Questions modal to demarkess (885515550556553316)
INFO        2025-03-26 15:51:12.657001 EST  enter_information_button : Sent the Questions modal to demarkess (885515550556553316)
INFO        2025-03-26 15:51:42.788386 EST  on_submit       : demarkess (885515550556553316) updated the embed with question answers in #demarkess-ticket-155959 (1354543204266938550)
INFO        2025-03-26 15:52:17.606902 EST  new_ticket      : Created #snjyf-ticket-155960 (1354543497226747924) in 2.89s by snjyf (1051154580223823902) 55
WARNING     2025-03-26 15:52:17.607420 EST  wrapper         : New Ticket took a long time to complete and finished in 3.04s
WARNING     2025-03-26 15:52:19.518646 EST  wrapper         : Create Ticket took a long time to complete and finished in 11.36s
INFO        2025-03-26 15:52:19.583025 EST  new_ticket      : Created #snjyf-ticket-155960 (1354543506752012553) in 11.69s by snjyf (1051154580223823902) 56
WARNING     2025-03-26 15:52:19.583292 EST  wrapper         : New Ticket took a long time to complete and finished in 11.88s
INFO        2025-03-26 15:52:23.504310 EST  enter_information_button : Sent the Questions modal to snjyf (1051154580223823902)
INFO        2025-03-26 15:52:35.805727 EST  on_submit       : snjyf (1051154580223823902) updated the embed with question answers in #snjyf-ticket-155960 (1354543497226747924)
INFO        2025-03-26 15:52:58.106214 EST  wrapper         : Rename Command completed in 0.87s
INFO        2025-03-26 15:53:57.848737 EST  new_ticket      : Created #ronron100-ticket-155962 (1354543919626588377) in 2.41s by ronron100 (182086495367200768) 57
INFO        2025-03-26 15:54:01.074114 EST  enter_information_button : Sent the Questions modal to ronron100 (182086495367200768)
INFO        2025-03-26 15:54:03.718943 EST  wrapper         : Send Ticketlog completed in 0.35s
INFO        2025-03-26 15:54:06.626076 EST  on_submit       : ronron100 (182086495367200768) updated the embed with question answers in #ronron100-ticket-155962 (1354543919626588377)
INFO        2025-03-26 15:55:23.214950 EST  new_ticket      : Created #restorable-ticket-155963 (1354544277564297266) in 2.51s by restorable (714687115514085473) 57
INFO        2025-03-26 15:55:24.943416 EST  enter_information_button : Sent the Questions modal to restorable (714687115514085473)
INFO        2025-03-26 15:55:32.552359 EST  on_submit       : restorable (714687115514085473) updated the embed with question answers in #restorable-ticket-155963 (1354544277564297266)
INFO        2025-03-26 15:55:38.472977 EST  request_tickets : Sent the 📨 button to raceisms (453722546781683713)
WARNING     2025-03-26 15:55:44.871160 EST  check_verified  : raceisms (453722546781683713) is not verified and tried to open a ticket
INFO        2025-03-26 15:57:38.964323 EST  wrapper         : Rename Command completed in 0.54s
INFO        2025-03-26 15:57:50.715636 EST  wrapper         : Rename Command completed in 0.93s
WARNING     2025-03-26 15:58:18.473514 EST  send_ticket_log : Failed to send ticket log: 403 Forbidden (error code: 50007): Cannot send messages to this user
INFO        2025-03-26 15:58:18.473782 EST  wrapper         : Send Ticketlog completed in 0.5s
INFO        2025-03-26 16:01:13.773182 EST  new_ticket      : Created #coones-ticket-155964 (1354545748540260443) in 2.1s by coones (712815605488680971) 57
INFO        2025-03-26 16:01:15.296371 EST  enter_information_button : Sent the Questions modal to coones (712815605488680971)
INFO        2025-03-26 16:01:18.882030 EST  on_submit       : coones (712815605488680971) updated the embed with question answers in #coones-ticket-155964 (1354545748540260443)
INFO        2025-03-26 16:02:03.240524 EST  wrapper         : Move Command completed in 2.35s
INFO        2025-03-26 16:08:41.254059 EST  request_tickets : Sent the 📨 button to restorable (714687115514085473)
INFO        2025-03-26 16:09:01.523925 EST  new_ticket      : Created #restorable-ticket-155965 (1354547709629169825) in 2.45s by restorable (714687115514085473) 58
INFO        2025-03-26 16:09:06.007847 EST  enter_information_button : Sent the Questions modal to restorable (714687115514085473)
INFO        2025-03-26 16:09:20.399561 EST  on_submit       : restorable (714687115514085473) updated the embed with question answers in #restorable-ticket-155965 (1354547709629169825)
INFO        2025-03-26 16:17:29.695806 EST  wrapper         : Rename Command completed in 0.56s
WARNING     2025-03-26 16:24:20.949082 EST  check_verified  : nicobo (784841167510568990) is not verified and tried to open a ticket
WARNING     2025-03-26 16:24:32.296789 EST  check_verified  : nicobo (784841167510568990) is not verified and tried to open a ticket
INFO        2025-03-26 16:25:02.255273 EST  new_ticket      : Created #nicobo-ticket-155966 (1354551739025592551) in 2.37s by nicobo (784841167510568990) 59
INFO        2025-03-26 16:25:08.891086 EST  enter_information_button : Sent the Questions modal to nicobo (784841167510568990)
INFO        2025-03-26 16:26:02.990035 EST  on_submit       : nicobo (784841167510568990) updated the embed with question answers in #nicobo-ticket-155966 (1354551739025592551)
INFO        2025-03-26 16:27:26.431255 EST  new_ticket      : Created #keksmc-ticket-155967 (1354552344154607971) in 2.16s by keksmc (1193224557826412624) 60
INFO        2025-03-26 16:27:28.468063 EST  enter_information_button : Sent the Questions modal to keksmc (1193224557826412624)
INFO        2025-03-26 16:27:54.042933 EST  on_submit       : keksmc (1193224557826412624) updated the embed with question answers in #keksmc-ticket-155967 (1354552344154607971)
INFO        2025-03-26 16:32:45.344489 EST  new_ticket      : Created #deleted_user1083828102-ticket-155968 (1354553680036364489) in 2.9s by deleted_user1083828102 (729021593035997185) 61
WARNING     2025-03-26 16:32:45.345089 EST  wrapper         : New Ticket took a long time to complete and finished in 3.05s
INFO        2025-03-26 16:32:46.643576 EST  enter_information_button : Sent the Questions modal to deleted_user1083828102 (729021593035997185)
INFO        2025-03-26 16:32:51.471277 EST  on_submit       : deleted_user1083828102 (729021593035997185) updated the embed with question answers in #deleted_user1083828102-ticket-155968 (1354553680036364489)
INFO        2025-03-26 16:34:06.504225 EST  new_ticket      : Created #parietal-ticket-155969 (1354554022065082439) in 2.26s by parietal (346152196490133504) 62
INFO        2025-03-26 16:34:09.203986 EST  enter_information_button : Sent the Questions modal to parietal (346152196490133504)
INFO        2025-03-26 16:34:26.667488 EST  on_submit       : parietal (346152196490133504) updated the embed with question answers in #parietal-ticket-155969 (1354554022065082439)
INFO        2025-03-26 16:38:39.389378 EST  new_ticket      : Created #ariole-ticket-155970 (1354555167588094062) in 2.09s by ariole (985675692568109177) 63
INFO        2025-03-26 16:38:46.656868 EST  enter_information_button : Sent the Questions modal to ariole (985675692568109177)
INFO        2025-03-26 16:38:58.767941 EST  on_submit       : ariole (985675692568109177) updated the embed with question answers in #ariole-ticket-155970 (1354555167588094062)
INFO        2025-03-26 16:39:02.779952 EST  wrapper         : Rename Command completed in 0.47s
INFO        2025-03-26 16:39:04.296954 EST  request_tickets : Sent the 📨 button to ariole (985675692568109177)
INFO        2025-03-26 16:40:58.940690 EST  wrapper         : Send Ticketlog completed in 0.5s
INFO        2025-03-26 16:41:42.917103 EST  new_ticket      : Created #thedanholy-ticket-155971 (1354555936903139479) in 2.15s by thedanholy. (282237676323733504) 63
INFO        2025-03-26 16:41:45.226130 EST  enter_information_button : Sent the Questions modal to thedanholy. (282237676323733504)
INFO        2025-03-26 16:42:28.483560 EST  new_ticket      : Created #suphello321-ticket-155972 (1354556129052463184) in 2.07s by suphello321 (1330099269176266776) 64
INFO        2025-03-26 16:42:28.673248 EST  on_submit       : thedanholy. (282237676323733504) updated the embed with question answers in #thedanholy-ticket-155971 (1354555936903139479)
INFO        2025-03-26 16:42:30.528303 EST  enter_information_button : Sent the Questions modal to suphello321 (1330099269176266776)
INFO        2025-03-26 16:47:27.039561 EST  on_submit       : suphello321 (1330099269176266776) updated the embed with question answers in #suphello321-ticket-155972 (1354556129052463184)
INFO        2025-03-26 16:51:37.512214 EST  wrapper         : Send Ticketlog completed in 0.65s
INFO        2025-03-26 16:52:43.270704 EST  wrapper         : Send Ticketlog completed in 0.52s
INFO        2025-03-26 16:53:20.042540 EST  new_ticket      : Created #exkarma-ticket-155973 (1354558861704691863) in 2.02s by exkarma (891369712594849792) 63
INFO        2025-03-26 16:53:22.943372 EST  enter_information_button : Sent the Questions modal to exkarma (891369712594849792)
INFO        2025-03-26 16:54:14.430775 EST  on_submit       : exkarma (891369712594849792) updated the embed with question answers in #exkarma-ticket-155973 (1354558861704691863)
INFO        2025-03-26 16:54:33.711405 EST  wrapper         : Send Ticketlog completed in 0.65s
INFO        2025-03-26 16:54:48.523559 EST  wrapper         : Send Ticketlog completed in 1.16s
INFO        2025-03-26 16:54:51.957831 EST  wrapper         : Send Ticketlog completed in 0.45s
INFO        2025-03-26 16:55:09.496756 EST  wrapper         : Send Ticketlog completed in 0.8s
INFO        2025-03-26 16:55:46.047984 EST  new_ticket      : Created #ronron100-ticket-155974 (1354559472701542441) in 2.26s by ronron100 (182086495367200768) 60
INFO        2025-03-26 16:55:47.932824 EST  enter_information_button : Sent the Questions modal to ronron100 (182086495367200768)
INFO        2025-03-26 16:55:51.046783 EST  on_submit       : ronron100 (182086495367200768) updated the embed with question answers in #ronron100-ticket-155974 (1354559472701542441)
INFO        2025-03-26 16:57:07.088207 EST  wrapper         : Send Ticketlog completed in 0.5s
WARNING     2025-03-26 16:57:56.776021 EST  wrapper         : Create Ticket took a long time to complete and finished in 3.5s
INFO        2025-03-26 16:57:56.846859 EST  new_ticket      : Created #jamie_orme-ticket-155975 (1354560015641481393) in 3.81s by jamie_orme (1201588212964012085) 60
WARNING     2025-03-26 16:57:56.847196 EST  wrapper         : New Ticket took a long time to complete and finished in 4.03s
INFO        2025-03-26 16:58:00.172385 EST  enter_information_button : Sent the Questions modal to jamie_orme (1201588212964012085)
INFO        2025-03-26 16:58:16.592096 EST  on_submit       : jamie_orme (1201588212964012085) updated the embed with question answers in #jamie_orme-ticket-155975 (1354560015641481393)
INFO        2025-03-26 16:59:02.295605 EST  wrapper         : Send Ticketlog completed in 0.31s
INFO        2025-03-26 16:59:36.449157 EST  wrapper         : Send Ticketlog completed in 0.76s
INFO        2025-03-26 17:00:15.249213 EST  wrapper         : Rename Command completed in 0.56s
WARNING     2025-03-26 17:00:15.353888 EST  wrapper         : Move Command took a long time to complete and finished in 3.74s
INFO        2025-03-26 17:00:48.896943 EST  wrapper         : Send Ticketlog completed in 0.78s
INFO        2025-03-26 17:01:40.456710 EST  wrapper         : Rename Command completed in 0.57s
INFO        2025-03-26 17:02:20.684921 EST  wrapper         : Send Ticketlog completed in 1.95s
WARNING     2025-03-26 17:02:21.267386 EST  wrapper         : Close Command took a long time to complete and finished in 3.55s
INFO        2025-03-26 17:02:24.729290 EST  new_ticket      : Created #2drip-ticket-155976 (1354561145209360557) in 2.24s by 2drip (632408597317419028) 57
INFO        2025-03-26 17:02:27.244458 EST  enter_information_button : Sent the Questions modal to 2drip (632408597317419028)
INFO        2025-03-26 17:03:26.524698 EST  on_submit       : 2drip (632408597317419028) updated the embed with question answers in #2drip-ticket-155976 (1354561145209360557)
INFO        2025-03-26 17:03:55.039713 EST  wrapper         : Send Ticketlog completed in 0.92s
INFO        2025-03-26 17:04:20.218924 EST  wrapper         : Send Ticketlog completed in 0.37s
INFO        2025-03-26 17:04:57.288648 EST  wrapper         : Send Ticketlog completed in 0.56s
INFO        2025-03-26 17:05:43.469567 EST  wrapper         : Ticket Logs Command completed in 0.64s
INFO        2025-03-26 17:05:47.739269 EST  wrapper         : Rename Command completed in 0.52s
INFO        2025-03-26 17:06:46.609788 EST  new_ticket      : Created #loggings-ticket-155977 (1354562244339306746) in 2.01s by loggings (676041307767963648) 55
INFO        2025-03-26 17:06:50.807988 EST  enter_information_button : Sent the Questions modal to loggings (676041307767963648)
INFO        2025-03-26 17:07:18.256803 EST  on_submit       : loggings (676041307767963648) updated the embed with question answers in #loggings-ticket-155977 (1354562244339306746)
INFO        2025-03-26 17:10:52.955768 EST  wrapper         : Send Ticketlog completed in 0.66s
INFO        2025-03-26 17:11:55.935538 EST  new_ticket      : Created #thedanholy-ticket-155978 (1354563542371795085) in 1.95s by thedanholy. (282237676323733504) 55
INFO        2025-03-26 17:11:58.572237 EST  enter_information_button : Sent the Questions modal to thedanholy. (282237676323733504)
INFO        2025-03-26 17:12:11.746227 EST  on_submit       : thedanholy. (282237676323733504) updated the embed with question answers in #thedanholy-ticket-155978 (1354563542371795085)
INFO        2025-03-26 17:15:01.186685 EST  wrapper         : Send Ticketlog completed in 0.54s
INFO        2025-03-26 17:24:47.235440 EST  new_ticket      : Created #asdasdasdasdasdasdasdadasa-ticket-155979 (1354566776792547531) in 2.12s by asdasdasdasdasdasdasdadasa (716271898153189377) 55
INFO        2025-03-26 17:24:50.022768 EST  enter_information_button : Sent the Questions modal to asdasdasdasdasdasdasdadasa (716271898153189377)
INFO        2025-03-26 17:25:04.650335 EST  on_submit       : asdasdasdasdasdasdasdadasa (716271898153189377) updated the embed with question answers in #asdasdasdasdasdasdasdadasa-ticket-155979 (1354566776792547531)
INFO        2025-03-26 17:26:11.780309 EST  wrapper         : Rename Command completed in 0.49s
INFO        2025-03-26 17:27:13.371380 EST  new_ticket      : Created #derekking-ticket-155980 (1354567390037282956) in 1.97s by derek.king (1060628909445615726) 56
INFO        2025-03-26 17:27:36.230052 EST  enter_information_button : Sent the Questions modal to derek.king (1060628909445615726)
INFO        2025-03-26 17:27:39.972071 EST  on_submit       : derek.king (1060628909445615726) updated the embed with question answers in #derekking-ticket-155980 (1354567390037282956)
INFO        2025-03-26 17:27:44.404075 EST  new_ticket      : Created #832582852075105730285-ticket-155981 (1354567519901454498) in 1.97s by 832582852075105730285 (336468308008239104) 57
INFO        2025-03-26 17:27:46.482168 EST  enter_information_button : Sent the Questions modal to 832582852075105730285 (336468308008239104)
INFO        2025-03-26 17:28:39.439111 EST  on_submit       : 832582852075105730285 (336468308008239104) updated the embed with question answers in #832582852075105730285-ticket-155981 (1354567519901454498)
INFO        2025-03-26 17:29:08.099243 EST  new_ticket      : Created #thedanholy-ticket-155982 (1354567870339612914) in 2.27s by thedanholy. (282237676323733504) 58
INFO        2025-03-26 17:29:09.383150 EST  enter_information_button : Sent the Questions modal to thedanholy. (282237676323733504)
INFO        2025-03-26 17:29:46.358989 EST  on_submit       : thedanholy. (282237676323733504) updated the embed with question answers in #thedanholy-ticket-155982 (1354567870339612914)
INFO        2025-03-26 17:29:53.529648 EST  new_ticket      : Created #xental_-ticket-155983 (1354568056361320610) in 3.21s by xental_ (296575153540825088) 59
WARNING     2025-03-26 17:29:53.530052 EST  wrapper         : New Ticket took a long time to complete and finished in 3.37s
WARNING     2025-03-26 17:30:00.754499 EST  wrapper         : Create Ticket took a long time to complete and finished in 3.65s
INFO        2025-03-26 17:30:00.829786 EST  new_ticket      : Created #xental_-ticket-155984 (1354568083553128730) in 3.95s by xental_ (296575153540825088) 60
WARNING     2025-03-26 17:30:00.830059 EST  wrapper         : New Ticket took a long time to complete and finished in 4.07s
INFO        2025-03-26 17:30:02.525979 EST  enter_information_button : Sent the Questions modal to xental_ (296575153540825088)
INFO        2025-03-26 17:30:06.962804 EST  on_submit       : xental_ (296575153540825088) updated the embed with question answers in #xental_-ticket-155984 (1354568083553128730)
INFO        2025-03-26 17:30:30.560431 EST  new_ticket      : Created #visionnevry-ticket-155985 (1354568212976767158) in 3.11s by visionnevry (1161059192577200250) 61
WARNING     2025-03-26 17:30:30.560759 EST  wrapper         : New Ticket took a long time to complete and finished in 3.29s
INFO        2025-03-26 17:30:35.344571 EST  enter_information_button : Sent the Questions modal to visionnevry (1161059192577200250)
INFO        2025-03-26 17:31:11.081296 EST  on_submit       : visionnevry (1161059192577200250) updated the embed with question answers in #visionnevry-ticket-155985 (1354568212976767158)
INFO        2025-03-26 17:35:40.546664 EST  wrapper         : Send Ticketlog completed in 0.52s
INFO        2025-03-26 17:36:12.214390 EST  wrapper         : Send Ticketlog completed in 0.7s
INFO        2025-03-26 17:37:22.531997 EST  wrapper         : Send Ticketlog completed in 0.39s
INFO        2025-03-26 17:38:09.808899 EST  new_ticket      : Created #jasonasf-ticket-155986 (1354570141341450433) in 2.61s by jasonasf (937197674673877022) 59
INFO        2025-03-26 17:38:12.139172 EST  enter_information_button : Sent the Questions modal to jasonasf (937197674673877022)
INFO        2025-03-26 17:38:37.564784 EST  on_submit       : jasonasf (937197674673877022) updated the embed with question answers in #jasonasf-ticket-155986 (1354570141341450433)
INFO        2025-03-26 17:40:58.163105 EST  wrapper         : Send Ticketlog completed in 0.58s
INFO        2025-03-26 17:42:02.080449 EST  new_ticket      : Created #thedanholy-ticket-155987 (1354571116508610913) in 2.19s by thedanholy. (282237676323733504) 59
INFO        2025-03-26 17:42:03.561291 EST  enter_information_button : Sent the Questions modal to thedanholy. (282237676323733504)
INFO        2025-03-26 17:42:07.557729 EST  on_submit       : thedanholy. (282237676323733504) updated the embed with question answers in #thedanholy-ticket-155987 (1354571116508610913)
INFO        2025-03-26 17:42:16.684792 EST  new_ticket      : Created #_lirix-ticket-155988 (1354571178395828243) in 1.81s by _lirix (245225028361125898) 60
INFO        2025-03-26 17:42:20.890697 EST  enter_information_button : Sent the Questions modal to _lirix (245225028361125898)
WARNING     2025-03-26 17:42:53.924163 EST  check_3_tickets : thedanholy. (282237676323733504) has 3 tickets open and tried to open a ticket
INFO        2025-03-26 17:43:10.207477 EST  wrapper         : Send Ticketlog completed in 0.32s
INFO        2025-03-26 17:43:11.957573 EST  on_submit       : _lirix (245225028361125898) updated the embed with question answers in #_lirix-ticket-155988 (1354571178395828243)
WARNING     2025-03-26 17:43:23.232797 EST  wrapper         : Create Ticket took a long time to complete and finished in 3.21s
INFO        2025-03-26 17:43:23.304780 EST  new_ticket      : Created #thedanholy-ticket-155989 (1354571456687640630) in 3.57s by thedanholy. (282237676323733504) 60
WARNING     2025-03-26 17:43:23.305053 EST  wrapper         : New Ticket took a long time to complete and finished in 3.72s
INFO        2025-03-26 17:43:24.612081 EST  enter_information_button : Sent the Questions modal to thedanholy. (282237676323733504)
INFO        2025-03-26 17:43:30.590971 EST  enter_information_button : Sent the Questions modal to thedanholy. (282237676323733504)
INFO        2025-03-26 17:43:33.447320 EST  on_submit       : thedanholy. (282237676323733504) updated the embed with question answers in #thedanholy-ticket-155989 (1354571456687640630)
INFO        2025-03-26 17:43:34.843007 EST  on_submit       : thedanholy. (282237676323733504) updated the embed with question answers in #thedanholy-ticket-155989 (1354571456687640630)
INFO        2025-03-26 17:45:25.018349 EST  wrapper         : Send Ticketlog completed in 0.3s
INFO        2025-03-26 17:51:42.275060 EST  new_ticket      : Created #stevefrombedrock-ticket-155990 (1354573550589313115) in 2.14s by stevefrombedrock (1208350581417181186) 60
INFO        2025-03-26 17:51:45.143055 EST  enter_information_button : Sent the Questions modal to stevefrombedrock (1208350581417181186)
INFO        2025-03-26 17:52:49.274884 EST  on_submit       : stevefrombedrock (1208350581417181186) updated the embed with question answers in #stevefrombedrock-ticket-155990 (1354573550589313115)
WARNING     2025-03-26 17:53:18.602904 EST  send_ticket_log : Failed to send ticket log: 403 Forbidden (error code: 50007): Cannot send messages to this user
INFO        2025-03-26 17:53:18.603222 EST  wrapper         : Send Ticketlog completed in 0.33s
INFO        2025-03-26 17:53:25.458656 EST  request_tickets : Sent the 📨 button to restorable (714687115514085473)
INFO        2025-03-26 17:56:00.251018 EST  wrapper         : Send Ticketlog completed in 0.6s
INFO        2025-03-26 18:03:51.898494 EST  new_ticket      : Created #smokica-ticket-155991 (1354576610111524887) in 2.26s by smokica (847915864266899537) 59
INFO        2025-03-26 18:03:53.838803 EST  enter_information_button : Sent the Questions modal to smokica (847915864266899537)
INFO        2025-03-26 18:04:16.622109 EST  on_submit       : smokica (847915864266899537) updated the embed with question answers in #smokica-ticket-155991 (1354576610111524887)
INFO        2025-03-26 18:05:26.348189 EST  wrapper         : Send Ticketlog completed in 0.39s
INFO        2025-03-26 18:07:39.834323 EST  wrapper         : Send Ticketlog completed in 0.33s
INFO        2025-03-26 18:09:15.388184 EST  wrapper         : Send Ticketlog completed in 0.43s
INFO        2025-03-26 18:10:17.135562 EST  new_ticket      : Created #thedanholy-ticket-155992 (1354578226462064961) in 2.2s by thedanholy. (282237676323733504) 57
INFO        2025-03-26 18:10:18.460563 EST  enter_information_button : Sent the Questions modal to thedanholy. (282237676323733504)
INFO        2025-03-26 18:10:22.496686 EST  on_submit       : thedanholy. (282237676323733504) updated the embed with question answers in #thedanholy-ticket-155992 (1354578226462064961)
WARNING     2025-03-26 18:16:27.586439 EST  wrapper         : Create Ticket took a long time to complete and finished in 3.1s
INFO        2025-03-26 18:16:27.656356 EST  new_ticket      : Created #mmareply-ticket-155993 (1354579774504177880) in 3.61s by mmareply (492028532428636162) 58
WARNING     2025-03-26 18:16:27.656617 EST  wrapper         : New Ticket took a long time to complete and finished in 3.76s
INFO        2025-03-26 18:16:28.116307 EST  wrapper         : Rename Command completed in 0.69s
INFO        2025-03-26 18:16:30.133909 EST  enter_information_button : Sent the Questions modal to mmareply (492028532428636162)
INFO        2025-03-26 18:17:40.776216 EST  on_submit       : mmareply (492028532428636162) updated the embed with question answers in #mmareply-ticket-155993 (1354579774504177880)
INFO        2025-03-26 18:19:15.744117 EST  new_ticket      : Created #suphello321-ticket-155994 (1354580485384437781) in 2.2s by suphello321 (1330099269176266776) 59
INFO        2025-03-26 18:19:17.854956 EST  enter_information_button : Sent the Questions modal to suphello321 (1330099269176266776)
INFO        2025-03-26 18:20:03.095910 EST  on_submit       : suphello321 (1330099269176266776) updated the embed with question answers in #suphello321-ticket-155994 (1354580485384437781)
INFO        2025-03-26 18:20:10.987278 EST  new_ticket      : Created #draxxcyl-ticket-155995 (1354580718302265514) in 1.81s by draxxcyl (345816461610319872) 60
INFO        2025-03-26 18:20:18.468291 EST  enter_information_button : Sent the Questions modal to draxxcyl (345816461610319872)
INFO        2025-03-26 18:20:25.453018 EST  wrapper         : Send Ticketlog completed in 2.8s
WARNING     2025-03-26 18:20:25.861799 EST  wrapper         : Close Command took a long time to complete and finished in 3.94s
INFO        2025-03-26 18:20:27.767384 EST  wrapper         : Send Ticketlog completed in 0.47s
INFO        2025-03-26 18:20:45.147278 EST  on_submit       : draxxcyl (345816461610319872) updated the embed with question answers in #draxxcyl-ticket-155995 (1354580718302265514)
INFO        2025-03-26 18:21:14.190579 EST  wrapper         : Send Ticketlog completed in 0.39s
INFO        2025-03-26 18:22:51.127526 EST  wrapper         : Rename Command completed in 0.53s
INFO        2025-03-26 18:23:22.570859 EST  wrapper         : Rename Command completed in 0.46s
INFO        2025-03-26 18:23:50.568752 EST  wrapper         : Rename Command completed in 0.54s
INFO        2025-03-26 18:30:40.307291 EST  new_ticket      : Created #xmoua7-ticket-155996 (1354583357538697297) in 2.12s by xmoua7 (1004225331424665604) 58
INFO        2025-03-26 18:30:46.398267 EST  enter_information_button : Sent the Questions modal to xmoua7 (1004225331424665604)
INFO        2025-03-26 18:31:46.004251 EST  on_submit       : xmoua7 (1004225331424665604) updated the embed with question answers in #xmoua7-ticket-155996 (1354583357538697297)
INFO        2025-03-26 18:34:30.650772 EST  wrapper         : Send Ticketlog completed in 0.43s
INFO        2025-03-26 18:34:50.719347 EST  wrapper         : Send Ticketlog completed in 0.35s
INFO        2025-03-26 18:34:56.432904 EST  new_ticket      : Created #xmoua7-ticket-155997 (1354584431037255961) in 3.43s by xmoua7 (1004225331424665604) 57
WARNING     2025-03-26 18:34:56.433215 EST  wrapper         : New Ticket took a long time to complete and finished in 3.53s
INFO        2025-03-26 18:34:59.417398 EST  enter_information_button : Sent the Questions modal to xmoua7 (1004225331424665604)
INFO        2025-03-26 18:35:09.590130 EST  wrapper         : Move Command completed in 1.97s
INFO        2025-03-26 18:35:17.506912 EST  on_submit       : xmoua7 (1004225331424665604) updated the embed with question answers in #xmoua7-ticket-155997 (1354584431037255961)
INFO        2025-03-26 18:46:52.260726 EST  new_ticket      : Created #pro_wombat-ticket-155998 (1354587433794142300) in 1.9s by pro_wombat (250708897571143681) 58
INFO        2025-03-26 18:47:01.286811 EST  enter_information_button : Sent the Questions modal to pro_wombat (250708897571143681)
INFO        2025-03-26 18:47:04.672254 EST  enter_information_button : Sent the Questions modal to pro_wombat (250708897571143681)
INFO        2025-03-26 18:47:08.966856 EST  enter_information_button : Sent the Questions modal to pro_wombat (250708897571143681)
INFO        2025-03-26 18:47:14.227740 EST  on_submit       : pro_wombat (250708897571143681) updated the embed with question answers in #pro_wombat-ticket-155998 (1354587433794142300)
INFO        2025-03-26 18:58:00.625533 EST  wrapper         : Send Ticketlog completed in 0.3s
INFO        2025-03-26 18:59:25.292859 EST  wrapper         : Send Ticketlog completed in 0.44s
INFO        2025-03-26 19:05:44.962059 EST  wrapper         : Send Ticketlog completed in 0.66s
INFO        2025-03-26 19:09:21.782434 EST  new_ticket      : Created #reapa1-ticket-155999 (1354593094766428293) in 1.87s by reapa1 (318449044659765250) 56
INFO        2025-03-26 19:09:23.306829 EST  enter_information_button : Sent the Questions modal to reapa1 (318449044659765250)
INFO        2025-03-26 19:09:32.902830 EST  enter_information_button : Sent the Questions modal to reapa1 (318449044659765250)
INFO        2025-03-26 19:09:36.731340 EST  on_submit       : reapa1 (318449044659765250) updated the embed with question answers in #reapa1-ticket-155999 (1354593094766428293)
INFO        2025-03-26 19:09:37.399459 EST  on_submit       : reapa1 (318449044659765250) updated the embed with question answers in #reapa1-ticket-155999 (1354593094766428293)
INFO        2025-03-26 19:15:51.038402 EST  new_ticket      : Created #notderpy-ticket-156000 (1354594727118246040) in 1.92s by notderpy (593589893884674048) 57
INFO        2025-03-26 19:15:53.633102 EST  enter_information_button : Sent the Questions modal to notderpy (593589893884674048)
INFO        2025-03-26 19:16:21.686814 EST  on_submit       : notderpy (593589893884674048) updated the embed with question answers in #notderpy-ticket-156000 (1354594727118246040)
INFO        2025-03-26 19:19:41.607711 EST  new_ticket      : Created #cliippy-ticket-156001 (1354595693624561827) in 2.16s by cliippy (951334827599208459) 58
INFO        2025-03-26 19:19:54.887119 EST  enter_information_button : Sent the Questions modal to cliippy (951334827599208459)
INFO        2025-03-26 19:20:07.764912 EST  on_submit       : cliippy (951334827599208459) updated the embed with question answers in #cliippy-ticket-156001 (1354595693624561827)
INFO        2025-03-26 19:20:20.990826 EST  wrapper         : Rename Command completed in 0.49s
INFO        2025-03-26 19:20:34.659270 EST  wrapper         : Rename Command completed in 0.5s
INFO        2025-03-26 19:23:15.520167 EST  new_ticket      : Created #whohaswomen-ticket-156002 (1354596591868313601) in 1.8s by whohaswomen (925220979129585705) 59
INFO        2025-03-26 19:23:17.894161 EST  enter_information_button : Sent the Questions modal to whohaswomen (925220979129585705)
INFO        2025-03-26 19:23:37.871534 EST  on_submit       : whohaswomen (925220979129585705) updated the embed with question answers in #whohaswomen-ticket-156002 (1354596591868313601)
INFO        2025-03-26 19:32:53.028986 EST  new_ticket      : Created #jajajjaajajaja-ticket-156003 (1354599013126508544) in 2.63s by jajajjaajajaja (424331691230887938) 60
INFO        2025-03-26 19:32:58.609344 EST  enter_information_button : Sent the Questions modal to jajajjaajajaja (424331691230887938)
INFO        2025-03-26 19:36:03.792056 EST  new_ticket      : Created #briitt-ticket-156004 (1354599813290791138) in 2.11s by briitt (560221074244239381) 61
INFO        2025-03-26 19:36:05.114624 EST  enter_information_button : Sent the Questions modal to briitt (560221074244239381)
INFO        2025-03-26 19:37:14.395811 EST  on_submit       : briitt (560221074244239381) updated the embed with question answers in #briitt-ticket-156004 (1354599813290791138)
INFO        2025-03-26 19:40:04.528058 EST  wrapper         : Send Ticketlog completed in 0.58s
INFO        2025-03-26 19:40:35.147248 EST  wrapper         : Send Ticketlog completed in 0.74s
INFO        2025-03-26 19:45:16.328502 EST  on_submit       : jajajjaajajaja (424331691230887938) updated the embed with question answers in #jajajjaajajaja-ticket-156003 (1354599013126508544)
INFO        2025-03-26 20:01:32.017646 EST  new_ticket      : Created #d2_rappy-ticket-156005 (1354606221684113669) in 2.44s by d2_rappy (318403043102294027) 60
INFO        2025-03-26 20:01:33.587718 EST  enter_information_button : Sent the Questions modal to d2_rappy (318403043102294027)
INFO        2025-03-26 20:02:05.250097 EST  on_submit       : d2_rappy (318403043102294027) updated the embed with question answers in #d2_rappy-ticket-156005 (1354606221684113669)
INFO        2025-03-26 20:05:15.542085 EST  wrapper         : Send Ticketlog completed in 0.36s
INFO        2025-03-26 20:23:48.010498 EST  new_ticket      : Created #coffert-ticket-156006 (1354611826993664010) in 1.96s by coffert (709534337669791815) 60
INFO        2025-03-26 20:23:49.739062 EST  enter_information_button : Sent the Questions modal to coffert (709534337669791815)
INFO        2025-03-26 20:24:09.333386 EST  on_submit       : coffert (709534337669791815) updated the embed with question answers in #coffert-ticket-156006 (1354611826993664010)
INFO        2025-03-26 20:29:42.590212 EST  new_ticket      : Created #d2_rappy-ticket-156007 (1354613311898910750) in 2.64s by d2_rappy (318403043102294027) 61
INFO        2025-03-26 20:29:44.270220 EST  enter_information_button : Sent the Questions modal to d2_rappy (318403043102294027)
INFO        2025-03-26 20:30:17.879238 EST  on_submit       : d2_rappy (318403043102294027) updated the embed with question answers in #d2_rappy-ticket-156007 (1354613311898910750)
INFO        2025-03-26 20:35:21.105072 EST  wrapper         : Send Ticketlog completed in 0.54s
INFO        2025-03-26 20:35:52.101384 EST  wrapper         : Send Ticketlog completed in 0.77s
INFO        2025-03-26 20:36:16.298423 EST  wrapper         : Send Ticketlog completed in 0.76s
INFO        2025-03-26 20:36:48.333505 EST  wrapper         : Send Ticketlog completed in 0.68s
INFO        2025-03-26 20:37:11.370002 EST  wrapper         : Send Ticketlog completed in 0.49s
INFO        2025-03-26 20:37:44.223117 EST  new_ticket      : Created #notderpy-ticket-156008 (1354615334463864902) in 2.11s by notderpy (593589893884674048) 57
INFO        2025-03-26 20:37:46.918486 EST  enter_information_button : Sent the Questions modal to notderpy (593589893884674048)
INFO        2025-03-26 20:38:40.223045 EST  wrapper         : Send Ticketlog completed in 0.85s
INFO        2025-03-26 20:38:53.275378 EST  on_submit       : notderpy (593589893884674048) updated the embed with question answers in #notderpy-ticket-156008 (1354615334463864902)
INFO        2025-03-26 20:39:20.378114 EST  wrapper         : Send Ticketlog completed in 1.26s
INFO        2025-03-26 20:39:46.182458 EST  wrapper         : Send Ticketlog completed in 0.76s
INFO        2025-03-26 20:40:45.265843 EST  wrapper         : Send Ticketlog completed in 0.5s
INFO        2025-03-26 20:41:23.494202 EST  wrapper         : Send Ticketlog completed in 0.38s
INFO        2025-03-26 20:41:47.608553 EST  wrapper         : Send Ticketlog completed in 1.28s
INFO        2025-03-26 20:41:54.714113 EST  wrapper         : Send Ticketlog completed in 0.73s
INFO        2025-03-26 20:41:54.849778 EST  wrapper         : Send Ticketlog completed in 0.33s
INFO        2025-03-26 20:42:36.771812 EST  wrapper         : Send Ticketlog completed in 0.3s
INFO        2025-03-26 20:42:45.868502 EST  wrapper         : Ticket Logs Command completed in 0.67s
INFO        2025-03-26 20:43:58.129349 EST  wrapper         : Ticket Logs Command completed in 0.81s
INFO        2025-03-26 20:44:41.205893 EST  wrapper         : Send Ticketlog completed in 0.34s
INFO        2025-03-26 20:45:01.303681 EST  wrapper         : Ticket Logs Command completed in 0.8s
INFO        2025-03-26 20:47:58.619648 EST  wrapper         : Send Ticketlog completed in 0.54s
WARNING     2025-03-26 20:47:59.179806 EST  wrapper         : Close Command took a long time to complete and finished in 3.03s
INFO        2025-03-26 20:49:36.515116 EST  wrapper         : Send Ticketlog completed in 0.42s
INFO        2025-03-26 20:49:41.857465 EST  wrapper         : Ticket Logs Command completed in 0.62s
INFO        2025-03-26 20:51:07.465751 EST  wrapper         : Send Ticketlog completed in 0.54s
INFO        2025-03-26 20:59:41.945407 EST  new_ticket      : Created #nate54-ticket-156009 (1354620861830660147) in 1.88s by nate54 (625411102611603466) 45
INFO        2025-03-26 21:00:06.395795 EST  enter_information_button : Sent the Questions modal to nate54 (625411102611603466)
INFO        2025-03-26 21:00:09.256034 EST  on_submit       : nate54 (625411102611603466) updated the embed with question answers in #nate54-ticket-156009 (1354620861830660147)
INFO        2025-03-26 21:06:57.838238 EST  new_ticket      : Created #spinable-ticket-156010 (1354622687204610109) in 2.63s by spinable. (751208973897695242) 46
INFO        2025-03-26 21:07:01.260300 EST  enter_information_button : Sent the Questions modal to spinable. (751208973897695242)
INFO        2025-03-26 21:07:42.334729 EST  on_submit       : spinable. (751208973897695242) updated the embed with question answers in #spinable-ticket-156010 (1354622687204610109)
INFO        2025-03-26 21:12:15.696359 EST  new_ticket      : Created #sweatybomb-ticket-156011 (1354624018308923473) in 3.11s by sweatybomb (223949506989916170) 47
WARNING     2025-03-26 21:12:15.697201 EST  wrapper         : New Ticket took a long time to complete and finished in 3.26s
INFO        2025-03-26 21:12:17.624053 EST  enter_information_button : Sent the Questions modal to sweatybomb (223949506989916170)
INFO        2025-03-26 21:13:21.522464 EST  on_submit       : sweatybomb (223949506989916170) updated the embed with question answers in #sweatybomb-ticket-156011 (1354624018308923473)
INFO        2025-03-26 21:16:25.007668 EST  wrapper         : Send Ticketlog completed in 0.51s
WARNING     2025-03-26 21:18:13.785347 EST  check_3_tickets : projectia_ (683385527634100264) has 3 tickets open and tried to open a ticket
INFO        2025-03-26 21:23:32.351485 EST  new_ticket      : Created #fafafafaffafafafa-ticket-156012 (1354626860390023188) in 2.03s by fafafafaffafafafa (865052642586001448) 47
INFO        2025-03-26 21:23:33.714565 EST  enter_information_button : Sent the Questions modal to fafafafaffafafafa (865052642586001448)
INFO        2025-03-26 21:23:38.150953 EST  on_submit       : fafafafaffafafafa (865052642586001448) updated the embed with question answers in #fafafafaffafafafa-ticket-156012 (1354626860390023188)
INFO        2025-03-26 21:24:24.519624 EST  new_ticket      : Created #8nf-ticket-156013 (1354627079890534663) in 1.85s by 8nf (393884648587001877) 48
INFO        2025-03-26 21:24:27.273240 EST  enter_information_button : Sent the Questions modal to 8nf (393884648587001877)
INFO        2025-03-26 21:25:09.647205 EST  enter_information_button : Sent the Questions modal to 8nf (393884648587001877)
INFO        2025-03-26 21:27:50.116955 EST  on_submit       : 8nf (393884648587001877) updated the embed with question answers in #8nf-ticket-156013 (1354627079890534663)
INFO        2025-03-26 21:35:31.194439 EST  new_ticket      : Created #shikamar-ticket-156014 (1354629874849026169) in 2.4s by shikamar (162083940906041344) 49
INFO        2025-03-26 21:35:33.299435 EST  enter_information_button : Sent the Questions modal to shikamar (162083940906041344)
INFO        2025-03-26 21:36:06.066574 EST  on_submit       : shikamar (162083940906041344) updated the embed with question answers in #shikamar-ticket-156014 (1354629874849026169)
INFO        2025-03-26 21:36:53.603328 EST  wrapper         : Rename Command completed in 0.48s
INFO        2025-03-26 21:46:43.506080 EST  new_ticket      : Created #totallydone127-ticket-156015 (1354632695639965928) in 2.01s by totallydone127 (515520968777793536) 50
INFO        2025-03-26 21:46:45.302633 EST  enter_information_button : Sent the Questions modal to totallydone127 (515520968777793536)
WARNING     2025-03-26 21:46:57.356957 EST  wrapper         : Create Ticket took a long time to complete and finished in 3.18s
INFO        2025-03-26 21:46:57.424719 EST  new_ticket      : Created #cliippy-ticket-156016 (1354632748052123679) in 3.49s by cliippy (951334827599208459) 51
WARNING     2025-03-26 21:46:57.425171 EST  wrapper         : New Ticket took a long time to complete and finished in 3.63s
INFO        2025-03-26 21:47:00.058091 EST  enter_information_button : Sent the Questions modal to cliippy (951334827599208459)
INFO        2025-03-26 21:47:10.342585 EST  on_submit       : cliippy (951334827599208459) updated the embed with question answers in #cliippy-ticket-156016 (1354632748052123679)
INFO        2025-03-26 21:47:12.965208 EST  on_submit       : totallydone127 (515520968777793536) updated the embed with question answers in #totallydone127-ticket-156015 (1354632695639965928)
INFO        2025-03-26 21:47:43.894332 EST  wrapper         : Rename Command completed in 0.56s
INFO        2025-03-26 21:47:46.856920 EST  new_ticket      : Created #r00kieuk-ticket-156017 (1354632961508769925) in 1.86s by r00kieuk (600760608920698890) 52
INFO        2025-03-26 21:48:44.405928 EST  enter_information_button : Sent the Questions modal to r00kieuk (600760608920698890)
INFO        2025-03-26 21:49:27.938822 EST  on_submit       : r00kieuk (600760608920698890) updated the embed with question answers in #r00kieuk-ticket-156017 (1354632961508769925)
INFO        2025-03-26 21:50:12.685721 EST  wrapper         : Send Ticketlog completed in 0.54s
INFO        2025-03-26 21:50:41.655044 EST  wrapper         : Send Ticketlog completed in 0.28s
INFO        2025-03-26 21:53:33.751463 EST  new_ticket      : Created #hello14142-ticket-156018 (1354634414880981084) in 2.27s by hello14142 (579541361888460811) 51
INFO        2025-03-26 21:53:38.401315 EST  enter_information_button : Sent the Questions modal to hello14142 (579541361888460811)
INFO        2025-03-26 21:53:49.717872 EST  on_submit       : hello14142 (579541361888460811) updated the embed with question answers in #hello14142-ticket-156018 (1354634414880981084)
INFO        2025-03-26 21:56:25.443098 EST  wrapper         : Rename Command completed in 0.51s
INFO        2025-03-26 21:59:43.914650 EST  wrapper         : Send Ticketlog completed in 0.67s
WARNING     2025-03-26 21:59:45.778823 EST  wrapper         : Close Command took a long time to complete and finished in 3.29s
INFO        2025-03-26 22:04:17.713847 EST  request_tickets : Sent the 📨 button to ariole (985675692568109177)
INFO        2025-03-26 22:04:46.937259 EST  new_ticket      : Created #ariole-ticket-156019 (1354637240877449308) in 1.73s by ariole (985675692568109177) 51
INFO        2025-03-26 22:04:49.828783 EST  enter_information_button : Sent the Questions modal to ariole (985675692568109177)
INFO        2025-03-26 22:04:53.583670 EST  on_submit       : ariole (985675692568109177) updated the embed with question answers in #ariole-ticket-156019 (1354637240877449308)
INFO        2025-03-26 22:23:19.273007 EST  new_ticket      : Created #auratax-ticket-156020 (1354641903374565496) in 2.48s by auratax (1216866745407770726) 52
INFO        2025-03-26 22:23:21.392686 EST  enter_information_button : Sent the Questions modal to auratax (1216866745407770726)
INFO        2025-03-26 22:23:29.217377 EST  new_ticket      : Created #counterfeits-ticket-156021 (1354641946760581210) in 2.18s by counterfeits (524688347214381056) 53
INFO        2025-03-26 22:23:30.480556 EST  enter_information_button : Sent the Questions modal to counterfeits (524688347214381056)
INFO        2025-03-26 22:23:31.488702 EST  new_ticket      : Created #auratax-ticket-156022 (1354641955501506590) in 2.21s by auratax (1216866745407770726) 54
INFO        2025-03-26 22:23:33.868564 EST  enter_information_button : Sent the Questions modal to auratax (1216866745407770726)
INFO        2025-03-26 22:23:47.935427 EST  new_ticket      : Created #balentinojiji-ticket-156023 (1354642026381054013) in 1.78s by balentinojiji (1061510474455326760) 55
INFO        2025-03-26 22:23:49.498819 EST  enter_information_button : Sent the Questions modal to balentinojiji (1061510474455326760)
INFO        2025-03-26 22:23:57.668409 EST  on_submit       : auratax (1216866745407770726) updated the embed with question answers in #auratax-ticket-156022 (1354641955501506590)
INFO        2025-03-26 22:23:57.732702 EST  on_submit       : counterfeits (524688347214381056) updated the embed with question answers in #counterfeits-ticket-156021 (1354641946760581210)
INFO        2025-03-26 22:24:23.218524 EST  wrapper         : Rename Command completed in 0.55s
INFO        2025-03-26 22:24:33.105383 EST  on_submit       : balentinojiji (1061510474455326760) updated the embed with question answers in #balentinojiji-ticket-156023 (1354642026381054013)
INFO        2025-03-26 23:16:53.183713 EST  wrapper         : Send Ticketlog completed in 0.58s
INFO        2025-03-26 23:17:03.425322 EST  wrapper         : Send Ticketlog completed in 0.47s
INFO        2025-03-26 23:21:39.855388 EST  new_ticket      : Created #visionnevry-ticket-156024 (1354656588706615306) in 1.68s by visionnevry (1161059192577200250) 54
INFO        2025-03-26 23:21:43.240436 EST  new_ticket      : Created #visionnevry-ticket-156025 (1354656603185348750) in 1.6s by visionnevry (1161059192577200250) 55
INFO        2025-03-26 23:21:44.658831 EST  enter_information_button : Sent the Questions modal to visionnevry (1161059192577200250)
INFO        2025-03-26 23:22:18.624772 EST  on_submit       : visionnevry (1161059192577200250) updated the embed with question answers in #visionnevry-ticket-156025 (1354656603185348750)
INFO        2025-03-26 23:28:17.196938 EST  wrapper         : Send Ticketlog completed in 0.42s
INFO        2025-03-26 23:28:48.752973 EST  new_ticket      : Created #visionnevry-ticket-156026 (1354658384816636025) in 2.49s by visionnevry (1161059192577200250) 55
INFO        2025-03-26 23:28:57.808013 EST  enter_information_button : Sent the Questions modal to visionnevry (1161059192577200250)
INFO        2025-03-26 23:29:18.387146 EST  on_submit       : visionnevry (1161059192577200250) updated the embed with question answers in #visionnevry-ticket-156026 (1354658384816636025)
INFO        2025-03-26 23:36:05.335461 EST  wrapper         : Send Ticketlog completed in 0.7s
INFO        2025-03-26 23:43:47.671565 EST  new_ticket      : Created #itssfearless-ticket-156027 (1354662156083138682) in 2.27s by itssfearless (469543931533852684) 55
INFO        2025-03-26 23:43:50.206605 EST  enter_information_button : Sent the Questions modal to itssfearless (469543931533852684)
INFO        2025-03-26 23:43:57.784227 EST  on_submit       : itssfearless (469543931533852684) updated the embed with question answers in #itssfearless-ticket-156027 (1354662156083138682)
INFO        2025-03-26 23:45:19.920582 EST  new_ticket      : Created #derekking-ticket-156028 (1354662543045431296) in 2.34s by derek.king (1060628909445615726) 56
INFO        2025-03-26 23:45:21.841790 EST  enter_information_button : Sent the Questions modal to derek.king (1060628909445615726)
INFO        2025-03-26 23:45:45.661319 EST  on_submit       : derek.king (1060628909445615726) updated the embed with question answers in #derekking-ticket-156028 (1354662543045431296)
INFO        2025-03-26 23:50:08.961923 EST  new_ticket      : Created #bandit2-ticket-156029 (1354663755971170375) in 2.29s by bandit2 (272783331383312384) 57
INFO        2025-03-26 23:50:11.115535 EST  enter_information_button : Sent the Questions modal to bandit2 (272783331383312384)
INFO        2025-03-26 23:50:26.237466 EST  on_submit       : bandit2 (272783331383312384) updated the embed with question answers in #bandit2-ticket-156029 (1354663755971170375)
INFO        2025-03-26 23:56:40.247102 EST  wrapper         : Send Ticketlog completed in 0.67s
WARNING     2025-03-26 23:59:40.736444 EST  wrapper         : Create Ticket took a long time to complete and finished in 3.56s
INFO        2025-03-26 23:59:40.818442 EST  new_ticket      : Created #sweatybomb-ticket-156030 (1354666146678181899) in 3.93s by sweatybomb (223949506989916170) 57
WARNING     2025-03-26 23:59:40.818718 EST  wrapper         : New Ticket took a long time to complete and finished in 4.08s
INFO        2025-03-26 23:59:41.957970 EST  enter_information_button : Sent the Questions modal to sweatybomb (223949506989916170)
INFO        2025-03-27 00:00:03.584214 EST  on_submit       : sweatybomb (223949506989916170) updated the embed with question answers in #sweatybomb-ticket-156030 (1354666146678181899)
INFO        2025-03-27 00:04:34.446364 EST  wrapper         : Send Ticketlog completed in 2.27s
WARNING     2025-03-27 00:04:34.831813 EST  wrapper         : Close Command took a long time to complete and finished in 3.26s
INFO        2025-03-27 00:04:52.070689 EST  wrapper         : Send Ticketlog completed in 0.52s
INFO        2025-03-27 00:05:15.412609 EST  wrapper         : Send Ticketlog completed in 0.33s
INFO        2025-03-27 00:05:19.507843 EST  new_ticket      : Created #itssfearless-ticket-156031 (1354667573836513401) in 2.75s by itssfearless (469543931533852684) 55
INFO        2025-03-27 00:05:21.583282 EST  enter_information_button : Sent the Questions modal to itssfearless (469543931533852684)
INFO        2025-03-27 00:05:39.100083 EST  on_submit       : itssfearless (469543931533852684) updated the embed with question answers in #itssfearless-ticket-156031 (1354667573836513401)
INFO        2025-03-27 00:11:11.939936 EST  new_ticket      : Created #tightened-ticket-156032 (1354669053943353394) in 1.91s by .tightened (291071226149994518) 56
INFO        2025-03-27 00:11:34.011502 EST  enter_information_button : Sent the Questions modal to .tightened (291071226149994518)
INFO        2025-03-27 00:12:09.882917 EST  on_submit       : .tightened (291071226149994518) updated the embed with question answers in #tightened-ticket-156032 (1354669053943353394)
INFO        2025-03-27 00:12:26.676783 EST  wrapper         : Send Ticketlog completed in 0.49s
INFO        2025-03-27 00:16:27.191407 EST  wrapper         : Send Ticketlog completed in 0.54s
INFO        2025-03-27 00:17:22.944625 EST  wrapper         : Private Command completed in 1.71s
INFO        2025-03-27 00:18:19.202957 EST  new_ticket      : Created #8f5-ticket-156033 (1354670844827271321) in 2.88s by 8f5 (199011448096030720) 55
WARNING     2025-03-27 00:18:19.203427 EST  wrapper         : New Ticket took a long time to complete and finished in 3.05s
INFO        2025-03-27 00:18:21.536691 EST  enter_information_button : Sent the Questions modal to 8f5 (199011448096030720)
INFO        2025-03-27 00:18:53.467920 EST  on_submit       : 8f5 (199011448096030720) updated the embed with question answers in #8f5-ticket-156033 (1354670844827271321)
INFO        2025-03-27 00:22:15.664807 EST  new_ticket      : Created #halalalawalalala-ticket-156034 (1354671838088790116) in 1.92s by halalalawalalala (1234354341410766940) 56
INFO        2025-03-27 00:22:17.344515 EST  enter_information_button : Sent the Questions modal to halalalawalalala (1234354341410766940)
INFO        2025-03-27 00:22:24.030789 EST  on_submit       : halalalawalalala (1234354341410766940) updated the embed with question answers in #halalalawalalala-ticket-156034 (1354671838088790116)
INFO        2025-03-27 00:23:07.864426 EST  new_ticket      : Created #imtre-ticket-156035 (1354672056980996279) in 1.66s by im.tre (210236606433591296) 57
INFO        2025-03-27 00:23:09.765641 EST  enter_information_button : Sent the Questions modal to im.tre (210236606433591296)
INFO        2025-03-27 00:24:30.542281 EST  on_submit       : im.tre (210236606433591296) updated the embed with question answers in #imtre-ticket-156035 (1354672056980996279)
INFO        2025-03-27 00:25:10.136788 EST  wrapper         : Move Command completed in 2.92s
INFO        2025-03-27 00:28:22.410928 EST  wrapper         : Send Ticketlog completed in 0.38s
INFO        2025-03-27 00:29:32.600768 EST  wrapper         : Send Ticketlog completed in 0.33s
INFO        2025-03-27 00:29:48.112530 EST  wrapper         : Ticket Logs Command completed in 0.66s
INFO        2025-03-27 00:30:35.191126 EST  new_ticket      : Created #itssfearless-ticket-156036 (1354673933483507742) in 1.77s by itssfearless (469543931533852684) 56
INFO        2025-03-27 00:30:37.861428 EST  enter_information_button : Sent the Questions modal to itssfearless (469543931533852684)
INFO        2025-03-27 00:30:53.502468 EST  on_submit       : itssfearless (469543931533852684) updated the embed with question answers in #itssfearless-ticket-156036 (1354673933483507742)
INFO        2025-03-27 00:31:31.122621 EST  new_ticket      : Created #rollocoster123-ticket-156037 (1354674167651242096) in 1.9s by rollocoster123 (1241283989180776525) 57
INFO        2025-03-27 00:31:33.344017 EST  enter_information_button : Sent the Questions modal to rollocoster123 (1241283989180776525)
INFO        2025-03-27 00:32:10.749174 EST  wrapper         : Send Ticketlog completed in 0.49s
INFO        2025-03-27 00:32:38.591006 EST  on_submit       : rollocoster123 (1241283989180776525) updated the embed with question answers in #rollocoster123-ticket-156037 (1354674167651242096)
INFO        2025-03-27 00:33:58.667584 EST  wrapper         : Send Ticketlog completed in 0.51s
WARNING     2025-03-27 00:34:11.755002 EST  send_ticket_log : Failed to send ticket log: 403 Forbidden (error code: 50007): Cannot send messages to this user
INFO        2025-03-27 00:34:11.755401 EST  wrapper         : Send Ticketlog completed in 0.98s
INFO        2025-03-27 00:34:30.145286 EST  request_tickets : Sent the 📨 button to 8f5 (199011448096030720)
INFO        2025-03-27 00:34:49.544690 EST  wrapper         : Send Ticketlog completed in 0.53s
INFO        2025-03-27 00:35:10.742085 EST  wrapper         : Send Ticketlog completed in 0.41s
INFO        2025-03-27 00:35:36.446228 EST  new_ticket      : Created #ericzx-ticket-156038 (1354675195956433067) in 2.09s by .ericzx (380157369176555542) 53
INFO        2025-03-27 00:35:45.585523 EST  enter_information_button : Sent the Questions modal to .ericzx (380157369176555542)
INFO        2025-03-27 00:35:48.518435 EST  on_submit       : .ericzx (380157369176555542) updated the embed with question answers in #ericzx-ticket-156038 (1354675195956433067)
INFO        2025-03-27 00:35:49.045255 EST  new_ticket      : Created #sweatybomb-ticket-156039 (1354675249483878491) in 1.84s by sweatybomb (223949506989916170) 54
INFO        2025-03-27 00:35:50.224225 EST  enter_information_button : Sent the Questions modal to sweatybomb (223949506989916170)
INFO        2025-03-27 00:35:55.307284 EST  enter_information_button : Sent the Questions modal to sweatybomb (223949506989916170)
INFO        2025-03-27 00:35:57.509892 EST  enter_information_button : Sent the Questions modal to sweatybomb (223949506989916170)
INFO        2025-03-27 00:35:59.598325 EST  on_submit       : sweatybomb (223949506989916170) updated the embed with question answers in #sweatybomb-ticket-156039 (1354675249483878491)
INFO        2025-03-27 00:39:37.023263 EST  wrapper         : Send Ticketlog completed in 0.46s
INFO        2025-03-27 00:39:52.254102 EST  wrapper         : Send Ticketlog completed in 0.55s
INFO        2025-03-27 00:40:21.913229 EST  wrapper         : Send Ticketlog completed in 0.31s
INFO        2025-03-27 00:41:22.660614 EST  wrapper         : Send Ticketlog completed in 0.37s
INFO        2025-03-27 00:41:44.754151 EST  new_ticket      : Created #sweatybomb-ticket-156040 (1354676740634443877) in 2.05s by sweatybomb (223949506989916170) 51
INFO        2025-03-27 00:41:46.607329 EST  enter_information_button : Sent the Questions modal to sweatybomb (223949506989916170)
INFO        2025-03-27 00:41:49.156456 EST  on_submit       : sweatybomb (223949506989916170) updated the embed with question answers in #sweatybomb-ticket-156040 (1354676740634443877)
INFO        2025-03-27 00:42:46.376664 EST  new_ticket      : Created #aidenm7-ticket-156041 (1354676996549906554) in 2.76s by aidenm7 (290935369099247617) 52
INFO        2025-03-27 00:42:48.238805 EST  enter_information_button : Sent the Questions modal to aidenm7 (290935369099247617)
INFO        2025-03-27 00:44:13.688880 EST  on_submit       : aidenm7 (290935369099247617) updated the embed with question answers in #aidenm7-ticket-156041 (1354676996549906554)
INFO        2025-03-27 00:45:46.140256 EST  new_ticket      : Created #derekking-ticket-156042 (1354677753244553307) in 1.93s by derek.king (1060628909445615726) 53
INFO        2025-03-27 00:47:51.407159 EST  new_ticket      : Created #xoxoxoxoxoxoxox0-ticket-156043 (1354678275166834758) in 2.75s by xoxoxoxoxoxoxox0 (1287796720108961846) 54
INFO        2025-03-27 00:47:53.856731 EST  enter_information_button : Sent the Questions modal to xoxoxoxoxoxoxox0 (1287796720108961846)
INFO        2025-03-27 00:47:56.245067 EST  on_submit       : xoxoxoxoxoxoxox0 (1287796720108961846) updated the embed with question answers in #xoxoxoxoxoxoxox0-ticket-156043 (1354678275166834758)
INFO        2025-03-27 00:48:26.017771 EST  wrapper         : Send Ticketlog completed in 0.38s
INFO        2025-03-27 00:49:00.044643 EST  enter_information_button : Sent the Questions modal to derek.king (1060628909445615726)
INFO        2025-03-27 00:49:19.836420 EST  on_submit       : derek.king (1060628909445615726) updated the embed with question answers in #derekking-ticket-156042 (1354677753244553307)
INFO        2025-03-27 00:49:50.781607 EST  wrapper         : Send Ticketlog completed in 0.37s
INFO        2025-03-27 00:50:26.363360 EST  wrapper         : Rename Command completed in 0.58s
INFO        2025-03-27 00:50:27.211544 EST  request_tickets : Sent the 📨 button to c.ronaldo3658 (1085039590034911252)
INFO        2025-03-27 00:50:33.180129 EST  wrapper         : Send Ticketlog completed in 1.11s
INFO        2025-03-27 00:51:48.019664 EST  new_ticket      : Created #declandmc-ticket-156044 (1354679271955632128) in 1.77s by declandmc (249632012187467785) 52
INFO        2025-03-27 00:51:50.409437 EST  enter_information_button : Sent the Questions modal to declandmc (249632012187467785)
INFO        2025-03-27 00:51:54.296986 EST  enter_information_button : Sent the Questions modal to declandmc (249632012187467785)
INFO        2025-03-27 00:52:59.054795 EST  wrapper         : Send Ticketlog completed in 0.53s
INFO        2025-03-27 00:53:30.108412 EST  wrapper         : Rename Command completed in 0.6s
INFO        2025-03-27 00:53:35.280035 EST  wrapper         : Send Ticketlog completed in 0.37s
INFO        2025-03-27 00:53:45.989641 EST  wrapper         : Send Ticketlog completed in 0.46s
INFO        2025-03-27 00:54:04.452737 EST  on_submit       : declandmc (249632012187467785) updated the embed with question answers in #declandmc-ticket-156044 (1354679271955632128)
INFO        2025-03-27 00:54:44.558697 EST  new_ticket      : Created #empirehangout-ticket-156045 (1354680012221059083) in 1.78s by empirehangout (1078428410637987910) 50
INFO        2025-03-27 00:56:42.182341 EST  wrapper         : Send Ticketlog completed in 0.44s
INFO        2025-03-27 00:58:22.921887 EST  enter_information_button : Sent the Questions modal to empirehangout (1078428410637987910)
INFO        2025-03-27 00:58:32.798352 EST  new_ticket      : Created #rollocoster123-ticket-156046 (1354680969445244959) in 1.8s by rollocoster123 (1241283989180776525) 50
INFO        2025-03-27 00:58:34.834979 EST  enter_information_button : Sent the Questions modal to rollocoster123 (1241283989180776525)
INFO        2025-03-27 00:58:52.860472 EST  wrapper         : Send Ticketlog completed in 0.37s
INFO        2025-03-27 00:58:53.726018 EST  on_submit       : rollocoster123 (1241283989180776525) updated the embed with question answers in #rollocoster123-ticket-156046 (1354680969445244959)
INFO        2025-03-27 01:01:48.067110 EST  wrapper         : Send Ticketlog completed in 0.74s
INFO        2025-03-27 01:02:00.961507 EST  wrapper         : Send Ticketlog completed in 0.66s
INFO        2025-03-27 01:02:29.448235 EST  new_ticket      : Created #empirehangout-ticket-156047 (1354681961779691571) in 1.86s by empirehangout (1078428410637987910) 48
INFO        2025-03-27 01:02:31.822925 EST  enter_information_button : Sent the Questions modal to empirehangout (1078428410637987910)
INFO        2025-03-27 01:04:47.360905 EST  on_submit       : empirehangout (1078428410637987910) updated the embed with question answers in #empirehangout-ticket-156047 (1354681961779691571)
INFO        2025-03-27 01:07:15.190960 EST  wrapper         : Send Ticketlog completed in 0.37s
INFO        2025-03-27 01:19:50.856239 EST  wrapper         : Send Ticketlog completed in 1.48s
INFO        2025-03-27 01:26:46.044452 EST  new_ticket      : Created #sqeeties-ticket-156048 (1354688071794430012) in 1.67s by sqeeties (1027239627947515985) 47
INFO        2025-03-27 01:26:52.795389 EST  enter_information_button : Sent the Questions modal to sqeeties (1027239627947515985)
INFO        2025-03-27 01:27:25.060299 EST  on_submit       : sqeeties (1027239627947515985) updated the embed with question answers in #sqeeties-ticket-156048 (1354688071794430012)
INFO        2025-03-27 01:31:10.262289 EST  wrapper         : Ticket Logs Command completed in 1.63s
INFO        2025-03-27 01:38:50.471400 EST  wrapper         : Send Ticketlog completed in 0.49s
INFO        2025-03-27 01:46:14.871502 EST  new_ticket      : Created #declandmc-ticket-156049 (1354692972637323376) in 2.16s by declandmc (249632012187467785) 47
INFO        2025-03-27 01:46:17.529351 EST  enter_information_button : Sent the Questions modal to declandmc (249632012187467785)
INFO        2025-03-27 01:47:51.038506 EST  on_submit       : declandmc (249632012187467785) updated the embed with question answers in #declandmc-ticket-156049 (1354692972637323376)
INFO        2025-03-27 02:02:57.872900 EST  new_ticket      : Created #ericzx-ticket-156050 (1354697179616510072) in 2.25s by .ericzx (380157369176555542) 48
INFO        2025-03-27 02:03:00.766588 EST  enter_information_button : Sent the Questions modal to .ericzx (380157369176555542)
INFO        2025-03-27 02:03:03.779816 EST  on_submit       : .ericzx (380157369176555542) updated the embed with question answers in #ericzx-ticket-156050 (1354697179616510072)
INFO        2025-03-27 02:08:05.628877 EST  wrapper         : Move Command completed in 2.02s
INFO        2025-03-27 02:15:57.622945 EST  new_ticket      : Created #imluckytoo-ticket-156051 (1354700451773153420) in 1.63s by imluckytoo (395113324519489536) 49
WARNING     2025-03-27 02:16:03.994101 EST  wrapper         : Create Ticket took a long time to complete and finished in 3.57s
INFO        2025-03-27 02:16:04.059013 EST  new_ticket      : Created #imluckytoo-ticket-156052 (1354700470228090882) in 3.86s by imluckytoo (395113324519489536) 50
WARNING     2025-03-27 02:16:04.059296 EST  wrapper         : New Ticket took a long time to complete and finished in 3.98s
INFO        2025-03-27 02:16:06.019187 EST  enter_information_button : Sent the Questions modal to imluckytoo (395113324519489536)
INFO        2025-03-27 02:17:17.501030 EST  on_submit       : imluckytoo (395113324519489536) updated the embed with question answers in #imluckytoo-ticket-156052 (1354700470228090882)
INFO        2025-03-27 02:33:51.219329 EST  wrapper         : Send Ticketlog completed in 0.84s
INFO        2025-03-27 02:38:58.548843 EST  new_ticket      : Created #cadiarolls-ticket-156053 (1354706243285155840) in 1.77s by cadiarolls (948702474796142592) 50
INFO        2025-03-27 02:39:01.087955 EST  enter_information_button : Sent the Questions modal to cadiarolls (948702474796142592)
INFO        2025-03-27 02:39:52.893602 EST  on_submit       : cadiarolls (948702474796142592) updated the embed with question answers in #cadiarolls-ticket-156053 (1354706243285155840)
WARNING     2025-03-27 02:47:52.934684 EST  wrapper         : Create Ticket took a long time to complete and finished in 4.33s
INFO        2025-03-27 02:47:53.002241 EST  new_ticket      : Created #awkjaimdlemdqkqmj-ticket-156054 (1354708472989618297) in 4.62s by awkjaimdlemdqkqmj (1028144898391670825) 51
WARNING     2025-03-27 02:47:53.002489 EST  wrapper         : New Ticket took a long time to complete and finished in 4.76s
INFO        2025-03-27 02:48:08.721355 EST  enter_information_button : Sent the Questions modal to awkjaimdlemdqkqmj (1028144898391670825)
INFO        2025-03-27 02:48:13.755907 EST  on_submit       : awkjaimdlemdqkqmj (1028144898391670825) updated the embed with question answers in #awkjaimdlemdqkqmj-ticket-156054 (1354708472989618297)
INFO        2025-03-27 02:55:43.732111 EST  new_ticket      : Created #832582852075105730285-ticket-156055 (1354710458594234379) in 1.92s by 832582852075105730285 (336468308008239104) 52
INFO        2025-03-27 02:55:54.168321 EST  enter_information_button : Sent the Questions modal to 832582852075105730285 (336468308008239104)
INFO        2025-03-27 02:57:22.816643 EST  on_submit       : 832582852075105730285 (336468308008239104) updated the embed with question answers in #832582852075105730285-ticket-156055 (1354710458594234379)
INFO        2025-03-27 02:58:16.381214 EST  new_ticket      : Created #____a17-ticket-156056 (1354711098720518194) in 2.07s by ____a17 (1178822490831736885) 53
INFO        2025-03-27 02:58:20.176211 EST  enter_information_button : Sent the Questions modal to ____a17 (1178822490831736885)
INFO        2025-03-27 02:58:39.534216 EST  on_submit       : ____a17 (1178822490831736885) updated the embed with question answers in #____a17-ticket-156056 (1354711098720518194)
WARNING     2025-03-27 03:05:52.296482 EST  wrapper         : Move Command took a long time to complete and finished in 3.32s
INFO        2025-03-27 03:08:29.726801 EST  new_ticket      : Created #animedragon6273-ticket-156057 (1354713671221121114) in 2.25s by animedragon6273 (1208747444305797181) 54
INFO        2025-03-27 03:09:04.636294 EST  new_ticket      : Created #eoka-ticket-156058 (1354713818374082691) in 1.94s by .eoka. (480116096137953292) 55
INFO        2025-03-27 03:09:05.491105 EST  enter_information_button : Sent the Questions modal to animedragon6273 (1208747444305797181)
INFO        2025-03-27 03:09:07.211500 EST  enter_information_button : Sent the Questions modal to .eoka. (480116096137953292)
INFO        2025-03-27 03:09:39.425060 EST  on_submit       : animedragon6273 (1208747444305797181) updated the embed with question answers in #animedragon6273-ticket-156057 (1354713671221121114)
INFO        2025-03-27 03:09:45.111696 EST  on_submit       : .eoka. (480116096137953292) updated the embed with question answers in #eoka-ticket-156058 (1354713818374082691)
INFO        2025-03-27 03:09:54.263361 EST  new_ticket      : Created #powerfulest-ticket-156059 (1354714026386391112) in 1.95s by powerfulest (857474029744685056) 56
INFO        2025-03-27 03:09:56.867127 EST  enter_information_button : Sent the Questions modal to powerfulest (857474029744685056)
INFO        2025-03-27 03:10:01.859038 EST  on_submit       : powerfulest (857474029744685056) updated the embed with question answers in #powerfulest-ticket-156059 (1354714026386391112)
INFO        2025-03-27 03:13:52.748502 EST  new_ticket      : Created #sweatybomb-ticket-156060 (1354715025767403664) in 2.18s by sweatybomb (223949506989916170) 57
INFO        2025-03-27 03:13:53.898124 EST  enter_information_button : Sent the Questions modal to sweatybomb (223949506989916170)
INFO        2025-03-27 03:13:59.726243 EST  on_submit       : sweatybomb (223949506989916170) updated the embed with question answers in #sweatybomb-ticket-156060 (1354715025767403664)
INFO        2025-03-27 03:15:32.761204 EST  new_ticket      : Created #oagw-ticket-156061 (1354715446963863624) in 2.13s by oagw. (1327127748434591807) 58
INFO        2025-03-27 03:15:35.383507 EST  enter_information_button : Sent the Questions modal to oagw. (1327127748434591807)
INFO        2025-03-27 03:16:47.960537 EST  on_submit       : oagw. (1327127748434591807) updated the embed with question answers in #oagw-ticket-156061 (1354715446963863624)
INFO        2025-03-27 03:17:51.955287 EST  new_ticket      : Created #awkjaimdlemdqkqmj-ticket-156062 (1354716029716140163) in 2.05s by awkjaimdlemdqkqmj (1028144898391670825) 59
INFO        2025-03-27 03:17:53.462506 EST  enter_information_button : Sent the Questions modal to awkjaimdlemdqkqmj (1028144898391670825)
INFO        2025-03-27 03:17:54.866422 EST  enter_information_button : Sent the Questions modal to awkjaimdlemdqkqmj (1028144898391670825)
INFO        2025-03-27 03:17:58.585995 EST  on_submit       : awkjaimdlemdqkqmj (1028144898391670825) updated the embed with question answers in #awkjaimdlemdqkqmj-ticket-156062 (1354716029716140163)
WARNING     2025-03-27 03:18:10.728811 EST  wrapper         : Create Ticket took a long time to complete and finished in 4.06s
INFO        2025-03-27 03:18:10.796674 EST  new_ticket      : Created #awkjaimdlemdqkqmj-ticket-156063 (1354716108489232435) in 4.44s by awkjaimdlemdqkqmj (1028144898391670825) 60
WARNING     2025-03-27 03:18:10.797358 EST  wrapper         : New Ticket took a long time to complete and finished in 4.63s
INFO        2025-03-27 03:18:18.344024 EST  enter_information_button : Sent the Questions modal to awkjaimdlemdqkqmj (1028144898391670825)
INFO        2025-03-27 03:18:24.117734 EST  on_submit       : awkjaimdlemdqkqmj (1028144898391670825) updated the embed with question answers in #awkjaimdlemdqkqmj-ticket-156063 (1354716108489232435)
INFO        2025-03-27 03:20:22.451117 EST  wrapper         : Move Command completed in 1.88s
INFO        2025-03-27 03:22:24.022071 EST  wrapper         : Rename Command completed in 0.68s
INFO        2025-03-27 03:25:56.408271 EST  wrapper         : Move Command completed in 2.25s
INFO        2025-03-27 03:36:38.897551 EST  new_ticket      : Created #reapa1-ticket-156064 (1354720755325206662) in 2.3s by reapa1 (318449044659765250) 61
INFO        2025-03-27 03:36:41.202147 EST  enter_information_button : Sent the Questions modal to reapa1 (318449044659765250)
INFO        2025-03-27 03:36:54.624335 EST  on_submit       : reapa1 (318449044659765250) updated the embed with question answers in #reapa1-ticket-156064 (1354720755325206662)
INFO        2025-03-27 03:37:03.207658 EST  new_ticket      : Created #fafafafaffafafafa-ticket-156065 (1354720856311595301) in 2.58s by fafafafaffafafafa (865052642586001448) 62
INFO        2025-03-27 03:38:40.326234 EST  wrapper         : Send Ticketlog completed in 0.43s
WARNING     2025-03-27 03:38:42.364172 EST  wrapper         : Close Command took a long time to complete and finished in 3.21s
INFO        2025-03-27 03:39:23.789207 EST  enter_information_button : Sent the Questions modal to fafafafaffafafafa (865052642586001448)
INFO        2025-03-27 03:39:47.861327 EST  on_submit       : fafafafaffafafafa (865052642586001448) updated the embed with question answers in #fafafafaffafafafa-ticket-156065 (1354720856311595301)
INFO        2025-03-27 03:41:16.247120 EST  wrapper         : Send Ticketlog completed in 0.43s
INFO        2025-03-27 03:53:38.980020 EST  wrapper         : Ticket Logs Command completed in 0.63s
INFO        2025-03-27 03:54:35.369037 EST  wrapper         : Blacklist Command completed in 0.48s
INFO        2025-03-27 03:54:43.177146 EST  wrapper         : Send Ticketlog completed in 0.44s
INFO        2025-03-27 03:56:15.488792 EST  wrapper         : Send Ticketlog completed in 0.68s
INFO        2025-03-27 03:56:49.928421 EST  wrapper         : Send Ticketlog completed in 0.43s
INFO        2025-03-27 03:56:59.691375 EST  wrapper         : Send Ticketlog completed in 0.61s
INFO        2025-03-27 04:00:39.882733 EST  wrapper         : Ticket Logs Command completed in 0.7s
INFO        2025-03-27 04:13:35.902297 EST  wrapper         : Rename Command completed in 0.59s
INFO        2025-03-27 04:17:44.697826 EST  wrapper         : Rename Command completed in 0.54s
INFO        2025-03-27 04:24:06.289856 EST  wrapper         : Send Ticketlog completed in 0.35s
INFO        2025-03-27 04:27:30.260234 EST  wrapper         : Send Ticketlog completed in 0.46s
INFO        2025-03-27 04:33:10.191501 EST  wrapper         : Ticket Logs Command completed in 0.72s
INFO        2025-03-27 05:09:39.527591 EST  wrapper         : Send Ticketlog completed in 0.93s
INFO        2025-03-27 05:32:41.220038 EST  new_ticket      : Created #rumjeet-ticket-156066 (1354749959706116136) in 1.92s by rumjeet (687501285628575751) 54
INFO        2025-03-27 05:32:43.859559 EST  enter_information_button : Sent the Questions modal to rumjeet (687501285628575751)
INFO        2025-03-27 05:33:09.302233 EST  on_submit       : rumjeet (687501285628575751) updated the embed with question answers in #rumjeet-ticket-156066 (1354749959706116136)
INFO        2025-03-27 06:33:36.276025 EST  new_ticket      : Created #dvrkred-ticket-156067 (1354765289140781229) in 1.92s by dvrkred (888106053873598494) 55
INFO        2025-03-27 06:33:40.373847 EST  enter_information_button : Sent the Questions modal to dvrkred (888106053873598494)
INFO        2025-03-27 06:34:53.084481 EST  on_submit       : dvrkred (888106053873598494) updated the embed with question answers in #dvrkred-ticket-156067 (1354765289140781229)
INFO        2025-03-27 06:42:04.548558 EST  wrapper         : Send Ticketlog completed in 0.32s
INFO        2025-03-27 07:07:47.376950 EST  wrapper         : Send Ticketlog completed in 0.49s
INFO        2025-03-27 07:07:58.875249 EST  wrapper         : Ticket Logs Command completed in 0.66s
INFO        2025-03-27 07:08:31.144643 EST  wrapper         : Rename Command completed in 0.48s
INFO        2025-03-27 07:08:44.501577 EST  wrapper         : Rename Command completed in 0.55s
INFO        2025-03-27 07:09:17.357634 EST  new_ticket      : Created #jajajjaajajaja-ticket-156068 (1354774270076649553) in 1.79s by jajajjaajajaja (424331691230887938) 54
INFO        2025-03-27 07:09:26.874444 EST  enter_information_button : Sent the Questions modal to jajajjaajajaja (424331691230887938)
INFO        2025-03-27 07:09:35.108954 EST  wrapper         : Send Ticketlog completed in 0.35s
INFO        2025-03-27 07:10:43.781557 EST  new_ticket      : Created #sqeeties-ticket-156069 (1354774630166171649) in 2.42s by sqeeties (1027239627947515985) 54
INFO        2025-03-27 07:10:44.395882 EST  on_submit       : jajajjaajajaja (424331691230887938) updated the embed with question answers in #jajajjaajajaja-ticket-156068 (1354774270076649553)
INFO        2025-03-27 07:10:47.270456 EST  enter_information_button : Sent the Questions modal to sqeeties (1027239627947515985)
INFO        2025-03-27 07:10:52.414049 EST  enter_information_button : Sent the Questions modal to sqeeties (1027239627947515985)
INFO        2025-03-27 07:10:58.349409 EST  enter_information_button : Sent the Questions modal to sqeeties (1027239627947515985)
INFO        2025-03-27 07:11:01.169718 EST  enter_information_button : Sent the Questions modal to sqeeties (1027239627947515985)
INFO        2025-03-27 07:11:53.521480 EST  new_ticket      : Created #cadiarolls-ticket-156070 (1354774925222875156) in 1.79s by cadiarolls (948702474796142592) 55
INFO        2025-03-27 07:11:55.299428 EST  enter_information_button : Sent the Questions modal to cadiarolls (948702474796142592)
INFO        2025-03-27 07:12:11.842177 EST  wrapper         : Rename Command completed in 0.45s
INFO        2025-03-27 07:12:12.941789 EST  on_submit       : sqeeties (1027239627947515985) updated the embed with question answers in #sqeeties-ticket-156069 (1354774630166171649)
INFO        2025-03-27 07:12:25.491461 EST  enter_information_button : Sent the Questions modal to cadiarolls (948702474796142592)
INFO        2025-03-27 07:13:27.038230 EST  on_submit       : cadiarolls (948702474796142592) updated the embed with question answers in #cadiarolls-ticket-156070 (1354774925222875156)
INFO        2025-03-27 07:14:49.608826 EST  wrapper         : Ticket Logs Command completed in 0.63s
INFO        2025-03-27 07:15:23.676304 EST  wrapper         : Send Ticketlog completed in 0.37s
INFO        2025-03-27 07:19:29.542295 EST  wrapper         : Rename Command completed in 0.66s
INFO        2025-03-27 08:15:43.106920 EST  wrapper         : Send Ticketlog completed in 1.17s
INFO        2025-03-27 08:22:54.601338 EST  new_ticket      : Created #xmoua7-ticket-156071 (1354792797647011950) in 1.71s by xmoua7 (1004225331424665604) 54
INFO        2025-03-27 08:22:56.551925 EST  enter_information_button : Sent the Questions modal to xmoua7 (1004225331424665604)
INFO        2025-03-27 08:23:11.632220 EST  on_submit       : xmoua7 (1004225331424665604) updated the embed with question answers in #xmoua7-ticket-156071 (1354792797647011950)
INFO        2025-03-27 09:35:11.856414 EST  new_ticket      : Created #rollocoster123-ticket-156072 (1354810989140250644) in 2.16s by rollocoster123 (1241283989180776525) 55
INFO        2025-03-27 09:35:14.051597 EST  enter_information_button : Sent the Questions modal to rollocoster123 (1241283989180776525)
INFO        2025-03-27 09:36:01.254039 EST  on_submit       : rollocoster123 (1241283989180776525) updated the embed with question answers in #rollocoster123-ticket-156072 (1354810989140250644)
INFO        2025-03-27 09:36:37.317447 EST  wrapper         : Send Ticketlog completed in 0.49s
INFO        2025-03-27 09:40:01.574973 EST  new_ticket      : Created #niksixz-ticket-156073 (1354812204112810054) in 2.07s by niksixz (346543319670587394) 55
INFO        2025-03-27 09:40:11.266880 EST  enter_information_button : Sent the Questions modal to niksixz (346543319670587394)
INFO        2025-03-27 09:40:11.862988 EST  enter_information_button : Sent the Questions modal to niksixz (346543319670587394)
INFO        2025-03-27 09:40:51.161143 EST  enter_information_button : Sent the Questions modal to niksixz (346543319670587394)
INFO        2025-03-27 09:43:24.728312 EST  on_submit       : niksixz (346543319670587394) updated the embed with question answers in #niksixz-ticket-156073 (1354812204112810054)
INFO        2025-03-27 09:43:38.932400 EST  new_ticket      : Created #cvuhisgoated-ticket-156074 (1354813114645876747) in 2.08s by cvuhisgoated (1056449705455931463) 56
INFO        2025-03-27 09:43:41.669328 EST  enter_information_button : Sent the Questions modal to cvuhisgoated (1056449705455931463)
INFO        2025-03-27 09:44:51.864853 EST  on_submit       : cvuhisgoated (1056449705455931463) updated the embed with question answers in #cvuhisgoated-ticket-156074 (1354813114645876747)
INFO        2025-03-27 10:10:45.650516 EST  new_ticket      : Created #eoka-ticket-156075 (1354819934840033431) in 2.98s by .eoka. (480116096137953292) 57
WARNING     2025-03-27 10:10:45.651280 EST  wrapper         : New Ticket took a long time to complete and finished in 3.19s
INFO        2025-03-27 10:10:52.229981 EST  enter_information_button : Sent the Questions modal to .eoka. (480116096137953292)
INFO        2025-03-27 10:13:01.252221 EST  on_submit       : .eoka. (480116096137953292) updated the embed with question answers in #eoka-ticket-156075 (1354819934840033431)
INFO        2025-03-27 10:18:19.350383 EST  wrapper         : Send Ticketlog completed in 0.4s
INFO        2025-03-27 10:20:36.382962 EST  new_ticket      : Created #eoka-ticket-156076 (1354822415573717105) in 2.06s by .eoka. (480116096137953292) 57
INFO        2025-03-27 10:20:38.491379 EST  enter_information_button : Sent the Questions modal to .eoka. (480116096137953292)
INFO        2025-03-27 10:20:49.969824 EST  on_submit       : .eoka. (480116096137953292) updated the embed with question answers in #eoka-ticket-156076 (1354822415573717105)
INFO        2025-03-27 10:27:09.055017 EST  wrapper         : Ticket Logs Command completed in 0.69s
INFO        2025-03-27 10:27:37.292531 EST  wrapper         : Ticket Logs Command completed in 0.59s
INFO        2025-03-27 10:37:42.033871 EST  wrapper         : Send Ticketlog completed in 0.38s
INFO        2025-03-27 10:47:51.175017 EST  new_ticket      : Created #denni11-ticket-156077 (1354829272602251356) in 2.1s by denni11. (820263840204980237) 57
WARNING     2025-03-27 10:47:51.175610 EST  wrapper         : New Ticket took a long time to complete and finished in 3.33s
INFO        2025-03-27 10:47:54.671617 EST  enter_information_button : Sent the Questions modal to denni11. (820263840204980237)
INFO        2025-03-27 10:48:46.788186 EST  on_submit       : denni11. (820263840204980237) updated the embed with question answers in #denni11-ticket-156077 (1354829272602251356)
WARNING     2025-03-27 10:49:40.791457 EST  check_3_tickets : projectia_ (683385527634100264) has 3 tickets open and tried to open a ticket
INFO        2025-03-27 10:54:09.857259 EST  new_ticket      : Created #eoka-ticket-156078 (1354830861261865030) in 2.09s by .eoka. (480116096137953292) 58
INFO        2025-03-27 10:54:13.032545 EST  enter_information_button : Sent the Questions modal to .eoka. (480116096137953292)
INFO        2025-03-27 10:54:20.314942 EST  on_submit       : .eoka. (480116096137953292) updated the embed with question answers in #eoka-ticket-156078 (1354830861261865030)
INFO        2025-03-27 11:03:01.178247 EST  wrapper         : Send Ticketlog completed in 0.38s
INFO        2025-03-27 11:19:22.555936 EST  new_ticket      : Created #cowtoe-ticket-156079 (1354837204442022082) in 2.48s by cowtoe. (1035241601745813576) 58
INFO        2025-03-27 11:19:34.027769 EST  enter_information_button : Sent the Questions modal to cowtoe. (1035241601745813576)
INFO        2025-03-27 11:19:39.097147 EST  wrapper         : Send Ticketlog completed in 0.44s
INFO        2025-03-27 11:19:52.820046 EST  on_submit       : cowtoe. (1035241601745813576) updated the embed with question answers in #cowtoe-ticket-156079 (1354837204442022082)
INFO        2025-03-27 11:20:29.737437 EST  wrapper         : Send Ticketlog completed in 0.43s
INFO        2025-03-27 11:26:27.747335 EST  new_ticket      : Created #coones-ticket-156080 (1354838988527108236) in 2.31s by coones (712815605488680971) 57
INFO        2025-03-27 11:26:29.994822 EST  enter_information_button : Sent the Questions modal to coones (712815605488680971)
INFO        2025-03-27 11:26:33.082221 EST  on_submit       : coones (712815605488680971) updated the embed with question answers in #coones-ticket-156080 (1354838988527108236)
INFO        2025-03-27 11:28:39.548218 EST  new_ticket      : Created #awkjaimdlemdqkqmj-ticket-156081 (1354839542288351243) in 1.9s by awkjaimdlemdqkqmj (1028144898391670825) 58
INFO        2025-03-27 11:28:41.656073 EST  enter_information_button : Sent the Questions modal to awkjaimdlemdqkqmj (1028144898391670825)
INFO        2025-03-27 11:28:44.495608 EST  on_submit       : awkjaimdlemdqkqmj (1028144898391670825) updated the embed with question answers in #awkjaimdlemdqkqmj-ticket-156081 (1354839542288351243)
INFO        2025-03-27 11:29:14.475005 EST  wrapper         : Send Ticketlog completed in 0.37s
INFO        2025-03-27 11:29:44.389942 EST  new_ticket      : Created #coones-ticket-156082 (1354839813785653360) in 2.12s by coones (712815605488680971) 58
INFO        2025-03-27 11:29:47.806377 EST  enter_information_button : Sent the Questions modal to coones (712815605488680971)
INFO        2025-03-27 11:29:51.202517 EST  on_submit       : coones (712815605488680971) updated the embed with question answers in #coones-ticket-156082 (1354839813785653360)
INFO        2025-03-27 11:30:35.145228 EST  wrapper         : Send Ticketlog completed in 0.48s
INFO        2025-03-27 11:30:48.028390 EST  new_ticket      : Created #coones-ticket-156083 (1354840081235709953) in 3.02s by coones (712815605488680971) 58
WARNING     2025-03-27 11:30:48.028781 EST  wrapper         : New Ticket took a long time to complete and finished in 3.16s
INFO        2025-03-27 11:30:49.560889 EST  enter_information_button : Sent the Questions modal to coones (712815605488680971)
INFO        2025-03-27 11:30:52.252506 EST  on_submit       : coones (712815605488680971) updated the embed with question answers in #coones-ticket-156083 (1354840081235709953)
