INFO        2025-05-12 01:26:37.358536 EST  received_message : Shard ID None has successfully RESUMED session 37aa81939d27aa279f14faf24970953a.
INFO        2025-05-12 02:22:57.461810 EST  received_message : Shard ID None has successfully RESUMED session 37aa81939d27aa279f14faf24970953a.
INFO        2025-05-12 04:05:53.496346 EST  received_message : Shard ID None has successfully RESUMED session 37aa81939d27aa279f14faf24970953a.
INFO        2025-05-12 07:30:03.559515 EST  received_message : Shard ID None has successfully RESUMED session 37aa81939d27aa279f14faf24970953a.
WARNING     2025-05-12 08:40:10.430074 EST  request         : We are being rate limited. PATCH https://discord.com/api/v10/channels/1371466797404131379 responded with 429. Retrying in 4.29 seconds.
INFO        2025-05-12 10:39:52.557156 EST  received_message : Shard ID None has successfully RESUMED session 37aa81939d27aa279f14faf24970953a.
INFO        2025-05-12 11:16:20.278360 EST  received_message : Shard ID None has successfully RESUMED session 37aa81939d27aa279f14faf24970953a.
INFO        2025-05-12 14:09:01.052657 EST  received_message : Shard ID None has successfully RESUMED session 37aa81939d27aa279f14faf24970953a.
INFO        2025-05-12 18:08:39.864911 EST  received_message : Shard ID None has successfully RESUMED session 37aa81939d27aa279f14faf24970953a.
INFO        2025-05-12 20:36:21.148156 EST  received_message : Shard ID None has successfully RESUMED session 37aa81939d27aa279f14faf24970953a.
ERROR       2025-05-12 20:49:28.439898 EST  on_command_error : Ignoring exception in command None
discord.ext.commands.errors.CommandNotFound: Command "OriginalKenzy" is not found
INFO        2025-05-12 22:28:03.641608 EST  received_message : Shard ID None has successfully RESUMED session 37aa81939d27aa279f14faf24970953a.
INFO        2025-05-13 01:31:45.510354 EST  received_message : Shard ID None has successfully RESUMED session 37aa81939d27aa279f14faf24970953a.
INFO        2025-05-13 02:12:08.403497 EST  received_message : Shard ID None has successfully RESUMED session 37aa81939d27aa279f14faf24970953a.
INFO        2025-05-13 03:13:05.306926 EST  received_message : Shard ID None has successfully RESUMED session 37aa81939d27aa279f14faf24970953a.
INFO        2025-05-13 05:59:09.765661 EST  received_message : Shard ID None has successfully RESUMED session 37aa81939d27aa279f14faf24970953a.
ERROR       2025-05-13 08:40:52.748938 EST  on_command_error : Ignoring exception in command None
discord.ext.commands.errors.CommandNotFound: Command "/close" is not found
INFO        2025-05-13 09:07:50.718190 EST  received_message : Shard ID None has successfully RESUMED session 37aa81939d27aa279f14faf24970953a.
INFO        2025-05-13 10:50:18.696628 EST  received_message : Shard ID None has successfully RESUMED session 37aa81939d27aa279f14faf24970953a.
ERROR       2025-05-13 11:34:09.278403 EST  on_command_error : Ignoring exception in command None
discord.ext.commands.errors.CommandNotFound: Command "connectfour" is not found
INFO        2025-05-13 11:34:57.366368 EST  received_message : Shard ID None has successfully RESUMED session 37aa81939d27aa279f14faf24970953a.
ERROR       2025-05-13 11:35:45.590235 EST  on_command_error : Ignoring exception in command None
discord.ext.commands.errors.CommandNotFound: Command "connectfour" is not found
ERROR       2025-05-13 11:39:07.313951 EST  on_command_error : Ignoring exception in command None
discord.ext.commands.errors.CommandNotFound: Command "connectfour" is not found
ERROR       2025-05-13 11:46:23.955286 EST  on_command_error : Ignoring exception in command None
discord.ext.commands.errors.CommandNotFound: Command "connectfour" is not found
ERROR       2025-05-13 11:48:20.859053 EST  on_command_error : Ignoring exception in command None
discord.ext.commands.errors.CommandNotFound: Command "connectfour" is not found
ERROR       2025-05-13 11:49:19.402645 EST  on_command_error : Ignoring exception in command None
discord.ext.commands.errors.CommandNotFound: Command "connectfour" is not found
ERROR       2025-05-13 12:02:23.411581 EST  on_command_error : Ignoring exception in command None
discord.ext.commands.errors.CommandNotFound: Command "connectfour" is not found
ERROR       2025-05-13 12:06:16.390399 EST  on_command_error : Ignoring exception in command None
discord.ext.commands.errors.CommandNotFound: Command "connectfour" is not found
ERROR       2025-05-13 12:08:53.522280 EST  on_command_error : Ignoring exception in command None
discord.ext.commands.errors.CommandNotFound: Command "connectfour" is not found
ERROR       2025-05-13 12:10:50.665330 EST  on_command_error : Ignoring exception in command None
discord.ext.commands.errors.CommandNotFound: Command "connectfour" is not found
ERROR       2025-05-13 12:12:21.968621 EST  on_command_error : Ignoring exception in command None
discord.ext.commands.errors.CommandNotFound: Command "connectfour" is not found
ERROR       2025-05-13 12:15:24.361410 EST  on_command_error : Ignoring exception in command None
discord.ext.commands.errors.CommandNotFound: Command "connectfour" is not found
INFO        2025-05-13 13:43:19.834318 EST  received_message : Shard ID None has successfully RESUMED session 37aa81939d27aa279f14faf24970953a.
ERROR       2025-05-13 14:54:20.540484 EST  on_command_error : Ignoring exception in command None
discord.ext.commands.errors.CommandNotFound: Command "connectfour" is not found
ERROR       2025-05-13 14:58:17.526885 EST  on_command_error : Ignoring exception in command None
discord.ext.commands.errors.CommandNotFound: Command "connectfour" is not found
ERROR       2025-05-13 14:59:33.784965 EST  on_command_error : Ignoring exception in command None
discord.ext.commands.errors.CommandNotFound: Command "connectfour" is not found
ERROR       2025-05-13 14:59:51.199580 EST  on_command_error : Ignoring exception in command None
discord.ext.commands.errors.CommandNotFound: Command "connectfour" is not found
ERROR       2025-05-13 15:38:26.309825 EST  on_command_error : Ignoring exception in command None
discord.ext.commands.errors.CommandNotFound: Command "_." is not found
ERROR       2025-05-13 16:15:46.770937 EST  on_command_error : Ignoring exception in command None
discord.ext.commands.errors.CommandNotFound: Command "connectfour" is not found
ERROR       2025-05-13 16:16:51.239521 EST  on_command_error : Ignoring exception in command None
discord.ext.commands.errors.CommandNotFound: Command "connectfour" is not found
ERROR       2025-05-13 16:41:57.827870 EST  connect         : Attempting a reconnect in 0.92s
Traceback (most recent call last):
  File "/usr/local/lib/python3.9/dist-packages/discord/client.py", line 667, in connect
    await self.ws.poll_event()
  File "/usr/local/lib/python3.9/dist-packages/discord/gateway.py", line 648, in poll_event
    raise ConnectionClosed(self.socket, shard_id=self.shard_id, code=code) from None
discord.errors.ConnectionClosed: Shard ID None WebSocket closed with 1000
INFO        2025-05-13 16:41:58.902371 EST  received_message : Shard ID None has successfully RESUMED session 37aa81939d27aa279f14faf24970953a.
ERROR       2025-05-13 18:09:13.122117 EST  connect         : Attempting a reconnect in 0.03s
Traceback (most recent call last):
  File "/usr/local/lib/python3.9/dist-packages/discord/client.py", line 667, in connect
    await self.ws.poll_event()
  File "/usr/local/lib/python3.9/dist-packages/discord/gateway.py", line 648, in poll_event
    raise ConnectionClosed(self.socket, shard_id=self.shard_id, code=code) from None
discord.errors.ConnectionClosed: Shard ID None WebSocket closed with 1000
INFO        2025-05-13 18:09:13.299906 EST  received_message : Shard ID None has successfully RESUMED session 37aa81939d27aa279f14faf24970953a.
INFO        2025-05-13 18:57:33.607447 EST  received_message : Shard ID None has successfully RESUMED session 37aa81939d27aa279f14faf24970953a.
ERROR       2025-05-13 20:25:42.751172 EST  connect         : Attempting a reconnect in 0.02s
Traceback (most recent call last):
  File "/usr/local/lib/python3.9/dist-packages/discord/client.py", line 667, in connect
    await self.ws.poll_event()
  File "/usr/local/lib/python3.9/dist-packages/discord/gateway.py", line 648, in poll_event
    raise ConnectionClosed(self.socket, shard_id=self.shard_id, code=code) from None
discord.errors.ConnectionClosed: Shard ID None WebSocket closed with 1000
INFO        2025-05-13 20:25:42.904484 EST  received_message : Shard ID None has successfully RESUMED session 37aa81939d27aa279f14faf24970953a.
ERROR       2025-05-13 20:25:44.783810 EST  on_error        : Ignoring exception in view <TicketsView timeout=None children=5> for item <Select placeholder='Factions Support' min_values=1 max_values=1 disabled=False>
Traceback (most recent call last):
  File "/usr/local/lib/python3.9/dist-packages/discord/ui/view.py", line 430, in _scheduled_task
    await item.callback(interaction)
  File "/root/MinecadiaTickets/Cogs/sendtickets.py", line 236, in handle_selection
    await self.ticket_manager.new_ticket(interaction, self)
  File "/root/MinecadiaTickets/Assets/functions.py", line 110, in wrapper
    raise error
  File "/root/MinecadiaTickets/Assets/functions.py", line 101, in wrapper
    result = await func(*args, **kwargs)
  File "/root/MinecadiaTickets/Assets/classes.py", line 348, in new_ticket
    await interaction.response.send_message(embed = embed, ephemeral = True)
  File "/usr/local/lib/python3.9/dist-packages/discord/interactions.py", line 855, in send_message
    await adapter.create_interaction_response(
  File "/usr/local/lib/python3.9/dist-packages/discord/webhook/async_.py", line 221, in request
    raise NotFound(response, data)
discord.errors.NotFound: 404 Not Found (error code: 10062): Unknown interaction
ERROR       2025-05-13 20:26:51.851291 EST  on_error        : Ignoring exception in view <TicketsView timeout=None children=5> for item <Select placeholder='Factions Support' min_values=1 max_values=1 disabled=False>
Traceback (most recent call last):
  File "/usr/local/lib/python3.9/dist-packages/discord/ui/view.py", line 430, in _scheduled_task
    await item.callback(interaction)
  File "/root/MinecadiaTickets/Cogs/sendtickets.py", line 236, in handle_selection
    await self.ticket_manager.new_ticket(interaction, self)
  File "/root/MinecadiaTickets/Assets/functions.py", line 110, in wrapper
    raise error
  File "/root/MinecadiaTickets/Assets/functions.py", line 101, in wrapper
    result = await func(*args, **kwargs)
  File "/root/MinecadiaTickets/Assets/classes.py", line 348, in new_ticket
    await interaction.response.send_message(embed = embed, ephemeral = True)
  File "/usr/local/lib/python3.9/dist-packages/discord/interactions.py", line 855, in send_message
    await adapter.create_interaction_response(
  File "/usr/local/lib/python3.9/dist-packages/discord/webhook/async_.py", line 221, in request
    raise NotFound(response, data)
discord.errors.NotFound: 404 Not Found (error code: 10062): Unknown interaction
ERROR       2025-05-13 20:27:14.091483 EST  on_error        : Ignoring exception in view <TicketsView timeout=None children=5> for item <Select placeholder='Factions Support' min_values=1 max_values=1 disabled=False>
Traceback (most recent call last):
  File "/usr/local/lib/python3.9/dist-packages/discord/ui/view.py", line 430, in _scheduled_task
    await item.callback(interaction)
  File "/root/MinecadiaTickets/Cogs/sendtickets.py", line 236, in handle_selection
    await self.ticket_manager.new_ticket(interaction, self)
  File "/root/MinecadiaTickets/Assets/functions.py", line 110, in wrapper
    raise error
  File "/root/MinecadiaTickets/Assets/functions.py", line 101, in wrapper
    result = await func(*args, **kwargs)
  File "/root/MinecadiaTickets/Assets/classes.py", line 348, in new_ticket
    await interaction.response.send_message(embed = embed, ephemeral = True)
  File "/usr/local/lib/python3.9/dist-packages/discord/interactions.py", line 855, in send_message
    await adapter.create_interaction_response(
  File "/usr/local/lib/python3.9/dist-packages/discord/webhook/async_.py", line 221, in request
    raise NotFound(response, data)
discord.errors.NotFound: 404 Not Found (error code: 10062): Unknown interaction
ERROR       2025-05-13 20:27:19.002733 EST  on_error        : Ignoring exception in view <TicketsView timeout=None children=5> for item <Select placeholder='Factions Support' min_values=1 max_values=1 disabled=False>
Traceback (most recent call last):
  File "/usr/local/lib/python3.9/dist-packages/discord/ui/view.py", line 430, in _scheduled_task
    await item.callback(interaction)
  File "/root/MinecadiaTickets/Cogs/sendtickets.py", line 236, in handle_selection
    await self.ticket_manager.new_ticket(interaction, self)
  File "/root/MinecadiaTickets/Assets/functions.py", line 110, in wrapper
    raise error
  File "/root/MinecadiaTickets/Assets/functions.py", line 101, in wrapper
    result = await func(*args, **kwargs)
  File "/root/MinecadiaTickets/Assets/classes.py", line 358, in new_ticket
    channel: discord.TextChannel = await self.create_ticket(interaction)
  File "/root/MinecadiaTickets/Assets/functions.py", line 110, in wrapper
    raise error
  File "/root/MinecadiaTickets/Assets/functions.py", line 101, in wrapper
    result = await func(*args, **kwargs)
  File "/root/MinecadiaTickets/Assets/classes.py", line 309, in create_ticket
    channel = await interaction.guild.create_text_channel(
  File "/usr/local/lib/python3.9/dist-packages/discord/guild.py", line 1373, in create_text_channel
    data = await self._create_channel(
  File "/usr/local/lib/python3.9/dist-packages/discord/http.py", line 771, in request
    raise DiscordServerError(response, data)
discord.errors.DiscordServerError: 500 Internal Server Error (error code: 0): 500: Internal Server Error
ERROR       2025-05-13 20:27:38.457016 EST  on_error        : Ignoring exception in view <TicketsView timeout=None children=5> for item <Select placeholder='Factions Support' min_values=1 max_values=1 disabled=False>
Traceback (most recent call last):
  File "/usr/local/lib/python3.9/dist-packages/discord/ui/view.py", line 430, in _scheduled_task
    await item.callback(interaction)
  File "/root/MinecadiaTickets/Cogs/sendtickets.py", line 236, in handle_selection
    await self.ticket_manager.new_ticket(interaction, self)
  File "/root/MinecadiaTickets/Assets/functions.py", line 110, in wrapper
    raise error
  File "/root/MinecadiaTickets/Assets/functions.py", line 101, in wrapper
    result = await func(*args, **kwargs)
  File "/root/MinecadiaTickets/Assets/classes.py", line 358, in new_ticket
    channel: discord.TextChannel = await self.create_ticket(interaction)
  File "/root/MinecadiaTickets/Assets/functions.py", line 110, in wrapper
    raise error
  File "/root/MinecadiaTickets/Assets/functions.py", line 101, in wrapper
    result = await func(*args, **kwargs)
  File "/root/MinecadiaTickets/Assets/classes.py", line 309, in create_ticket
    channel = await interaction.guild.create_text_channel(
  File "/usr/local/lib/python3.9/dist-packages/discord/guild.py", line 1373, in create_text_channel
    data = await self._create_channel(
  File "/usr/local/lib/python3.9/dist-packages/discord/http.py", line 771, in request
    raise DiscordServerError(response, data)
discord.errors.DiscordServerError: 500 Internal Server Error (error code: 0): 500: Internal Server Error
ERROR       2025-05-13 20:29:31.949360 EST  on_error        : Ignoring exception in view <TicketsView timeout=None children=5> for item <Select placeholder='Factions Support' min_values=1 max_values=1 disabled=False>
Traceback (most recent call last):
  File "/usr/local/lib/python3.9/dist-packages/discord/ui/view.py", line 430, in _scheduled_task
    await item.callback(interaction)
  File "/root/MinecadiaTickets/Cogs/sendtickets.py", line 236, in handle_selection
    await self.ticket_manager.new_ticket(interaction, self)
  File "/root/MinecadiaTickets/Assets/functions.py", line 110, in wrapper
    raise error
  File "/root/MinecadiaTickets/Assets/functions.py", line 101, in wrapper
    result = await func(*args, **kwargs)
  File "/root/MinecadiaTickets/Assets/classes.py", line 358, in new_ticket
    channel: discord.TextChannel = await self.create_ticket(interaction)
  File "/root/MinecadiaTickets/Assets/functions.py", line 110, in wrapper
    raise error
  File "/root/MinecadiaTickets/Assets/functions.py", line 101, in wrapper
    result = await func(*args, **kwargs)
  File "/root/MinecadiaTickets/Assets/classes.py", line 309, in create_ticket
    channel = await interaction.guild.create_text_channel(
  File "/usr/local/lib/python3.9/dist-packages/discord/guild.py", line 1373, in create_text_channel
    data = await self._create_channel(
  File "/usr/local/lib/python3.9/dist-packages/discord/http.py", line 771, in request
    raise DiscordServerError(response, data)
discord.errors.DiscordServerError: 500 Internal Server Error (error code: 0): 500: Internal Server Error
ERROR       2025-05-13 20:41:56.127501 EST  on_error        : Ignoring exception in view <TicketsView timeout=None children=5> for item <Select placeholder='Factions Support' min_values=1 max_values=1 disabled=False>
Traceback (most recent call last):
  File "/usr/local/lib/python3.9/dist-packages/discord/ui/view.py", line 430, in _scheduled_task
    await item.callback(interaction)
  File "/root/MinecadiaTickets/Cogs/sendtickets.py", line 236, in handle_selection
    await self.ticket_manager.new_ticket(interaction, self)
  File "/root/MinecadiaTickets/Assets/functions.py", line 110, in wrapper
    raise error
  File "/root/MinecadiaTickets/Assets/functions.py", line 101, in wrapper
    result = await func(*args, **kwargs)
  File "/root/MinecadiaTickets/Assets/classes.py", line 348, in new_ticket
    await interaction.response.send_message(embed = embed, ephemeral = True)
  File "/usr/local/lib/python3.9/dist-packages/discord/interactions.py", line 855, in send_message
    await adapter.create_interaction_response(
  File "/usr/local/lib/python3.9/dist-packages/discord/webhook/async_.py", line 221, in request
    raise NotFound(response, data)
discord.errors.NotFound: 404 Not Found (error code: 10062): Unknown interaction
INFO        2025-05-13 23:27:23.874841 EST  received_message : Shard ID None has successfully RESUMED session 37aa81939d27aa279f14faf24970953a.
INFO        2025-05-14 01:17:05.578543 EST  received_message : Shard ID None has successfully RESUMED session 37aa81939d27aa279f14faf24970953a.
INFO        2025-05-14 04:50:21.973901 EST  received_message : Shard ID None has successfully RESUMED session 37aa81939d27aa279f14faf24970953a.
INFO        2025-05-14 06:37:48.223024 EST  received_message : Shard ID None has successfully RESUMED session 37aa81939d27aa279f14faf24970953a.
INFO        2025-05-14 07:20:39.411142 EST  received_message : Shard ID None has successfully RESUMED session 37aa81939d27aa279f14faf24970953a.
INFO        2025-05-14 08:15:58.598394 EST  received_message : Shard ID None has successfully RESUMED session 37aa81939d27aa279f14faf24970953a.
INFO        2025-05-14 11:11:59.421623 EST  received_message : Shard ID None has successfully RESUMED session 37aa81939d27aa279f14faf24970953a.
ERROR       2025-05-14 11:24:25.933280 EST  connect         : Attempting a reconnect in 1.65s
Traceback (most recent call last):
  File "/usr/local/lib/python3.9/dist-packages/discord/client.py", line 667, in connect
    await self.ws.poll_event()
  File "/usr/local/lib/python3.9/dist-packages/discord/gateway.py", line 648, in poll_event
    raise ConnectionClosed(self.socket, shard_id=self.shard_id, code=code) from None
discord.errors.ConnectionClosed: Shard ID None WebSocket closed with 1000
INFO        2025-05-14 11:24:27.752191 EST  received_message : Shard ID None has successfully RESUMED session 37aa81939d27aa279f14faf24970953a.
INFO        2025-05-14 12:05:44.593691 EST  received_message : Shard ID None has successfully RESUMED session 37aa81939d27aa279f14faf24970953a.
INFO        2025-05-14 12:44:49.139931 EST  received_message : Shard ID None has successfully RESUMED session 37aa81939d27aa279f14faf24970953a.
ERROR       2025-05-14 13:21:40.711555 EST  connect         : Attempting a reconnect in 0.70s
Traceback (most recent call last):
  File "/usr/local/lib/python3.9/dist-packages/discord/client.py", line 667, in connect
    await self.ws.poll_event()
  File "/usr/local/lib/python3.9/dist-packages/discord/gateway.py", line 648, in poll_event
    raise ConnectionClosed(self.socket, shard_id=self.shard_id, code=code) from None
discord.errors.ConnectionClosed: Shard ID None WebSocket closed with 1000
INFO        2025-05-14 13:21:41.545580 EST  received_message : Shard ID None has successfully RESUMED session 37aa81939d27aa279f14faf24970953a.
ERROR       2025-05-14 14:53:09.047753 EST  on_command_error : Ignoring exception in command None
discord.ext.commands.errors.CommandNotFound: Command "..." is not found
ERROR       2025-05-14 15:09:54.138790 EST  on_command_error : Ignoring exception in command None
discord.ext.commands.errors.CommandNotFound: Command "/f" is not found
INFO        2025-05-14 15:42:48.319618 EST  received_message : Shard ID None has successfully RESUMED session 37aa81939d27aa279f14faf24970953a.
ERROR       2025-05-14 17:36:16.677633 EST  connect         : Attempting a reconnect in 1.23s
Traceback (most recent call last):
  File "/usr/local/lib/python3.9/dist-packages/discord/client.py", line 667, in connect
    await self.ws.poll_event()
  File "/usr/local/lib/python3.9/dist-packages/discord/gateway.py", line 648, in poll_event
    raise ConnectionClosed(self.socket, shard_id=self.shard_id, code=code) from None
discord.errors.ConnectionClosed: Shard ID None WebSocket closed with 1000
INFO        2025-05-14 17:36:18.051366 EST  received_message : Shard ID None has successfully RESUMED session 37aa81939d27aa279f14faf24970953a.
ERROR       2025-05-14 20:00:42.785442 EST  on_command_error : Ignoring exception in command None
discord.ext.commands.errors.CommandNotFound: Command "/close" is not found
ERROR       2025-05-14 20:23:47.145143 EST  on_command_error : Ignoring exception in command None
discord.ext.commands.errors.CommandNotFound: Command "/pvsearch" is not found
INFO        2025-05-14 20:43:40.267823 EST  received_message : Shard ID None has successfully RESUMED session 37aa81939d27aa279f14faf24970953a.
INFO        2025-05-14 21:49:53.355926 EST  received_message : Shard ID None has successfully RESUMED session 37aa81939d27aa279f14faf24970953a.
ERROR       2025-05-14 23:30:41.541337 EST  connect         : Attempting a reconnect in 0.27s
Traceback (most recent call last):
  File "/usr/local/lib/python3.9/dist-packages/discord/client.py", line 667, in connect
    await self.ws.poll_event()
  File "/usr/local/lib/python3.9/dist-packages/discord/gateway.py", line 648, in poll_event
    raise ConnectionClosed(self.socket, shard_id=self.shard_id, code=code) from None
discord.errors.ConnectionClosed: Shard ID None WebSocket closed with 1000
INFO        2025-05-14 23:30:41.970965 EST  received_message : Shard ID None has successfully RESUMED session 37aa81939d27aa279f14faf24970953a.
ERROR       2025-05-14 23:54:40.482433 EST  connect         : Attempting a reconnect in 3.37s
Traceback (most recent call last):
  File "/usr/local/lib/python3.9/dist-packages/discord/client.py", line 667, in connect
    await self.ws.poll_event()
  File "/usr/local/lib/python3.9/dist-packages/discord/gateway.py", line 648, in poll_event
    raise ConnectionClosed(self.socket, shard_id=self.shard_id, code=code) from None
discord.errors.ConnectionClosed: Shard ID None WebSocket closed with 1000
INFO        2025-05-14 23:54:43.996117 EST  received_message : Shard ID None has successfully RESUMED session 37aa81939d27aa279f14faf24970953a.
INFO        2025-05-15 02:31:16.248461 EST  received_message : Shard ID None has successfully RESUMED session 37aa81939d27aa279f14faf24970953a.
INFO        2025-05-15 04:27:23.675994 EST  received_message : Shard ID None has successfully RESUMED session 37aa81939d27aa279f14faf24970953a.
INFO        2025-05-15 05:17:18.217668 EST  received_message : Shard ID None has successfully RESUMED session 37aa81939d27aa279f14faf24970953a.
INFO        2025-05-15 06:17:12.297268 EST  received_message : Shard ID None has successfully RESUMED session 37aa81939d27aa279f14faf24970953a.
ERROR       2025-05-15 07:03:25.515803 EST  connect         : Attempting a reconnect in 0.28s
Traceback (most recent call last):
  File "/usr/local/lib/python3.9/dist-packages/discord/client.py", line 667, in connect
    await self.ws.poll_event()
  File "/usr/local/lib/python3.9/dist-packages/discord/gateway.py", line 648, in poll_event
    raise ConnectionClosed(self.socket, shard_id=self.shard_id, code=code) from None
discord.errors.ConnectionClosed: Shard ID None WebSocket closed with 1000
INFO        2025-05-15 07:03:25.951881 EST  received_message : Shard ID None has successfully RESUMED session 37aa81939d27aa279f14faf24970953a.
INFO        2025-05-15 08:37:06.679554 EST  received_message : Shard ID None has successfully RESUMED session 37aa81939d27aa279f14faf24970953a.
INFO        2025-05-15 09:16:00.881679 EST  received_message : Shard ID None has successfully RESUMED session 37aa81939d27aa279f14faf24970953a.
INFO        2025-05-15 10:07:36.207253 EST  received_message : Shard ID None has successfully RESUMED session 37aa81939d27aa279f14faf24970953a.
INFO        2025-05-15 11:10:01.208506 EST  received_message : Shard ID None has successfully RESUMED session 37aa81939d27aa279f14faf24970953a.
INFO        2025-05-15 11:41:36.626649 EST  received_message : Shard ID None has successfully RESUMED session 37aa81939d27aa279f14faf24970953a.
INFO        2025-05-15 12:21:53.396592 EST  received_message : Shard ID None has successfully RESUMED session 37aa81939d27aa279f14faf24970953a.
INFO        2025-05-15 13:40:21.196646 EST  received_message : Shard ID None has successfully RESUMED session 37aa81939d27aa279f14faf24970953a.
INFO        2025-05-15 15:35:20.462897 EST  received_message : Shard ID None has successfully RESUMED session 37aa81939d27aa279f14faf24970953a.
ERROR       2025-05-15 16:43:40.316221 EST  on_command_error : Ignoring exception in command None
discord.ext.commands.errors.CommandNotFound: Command "..." is not found
ERROR       2025-05-15 17:24:59.171338 EST  connect         : Attempting a reconnect in 0.29s
Traceback (most recent call last):
  File "/usr/local/lib/python3.9/dist-packages/discord/client.py", line 667, in connect
    await self.ws.poll_event()
  File "/usr/local/lib/python3.9/dist-packages/discord/gateway.py", line 648, in poll_event
    raise ConnectionClosed(self.socket, shard_id=self.shard_id, code=code) from None
discord.errors.ConnectionClosed: Shard ID None WebSocket closed with 1000
INFO        2025-05-15 17:24:59.616176 EST  received_message : Shard ID None has successfully RESUMED session 37aa81939d27aa279f14faf24970953a.
ERROR       2025-05-15 17:27:45.604714 EST  on_command_error : Ignoring exception in command None
discord.ext.commands.errors.CommandNotFound: Command "......" is not found
INFO        2025-05-15 18:00:53.544380 EST  received_message : Shard ID None has successfully RESUMED session 37aa81939d27aa279f14faf24970953a.
ERROR       2025-05-15 18:45:02.473713 EST  on_command_error : Ignoring exception in command None
discord.ext.commands.errors.CommandNotFound: Command "204" is not found
ERROR       2025-05-15 18:45:04.248359 EST  on_command_error : Ignoring exception in command None
discord.ext.commands.errors.CommandNotFound: Command "2048" is not found
ERROR       2025-05-15 18:47:09.779659 EST  on_command_error : Ignoring exception in command None
discord.ext.commands.errors.CommandNotFound: Command "2048" is not found
ERROR       2025-05-15 18:48:06.277966 EST  on_command_error : Ignoring exception in command None
discord.ext.commands.errors.CommandNotFound: Command "2048" is not found
ERROR       2025-05-15 18:49:56.885397 EST  on_command_error : Ignoring exception in command None
discord.ext.commands.errors.CommandNotFound: Command "2048" is not found
ERROR       2025-05-15 18:50:55.135245 EST  on_command_error : Ignoring exception in command None
discord.ext.commands.errors.CommandNotFound: Command "2048" is not found
ERROR       2025-05-15 18:52:11.439826 EST  connect         : Attempting a reconnect in 1.97s
Traceback (most recent call last):
  File "/usr/local/lib/python3.9/dist-packages/discord/client.py", line 667, in connect
    await self.ws.poll_event()
  File "/usr/local/lib/python3.9/dist-packages/discord/gateway.py", line 648, in poll_event
    raise ConnectionClosed(self.socket, shard_id=self.shard_id, code=code) from None
discord.errors.ConnectionClosed: Shard ID None WebSocket closed with 1000
INFO        2025-05-15 18:52:13.548824 EST  received_message : Shard ID None has successfully RESUMED session 37aa81939d27aa279f14faf24970953a.
ERROR       2025-05-15 19:24:25.347202 EST  connect         : Attempting a reconnect in 2.90s
Traceback (most recent call last):
  File "/usr/local/lib/python3.9/dist-packages/discord/client.py", line 667, in connect
    await self.ws.poll_event()
  File "/usr/local/lib/python3.9/dist-packages/discord/gateway.py", line 648, in poll_event
    raise ConnectionClosed(self.socket, shard_id=self.shard_id, code=code) from None
discord.errors.ConnectionClosed: Shard ID None WebSocket closed with 1000
INFO        2025-05-15 19:24:28.400398 EST  received_message : Shard ID None has successfully RESUMED session 37aa81939d27aa279f14faf24970953a.
ERROR       2025-05-15 19:34:25.226196 EST  on_command_error : Ignoring exception in command None
discord.ext.commands.errors.CommandNotFound: Command "." is not found
ERROR       2025-05-15 20:48:23.886132 EST  on_command_error : Ignoring exception in command None
discord.ext.commands.errors.CommandNotFound: Command "2048" is not found
ERROR       2025-05-15 20:51:10.979886 EST  on_command_error : Ignoring exception in command None
discord.ext.commands.errors.CommandNotFound: Command "2048" is not found
ERROR       2025-05-15 20:53:46.886019 EST  on_command_error : Ignoring exception in command None
discord.ext.commands.errors.CommandNotFound: Command "2048" is not found
INFO        2025-05-15 22:58:21.298520 EST  received_message : Shard ID None has successfully RESUMED session 37aa81939d27aa279f14faf24970953a.
ERROR       2025-05-16 01:12:24.921436 EST  on_command_error : Ignoring exception in command None
discord.ext.commands.errors.CommandNotFound: Command ".." is not found
INFO        2025-05-16 02:39:43.477039 EST  received_message : Shard ID None has successfully RESUMED session 37aa81939d27aa279f14faf24970953a.
INFO        2025-05-16 04:25:34.527856 EST  received_message : Shard ID None has successfully RESUMED session 37aa81939d27aa279f14faf24970953a.
INFO        2025-05-16 05:07:52.137855 EST  received_message : Shard ID None has successfully RESUMED session 37aa81939d27aa279f14faf24970953a.
ERROR       2025-05-16 05:39:44.686859 EST  on_command_error : Ignoring exception in command None
discord.ext.commands.errors.CommandNotFound: Command "..." is not found
INFO        2025-05-16 06:59:53.252622 EST  received_message : Shard ID None has successfully RESUMED session 37aa81939d27aa279f14faf24970953a.
ERROR       2025-05-16 07:14:03.653950 EST  connect         : Attempting a reconnect in 1.80s
Traceback (most recent call last):
  File "/usr/local/lib/python3.9/dist-packages/discord/client.py", line 667, in connect
  File "/usr/local/lib/python3.9/dist-packages/discord/gateway.py", line 648, in poll_event
    else:
discord.errors.ConnectionClosed: Shard ID None WebSocket closed with 1000
INFO        2025-05-16 07:14:05.602731 EST  received_message : Shard ID None has successfully RESUMED session 37aa81939d27aa279f14faf24970953a.
ERROR       2025-05-16 09:11:33.077600 EST  on_command_error : Ignoring exception in command None
discord.ext.commands.errors.CommandNotFound: Command "..." is not found
ERROR       2025-05-16 09:17:39.074206 EST  connect         : Attempting a reconnect in 1.22s
Traceback (most recent call last):
  File "/usr/local/lib/python3.9/dist-packages/discord/client.py", line 667, in connect
  File "/usr/local/lib/python3.9/dist-packages/discord/gateway.py", line 648, in poll_event
    else:
discord.errors.ConnectionClosed: Shard ID None WebSocket closed with 1000
INFO        2025-05-16 09:17:40.448399 EST  received_message : Shard ID None has successfully RESUMED session 37aa81939d27aa279f14faf24970953a.
ERROR       2025-05-16 09:17:43.289924 EST  on_command_error : Ignoring exception in command None
discord.ext.commands.errors.CommandNotFound: Command "...." is not found
ERROR       2025-05-16 11:07:49.374580 EST  connect         : Attempting a reconnect in 0.65s
Traceback (most recent call last):
  File "/usr/local/lib/python3.9/dist-packages/discord/client.py", line 667, in connect
  File "/usr/local/lib/python3.9/dist-packages/discord/gateway.py", line 648, in poll_event
    else:
discord.errors.ConnectionClosed: Shard ID None WebSocket closed with 1000
INFO        2025-05-16 11:07:50.178750 EST  received_message : Shard ID None has successfully RESUMED session 37aa81939d27aa279f14faf24970953a.
ERROR       2025-05-16 11:30:56.616273 EST  connect         : Attempting a reconnect in 0.74s
Traceback (most recent call last):
  File "/usr/local/lib/python3.9/dist-packages/discord/client.py", line 667, in connect
  File "/usr/local/lib/python3.9/dist-packages/discord/gateway.py", line 648, in poll_event
    else:
discord.errors.ConnectionClosed: Shard ID None WebSocket closed with 1000
INFO        2025-05-16 11:30:57.506388 EST  received_message : Shard ID None has successfully RESUMED session 37aa81939d27aa279f14faf24970953a.
ERROR       2025-05-16 12:24:53.221772 EST  connect         : Attempting a reconnect in 1.29s
Traceback (most recent call last):
  File "/usr/local/lib/python3.9/dist-packages/discord/client.py", line 667, in connect
  File "/usr/local/lib/python3.9/dist-packages/discord/gateway.py", line 648, in poll_event
    else:
discord.errors.ConnectionClosed: Shard ID None WebSocket closed with 1000
INFO        2025-05-16 12:24:54.670152 EST  received_message : Shard ID None has successfully RESUMED session 37aa81939d27aa279f14faf24970953a.
ERROR       2025-05-16 12:57:58.799760 EST  on_command_error : Ignoring exception in command None
discord.ext.commands.errors.CommandNotFound: Command "..." is not found
INFO        2025-05-16 13:11:00.735221 EST  received_message : Shard ID None has successfully RESUMED session 37aa81939d27aa279f14faf24970953a.
INFO        2025-05-16 16:01:06.571262 EST  received_message : Shard ID None has successfully RESUMED session 37aa81939d27aa279f14faf24970953a.
INFO        2025-05-16 17:21:17.190850 EST  received_message : Shard ID None has successfully RESUMED session 37aa81939d27aa279f14faf24970953a.
ERROR       2025-05-16 17:55:50.615026 EST  on_command_error : Ignoring exception in command None
discord.ext.commands.errors.CommandNotFound: Command ".." is not found
INFO        2025-05-16 18:49:21.214622 EST  received_message : Shard ID None has successfully RESUMED session 37aa81939d27aa279f14faf24970953a.
05-12 08:40:10.217915 EST  wrapper         : Move Command took a long time to complete and finished in 5.59s
ERROR       2025-05-12 08:40:12.343881 EST  wrapper         : Rename Command failed after 2.0s : 
INFO        2025-05-12 08:40:20.419329 EST  wrapper         : Rename Command completed in 0.49s
INFO        2025-05-12 08:44:14.461152 EST  wrapper         : Send Ticketlog completed in 0.58s
INFO        2025-05-12 08:45:44.675600 EST  new_ticket      : Created #iamtufa-ticket-163344 (1371468386147500042) in 1.83s by iamtufa (763712598410526731) 25
INFO        2025-05-12 08:45:49.914692 EST  enter_information_button : Sent the Questions modal to iamtufa (763712598410526731)
INFO        2025-05-12 08:46:16.066284 EST  wrapper         : Rename Command completed in 0.46s
INFO        2025-05-12 08:47:16.157099 EST  new_ticket      : Created #khdoc-ticket-163345 (1371468768252788848) in 2.19s by khdoc (833852401840554024) 26
INFO        2025-05-12 08:47:17.710521 EST  enter_information_button : Sent the Questions modal to khdoc (833852401840554024)
INFO        2025-05-12 08:47:20.997105 EST  on_submit       : khdoc (833852401840554024) updated the embed with question answers in #khdoc-ticket-163345 (1371468768252788848)
INFO        2025-05-12 08:47:52.885090 EST  on_submit       : iamtufa (763712598410526731) updated the embed with question answers in #iamtufa-ticket-163344 (1371468386147500042)
INFO        2025-05-12 08:48:23.178546 EST  new_ticket      : Created #originalkenzy-ticket-163346 (1371469046138011758) in 2.98s by originalkenzy (1369218470696190062) 27
WARNING     2025-05-12 08:48:23.178990 EST  wrapper         : New Ticket took a long time to complete and finished in 3.22s
INFO        2025-05-12 08:48:28.236266 EST  enter_information_button : Sent the Questions modal to originalkenzy (1369218470696190062)
INFO        2025-05-12 08:48:57.864257 EST  enter_information_button : Sent the Questions modal to originalkenzy (1369218470696190062)
INFO        2025-05-12 08:50:22.729623 EST  on_submit       : originalkenzy (1369218470696190062) updated the embed with question answers in #originalkenzy-ticket-163346 (1371469046138011758)
INFO        2025-05-12 08:55:32.030161 EST  wrapper         : Send Ticketlog completed in 0.6s
INFO        2025-05-12 08:56:19.665840 EST  new_ticket      : Created #khdoc-ticket-163347 (1371471048863649913) in 1.98s by khdoc (833852401840554024) 27
INFO        2025-05-12 08:56:21.605879 EST  enter_information_button : Sent the Questions modal to khdoc (833852401840554024)
INFO        2025-05-12 08:56:25.234818 EST  on_submit       : khdoc (833852401840554024) updated the embed with question answers in #khdoc-ticket-163347 (1371471048863649913)
INFO        2025-05-12 08:57:13.050216 EST  wrapper         : Move Command completed in 2.23s
INFO        2025-05-12 09:07:14.765862 EST  wrapper         : Send Ticketlog completed in 0.49s
INFO        2025-05-12 09:08:04.550961 EST  wrapper         : Send Ticketlog completed in 0.39s
INFO        2025-05-12 09:25:06.539344 EST  new_ticket      : Created #agelboi-ticket-163348 (1371478292003295323) in 2.47s by agelboi (970230046696570900) 26
INFO        2025-05-12 09:25:13.682648 EST  enter_information_button : Sent the Questions modal to agelboi (970230046696570900)
INFO        2025-05-12 09:26:13.597070 EST  on_submit       : agelboi (970230046696570900) updated the embed with question answers in #agelboi-ticket-163348 (1371478292003295323)
INFO        2025-05-12 09:28:14.783022 EST  new_ticket      : Created #clicking1cps-ticket-163349 (1371479080456687689) in 2.21s by clicking1cps (1005167753331740763) 27
INFO        2025-05-12 09:28:17.349907 EST  enter_information_button : Sent the Questions modal to clicking1cps (1005167753331740763)
INFO        2025-05-12 09:28:28.269538 EST  on_submit       : clicking1cps (1005167753331740763) updated the embed with question answers in #clicking1cps-ticket-163349 (1371479080456687689)
INFO        2025-05-12 09:34:57.855785 EST  wrapper         : Send Ticketlog completed in 0.36s
INFO        2025-05-12 09:35:22.981839 EST  wrapper         : Send Ticketlog completed in 0.64s
INFO        2025-05-12 09:35:27.621620 EST  new_ticket      : Created #dedezz-ticket-163350 (1371480895818825848) in 2.37s by dedezz (377145471073779712) 26
INFO        2025-05-12 09:35:35.304622 EST  enter_information_button : Sent the Questions modal to dedezz (377145471073779712)
INFO        2025-05-12 09:35:45.720208 EST  on_submit       : dedezz (377145471073779712) updated the embed with question answers in #dedezz-ticket-163350 (1371480895818825848)
INFO        2025-05-12 09:39:04.610429 EST  wrapper         : Rename Command completed in 0.62s
INFO        2025-05-12 09:44:51.920883 EST  wrapper         : Send Ticketlog completed in 0.3s
INFO        2025-05-12 09:52:29.031927 EST  request_tickets : Sent the 📨 button to wurss. (805151643481931797)
INFO        2025-05-12 09:53:07.618014 EST  wrapper         : Send Ticketlog completed in 0.48s
INFO        2025-05-12 09:53:20.229031 EST  wrapper         : Rename Command completed in 0.44s
INFO        2025-05-12 09:54:13.591072 EST  wrapper         : Send Ticketlog completed in 0.98s
INFO        2025-05-12 09:54:43.679973 EST  new_ticket      : Created #dedezz-ticket-163351 (1371485745407070289) in 2.04s by dedezz (377145471073779712) 24
INFO        2025-05-12 09:54:46.049086 EST  enter_information_button : Sent the Questions modal to dedezz (377145471073779712)
INFO        2025-05-12 09:54:52.816561 EST  on_submit       : dedezz (377145471073779712) updated the embed with question answers in #dedezz-ticket-163351 (1371485745407070289)
INFO        2025-05-12 09:56:46.701899 EST  new_ticket      : Created #jonathan2003-ticket-163352 (1371486260362870944) in 2.24s by jonathan.2003 (229008524854689793) 25
INFO        2025-05-12 09:56:48.475331 EST  enter_information_button : Sent the Questions modal to jonathan.2003 (229008524854689793)
INFO        2025-05-12 09:56:54.753249 EST  wrapper         : Move Command completed in 2.27s
INFO        2025-05-12 09:57:14.930609 EST  on_submit       : jonathan.2003 (229008524854689793) updated the embed with question answers in #jonathan2003-ticket-163352 (1371486260362870944)
INFO        2025-05-12 09:58:47.034572 EST  wrapper         : Send Ticketlog completed in 0.47s
INFO        2025-05-12 10:06:16.220390 EST  new_ticket      : Created #coones-ticket-163353 (1371488649245491232) in 2.23s by coones (712815605488680971) 25
INFO        2025-05-12 10:06:17.620408 EST  enter_information_button : Sent the Questions modal to coones (712815605488680971)
INFO        2025-05-12 10:06:20.655252 EST  on_submit       : coones (712815605488680971) updated the embed with question answers in #coones-ticket-163353 (1371488649245491232)
INFO        2025-05-12 10:07:34.298890 EST  new_ticket      : Created #iluvroblox444-ticket-163354 (1371488977839722506) in 2.85s by iluvroblox444 (292662346764124161) 26
WARNING     2025-05-12 10:07:34.299595 EST  wrapper         : New Ticket took a long time to complete and finished in 3.04s
INFO        2025-05-12 10:07:40.728335 EST  enter_information_button : Sent the Questions modal to iluvroblox444 (292662346764124161)
INFO        2025-05-12 10:07:55.117502 EST  on_submit       : iluvroblox444 (292662346764124161) updated the embed with question answers in #iluvroblox444-ticket-163354 (1371488977839722506)
INFO        2025-05-12 10:07:57.985019 EST  new_ticket      : Created #ztap__-ticket-163355 (1371489076208861315) in 2.17s by ztap__ (625672710751780874) 27
INFO        2025-05-12 10:08:00.385309 EST  enter_information_button : Sent the Questions modal to ztap__ (625672710751780874)
INFO        2025-05-12 10:08:45.391462 EST  wrapper         : Rename Command completed in 0.71s
INFO        2025-05-12 10:08:48.864235 EST  wrapper         : Private Command completed in 3.0s
INFO        2025-05-12 10:09:04.856472 EST  on_submit       : ztap__ (625672710751780874) updated the embed with question answers in #ztap__-ticket-163355 (1371489076208861315)
INFO        2025-05-12 10:19:00.338218 EST  new_ticket      : Created #deathstorm5219-ticket-163356 (1371491854939328652) in 2.49s by deathstorm5219 (662161182450253843) 28
INFO        2025-05-12 10:19:02.215057 EST  enter_information_button : Sent the Questions modal to deathstorm5219 (662161182450253843)
INFO        2025-05-12 10:19:05.452707 EST  on_submit       : deathstorm5219 (662161182450253843) updated the embed with question answers in #deathstorm5219-ticket-163356 (1371491854939328652)
WARNING     2025-05-12 10:22:27.110917 EST  check_verified  : ichigoopp__1 (1049918754366169129) is not verified and tried to open a ticket
INFO        2025-05-12 10:38:10.922494 EST  request_tickets : Sent the 📨 button to javaexcept1on (709291101575446560)
INFO        2025-05-12 10:53:15.184563 EST  new_ticket      : Created #jacomaa-ticket-163357 (1371500473084936326) in 2.12s by jacomaa (210755804935094272) 29
INFO        2025-05-12 10:53:22.882526 EST  enter_information_button : Sent the Questions modal to jacomaa (210755804935094272)
INFO        2025-05-12 10:54:10.573269 EST  on_submit       : jacomaa (210755804935094272) updINFO        2025-05-12 10:54:58.017621 EST  on_interaction  : thegenerous (198263506313805824) ran /rename name:'vpn-whitelist' in #ichigoopp__1-ticket-163358 (1371500729444864010) True
INFO        2025-05-12 10:54:59.684963 EST  on_interaction  : thegenerous (198263506313805824) ran /private in #vpn-whitelist (1371500729444864010) True
INFO        2025-05-12 11:14:10.010192 EST  on_interaction  : exitiummm (750077826874736770) ran /close reason:'answered' in #deathstorm5219-ticket-163356 (1371491854939328652) True
INFO        2025-05-12 11:14:12.005006 EST  close_command   : Closed #deathstorm5219-ticket-163356 (1371491854939328652) in 1.82s by exitiummm (750077826874736770) 32
INFO        2025-05-12 11:35:44.977509 EST  on_interaction  : _matiass. (638734404402806815) ran /close reason:'Asked to close due to clip being deleted' in #ztap__-ticket-163355 (1371489076208861315) True
INFO        2025-05-12 11:35:46.882761 EST  close_command   : Closed #ztap__-ticket-163355 (1371489076208861315) in 1.65s by _matiass. (638734404402806815) 33
INFO        2025-05-12 11:37:28.741352 EST  on_interaction  : reheat (409915081317679104) ran /close reason:'Unfortunately we can't refund you for this situation' in #j2blazed420-ticket-163363 (1371510417570009139) True
INFO        2025-05-12 11:37:30.599752 EST  close_command   : Closed #j2blazed420-ticket-163363 (1371510417570009139) in 1.64s by reheat (409915081317679104) 32
INFO        2025-05-12 11:44:15.463693 EST  on_interaction  : daddy0001 (339415844411146251) ran /rename name:'speed issue in end' in #x_xdoor-ticket-163359 (1371501342190993578) True
INFO        2025-05-12 12:19:05.612303 EST  on_interaction  : legendsarising (958225180604370945) ran /close reason:'dupe ticket' in #jhizzy-ticket-163367 (1371521500586315856) True
INFO        2025-05-12 12:19:07.641613 EST  close_command   : Closed #jhizzy-ticket-163367 (1371521500586315856) in 1.85s by legendsarising (958225180604370945) 36
INFO        2025-05-12 12:26:46.912089 EST  on_interaction  : pizzamuncher2132 (1066050892203315342) ran /close reason:'players punished' in #allying-report (1371438078127898697) True
INFO        2025-05-12 12:26:49.796952 EST  close_command   : Closed #allying-report (1371438078127898697) in 2.72s by pizzamuncher2132 (1066050892203315342) 36
INFO        2025-05-12 12:28:32.024284 EST  on_interaction  : pizzamuncher2132 (1066050892203315342) ran /close reason:'Appeal denied - Answered' in #ken2tuff2-ticket-163361 (1371504829603643404) True
INFO        2025-05-12 12:28:33.866991 EST  close_command   : Closed #ken2tuff2-ticket-163361 (1371504829603643404) in 1.61s by pizzamuncher2132 (1066050892203315342) 35
INFO        2025-05-12 12:36:35.584776 EST  on_interaction  : confrontable (544952418178301974) ran /rename name:'missing event rewards' in #dedezz-ticket-163370 (1371525977636864032) True
INFO        2025-05-12 12:59:23.438179 EST  on_interaction  : legendsarising (958225180604370945) ran /close reason:'answered' in #kadubb-ticket-163373 (1371531754120417281) True
INFO        2025-05-12 12:59:24.957937 EST  close_command   : Closed #kadubb-ticket-163373 (1371531754120417281) in 1.34s by legendsarising (958225180604370945) 38
INFO        2025-05-12 13:05:47.403578 EST  on_interaction  : _matiass. (638734404402806815) ran /close reason:'Denied' in #babypvp-ticket-163374 (1371532537750622209) True
INFO        2025-05-12 13:05:49.594515 EST  close_command   : Closed #babypvp-ticket-163374 (1371532537750622209) in 1.85s by _matiass. (638734404402806815) 39
INFO        2025-05-12 13:06:33.102806 EST  on_interaction  : confrontable (544952418178301974) ran /rename name:'tourney winner' in #sophiajaja-ticket-163376 (1371533877620768880) True
INFO        2025-05-12 13:21:30.772811 EST  on_interaction  : confrontable (544952418178301974) ran /rename name:'discord giveaway winner' in #bruntjk-ticket-163378 (1371537364941410435) True
INFO        2025-05-12 13:29:02.138336 EST  on_interaction  : confrontable (544952418178301974) ran /move category:'1010777747456524338' in #deathstorm5219-ticket-163379 (1371538764987629599) True
INFO        2025-05-12 13:32:57.358823 EST  on_interaction  : d2_rappy (318403043102294027) ran /rename name:'Fhook-Disappeard' in #xo07165-ticket-163381 (1371540011853418648) True
INFO        2025-05-12 13:33:11.227718 EST  on_interaction  : exitiummm (750077826874736770) ran /close reason:'done' in #vpn-whitelist (1371488977839722506) True
INFO        2025-05-12 13:33:12.664316 EST  close_command   : Closed #vpn-whitelist (1371488977839722506) in 1.28s by exitiummm (750077826874736770) 45
INFO        2025-05-12 13:33:33.928875 EST  on_interaction  : exitiummm (750077826874736770) ran /close reason:'done' in #vpn-whitelist (1371500729444864010) True
INFO        2025-05-12 13:33:36.052223 EST  close_command   : Closed #vpn-whitelist (1371500729444864010) in 1.99s by exitiummm (750077826874736770) 45
INFO        2025-05-12 13:34:04.171534 EST  on_interaction  : exitiummm (750077826874736770) ran /close reason:'unbanned' in #cvele8387-ticket-163362 (1371508968643367053) True
INFO        2025-05-12 13:34:07.784371 EST  close_command   : Closed #cvele8387-ticket-163362 (1371508968643367053) in 3.39s by exitiummm (750077826874736770) 44
INFO        2025-05-12 13:34:24.995696 EST  on_interaction  : exitiummm (750077826874736770) ran /close reason:'denied' in #sagaz5802-ticket-163377 (1371536531008782398) True
INFO        2025-05-12 13:34:26.679444 EST  close_command   : Closed #sagaz5802-ticket-163377 (1371536531008782398) in 1.51s by exitiummm (750077826874736770) 43
INFO        2025-05-12 13:35:33.156093 EST  on_interaction  : exitiummm (750077826874736770) ran /close reason:'it has started' in #start-point-event (1371460944642969660) True
INFO        2025-05-12 13:35:34.676797 EST  close_command   : Closed #start-point-event (1371460944642969660) in 1.33s by exitiummm (750077826874736770) 42
INFO        2025-05-12 13:35:45.903572 EST  on_interaction  : confrontable (544952418178301974) ran /rename name:'kingflexing' in #briitt-ticket-163383 (1371540785526210630) True
INFO        2025-05-12 13:35:53.790362 EST  on_interaction  : exitiummm (750077826874736770) ran /close reason:'denied' in #deathstorm5219-ticket-163379 (1371538764987629599) True
INFO        2025-05-12 13:35:55.341319 EST  close_command   : Closed #deathstorm5219-ticket-163379 (1371538764987629599) in 1.42s by exitiummm (750077826874736770) 41
INFO        2025-05-12 13:37:43.039616 EST  on_interaction  : exitiummm (750077826874736770) ran /close reason:'pv 1' in #missing-event-rewards (1371461697474269317) True
INFO        2025-05-12 13:37:44.493077 EST  close_command   : Closed #missing-event-rewards (1371461697474269317) in 1.23s by exitiummm (750077826874736770) 40
INFO        2025-05-12 13:39:02.467162 EST  on_interaction  : exitiummm (750077826874736770) ran /close reason:'answered' in #jhizzy-ticket-163368 (1371521695982293012) True
INFO        2025-05-12 13:39:03.991793 EST  close_command   : Closed #jhizzy-ticket-163368 (1371521695982293012) in 1.34s by exitiummm (750077826874736770) 39
INFO        2025-05-12 13:39:19.039221 EST  on_interaction  : exitiummm (750077826874736770) ran /close reason:'pv 1' in #missing-event-rewards (1371525977636864032) True
INFO        2025-05-12 13:39:20.845373 EST  close_command   : Closed #missing-event-rewards (1371525977636864032) in 1.52s by exitiummm (750077826874736770) 38
INFO        2025-05-12 13:39:40.008322 EST  on_interaction  : exitiummm (750077826874736770) ran /close reason:'if it is for qa then yes it did' in #projectia_-ticket-163375 (1371532659741954169) True
INFO        2025-05-12 13:39:41.415664 EST  close_command   : Closed #projectia_-ticket-163375 (1371532659741954169) in 1.24s by exitiummm (750077826874736770) 37
INFO        2025-05-12 13:45:37.010716 EST  on_interaction  : d2_rappy (318403043102294027) ran /move category:'1010744614153617439' in #d2_rappy-ticket-163386 (1371543408358854828) True
INFO        2025-05-12 13:45:52.356910 EST  on_interaction  : d2_rappy (318403043102294027) ran /move category:'1051458276426006619' in #d2_rappy-ticket-163386 (1371543408358854828) True
INFO        2025-05-12 13:46:21.880124 EST  on_interaction  : exitiummm (750077826874736770) ran /close reason:'sent to the devs' in #diree-ticket-163380 (1371539640527618048) True
INFO        2025-05-12 13:46:23.863569 EST  close_command   : Closed #diree-ticket-163380 (1371539640527618048) in 1.82s by exitiummm (750077826874736770) 40
INFO        2025-05-12 13:47:38.465804 EST  on_interaction  : exitiummm (750077826874736770) ran /close reason:'Accepted' in #fgddgdfd-ticket-163365 (1371517275508703245) True
INFO        2025-05-12 13:47:40.139737 EST  close_command   : Closed #fgddgdfd-ticket-163365 (1371517275508703245) in 1.51s by exitiummm (750077826874736770) 39
INFO        2025-05-12 13:47:50.480933 EST  on_interaction  : exitiummm (750077826874736770) ran /close reason:'answered' in #speed-issue-in-end (1371501342190993578) True
INFO        2025-05-12 13:47:53.832031 EST  close_command   : Closed #speed-issue-in-end (1371501342190993578) in 3.2s by exitiummm (750077826874736770) 38
INFO        2025-05-12 13:48:54.300926 EST  on_interaction  : pizzamuncher2132 (1066050892203315342) ran /close reason:'answered' in #rgtthegoat-ticket-163382 (1371540485713170583) True
INFO        2025-05-12 13:48:55.809453 EST  close_command   : Closed #rgtthegoat-ticket-163382 (1371540485713170583) in 1.3s by pizzamuncher2132 (1066050892203315342) 38
INFO        2025-05-12 13:54:53.018545 EST  on_interaction  : rolith (399760511706726400) ran /close reason:'resolved in dms' in #kingflexing (1371540785526210630) True
INFO        2025-05-12 13:54:54.487295 EST  close_command   : Closed #kingflexing (1371540785526210630) in 1.28s by rolith (399760511706726400) 39
INFO        2025-05-12 13:55:05.050398 EST  on_interaction  : rolith (399760511706726400) ran /close reason:'player request' in #coones-ticket-163389 (1371545301705429163) True
INFO        2025-05-12 13:55:06.534754 EST  close_command   : Closed #coones-ticket-163389 (1371545301705429163) in 1.27s by rolith (399760511706726400) 38
INFO        2025-05-12 13:56:12.177120 EST  on_interaction  : _matiass. (638734404402806815) ran /close reason:'Denied, read transcript' in #sophiajaja-ticket-163390 (1371545505389346916) True
INFO        2025-05-12 13:56:13.814213 EST  close_command   : Closed #sophiajaja-ticket-163390 (1371545505389346916) in 1.39s by _matiass. (638734404402806815) 37
INFO        2025-05-12 13:56:41.122146 EST  on_interaction  : exitiummm (750077826874736770) ran /close reason:'we unfortuantely cannot give a second chance' in #daveyisme-ticket-163371 (1371526092900270080) True
INFO        2025-05-12 13:56:44.149212 EST  close_command   : Closed #daveyisme-ticket-163371 (1371526092900270080) in 2.74s by exitiummm (750077826874736770) 36
INFO        2025-05-12 13:57:25.443793 EST  on_interaction  : exitiummm (750077826874736770) ran /close reason:'pv 1' in #tourney-winner (1371533877620768880) True
INFO        2025-05-12 13:57:26.840957 EST  close_command   : Closed #tourney-winner (1371533877620768880) in 1.23s by exitiummm (750077826874736770) 35
INFO        2025-05-12 13:58:42.602382 EST  on_interaction  : exitiummm (750077826874736770) ran /close reason:'answered' in #confrontable-ticket-163385 (1371542897912053850) True
INFO        2025-05-12 13:58:44.345015 EST  close_command   : Closed #confrontable-ticket-163385 (1371542897912053850) in 1.56s by exitiummm (750077826874736770) 34
INFO        2025-05-12 13:59:36.972399 EST  on_interaction  : daddy0001 (339415844411146251) ran /rename name:'chron query' in #wubblelydubbly-ticket-163364 (1371516348563193916) True
INFO        2025-05-12 14:01:31.835010 EST  on_interaction  : confrontable (544952418178301974) ran /close reason:'resolved' in #coones-ticket-163391 (1371547334525194250) True
INFO        2025-05-12 14:01:33.917699 EST  close_command   : Closed #coones-ticket-163391 (1371547334525194250) in 1.8s by confrontable (544952418178301974) 35
INFO        2025-05-12 14:06:26.262738 EST  on_interaction  : rolith (399760511706726400) ran /close reason:'unbanned' in #toxicdrxps-ticket-163387 (1371543583114530889) True
INFO        2025-05-12 14:06:28.122899 EST  close_command   : Closed #toxicdrxps-ticket-163387 (1371543583114530889) in 1.72s by rolith (399760511706726400) 36
INFO        2025-05-12 14:08:29.856673 EST  on_interaction  : daddy0001 (339415844411146251) ran /rename name:'lootbag amount error' in #dedezz-ticket-163393 (1371548731538669649) True
INFO        2025-05-12 14:11:51.606133 EST  on_interaction  : legendsarising (958225180604370945) ran /close reason:'denie' in #sagaz5802-ticket-163394 (1371549017070239885) True
INFO        2025-05-12 14:11:55.110683 EST  close_command   : Closed #sagaz5802-ticket-163394 (1371549017070239885) in 3.33s by legendsarising (958225180604370945) 35
INFO        2025-05-12 14:20:45.096316 EST  on_interaction  : reheat (409915081317679104) ran /close reason:'given' in #nxply-ticket-163396 (1371551250549706986) True
INFO        2025-05-12 14:20:46.736439 EST  close_command   : Closed #nxply-ticket-163396 (1371551250549706986) in 1.42s by reheat (409915081317679104) 38
INFO        2025-05-12 14:21:49.836688 EST  on_interaction  : confrontable (544952418178301974) ran /move category:'1010777747456524338' in #cake2004-ticket-163397 (1371551898104107109) True
INFO        2025-05-12 14:24:35.811085 EST  on_interaction  : reheat (409915081317679104) ran /close reason:'banned' in #dedezz-ticket-163351 (1371485745407070289) True
INFO        2025-05-12 14:24:37.467870 EST  close_command   : Closed #dedezz-ticket-163351 (1371485745407070289) in 1.38s by reheat (409915081317679104) 37
INFO        2025-05-12 14:27:31.682369 EST  on_interaction  : reheat (409915081317679104) ran /close reason:'We'd need video proof, reopen if you can provide' in #_paladin_king-ticket-163392 (1371547639644164147) True
INFO        2025-05-12 14:27:33.274717 EST  close_command   : Closed #_paladin_king-ticket-163392 (1371547639644164147) in 1.42s by reheat (409915081317679104) 37
INFO        2025-05-12 14:28:45.327589 EST  on_interaction  : confrontable (544952418178301974) ran /rename name:'rolith tourney winner' in #cliippy-ticket-163399 (1371553987836248206) True
INFO        2025-05-12 14:34:13.607574 EST  on_interaction  : confrontable (544952418178301974) ran /rename name:'excessive ping' in #relit-ticket-163401 (1371555366583931062) True
INFO        2025-05-12 14:35:43.464503 EST  on_interaction  : confrontable (544952418178301974) ran /rename name:'possible inside' in #nxply-ticket-163400 (1371555128439738420) True
INFO        2025-05-12 14:35:57.004780 EST  on_interaction  : d2_rappy (318403043102294027) ran /close reason:'Resolved' in #938747-ticket-163388 (1371544467848429733) True
INFO        2025-05-12 14:35:58.855085 EST  close_command   : Closed #938747-ticket-163388 (1371544467848429733) in 1.69s by d2_rappy (318403043102294027) 38
INFO        2025-05-12 14:37:51.458352 EST  on_interaction  : legendsarising (958225180604370945) ran /close reason:'Feel free to make a new ticket once u have calmed down and decide to be more respectful to the staff' in #x_xdoor-ticket-163398 (1371552376246501396) True
INFO        2025-05-12 14:37:53.298078 EST  close_command   : Closed #x_xdoor-ticket-163398 (1371552376246501396) in 1.7s by legendsarising (958225180604370945) 38
INFO        2025-05-12 14:44:09.325310 EST  on_interaction  : _matiass. (638734404402806815) ran /close reason:'Denied' in #hammdulah-ticket-163403 (1371557059287449823) True
INFO        2025-05-12 14:44:11.470844 EST  close_command   : Closed #hammdulah-ticket-163403 (1371557059287449823) in 1.88s by _matiass. (638734404402806815) 39
INFO        2025-05-12 14:47:38.155352 EST  on_interaction  : _matiass. (638734404402806815) ran /close reason:'Answered' in #fhook-disappeard (1371540011853418648) True
INFO        2025-05-12 14:47:39.887969 EST  close_command   : Closed #fhook-disappeard (1371540011853418648) in 1.49s by _matiass. (638734404402806815) 38
INFO        2025-05-12 14:48:04.486734 EST  on_interaction  : llama_xd (200543436749668352) ran /rename name:'sr admin appeal' in #cake2004-ticket-163397 (1371551898104107109) True
INFO        2025-05-12 15:00:10.871105 EST  on_interaction  : confrontable (544952418178301974) ran /rename name:'leader transfer' in #realsm0ke-ticket-163407 (1371562150862000211) True
INFO        2025-05-12 15:00:15.379192 EST  on_interaction  : confrontable (544952418178301974) ran /rename name:'vpn whitelist' in #parkhyungs-ticket-163406 (1371561709516488734) True
INFO        2025-05-12 15:00:16.612135 EST  on_interaction  : confrontable (544952418178301974) ran /private in #vpn-whitelist (1371561709516488734) True
INFO        2025-05-12 15:01:44.787838 EST  on_interaction  : confrontable (544952418178301974) ran /close reason:'answered, read transcript' in #howecs-ticket-163405 (1371560366084980929) True
INFO        2025-05-12 15:01:46.769213 EST  close_command   : Closed #howecs-ticket-163405 (1371560366084980929) in 1.76s by confrontable (544952418178301974) 40
INFO        2025-05-12 15:05:10.197514 EST  on_interaction  : exitiummm (750077826874736770) ran /close reason:'done' in #leader-transfer (1371562150862000211) True
INFO        2025-05-12 15:05:11.914550 EST  close_command   : Closed #leader-transfer (1371562150862000211) in 1.55s by exitiummm (750077826874736770) 41
INFO        2025-05-12 15:05:41.742947 EST  on_interaction  : _matiass. (638734404402806815) ran /close reason:'You will have to wait out your ban' in #derekking-ticket-163408 (1371563213006835783) True
INFO        2025-05-12 15:05:43.713703 EST  close_command   : Closed #derekking-ticket-163408 (1371563213006835783) in 1.73s by _matiass. (638734404402806815) 40
INFO        2025-05-12 15:06:38.420651 EST  on_interaction  : llama_xd (200543436749668352) ran /move category:'1009574363915370620' in #possible-inside (1371555128439738420) True
INFO        2025-05-12 15:07:20.195008 EST  on_interaction  : confrontable (544952418178301974) ran /rename name:'vpn whitelist' in #caxty__-ticket-163409 (1371563792248471562) True
INFO        2025-05-12 15:07:21.897119 EST  on_interaction  : confrontable (544952418178301974) ran /private in #vpn-whitelist (1371563792248471562) True
INFO        2025-05-12 15:07:42.333761 EST  on_interaction  : confrontable (544952418178301974) ran /move category:'1009574363915370620' in #sevdali2309-ticket-163410 (1371564128497307749) True
INFO        2025-05-12 15:13:25.019728 EST  on_interaction  : _matiass. (638734404402806815) ran /close reason:'Dupe ticket' in #l122111-ticket-163412 (1371565282212188333) True
INFO        2025-05-12 15:13:26.697472 EST  close_command   : Closed #l122111-ticket-163412 (1371565282212188333) in 1.51s by _matiass. (638734404402806815) 44
INFO        2025-05-12 15:13:59.514386 EST  on_interaction  : _matiass. (638734404402806815) ran /close reason:'Denied' in #loggings-ticket-163411 (1371564739527839937) True
INFO        2025-05-12 15:14:01.092545 EST  close_command   : Closed #loggings-ticket-163411 (1371564739527839937) in 1.45s by _matiass. (638734404402806815) 43
INFO        2025-05-12 15:15:43.128496 EST  on_interaction  : confrontable (544952418178301974) ran /rename name:'leader transfer' in #sweatybomb-ticket-163414 (1371565942080929881) True
INFO        2025-05-12 15:16:09.735099 EST  on_interaction  : confrontable (544952418178301974) ran /rename name:'media question' in #sweatybomb-ticket-163415 (1371566334999003217) True
INFO        2025-05-12 15:16:10.019341 EST  on_interaction  : imwoods_ (185139317516009473) ran /ticket-logs user:'223949506989916170' in #media-question (1371566334999003217) True
INFO        2025-05-12 15:18:15.790640 EST  on_interaction  : imwoods_ (185139317516009473) ran /close reason:'answered' in #leader-transfer (1371565942080929881) True
INFO        2025-05-12 15:18:17.465621 EST  close_command   : Closed #leader-transfer (1371565942080929881) in 1.51s by imwoods_ (185139317516009473) 45
INFO        2025-05-12 15:19:29.286859 EST  on_interaction  : imwoods_ (185139317516009473) ran /move category:'1238913372435775550' in #excessive-ping (1371555366583931062) True
INFO        2025-05-12 15:20:44.773561 EST  on_interaction  : imwoods_ (185139317516009473) ran /move category:'948592775669121034' in #1p7cs8tezdf2ejm5xnwp9q-ticket-163419 (1371567398913577080) True
INFO        2025-05-12 15:20:52.281169 EST  on_interaction  : imwoods_ (185139317516009473) ran /rename name:'vpn req' in #1p7cs8tezdf2ejm5xnwp9q-ticket-163419 (1371567398913577080) True
INFO        2025-05-12 15:22:18.602123 EST  on_interaction  : llama_xd (200543436749668352) ran /move category:'1010777747456524338' in #epsaaa-ticket-163416 (1371566528050495489) True
INFO        2025-05-12 15:22:34.096189 EST  on_interaction  : imwoods_ (185139317516009473) ran /close reason:'denied' in #l122111-ticket-163413 (1371565297471066233) True
INFO        2025-05-12 15:22:35.632868 EST  close_command   : Closed #l122111-ticket-163413 (1371565297471066233) in 1.38s by imwoods_ (185139317516009473) 46
INFO        2025-05-12 15:24:04.031559 EST  on_interaction  : imwoods_ (185139317516009473) ran /close reason:'answered' in #blue1885-ticket-163404 (1371557343728504892) True
INFO        2025-05-12 15:24:05.926100 EST  close_command   : Closed #blue1885-ticket-163404 (1371557343728504892) in 1.71s by imwoods_ (185139317516009473) 46
INFO        2025-05-12 15:25:39.332038 EST  on_interaction  : imwoods_ (185139317516009473) ran /close reason:'forwarded to ss team' in #treata-ticket-163366 (1371518676934856784) True
INFO        2025-05-12 15:25:40.837919 EST  close_command   : Closed #treata-ticket-163366 (1371518676934856784) in 1.32s by imwoods_ (185139317516009473) 45
INFO        2025-05-12 15:25:45.982857 EST  on_interaction  : imwoods_ (185139317516009473) ran /private in #zwenh-ticket-163417 (1371566984218808320) True
INFO        2025-05-12 15:26:30.888683 EST  on_interaction  : imwoods_ (185139317516009473) ran /close reason:'player has been punished' in #sevdali2309-ticket-163410 (1371564128497307749) True
INFO        2025-05-12 15:26:32.752520 EST  close_command   : Closed #sevdali2309-ticket-163410 (1371564128497307749) in 1.63s by imwoods_ (185139317516009473) 44
INFO        2025-05-12 15:27:54.120903 EST  on_interaction  : imwoods_ (185139317516009473) ran /close reason:'player purchased an unban' in #epsaaa-ticket-163416 (1371566528050495489) True
INFO        2025-05-12 15:27:55.554572 EST  close_command   : Closed #epsaaa-ticket-163416 (1371566528050495489) in 1.27s by imwoods_ (185139317516009473) 43
INFO        2025-05-12 15:34:18.872687 EST  on_interaction  : confrontable (544952418178301974) ran /close reason:'requested' in #l122111-ticket-163424 (1371569931652698315) True
INFO        2025-05-12 15:34:20.604571 EST  close_command   : Closed #l122111-ticket-163424 (1371569931652698315) in 1.55s by confrontable (544952418178301974) 47
INFO        2025-05-12 15:34:53.243238 EST  on_interaction  : daddy0001 (339415844411146251) ran /rename name:'br and godly br issue' in #0uake-ticket-163420 (1371568461377048747) True
INFO        2025-05-12 15:35:05.993279 EST  on_interaction  : confrontable (544952418178301974) ran /move category:'1051128605083709500' in #938747-ticket-163421 (1371569624042438658) True
INFO        2025-05-12 15:35:14.331836 EST  on_interaction  : daddy0001 (339415844411146251) ran /move category:'1009574363915370620' in #sevdali2309-ticket-163422 (1371569862970966086) True
INFO        2025-05-12 15:40:55.723545 EST  on_interaction  : imwoods_ (185139317516009473) ran /close reason:'dupe ticket' in #938747-ticket-163421 (1371569624042438658) True
INFO        2025-05-12 15:40:57.573105 EST  close_command   : Closed #938747-ticket-163421 (1371569624042438658) in 1.58s by imwoods_ (185139317516009473) 46
INFO        2025-05-12 15:48:03.708805 EST  on_interaction  : imwoods_ (185139317516009473) ran /close reason:'set distributed, others will be handled in their ticket' in #coones-ticket-163353 (1371488649245491232) True
INFO        2025-05-12 15:48:05.472355 EST  close_command   : Closed #coones-ticket-163353 (1371488649245491232) in 1.55s by imwoods_ (185139317516009473) 48
INFO        2025-05-12 15:48:19.321501 EST  on_interaction  : imwoods_ (185139317516009473) ran /rename name:'ss team' in #epsaaa-ticket-163427 (1371574158848163883) True
INFO        2025-05-12 15:52:56.455861 EST  on_interaction  : exitiummm (750077826874736770) ran /close reason:'yes! - New link will be announced, all entries will need to be resubmitted again' in #agelboi-ticket-163348 (1371478292003295323) True
INFO        2025-05-12 15:52:58.405171 EST  close_command   : Closed #agelboi-ticket-163348 (1371478292003295323) in 1.75s by exitiummm (750077826874736770) 48
INFO        2025-05-12 15:53:46.517249 EST  on_interaction  : exitiummm (750077826874736770) ran /rename name:'allying report' in #clouds5881-ticket-163268 (1371272155861487708) True
INFO        2025-05-12 15:54:33.297834 EST  on_interaction  : imwoods_ (185139317516009473) ran /close reason:'set fixed' in #coones-ticket-163429 (1371575017699020831) True
INFO        2025-05-12 15:54:35.319329 EST  close_command   : Closed #coones-ticket-163429 (1371575017699020831) in 1.81s by imwoods_ (185139317516009473) 48
INFO        2025-05-12 15:59:36.637450 EST  on_interaction  : exitiummm (750077826874736770) ran /close reason:'handled' in #sevdali2309-ticket-163422 (1371569862970966086) True
INFO        2025-05-12 15:59:38.329691 EST  close_command   : Closed #sevdali2309-ticket-163422 (1371569862970966086) in 1.47s by exitiummm (750077826874736770) 48
INFO        2025-05-12 16:00:43.131725 EST  on_interaction  : imwoods_ (185139317516009473) ran /close reason:'player requested' in #zwenh-ticket-163417 (1371566984218808320) True
INFO        2025-05-12 16:00:46.440242 EST  close_command   : Closed #zwenh-ticket-163417 (1371566984218808320) in 3.12s by imwoods_ (185139317516009473) 47
INFO        2025-05-12 16:09:38.093686 EST  on_interaction  : _matiass. (638734404402806815) ran /close reason:'Answered' in #iamtufa-ticket-163437 (1371579317284241431) True
INFO        2025-05-12 16:09:39.712131 EST  close_command   : Closed #iamtufa-ticket-163437 (1371579317284241431) in 1.38s by _matiass. (638734404402806815) 52
INFO        2025-05-12 16:16:56.020982 EST  on_interaction  : llama_xd (200543436749668352) ran /close reason:'answered' in #ss-team (1371574158848163883) True
INFO        2025-05-12 16:16:57.803071 EST  close_command   : Closed #ss-team (1371574158848163883) in 1.61s by llama_xd (200543436749668352) 55
INFO        2025-05-12 16:21:43.190495 EST  on_interaction  : confrontable (544952418178301974) ran /rename name:'hackerbot not spawned' in #incoherentmess_-ticket-163441 (1371581253526093824) True
INFO        2025-05-12 16:22:45.338104 EST  on_interaction  : confrontable (544952418178301974) ran /rename name:'pointevent not spawning' in #briitt-ticket-163443 (1371583296005472307) True
INFO        2025-05-12 16:23:32.072149 EST  on_interaction  : llama_xd (200543436749668352) ran /close reason:'no evidence' in #sevdali2309-ticket-163435 (1371578128140468365) True
INFO        2025-05-12 16:23:33.605228 EST  close_command   : Closed #sevdali2309-ticket-163435 (1371578128140468365) in 1.29s by llama_xd (200543436749668352) 57
INFO        2025-05-12 16:26:48.933667 EST  on_interaction  : legendsarising (958225180604370945) ran /close reason:'Feel free to make a new ticket when u become more respectful to the staff trying to help u' in #coones-ticket-163444 (1371583447944134696) True
INFO        2025-05-12 16:26:50.694342 EST  close_command   : Closed #coones-ticket-163444 (1371583447944134696) in 1.48s by legendsarising (958225180604370945) 57
INFO        2025-05-12 16:29:04.227660 EST  on_interaction  : legendsarising (958225180604370945) ran /close reason:'answered' in #owalah-ticket-163442 (1371583075435282704) True
INFO        2025-05-12 16:29:06.035988 EST  close_command   : Closed #owalah-ticket-163442 (1371583075435282704) in 1.59s by legendsarising (958225180604370945) 57
INFO        2025-05-12 16:31:15.452946 EST  on_interaction  : thegenerous (198263506313805824) ran /rename name:'start-point-event' in #joelee1508-ticket-163447 (1371585307723431978) True
INFO        2025-05-12 16:32:02.893095 EST  on_interaction  : thegenerous (198263506313805824) ran /rename name:'vpn-whitelisg' in #da4ius_-ticket-163436 (1371578750742954084) True
INFO        2025-05-12 16:32:32.743725 EST  on_interaction  : thegenerous (198263506313805824) ran /rename name:'voyage-skipper-concern' in #coones-ticket-163432 (1371578035463000065) True
INFO        2025-05-12 16:32:53.131901 EST  on_interaction  : rolith (399760511706726400) ran /ticket-count in #test-bot (935016733033525328) True
INFO        2025-05-12 16:33:20.606276 EST  on_interaction  : reheat (409915081317679104) ran /close reason:'done' in #vpn-whitelist (1371561709516488734) True
INFO        2025-05-12 16:33:22.452727 EST  close_command   : Closed #vpn-whitelist (1371561709516488734) in 1.65s by reheat (409915081317679104) 57
INFO        2025-05-12 16:33:27.862436 EST  on_interaction  : reheat (409915081317679104) ran /ticket-logs user:'1221657801458454538' in #vpn-whitelist (1371563792248471562) True
INFO        2025-05-12 16:34:07.123224 EST  on_interaction  : reheat (409915081317679104) ran /close reason:'given' in #vpn-whitelist (1371563792248471562) True
INFO        2025-05-12 16:34:08.716468 EST  close_command   : Closed #vpn-whitelist (1371563792248471562) in 1.39s by reheat (409915081317679104) 57
INFO        2025-05-12 16:34:36.412745 EST  on_interaction  : reheat (409915081317679104) ran /close reason:'given' in #vpn-req (1371567398913577080) True
INFO        2025-05-12 16:34:38.113820 EST  close_command   : Closed #vpn-req (1371567398913577080) in 1.48s by reheat (409915081317679104) 56
INFO        2025-05-12 16:35:07.272953 EST  on_interaction  : reheat (409915081317679104) ran /close reason:'ticket will be handled if theres a report' in #reenactment-ticket-163428 (1371574481268510862) True
INFO        2025-05-12 16:35:09.471578 EST  close_command   : Closed #reenactment-ticket-163428 (1371574481268510862) in 1.98s by reheat (409915081317679104) 55
INFO        2025-05-12 16:35:24.664910 EST  on_interaction  : reheat (409915081317679104) ran /close reason:'we can't unlink the accounts' in #tvax-ticket-163433 (1371578070992949390) True
INFO        2025-05-12 16:35:26.168577 EST  close_command   : Closed #tvax-ticket-163433 (1371578070992949390) in 1.29s by reheat (409915081317679104) 54
INFO        2025-05-12 16:35:37.591805 EST  on_interaction  : reheat (409915081317679104) ran /close reason:'denied' in #plusaxe242-ticket-163438 (1371580135144427611) True
INFO        2025-05-12 16:35:39.345712 EST  close_command   : Closed #plusaxe242-ticket-163438 (1371580135144427611) in 1.54s by reheat (409915081317679104) 53
INFO        2025-05-12 16:35:54.458654 EST  on_interaction  : _matiass. (638734404402806815) ran /close reason:'Solved' in #iamtufa-ticket-163448 (1371586155899916320) True
INFO        2025-05-12 16:35:55.844087 EST  on_interaction  : reheat (409915081317679104) ran /close reason:'denied' in #spokenplayz-ticket-163440 (1371581040102998016) True
INFO        2025-05-12 16:35:56.102074 EST  close_command   : Closed #iamtufa-ticket-163448 (1371586155899916320) in 1.41s by _matiass. (638734404402806815) 52
INFO        2025-05-12 16:35:57.474319 EST  close_command   : Closed #spokenplayz-ticket-163440 (1371581040102998016) in 1.37s by reheat (409915081317679104) 51
INFO        2025-05-12 16:36:54.309003 EST  on_interaction  : reheat (409915081317679104) ran /close reason:'given' in #vpn-whitelisg (1371578750742954084) True
INFO        2025-05-12 16:36:57.040524 EST  close_command   : Closed #vpn-whitelisg (1371578750742954084) in 1.57s by reheat (409915081317679104) 50
INFO        2025-05-12 16:40:03.095325 EST  on_interaction  : llama_xd (200543436749668352) ran /close reason:'accepted' in #x_xdoor-ticket-163431 (1371577101991411826) True
INFO        2025-05-12 16:40:04.607580 EST  close_command   : Closed #x_xdoor-ticket-163431 (1371577101991411826) in 1.34s by llama_xd (200543436749668352) 49
INFO        2025-05-12 16:43:55.234327 EST  on_interaction  : reheat (409915081317679104) ran /rename name:'woods' in #coones-ticket-163446 (1371584477431726202) True
INFO        2025-05-12 16:44:08.203351 EST  on_interaction  : reheat (409915081317679104) ran /close reason:'dupe' in #briitt-ticket-163449 (1371587853762433145) True
INFO        2025-05-12 16:44:10.859051 EST  close_command   : Closed #briitt-ticket-163449 (1371587853762433145) in 2.49s by reheat (409915081317679104) 51
INFO        2025-05-12 16:54:52.986610 EST  on_interaction  : _matiass. (638734404402806815) ran /close reason:'Denied' in #thedanholy-ticket-163452 (1371589949169602690) True
INFO        2025-05-12 16:54:54.613709 EST  close_command   : Closed #thedanholy-ticket-163452 (1371589949169602690) in 1.44s by _matiass. (638734404402806815) 52
INFO        2025-05-12 16:55:43.666295 EST  on_interaction  : exitiummm (750077826874736770) ran /close reason:'Answered' in #media-question (1371566334999003217) True
INFO        2025-05-12 16:55:45.176716 EST  close_command   : Closed #media-question (1371566334999003217) in 1.31s by exitiummm (750077826874736770) 51
INFO        2025-05-12 16:56:27.654240 EST  on_interaction  : _matiass. (638734404402806815) ran /close reason:'Denied due to cheating' in #thedanholy-ticket-163453 (1371591213316313209) True
INFO        2025-05-12 16:56:29.301610 EST  close_command   : Closed #thedanholy-ticket-163453 (1371591213316313209) in 1.48s by _matiass. (638734404402806815) 50
INFO        2025-05-12 17:14:01.238064 EST  on_interaction  : llama_xd (200543436749668352) ran /close reason:'denied' in #demarkess-ticket-163439 (1371580840433418313) True
INFO        2025-05-12 17:14:03.085663 EST  close_command   : Closed #demarkess-ticket-163439 (1371580840433418313) in 1.56s by llama_xd (200543436749668352) 49
INFO        2025-05-12 17:17:24.714674 EST  on_interaction  : llama_xd (200543436749668352) ran /move category:'1009740448128045149' in #coones-ticket-163450 (1371587919914991676) True
INFO        2025-05-12 17:24:15.544969 EST  on_interaction  : d2_rappy (318403043102294027) ran /rename name:'Leader-Transfer' in #tag1919-ticket-163458 (1371598478781845659) True
INFO        2025-05-12 17:25:56.120943 EST  on_interaction  : _matiass. (638734404402806815) ran /close reason:'Answered' in #pro_wombat-ticket-163456 (1371598250670293043) True
INFO        2025-05-12 17:25:57.657086 EST  close_command   : Closed #pro_wombat-ticket-163456 (1371598250670293043) in 1.36s by _matiass. (638734404402806815) 53
INFO        2025-05-12 17:29:35.854740 EST  on_interaction  : _matiass. (638734404402806815) ran /close reason:'Given' in #leader-transfer (1371598478781845659) True
INFO        2025-05-12 17:29:38.210307 EST  close_command   : Closed #leader-transfer (1371598478781845659) in 2.16s by _matiass. (638734404402806815) 52
INFO        2025-05-12 17:30:17.967251 EST  on_interaction  : legendsarising (958225180604370945) ran /close reason:'answered' in #coones-ticket-163450 (1371587919914991676) True
INFO        2025-05-12 17:30:19.484598 EST  close_command   : Closed #coones-ticket-163450 (1371587919914991676) in 1.36s by legendsarising (958225180604370945) 51
INFO        2025-05-12 17:32:33.991890 EST  on_interaction  : legendsarising (958225180604370945) ran /private in #coones-ticket-163459 (1371600876338413678) True
INFO        2025-05-12 17:36:46.386729 EST  on_interaction  : _matiass. (638734404402806815) ran /add user:'216661945380503552' in #hoodturtle-ticket-163460 (1371601731632496700) True
INFO        2025-05-12 17:36:51.854868 EST  on_interaction  : _matiass. (638734404402806815) ran /private in #hoodturtle-ticket-163460 (1371601731632496700) True
INFO        2025-05-12 17:41:54.653590 EST  on_interaction  : llama_xd (200543436749668352) ran /close reason:'its fixed' in #hackerbot-not-spawned (1371581253526093824) True
INFO        2025-05-12 17:41:56.296979 EST  close_command   : Closed #hackerbot-not-spawned (1371581253526093824) in 1.44s by llama_xd (200543436749668352) 52
INFO        2025-05-12 18:06:45.034074 EST  on_interaction  : legendsarising (958225180604370945) ran /close reason:'blank' in #fallingcrayons-ticket-163457 (1371598439363903530) True
INFO        2025-05-12 18:06:47.637153 EST  close_command   : Closed #fallingcrayons-ticket-163457 (1371598439363903530) in 2.38s by legendsarising (958225180604370945) 53
INFO        2025-05-12 18:07:20.054946 EST  on_interaction  : legendsarising (958225180604370945) ran /close reason:'Player has received a punishment longer than the one they would have from this reports closing this ticket' in #peterb0b-ticket-163426 (1371574066762219692) True
INFO        2025-05-12 18:07:21.828974 EST  close_command   : Closed #peterb0b-ticket-163426 (1371574066762219692) in 1.59s by legendsarising (958225180604370945) 52
INFO        2025-05-12 18:07:46.207981 EST  on_interaction  : legendsarising (958225180604370945) ran /close reason:'denied' in #reenactment-ticket-163461 (1371605841987240098) True
INFO        2025-05-12 18:07:47.703611 EST  close_command   : Closed #reenactment-ticket-163461 (1371605841987240098) in 1.3s by legendsarising (958225180604370945) 51
INFO        2025-05-12 18:21:31.698643 EST  on_interaction  : thegenerous (198263506313805824) ran /rename name:'qa-removal-concern' in #pengveen-ticket-163465 (1371613142270087320) True
INFO        2025-05-12 18:41:00.958126 EST  on_interaction  : reheat (409915081317679104) ran /close reason:'all qa was wiped' in #qa-removal-concern (1371613142270087320) True
INFO        2025-05-12 18:41:02.967033 EST  close_command   : Closed #qa-removal-concern (1371613142270087320) in 1.82s by reheat (409915081317679104) 58
INFO        2025-05-12 18:41:22.491179 EST  on_interaction  : reheat (409915081317679104) ran /close reason:'empty' in #iamtufa-ticket-163466 (1371613806350041159) True
INFO        2025-05-12 18:41:24.200334 EST  close_command   : Closed #iamtufa-ticket-163466 (1371613806350041159) in 1.53s by reheat (409915081317679104) 57
INFO        2025-05-12 18:44:00.381204 EST  on_interaction  : itssfearless (469543931533852684) ran /rename name:'leader transfer' in #moreli600-ticket-163471 (1371618463600218122) True
INFO        2025-05-12 18:51:36.268014 EST  on_interaction  : _matiass. (638734404402806815) ran /close reason:'Answered' in #howecs-ticket-163468 (1371616201347956798) True
INFO        2025-05-12 18:51:39.163236 EST  close_command   : Closed #howecs-ticket-163468 (1371616201347956798) in 2.69s by _matiass. (638734404402806815) 57
INFO        2025-05-12 18:54:15.296223 EST  on_interaction  : llama_xd (200543436749668352) ran /close reason:'answered you need to die' in #rattpackfrosty-ticket-163470 (1371617585711546438) True
INFO        2025-05-12 18:54:18.734523 EST  close_command   : Closed #rattpackfrosty-ticket-163470 (1371617585711546438) in 3.16s by llama_xd (200543436749668352) 56
INFO        2025-05-12 19:07:43.401373 EST  on_interaction  : confrontable (544952418178301974) ran /rename name:'console clients banned' in #peppa1565-ticket-163462 (1371609194381181130) True
INFO        2025-05-12 19:10:25.335882 EST  on_interaction  : _matiass. (638734404402806815) ran /close reason:'Unbanned' in #aedan4342-ticket-163473 (1371623511562387466) True
INFO        2025-05-12 19:10:27.277010 EST  close_command   : Closed #aedan4342-ticket-163473 (1371623511562387466) in 1.73s by _matiass. (638734404402806815) 57
INFO        2025-05-12 19:14:33.359872 EST  on_interaction  : confrontable (544952418178301974) ran /rename name:'staff app question' in #caltiz-ticket-163433 (1371578079557849309) True
INFO        2025-05-12 19:17:27.304296 EST  on_interaction  : rolith (399760511706726400) ran /ticket-count in #test-bot (935016733033525328) True
INFO        2025-05-12 19:46:37.703040 EST  on_interaction  : legendsarising (958225180604370945) ran /close reason:'dupe ticket' in #vicemans-ticket-163476 (1371632708463231077) True
INFO        2025-05-12 19:46:39.192764 EST  close_command   : Closed #vicemans-ticket-163476 (1371632708463231077) in 1.3s by legendsarising (958225180604370945) 60
INFO        2025-05-12 19:47:03.556013 EST  on_interaction  : legendsarising (958225180604370945) ran /close reason:'answeres' in #sevdali2309-ticket-163472 (1371622936745607190) True
INFO        2025-05-12 19:47:05.130110 EST  close_command   : Closed #sevdali2309-ticket-163472 (1371622936745607190) in 1.32s by legendsarising (958225180604370945) 59
INFO        2025-05-12 20:22:46.211224 EST  on_interaction  : exitiummm (750077826874736770) ran /close reason:'answered' in #staff-app-question (1371578079557849309) True
INFO        2025-05-12 20:22:48.175830 EST  close_command   : Closed #staff-app-question (1371578079557849309) in 1.77s by exitiummm (750077826874736770) 66
INFO        2025-05-12 20:23:41.863805 EST  on_interaction  : exitiummm (750077826874736770) ran /close reason:'done' in #sr-admin-appeal (1371551898104107109) True
INFO        2025-05-12 20:23:43.698079 EST  close_command   : Closed #sr-admin-appeal (1371551898104107109) in 1.55s by exitiummm (750077826874736770) 67
INFO        2025-05-12 20:24:09.997363 EST  on_interaction  : exitiummm (750077826874736770) ran /close reason:'denied' in #jackl2667-ticket-163455 (1371597543607107656) True
INFO        2025-05-12 20:24:12.030677 EST  close_command   : Closed #jackl2667-ticket-163455 (1371597543607107656) in 1.79s by exitiummm (750077826874736770) 66
INFO        2025-05-12 20:26:02.312221 EST  on_interaction  : exitiummm (750077826874736770) ran /close reason:'we would unfortunately need a video' in #vicemans-ticket-163475 (1371632622207238285) True
INFO        2025-05-12 20:26:03.910378 EST  close_command   : Closed #vicemans-ticket-163475 (1371632622207238285) in 1.41s by exitiummm (750077826874736770) 65
INFO        2025-05-12 20:26:35.389004 EST  on_interaction  : exitiummm (750077826874736770) ran /close reason:'done pv 1' in #item-transfer (1371424376318197841) True
INFO        2025-05-12 20:26:37.130598 EST  close_command   : Closed #item-transfer (1371424376318197841) in 1.54s by exitiummm (750077826874736770) 64
INFO        2025-05-12 20:28:10.376061 EST  on_interaction  : exitiummm (750077826874736770) ran /rename name:'atomic' in #chron-query (1371516348563193916) True
INFO        2025-05-12 20:28:12.308778 EST  on_interaction  : exitiummm (750077826874736770) ran /move category:'948592775669121034' in #atomic (1371516348563193916) True
INFO        2025-05-12 20:29:10.587596 EST  on_interaction  : exitiummm (750077826874736770) ran /close reason:'pv 1' in #lootbag-amount-error (1371548731538669649) True
INFO        2025-05-12 20:29:12.136464 EST  close_command   : Closed #lootbag-amount-error (1371548731538669649) in 1.39s by exitiummm (750077826874736770) 63
INFO        2025-05-12 20:29:32.900310 EST  on_interaction  : exitiummm (750077826874736770) ran /close reason:'answered' in #voyage-skipper-concern (1371578035463000065) True
INFO        2025-05-12 20:29:34.557479 EST  close_command   : Closed #voyage-skipper-concern (1371578035463000065) in 1.49s by exitiummm (750077826874736770) 62
INFO        2025-05-12 20:29:50.827359 EST  on_interaction  : exitiummm (750077826874736770) ran /close reason:'dev is looking into, should be fixed tonight' in #pointevent-not-spawning (1371583296005472307) True
INFO        2025-05-12 20:29:52.777584 EST  close_command   : Closed #pointevent-not-spawning (1371583296005472307) in 1.75s by exitiummm (750077826874736770) 61
INFO        2025-05-12 20:32:22.813694 EST  on_interaction  : exitiummm (750077826874736770) ran /close reason:'no response' in #cadiarolls-ticket-163486 (1371643816972386386) True
INFO        2025-05-12 20:32:24.450851 EST  close_command   : Closed #cadiarolls-ticket-163486 (1371643816972386386) in 1.42s by exitiummm (750077826874736770) 61
INFO        2025-05-12 20:34:06.988504 EST  on_interaction  : exitiummm (750077826874736770) ran /close reason:'dev will fix for tonight' in #start-point-event (1371585307723431978) True
INFO        2025-05-12 20:34:09.135602 EST  close_command   : Closed #start-point-event (1371585307723431978) in 1.97s by exitiummm (750077826874736770) 60
INFO        2025-05-12 20:38:21.001844 EST  on_interaction  : exitiummm (750077826874736770) ran /close reason:'pv 1' in #balentinojiji-ticket-163464 (1371612025876123701) True
INFO        2025-05-12 20:38:22.706814 EST  close_command   : Closed #balentinojiji-ticket-163464 (1371612025876123701) in 1.45s by exitiummm (750077826874736770) 60
INFO        2025-05-12 20:42:10.087141 EST  on_interaction  : exitiummm (750077826874736770) ran /close reason:'going to have him ss'd' in #cadiarolls-ticket-163487 (1371643887310995546) True
INFO        2025-05-12 20:42:11.757364 EST  close_command   : Closed #cadiarolls-ticket-163487 (1371643887310995546) in 1.45s by exitiummm (750077826874736770) 60
INFO        2025-05-12 20:49:51.883565 EST  on_interaction  : exitiummm (750077826874736770) ran /close reason:'rolledback' in #possible-inside (1371555128439738420) True
INFO        2025-05-12 20:49:53.666719 EST  close_command   : Closed #possible-inside (1371555128439738420) in 1.57s by exitiummm (750077826874736770) 59
INFO        2025-05-12 20:52:47.810525 EST  on_interaction  : exitiummm (750077826874736770) ran /close reason:'accepted' in #chnke-ticket-163402 (1371556695641424065) True
INFO        2025-05-12 20:52:50.626636 EST  close_command   : Closed #chnke-ticket-163402 (1371556695641424065) in 2.63s by exitiummm (750077826874736770) 58
INFO        2025-05-12 20:54:03.425688 EST  on_interaction  : exitiummm (750077826874736770) ran /close reason:'accepted' in #incoherentmess_-ticket-163451 (1371588489786691856) True
INFO        2025-05-12 20:54:04.939018 EST  close_command   : Closed #incoherentmess_-ticket-163451 (1371588489786691856) in 1.33s by exitiummm (750077826874736770) 58
INFO        2025-05-12 20:56:15.729744 EST  on_interaction  : legendsarising (958225180604370945) ran /close reason:'answered' in #vicemans-ticket-163490 (1371648677982113863) True
INFO        2025-05-12 20:56:17.703438 EST  close_command   : Closed #vicemans-ticket-163490 (1371648677982113863) in 1.79s by legendsarising (958225180604370945) 57
INFO        2025-05-12 20:56:35.066386 EST  on_interaction  : legendsarising (958225180604370945) ran /close reason:'denied' in #chugcannon-ticket-163488 (1371645884525314159) True
INFO        2025-05-12 20:56:36.894957 EST  close_command   : Closed #chugcannon-ticket-163488 (1371645884525314159) in 1.61s by legendsarising (958225180604370945) 56
INFO        2025-05-12 20:57:57.541259 EST  on_interaction  : legendsarising (958225180604370945) ran /close reason:'player said its fixed' in #polotravis-ticket-163483 (1371643210157392032) True
INFO        2025-05-12 20:57:59.526230 EST  close_command   : Closed #polotravis-ticket-163483 (1371643210157392032) in 1.83s by legendsarising (958225180604370945) 55
INFO        2025-05-12 20:59:31.057326 EST  on_interaction  : legendsarising (958225180604370945) ran /close reason:'unbanned for botd' in #938747-ticket-163422 (1371569864325599233) True
INFO        2025-05-12 20:59:33.128547 EST  close_command   : Closed #938747-ticket-163422 (1371569864325599233) in 1.87s by legendsarising (958225180604370945) 54
INFO        2025-05-12 21:02:15.377207 EST  on_interaction  : legendsarising (958225180604370945) ran /close reason:'answered' in #loveinthesea-ticket-163477 (1371634408452264086) True
INFO        2025-05-12 21:02:17.509902 EST  close_command   : Closed #loveinthesea-ticket-163477 (1371634408452264086) in 1.94s by legendsarising (958225180604370945) 53
INFO        2025-05-12 21:04:46.852398 EST  on_interaction  : legendsarising (958225180604370945) ran /close reason:'answered' in #sevdali2309-ticket-163489 (1371647573739438181) True
INFO        2025-05-12 21:04:48.508089 EST  close_command   : Closed #sevdali2309-ticket-163489 (1371647573739438181) in 1.47s by legendsarising (958225180604370945) 52
INFO        2025-05-12 21:07:05.268386 EST  on_interaction  : legendsarising (958225180604370945) ran /close reason:'answered' in #slyy2-ticket-163481 (1371639885768691722) True
INFO        2025-05-12 21:07:06.919575 EST  close_command   : Closed #slyy2-ticket-163481 (1371639885768691722) in 1.44s by legendsarising (958225180604370945) 52
INFO        2025-05-12 21:53:02.078293 EST  on_interaction  : rolith (399760511706726400) ran /close reason:'answered' in #azuzne-ticket-163480 (1371639086250721310) True
INFO        2025-05-12 21:53:04.546807 EST  close_command   : Closed #azuzne-ticket-163480 (1371639086250721310) in 2.27s by rolith (399760511706726400) 58
INFO        2025-05-12 21:59:19.142243 EST  on_interaction  : imwoods_ (185139317516009473) ran /close reason:'denied' in #fahdesx-ticket-163497 (1371660467273207848) True
INFO        2025-05-12 21:59:21.211185 EST  close_command   : Closed #fahdesx-ticket-163497 (1371660467273207848) in 1.73s by imwoods_ (185139317516009473) 57
INFO        2025-05-12 21:59:48.963400 EST  on_interaction  : imwoods_ (185139317516009473) ran /close reason:'denied' in #jonathan2003-ticket-163493 (1371655314205835314) True
INFO        2025-05-12 21:59:50.610300 EST  close_command   : Closed #jonathan2003-ticket-163493 (1371655314205835314) in 1.46s by imwoods_ (185139317516009473) 56
INFO        2025-05-12 22:00:56.866149 EST  on_interaction  : imwoods_ (185139317516009473) ran /close reason:'transferred' in #briitt-ticket-163499 (1371665003488346143) True
INFO        2025-05-12 22:00:58.861710 EST  close_command   : Closed #briitt-ticket-163499 (1371665003488346143) in 1.76s by imwoods_ (185139317516009473) 56
INFO        2025-05-12 22:02:48.864337 EST  on_interaction  : imwoods_ (185139317516009473) ran /close reason:'pv 1' in #vodkalol69-ticket-163498 (1371661061178003457) True
INFO        2025-05-12 22:02:50.866116 EST  close_command   : Closed #vodkalol69-ticket-163498 (1371661061178003457) in 1.84s by imwoods_ (185139317516009473) 56
INFO        2025-05-12 22:08:33.682724 EST  on_interaction  : imwoods_ (185139317516009473) ran /ticket-logs user:'712815605488680971' in #woods (1371584477431726202) True
INFO        2025-05-12 22:13:28.303566 EST  on_interaction  : imwoods_ (185139317516009473) ran /close reason:'pv 1' in #vodkalol69-ticket-163502 (1371671075716595765) True
INFO        2025-05-12 22:13:29.779191 EST  close_command   : Closed #vodkalol69-ticket-163502 (1371671075716595765) in 1.26s by imwoods_ (185139317516009473) 56
INFO        2025-05-12 22:28:44.446726 EST  on_interaction  : imwoods_ (185139317516009473) ran /close reason:'pv 3' in #rolith-tourney-winner (1371553987836248206) True
INFO        2025-05-12 22:28:46.138906 EST  close_command   : Closed #rolith-tourney-winner (1371553987836248206) in 1.47s by imwoods_ (185139317516009473) 57
INFO        2025-05-12 22:30:23.828315 EST  on_interaction  : rolith (399760511706726400) ran /close reason:'answered' in #blue1885-ticket-163491 (1371651399120584865) True
INFO        2025-05-12 22:30:25.580796 EST  close_command   : Closed #blue1885-ticket-163491 (1371651399120584865) in 1.55s by rolith (399760511706726400) 58
INFO        2025-05-12 22:31:21.200775 EST  on_interaction  : rolith (399760511706726400) ran /close reason:'I'm looking at your logs and it was 100% valid' in #jonathan2003-ticket-163501 (1371668522530373744) True
INFO        2025-05-12 22:31:22.702746 EST  close_command   : Closed #jonathan2003-ticket-163501 (1371668522530373744) in 1.36s by rolith (399760511706726400) 58
INFO        2025-05-12 22:31:44.418820 EST  on_interaction  : rolith (399760511706726400) ran /close reason:'150m note' in #ppuggy-ticket-163505 (1371675618323988500) True
INFO        2025-05-12 22:31:46.303692 EST  close_command   : Closed #ppuggy-ticket-163505 (1371675618323988500) in 1.68s by rolith (399760511706726400) 57
INFO        2025-05-12 22:32:47.282132 EST  on_interaction  : rolith (399760511706726400) ran /close reason:'answered' in #briitt-ticket-163504 (1371673400518639657) True
INFO        2025-05-12 22:32:49.327616 EST  close_command   : Closed #briitt-ticket-163504 (1371673400518639657) in 1.86s by rolith (399760511706726400) 57
INFO        2025-05-12 22:33:02.690899 EST  on_interaction  : itssfearless (469543931533852684) ran /rename name:'leader transfer' in #sweatybomb-ticket-163506 (1371675710644551792) True
INFO        2025-05-12 22:34:19.025107 EST  on_interaction  : rolith (399760511706726400) ran /close reason:'answered' in #overworld5217-ticket-163494 (1371656552876085290) True
INFO        2025-05-12 22:34:21.002762 EST  close_command   : Closed #overworld5217-ticket-163494 (1371656552876085290) in 1.79s by rolith (399760511706726400) 57
INFO        2025-05-12 22:39:36.139346 EST  on_interaction  : rolith (399760511706726400) ran /close reason:'answered' in #briitt-ticket-163510 (1371677258091200634) True
INFO        2025-05-12 22:39:37.681609 EST  close_command   : Closed #briitt-ticket-163510 (1371677258091200634) in 1.35s by rolith (399760511706726400) 58
INFO        2025-05-12 22:40:57.149108 EST  on_interaction  : itssfearless (469543931533852684) ran /close reason:'unneeded ticket' in #leader-transfer (1371675710644551792) True
INFO        2025-05-12 22:40:59.859690 EST  close_command   : Closed #leader-transfer (1371675710644551792) in 1.45s by itssfearless (469543931533852684) 59
INFO        2025-05-12 22:56:47.095242 EST  on_interaction  : imwoods_ (185139317516009473) ran /close reason:'denied, again' in #fahdesx-ticket-163509 (1371676645374558308) True
INFO        2025-05-12 22:56:54.164124 EST  close_command   : Closed #fahdesx-ticket-163509 (1371676645374558308) in 6.89s by imwoods_ (185139317516009473) 59
INFO        2025-05-12 23:07:47.017929 EST  on_interaction  : rolith (399760511706726400) ran /close reason:'pv 1' in #briitt-ticket-163513 (1371678415526166528) True
INFO        2025-05-12 23:07:48.399241 EST  close_command   : Closed #briitt-ticket-163513 (1371678415526166528) in 1.19s by rolith (399760511706726400) 59
INFO        2025-05-12 23:10:17.672011 EST  on_interaction  : rolith (399760511706726400) ran /close reason:'answered' in #jonathan2003-ticket-163508 (1371676292323348631) True
INFO        2025-05-12 23:10:19.088075 EST  close_command   : Closed #jonathan2003-ticket-163508 (1371676292323348631) in 1.22s by rolith (399760511706726400) 58
INFO        2025-05-12 23:11:56.640524 EST  on_interaction  : rolith (399760511706726400) ran /close reason:'PLAYER REQUESTED' in #ericzx-ticket-163514 (1371678649031589930) True
INFO        2025-05-12 23:11:58.807581 EST  close_command   : Closed #ericzx-ticket-163514 (1371678649031589930) in 1.98s by rolith (399760511706726400) 57
INFO        2025-05-12 23:12:31.207287 EST  on_interaction  : rolith (399760511706726400) ran /close reason:'intentional' in #br-and-godly-br-issue (1371568461377048747) True
INFO        2025-05-12 23:12:33.271940 EST  close_command   : Closed #br-and-godly-br-issue (1371568461377048747) in 1.89s by rolith (399760511706726400) 56
INFO        2025-05-12 23:20:19.448302 EST  on_interaction  : exitiummm (750077826874736770) ran /close reason:'pv 1' in #discord-giveaway-winner (1371537364941410435) True
INFO        2025-05-12 23:20:21.226908 EST  close_command   : Closed #discord-giveaway-winner (1371537364941410435) in 1.63s by exitiummm (750077826874736770) 56
INFO        2025-05-12 23:20:22.067457 EST  on_interaction  : thegenerous (198263506313805824) ran /private in #thegenerous-ticket-163516 (1371688398531592242) True
INFO        2025-05-12 23:40:05.674075 EST  on_interaction  : rolith (399760511706726400) ran /close reason:'answered' in #eoka-ticket-163515 (1371684534919106682) True
INFO        2025-05-12 23:40:07.460276 EST  close_command   : Closed #eoka-ticket-163515 (1371684534919106682) in 1.58s by rolith (399760511706726400) 56
INFO        2025-05-12 23:42:57.894357 EST  on_interaction  : exitiummm (750077826874736770) ran /close reason:'accepted' in #incoherentmess_-ticket-163492 (1371654712570417223) True
INFO        2025-05-12 23:42:59.594964 EST  close_command   : Closed #incoherentmess_-ticket-163492 (1371654712570417223) in 1.5s by exitiummm (750077826874736770) 55
INFO        2025-05-12 23:44:24.744664 EST  on_interaction  : rolith (399760511706726400) ran /close reason:'we will need to ss' in #klashofklans-ticket-163469 (1371617004552720405) True
INFO        2025-05-12 23:44:26.642538 EST  close_command   : Closed #klashofklans-ticket-163469 (1371617004552720405) in 1.76s by rolith (399760511706726400) 55
INFO        2025-05-12 23:44:38.276125 EST  on_interaction  : exitiummm (750077826874736770) ran /close reason:'player request' in #hello14142-ticket-163512 (1371678279970590864) True
INFO        2025-05-12 23:44:39.875780 EST  close_command   : Closed #hello14142-ticket-163512 (1371678279970590864) in 1.47s by exitiummm (750077826874736770) 54
INFO        2025-05-12 23:45:11.297873 EST  on_interaction  : thegenerous (198263506313805824) ran /rename name:'collection-chest-suggestion' in #eupm-ticket-163518 (1371694369177993256) True
INFO        2025-05-12 23:53:27.249075 EST  on_interaction  : exitiummm (750077826874736770) ran /move category:'948592775669121034' in #console-clients-banned (1371609194381181130) True
INFO        2025-05-12 23:54:26.663196 EST  on_interaction  : exitiummm (750077826874736770) ran /close reason:'answered' in #d2_rappy-ticket-163386 (1371543408358854828) True
INFO        2025-05-12 23:54:28.403529 EST  close_command   : Closed #d2_rappy-ticket-163386 (1371543408358854828) in 1.55s by exitiummm (750077826874736770) 53
INFO        2025-05-12 23:55:17.269525 EST  on_interaction  : exitiummm (750077826874736770) ran /close reason:'m0reli  isn't even leader' in #leader-transfer (1371618463600218122) True
INFO        2025-05-12 23:55:19.430932 EST  close_command   : Closed #leader-transfer (1371618463600218122) in 1.97s by exitiummm (750077826874736770) 52
INFO        2025-05-12 23:55:32.772585 EST  on_interaction  : exitiummm (750077826874736770) ran /close reason:'answered' in #ronron100-ticket-163484 (1371643279094976583) True
INFO        2025-05-12 23:55:34.672739 EST  close_command   : Closed #ronron100-ticket-163484 (1371643279094976583) in 1.73s by exitiummm (750077826874736770) 51
INFO        2025-05-12 23:55:48.425194 EST  on_interaction  : exitiummm (750077826874736770) ran /close reason:'not allowed' in #938747-ticket-163500 (1371668296289620049) True
INFO        2025-05-12 23:55:49.746726 EST  close_command   : Closed #938747-ticket-163500 (1371668296289620049) in 1.18s by exitiummm (750077826874736770) 50
INFO        2025-05-12 23:56:13.177684 EST  on_interaction  : exitiummm (750077826874736770) ran /close reason:'answered' in #938747-ticket-163503 (1371672298029056241) True
INFO        2025-05-12 23:56:14.741858 EST  close_command   : Closed #938747-ticket-163503 (1371672298029056241) in 1.41s by exitiummm (750077826874736770) 49
INFO        2025-05-13 00:03:22.570516 EST  on_interaction  : exitiummm (750077826874736770) ran /close reason:'there is a ticket open about this' in #jacomaa-ticket-163357 (1371500473084936326) True
INFO        2025-05-13 00:03:24.431735 EST  close_command   : Closed #jacomaa-ticket-163357 (1371500473084936326) in 1.67s by exitiummm (750077826874736770) 48
INFO        2025-05-13 00:03:33.236915 EST  on_interaction  : exitiummm (750077826874736770) ran /close reason:'closing this' in #huntertowavey-ticket-163482 (1371642531636445254) True
INFO        2025-05-13 00:03:35.029778 EST  close_command   : Closed #huntertowavey-ticket-163482 (1371642531636445254) in 1.64s by exitiummm (750077826874736770) 47
INFO        2025-05-13 00:06:30.068233 EST  on_interaction  : thegenerous (198263506313805824) ran /close reason:'ticket no longer needed' in #thegenerous-ticket-163516 (1371688398531592242) True
INFO        2025-05-13 00:06:31.673674 EST  close_command   : Closed #thegenerous-ticket-163516 (1371688398531592242) in 1.42s by thegenerous (198263506313805824) 46
INFO        2025-05-13 00:17:41.001004 EST  on_interaction  : exitiummm (750077826874736770) ran /close reason:'accepted and chest rolled back' in #huntertowavey-ticket-163445 (1371584233344208947) True
INFO        2025-05-13 00:17:42.897030 EST  close_command   : Closed #huntertowavey-ticket-163445 (1371584233344208947) in 1.68s by exitiummm (750077826874736770) 45
INFO        2025-05-13 00:21:26.030194 EST  on_interaction  : exitiummm (750077826874736770) ran /close reason:'accepted' in #imponent-ticket-163430 (1371576287470293012) True
INFO        2025-05-13 00:21:27.651797 EST  close_command   : Closed #imponent-ticket-163430 (1371576287470293012) in 1.4s by exitiummm (750077826874736770) 44
INFO        2025-05-13 00:25:28.214901 EST  on_interaction  : thegenerous (198263506313805824) ran /rename name:'spawn-raid-event' in #ericzx-ticket-163519 (1371704676281749505) True
INFO        2025-05-13 00:30:48.557411 EST  on_interaction  : exitiummm (750077826874736770) ran /close reason:'answered' in #d2_rappy-ticket-163395 (1371550522502549524) True
INFO        2025-05-13 00:30:50.093384 EST  close_command   : Closed #d2_rappy-ticket-163395 (1371550522502549524) in 1.4s by exitiummm (750077826874736770) 45
INFO        2025-05-13 00:31:05.052515 EST  on_interaction  : thegenerous (198263506313805824) ran /rename name:'lost-conquest-buff' in #cake2004-ticket-163520 (1371706155335680020) True
INFO        2025-05-13 00:38:23.011771 EST  on_interaction  : exitiummm (750077826874736770) ran /close reason:'pv 1' in #omniscient667-ticket-163463 (1371611539462815746) True
INFO        2025-05-13 00:38:24.605726 EST  close_command   : Closed #omniscient667-ticket-163463 (1371611539462815746) in 1.45s by exitiummm (750077826874736770) 46
INFO        2025-05-13 00:40:55.198603 EST  on_interaction  : exitiummm (750077826874736770) ran /close reason:'pv 1' in #skellle24-ticket-163454 (1371597361536700580) True
INFO        2025-05-13 00:40:56.925432 EST  close_command   : Closed #skellle24-ticket-163454 (1371597361536700580) in 1.49s by exitiummm (750077826874736770) 45
INFO        2025-05-13 00:42:03.167837 EST  on_interaction  : exitiummm (750077826874736770) ran /close reason:'denied' in #wasaaa-ticket-163418 (1371567340478533652) True
INFO        2025-05-13 00:42:05.068062 EST  close_command   : Closed #wasaaa-ticket-163418 (1371567340478533652) in 1.71s by exitiummm (750077826874736770) 44
INFO        2025-05-13 00:54:52.630488 EST  on_interaction  : rolith (399760511706726400) ran /close reason:'raidevent started' in #spawn-raid-event (1371704676281749505) True
INFO        2025-05-13 00:54:54.060254 EST  close_command   : Closed #spawn-raid-event (1371704676281749505) in 1.25s by rolith (399760511706726400) 44
INFO        2025-05-13 00:55:09.017685 EST  on_interaction  : rolith (399760511706726400) ran /close reason:'given back' in #lost-conquest-buff (1371706155335680020) True
INFO        2025-05-13 00:55:10.365264 EST  close_command   : Closed #lost-conquest-buff (1371706155335680020) in 1.17s by rolith (399760511706726400) 43
INFO        2025-05-13 01:02:52.322659 EST  on_interaction  : rolith (399760511706726400) ran /close reason:'make a suggestion post for it' in #collection-chest-suggestion (1371694369177993256) True
INFO        2025-05-13 01:02:53.884527 EST  close_command   : Closed #collection-chest-suggestion (1371694369177993256) in 1.39s by rolith (399760511706726400) 42
INFO        2025-05-13 01:09:26.888562 EST  on_interaction  : thegenerous (198263506313805824) ran /close reason:'requested' in #cake2004-ticket-163527 (1371715675546058814) True
INFO        2025-05-13 01:09:28.688194 EST  close_command   : Closed #cake2004-ticket-163527 (1371715675546058814) in 1.63s by thegenerous (198263506313805824) 45
INFO        2025-05-13 01:10:30.598047 EST  on_interaction  : thegenerous (198263506313805824) ran /rename name:'dupe-concern' in #declandmc-ticket-163525 (1371715597972541480) True
INFO        2025-05-13 01:10:37.306653 EST  on_interaction  : thegenerous (198263506313805824) ran /rename name:'dupe-concern' in #cake2004-ticket-163526 (1371715641668534323) True
INFO        2025-05-13 01:12:05.027946 EST  on_interaction  : thegenerous (198263506313805824) ran /rename name:'dupe-concern' in #96266-ticket-163528 (1371715962100776960) True
INFO        2025-05-13 01:13:46.208881 EST  on_interaction  : thegenerous (198263506313805824) ran /close reason:'the situation is being handled by admins currently' in #eupm-ticket-163532 (1371716815906148422) True
INFO        2025-05-13 01:13:47.661465 EST  close_command   : Closed #eupm-ticket-163532 (1371716815906148422) in 1.24s by thegenerous (198263506313805824) 49
INFO        2025-05-13 01:14:04.965715 EST  on_interaction  : thegenerous (198263506313805824) ran /close reason:'we are aware of the situation, admins are currently handling it, thanks for reporting.' in #dupe-concern (1371715962100776960) True
INFO        2025-05-13 01:14:06.566712 EST  close_command   : Closed #dupe-concern (1371715962100776960) in 1.35s by thegenerous (198263506313805824) 48
INFO        2025-05-13 01:16:43.162964 EST  on_interaction  : thegenerous (198263506313805824) ran /rename name:'dupe-concern' in #96266-ticket-163533 (1371717277552214058) True
INFO        2025-05-13 01:16:48.239759 EST  on_interaction  : rolith (399760511706726400) ran /close reason:'we are dealing with, thank you for the report' in #dupe-concern (1371715597972541480) True
INFO        2025-05-13 01:16:49.831901 EST  close_command   : Closed #dupe-concern (1371715597972541480) in 1.45s by rolith (399760511706726400) 48
INFO        2025-05-13 01:16:54.785199 EST  on_interaction  : rolith (399760511706726400) ran /close reason:'we are dealing with, thank you for the report' in #dupe-concern (1371715641668534323) True
INFO        2025-05-13 01:16:56.149332 EST  close_command   : Closed #dupe-concern (1371715641668534323) in 1.23s by rolith (399760511706726400) 47
INFO        2025-05-13 01:17:01.075591 EST  on_interaction  : rolith (399760511706726400) ran /close reason:'we are dealing with, thank you for the report' in #dupe-concern (1371717277552214058) True
INFO        2025-05-13 01:17:02.542538 EST  close_command   : Closed #dupe-concern (1371717277552214058) in 1.29s by rolith (399760511706726400) 46
INFO        2025-05-13 01:24:40.131599 EST  on_interaction  : confrontable (544952418178301974) ran /move category:'1009882045901721720' in #sevdali2309-ticket-163495 (1371657151562645524) True
INFO        2025-05-13 01:26:59.263252 EST  on_interaction  : thegenerous (198263506313805824) ran /close reason:'answered' in #_mrzod_-ticket-163535 (1371719894017773698) True
INFO        2025-05-13 01:27:01.016985 EST  close_command   : Closed #_mrzod_-ticket-163535 (1371719894017773698) in 1.6s by thegenerous (198263506313805824) 47
INFO        2025-05-13 01:29:44.586948 EST  on_interaction  : rolith (399760511706726400) ran /close reason:'we are aware, thank you for the report though we appreciate' in #praisedababy-ticket-163524 (1371714522351669288) True
INFO        2025-05-13 01:29:46.984823 EST  close_command   : Closed #praisedababy-ticket-163524 (1371714522351669288) in 2.25s by rolith (399760511706726400) 47
INFO        2025-05-13 01:33:12.599166 EST  on_interaction  : rolith (399760511706726400) ran /close reason:'ngl I don't think it will be possible' in #cake2004-ticket-163536 (1371721025703903363) True
INFO        2025-05-13 01:33:14.315034 EST  close_command   : Closed #cake2004-ticket-163536 (1371721025703903363) in 1.51s by rolith (399760511706726400) 46
INFO        2025-05-13 01:35:50.747475 EST  on_interaction  : m6rk (229691828650246145) ran /close reason:'answered' in #alexrcasi-ticket-163425 (1371570148485632001) True
INFO        2025-05-13 01:35:52.415562 EST  close_command   : Closed #alexrcasi-ticket-163425 (1371570148485632001) in 1.43s by m6rk (229691828650246145) 45
INFO        2025-05-13 01:50:33.726468 EST  on_interaction  : exitiummm (750077826874736770) ran /private in #eoka-ticket-163517 (1371692825087053826) True
INFO        2025-05-13 01:51:43.106119 EST  on_interaction  : confrontable (544952418178301974) ran /rename name:'compromised account check' in #jordannet-ticket-163534 (1371719833074401320) True
INFO        2025-05-13 01:51:46.241969 EST  on_interaction  : confrontable (544952418178301974) ran /private in #compromised-account-check (1371719833074401320) True
INFO        2025-05-13 02:09:58.532931 EST  on_interaction  : pizzamuncher2132 (1066050892203315342) ran /close reason:'answered' in #originalkenzy-ticket-163346 (1371469046138011758) True
INFO        2025-05-13 02:10:00.542394 EST  close_command   : Closed #originalkenzy-ticket-163346 (1371469046138011758) in 1.84s by pizzamuncher2132 (1066050892203315342) 45
INFO        2025-05-13 02:13:53.727352 EST  on_interaction  : pizzamuncher2132 (1066050892203315342) ran /close reason:'items in ec' in #dracothe-ticket-163479 (1371636885780299786) True
INFO        2025-05-13 02:13:55.213460 EST  close_command   : Closed #dracothe-ticket-163479 (1371636885780299786) in 1.31s by pizzamuncher2132 (1066050892203315342) 44
INFO        2025-05-13 02:30:09.887991 EST  on_interaction  : xinkuu (901608730452426782) ran /close reason:'ty alot' in #sweatybomb-ticket-163537 (1371730898470567936) True
INFO        2025-05-13 02:30:11.607599 EST  close_command   : Closed #sweatybomb-ticket-163537 (1371730898470567936) in 1.54s by xinkuu (901608730452426782) 43
INFO        2025-05-13 03:12:40.461456 EST  on_interaction  : pizzamuncher2132 (1066050892203315342) ran /close reason:'player unbanned now' in #yaribi-ticket-163496 (1371660056193663108) True
INFO        2025-05-13 03:12:42.292973 EST  close_command   : Closed #yaribi-ticket-163496 (1371660056193663108) in 1.66s by pizzamuncher2132 (1066050892203315342) 45
INFO        2025-05-13 03:24:00.465671 EST  on_interaction  : m6rk (229691828650246145) ran /close reason:'answered' in #revival2279-ticket-163538 (1371743661519405106) True
INFO        2025-05-13 03:24:02.413625 EST  close_command   : Closed #revival2279-ticket-163538 (1371743661519405106) in 1.72s by m6rk (229691828650246145) 45
INFO        2025-05-13 03:53:13.763392 EST  on_interaction  : rolith (399760511706726400) ran /close reason:'resolved' in #itsmetwizzy-ticket-163530 (1371716104354791454) True
INFO        2025-05-13 03:53:15.640737 EST  close_command   : Closed #itsmetwizzy-ticket-163530 (1371716104354791454) in 1.68s by rolith (399760511706726400) 45
INFO        2025-05-13 04:04:25.895925 EST  on_interaction  : rolith (399760511706726400) ran /close reason:'unfortunately no' in #cake2004-ticket-163543 (1371759609542606958) True
INFO        2025-05-13 04:04:27.814777 EST  close_command   : Closed #cake2004-ticket-163543 (1371759609542606958) in 1.65s by rolith (399760511706726400) 45
INFO        2025-05-13 04:32:01.027587 EST  on_interaction  : sipx (542834884683497472) ran /close reason:'answered; you're good' in #tvax-ticket-163547 (1371763141679255623) True
INFO        2025-05-13 04:32:03.793215 EST  close_command   : Closed #tvax-ticket-163547 (1371763141679255623) in 2.59s by sipx (542834884683497472) 52
INFO        2025-05-13 04:38:30.382264 EST  on_interaction  : confrontable (544952418178301974) ran /close reason:'requested' in #empirehangout-ticket-163546 (1371762166679474189) True
INFO        2025-05-13 04:38:32.203686 EST  close_command   : Closed #empirehangout-ticket-163546 (1371762166679474189) in 1.66s by confrontable (544952418178301974) 52
INFO        2025-05-13 04:38:49.366032 EST  on_interaction  : confrontable (544952418178301974) ran /rename name:'leader transfer' in #eupm-ticket-163548 (1371764671744311396) True
INFO        2025-05-13 04:38:59.321668 EST  on_interaction  : confrontable (544952418178301974) ran /rename name:'leader transfer' in #pro_wombat-ticket-163549 (1371764876481134603) True
INFO        2025-05-13 04:39:09.985904 EST  on_interaction  : confrontable (544952418178301974) ran /rename name:'leader transfer' in #xdsn0w-ticket-163551 (1371765784258412644) True
INFO        2025-05-13 04:39:30.071479 EST  on_interaction  : confrontable (544952418178301974) ran /rename name:'rollback question' in #qdavid69-ticket-163552 (1371768468097073172) True
INFO        2025-05-13 04:39:59.747499 EST  on_interaction  : confrontable (544952418178301974) ran /rename name:'fund question' in #hell9pokatoa-ticket-163544 (1371762001470160916) True
INFO        2025-05-13 04:46:42.433017 EST  on_interaction  : confrontable (544952418178301974) ran /rename name:'leader transfer' in #coones-ticket-163553 (1371770498630946916) True
INFO        2025-05-13 05:01:41.427456 EST  on_interaction  : llama_xd (200543436749668352) ran /private in #shiverer-ticket-163556 (1371774124493377598) True
INFO        2025-05-13 05:19:54.719008 EST  on_interaction  : confrontable (544952418178301974) ran /rename name:'leader transfer' in #xnv280-ticket-163558 (1371778047250010173) True
INFO        2025-05-13 05:20:44.640800 EST  on_interaction  : confrontable (544952418178301974) ran /rename name:'missing rewards' in #hoodturtle-ticket-163559 (1371778233909121075) True
INFO        2025-05-13 05:42:43.739947 EST  on_interaction  : llama_xd (200543436749668352) ran /ticket-logs user:'1346616742067044403' in #𝖲𝗍𝖺𝖿𝖿-𝖢𝗈𝗆𝗆𝖺𝗇𝖽𝗌 (918905638464127016) True
INFO        2025-05-13 05:42:55.551610 EST  on_interaction  : llama_xd (200543436749668352) ran /close reason:'already denied' in #daveyisme-ticket-163562 (1371784145914560535) True
INFO        2025-05-13 05:42:57.669382 EST  close_command   : Closed #daveyisme-ticket-163562 (1371784145914560535) in 1.96s by llama_xd (200543436749668352) 61
INFO        2025-05-13 05:43:51.954273 EST  on_interaction  : llama_xd (200543436749668352) ran /close reason:'already denied' in #loggings-ticket-163541 (1371748586269704352) True
INFO        2025-05-13 05:43:54.023948 EST  close_command   : Closed #loggings-ticket-163541 (1371748586269704352) in 1.87s by llama_xd (200543436749668352) 60
INFO        2025-05-13 05:45:44.328885 EST  on_interaction  : llama_xd (200543436749668352) ran /rename name:'pointevents' in #criplin-ticket-163563 (1371785134646497321) True
INFO        2025-05-13 05:46:24.988314 EST  on_interaction  : xinkuu (901608730452426782) ran /close reason:'answered' in #ronron100-ticket-163560 (1371781256664059946) True
INFO        2025-05-13 05:46:27.339231 EST  close_command   : Closed #ronron100-ticket-163560 (1371781256664059946) in 2.17s by xinkuu (901608730452426782) 60
INFO        2025-05-13 05:47:52.861098 EST  on_interaction  : xinkuu (901608730452426782) ran /close reason:'answered' in #halalalawalalala-ticket-163521 (1371707970559410247) True
INFO        2025-05-13 05:47:54.315646 EST  close_command   : Closed #halalalawalalala-ticket-163521 (1371707970559410247) in 1.25s by xinkuu (901608730452426782) 59
INFO        2025-05-13 05:48:16.819770 EST  on_interaction  : xinkuu (901608730452426782) ran /close reason:'answered' in #xn1k3-ticket-163555 (1371772140092915732) True
INFO        2025-05-13 05:48:20.009616 EST  on_interaction  : llama_xd (200543436749668352) ran /close reason:'denied see transcript' in #tilable-ticket-163561 (1371782520286478416) True
INFO        2025-05-13 05:48:20.305877 EST  close_command   : Closed #xn1k3-ticket-163555 (1371772140092915732) in 3.28s by xinkuu (901608730452426782) 58
INFO        2025-05-13 05:48:21.930387 EST  close_command   : Closed #tilable-ticket-163561 (1371782520286478416) in 1.77s by llama_xd (200543436749668352) 57
INFO        2025-05-13 05:48:59.242184 EST  on_interaction  : llama_xd (200543436749668352) ran /close reason:'leader is online and not afk' in #leader-transfer (1371778047250010173) True
INFO        2025-05-13 05:49:01.159985 EST  close_command   : Closed #leader-transfer (1371778047250010173) in 1.69s by llama_xd (200543436749668352) 56
INFO        2025-05-13 05:49:26.479975 EST  on_interaction  : llama_xd (200543436749668352) ran /rename name:'maintenence query' in #wuasaaa12-ticket-163554 (1371771988066046024) True
INFO        2025-05-13 05:51:50.115278 EST  on_interaction  : llama_xd (200543436749668352) ran /close reason:'see transcript' in #leader-transfer (1371764876481134603) True
INFO        2025-05-13 05:51:51.963025 EST  close_command   : Closed #leader-transfer (1371764876481134603) in 1.69s by llama_xd (200543436749668352) 56
INFO        2025-05-13 06:04:40.048435 EST  on_interaction  : xinkuu (901608730452426782) ran /close reason:'answered' in #coones-ticket-163459 (1371600876338413678) True
INFO        2025-05-13 06:04:42.965677 EST  close_command   : Closed #coones-ticket-163459 (1371600876338413678) in 2.68s by xinkuu (901608730452426782) 56
INFO        2025-05-13 06:05:37.098108 EST  on_interaction  : xinkuu (901608730452426782) ran /close reason:'answered/denied' in #fahdesx-ticket-163542 (1371750031115423797) True
INFO        2025-05-13 06:05:38.869221 EST  close_command   : Closed #fahdesx-ticket-163542 (1371750031115423797) in 1.6s by xinkuu (901608730452426782) 55
INFO        2025-05-13 06:20:08.576200 EST  on_interaction  : confrontable (544952418178301974) ran /rename name:'counter punishment' in #koodamundra-ticket-163566 (1371791083318804612) True
INFO        2025-05-13 06:20:59.308897 EST  on_interaction  : confrontable (544952418178301974) ran /rename name:'stuck in end' in #yahoodle-ticket-163570 (1371793974477721722) True
INFO        2025-05-13 06:21:57.002294 EST  on_interaction  : confrontable (544952418178301974) ran /rename name:'rollback refund' in #shikamar-ticket-163568 (1371791565206589502) True
INFO        2025-05-13 06:23:51.242625 EST  on_interaction  : confrontable (544952418178301974) ran /close reason:'resolved' in #stuck-in-end (1371793974477721722) True
INFO        2025-05-13 06:23:53.061935 EST  close_command   : Closed #stuck-in-end (1371793974477721722) in 1.65s by confrontable (544952418178301974) 60
INFO        2025-05-13 06:24:16.456805 EST  on_interaction  : confrontable (544952418178301974) ran /rename name:'lost chron progress' in #tadic021-ticket-163567 (1371791238277103689) True
INFO        2025-05-13 06:24:21.355396 EST  on_interaction  : llama_xd (200543436749668352) ran /close reason:'resolved' in #yahoodle-ticket-163569 (1371791774821126245) True
INFO        2025-05-13 06:24:22.786805 EST  close_command   : Closed #yahoodle-ticket-163569 (1371791774821126245) in 1.29s by llama_xd (200543436749668352) 59
INFO        2025-05-13 06:27:00.347144 EST  on_interaction  : confrontable (544952418178301974) ran /rename name:'rollback refund' in #96266-ticket-163565 (1371789463918743552) True
INFO        2025-05-13 06:27:52.943188 EST  on_interaction  : legendsarising (958225180604370945) ran /close reason:'answered' in #compromised-account-check (1371719833074401320) True
INFO        2025-05-13 06:27:54.440660 EST  close_command   : Closed #compromised-account-check (1371719833074401320) in 1.33s by legendsarising (958225180604370945) 58
INFO        2025-05-13 06:28:31.340533 EST  on_interaction  : legendsarising (958225180604370945) ran /close reason:'blank' in #outreached-ticket-163544 (1371762003278041089) True
INFO        2025-05-13 06:28:33.511606 EST  close_command   : Closed #outreached-ticket-163544 (1371762003278041089) in 1.95s by legendsarising (958225180604370945) 57
INFO        2025-05-13 06:46:30.533540 EST  on_interaction  : llama_xd (200543436749668352) ran /rename name:'leader transfer' in #smokica-ticket-163564 (1371786919498747927) True
INFO        2025-05-13 06:49:09.988017 EST  on_interaction  : llama_xd (200543436749668352) ran /rename name:'boss loot bug' in #coones-ticket-163571 (1371794117109223485) True
INFO        2025-05-13 06:53:37.313627 EST  on_interaction  : _matiass. (638734404402806815) ran /close reason:'Answered' in #fund-question (1371762001470160916) True
INFO        2025-05-13 06:53:39.228455 EST  close_command   : Closed #fund-question (1371762001470160916) in 1.66s by _matiass. (638734404402806815) 59
INFO        2025-05-13 06:54:15.624265 EST  on_interaction  : _matiass. (638734404402806815) ran /close reason:'Answered' in #leader-transfer (1371764671744311396) True
INFO        2025-05-13 06:54:17.461959 EST  close_command   : Closed #leader-transfer (1371764671744311396) in 1.65s by _matiass. (638734404402806815) 58
INFO        2025-05-13 06:55:48.023899 EST  on_interaction  : _matiass. (638734404402806815) ran /close reason:'Answered' in #leader-transfer (1371765784258412644) True
INFO        2025-05-13 06:55:49.660090 EST  close_command   : Closed #leader-transfer (1371765784258412644) in 1.42s by _matiass. (638734404402806815) 57
INFO        2025-05-13 06:57:25.762674 EST  on_interaction  : _matiass. (638734404402806815) ran /close reason:'Answered' in #rollback-question (1371768468097073172) True
INFO        2025-05-13 06:57:27.550858 EST  close_command   : Closed #rollback-question (1371768468097073172) in 1.6s by _matiass. (638734404402806815) 56
INFO        2025-05-13 06:58:46.441978 EST  on_interaction  : _matiass. (638734404402806815) ran /close reason:'Given' in #leader-transfer (1371770498630946916) True
INFO        2025-05-13 06:58:48.338381 EST  close_command   : Closed #leader-transfer (1371770498630946916) in 1.46s by _matiass. (638734404402806815) 55
INFO        2025-05-13 06:59:36.522089 EST  on_interaction  : _matiass. (638734404402806815) ran /close reason:'Answered' in #maintenence-query (1371771988066046024) True
INFO        2025-05-13 06:59:37.867087 EST  close_command   : Closed #maintenence-query (1371771988066046024) in 1.18s by _matiass. (638734404402806815) 54
INFO        2025-05-13 07:00:18.668180 EST  on_interaction  : _matiass. (638734404402806815) ran /close reason:'In your /pv 1' in #missing-rewards (1371778233909121075) True
INFO        2025-05-13 07:00:21.829699 EST  close_command   : Closed #missing-rewards (1371778233909121075) in 2.99s by _matiass. (638734404402806815) 53
INFO        2025-05-13 07:01:20.170525 EST  on_interaction  : _matiass. (638734404402806815) ran /close reason:'Given' in #leader-transfer (1371786919498747927) True
INFO        2025-05-13 07:01:22.162848 EST  close_command   : Closed #leader-transfer (1371786919498747927) in 1.78s by _matiass. (638734404402806815) 52
INFO        2025-05-13 07:14:38.825120 EST  on_interaction  : _matiass. (638734404402806815) ran /close reason:'Denied' in #boss-loot-bug (1371794117109223485) True
INFO        2025-05-13 07:14:40.226799 EST  close_command   : Closed #boss-loot-bug (1371794117109223485) in 1.25s by _matiass. (638734404402806815) 52
INFO        2025-05-13 07:14:49.248798 EST  on_interaction  : _matiass. (638734404402806815) ran /close reason:'Given in /pv 1' in #rollback-refund (1371789463918743552) True
INFO        2025-05-13 07:14:50.983354 EST  close_command   : Closed #rollback-refund (1371789463918743552) in 1.6s by _matiass. (638734404402806815) 51
INFO        2025-05-13 07:15:41.576898 EST  on_interaction  : _matiass. (638734404402806815) ran /close reason:'Solved' in #xdsn0w-ticket-163575 (1371805196044472392) True
INFO        2025-05-13 07:15:43.073727 EST  close_command   : Closed #xdsn0w-ticket-163575 (1371805196044472392) in 1.27s by _matiass. (638734404402806815) 50
INFO        2025-05-13 07:30:57.147015 EST  on_interaction  : _matiass. (638734404402806815) ran /close reason:'Answered' in #bannys-ticket-163572 (1371797223892848680) True
INFO        2025-05-13 07:30:58.871558 EST  close_command   : Closed #bannys-ticket-163572 (1371797223892848680) in 1.55s by _matiass. (638734404402806815) 50
INFO        2025-05-13 07:40:26.149195 EST  on_interaction  : thegenerous (198263506313805824) ran /rename name:'printer-settings' in #thewinner12-ticket-163574 (1371801479031033927) True
INFO        2025-05-13 07:48:54.892375 EST  on_interaction  : thegenerous (198263506313805824) ran /rename name:'faction-bundle' in #saup-ticket-163578 (1371815722749001900) True
INFO        2025-05-13 07:49:08.030116 EST  on_interaction  : thegenerous (198263506313805824) ran /rename name:'kingflexing' in #96266-ticket-163579 (1371816325705629747) True
INFO        2025-05-13 07:49:36.672598 EST  on_interaction  : _matiass. (638734404402806815) ran /close reason:'Given' in #faction-bundle (1371815722749001900) True
INFO        2025-05-13 07:49:38.402890 EST  close_command   : Closed #faction-bundle (1371815722749001900) in 1.57s by _matiass. (638734404402806815) 53
INFO        2025-05-13 07:49:40.800264 EST  on_interaction  : thegenerous (198263506313805824) ran /rename name:'stronghold-question' in #nrri123-ticket-163576 (1371811441480437790) True
INFO        2025-05-13 07:51:17.796354 EST  on_interaction  : _matiass. (638734404402806815) ran /close reason:'In /pv 1' in #kingflexing (1371816325705629747) True
INFO        2025-05-13 07:51:19.458575 EST  close_command   : Closed #kingflexing (1371816325705629747) in 1.42s by _matiass. (638734404402806815) 52
INFO        2025-05-13 07:53:13.269433 EST  on_interaction  : _matiass. (638734404402806815) ran /close reason:'Solved' in #teoooo-ticket-163580 (1371816452591718532) True
INFO        2025-05-13 07:53:15.280483 EST  close_command   : Closed #teoooo-ticket-163580 (1371816452591718532) in 1.81s by _matiass. (638734404402806815) 51
INFO        2025-05-13 08:00:14.986098 EST  on_interaction  : thegenerous (198263506313805824) ran /rename name:'missing-spawners' in #xn1k3-ticket-163581 (1371818586343211088) True
INFO        2025-05-13 08:01:36.149783 EST  on_interaction  : thegenerous (198263506313805824) ran /move category:'1010744614153617439' in #missing-spawners (1371818586343211088) True
INFO        2025-05-13 08:32:42.847764 EST  on_interaction  : thegenerous (198263506313805824) ran /rename name:'expedition-loottable-concern' in #da4ius_-ticket-163583 (1371824949114966157) True
INFO        2025-05-13 08:35:38.089220 EST  on_interaction  : thegenerous (198263506313805824) ran /rename name:'missing-items' in #traivon-ticket-163587 (1371827809999388692) True
INFO        2025-05-13 08:36:53.000877 EST  on_interaction  : thegenerous (198263506313805824) ran /rename name:'missing-money-rollback' in #vebh-ticket-163585 (1371826761007894679) True
INFO        2025-05-13 08:37:00.649008 EST  on_interaction  : thegenerous (198263506313805824) ran /move category:'1010744614153617439' in #missing-money-rollback (1371826761007894679) True
INFO        2025-05-13 08:37:15.834020 EST  on_interaction  : thegenerous (198263506313805824) ran /rename name:'missing-items-rollback' in #missing-items (1371827809999388692) True
INFO        2025-05-13 08:40:16.031950 EST  on_interaction  : atomicog (172531164970483712) ran /close reason:'answered' in #atomic (1371516348563193916) True
INFO        2025-05-13 08:40:18.095700 EST  close_command   : Closed #atomic (1371516348563193916) in 1.88s by atomicog (172531164970483712) 58
INFO        2025-05-13 08:42:08.813428 EST  on_interaction  : imwoods_ (185139317516009473) ran /close reason:'pv 1' in #rolith-tourney-winner (1371431084423905290) True
INFO        2025-05-13 08:42:10.658991 EST  close_command   : Closed #rolith-tourney-winner (1371431084423905290) in 1.56s by imwoods_ (185139317516009473) 57
INFO        2025-05-13 08:43:12.832343 EST  on_interaction  : thegenerous (198263506313805824) ran /close reason:'requested' in #tightened-ticket-163588 (1371828866741436447) True
INFO        2025-05-13 08:43:14.823658 EST  close_command   : Closed #tightened-ticket-163588 (1371828866741436447) in 1.81s by thegenerous (198263506313805824) 56
INFO        2025-05-13 08:44:23.891499 EST  on_interaction  : imwoods_ (185139317516009473) ran /close reason:'pv 15' in #woods (1371584477431726202) True
INFO        2025-05-13 08:44:27.164852 EST  close_command   : Closed #woods (1371584477431726202) in 3.11s by imwoods_ (185139317516009473) 55
INFO        2025-05-13 08:46:09.233934 EST  on_interaction  : _matiass. (638734404402806815) ran /close reason:'Dupe ticket' in #toxicdrxps-ticket-163589 (1371830648775512184) True
INFO        2025-05-13 08:46:10.818651 EST  close_command   : Closed #toxicdrxps-ticket-163589 (1371830648775512184) in 1.4s by _matiass. (638734404402806815) 55
INFO        2025-05-13 08:50:24.557051 EST  on_interaction  : imwoods_ (185139317516009473) ran /close reason:'denied' in #toxicdrxps-ticket-163573 (1371799531850825769) True
INFO        2025-05-13 08:50:26.354637 EST  close_command   : Closed #toxicdrxps-ticket-163573 (1371799531850825769) in 1.57s by imwoods_ (185139317516009473) 56
INFO        2025-05-13 08:50:41.106074 EST  on_interaction  : imwoods_ (185139317516009473) ran /close reason:'answered' in #toxicdrxps-ticket-163590 (1371831082294448149) True
INFO        2025-05-13 08:50:42.504111 EST  close_command   : Closed #toxicdrxps-ticket-163590 (1371831082294448149) in 1.26s by imwoods_ (185139317516009473) 55
INFO        2025-05-13 08:53:09.027013 EST  on_interaction  : imwoods_ (185139317516009473) ran /close reason:'forwarded' in #expedition-loottable-concern (1371824949114966157) True
INFO        2025-05-13 08:53:10.467304 EST  close_command   : Closed #expedition-loottable-concern (1371824949114966157) in 1.31s by imwoods_ (185139317516009473) 56
INFO        2025-05-13 09:01:36.985266 EST  on_interaction  : imwoods_ (185139317516009473) ran /close reason:'denied' in #toxicdrxps-ticket-163592 (1371832310529523783) True
INFO        2025-05-13 09:01:38.594746 EST  close_command   : Closed #toxicdrxps-ticket-163592 (1371832310529523783) in 1.38s by imwoods_ (185139317516009473) 57
INFO        2025-05-13 09:11:22.023371 EST  on_interaction  : imwoods_ (185139317516009473) ran /close reason:'answered' in #tresz_21-ticket-163595 (1371834476472172554) True
INFO        2025-05-13 09:11:24.499208 EST  close_command   : Closed #tresz_21-ticket-163595 (1371834476472172554) in 2.27s by imwoods_ (185139317516009473) 56
INFO        2025-05-13 09:12:59.100872 EST  on_interaction  : imwoods_ (185139317516009473) ran /ticket-logs user:'1081591549768507472' in #𝖠𝖽𝗆𝗂𝗇-𝖢𝗈𝗆𝗆𝖺𝗇𝖽𝗌 (918905775907291156) True
INFO        2025-05-13 09:13:22.967724 EST  on_interaction  : kos4ever (1086791650992476241) ran /rename name:'Admin+' in #jaygozo8338-ticket-163593 (1371832595997917308) True
INFO        2025-05-13 09:19:13.166832 EST  on_interaction  : legendsarising (958225180604370945) ran /close reason:'answered' in #declandmc-ticket-163539 (1371743766473343047) True
INFO        2025-05-13 09:19:14.624409 EST  close_command   : Closed #declandmc-ticket-163539 (1371743766473343047) in 1.27s by legendsarising (958225180604370945) 56
INFO        2025-05-13 09:36:31.016385 EST  on_interaction  : thegenerous (198263506313805824) ran /close reason:'answered' in #printer-settings (1371801479031033927) True
INFO        2025-05-13 09:36:34.573293 EST  close_command   : Closed #printer-settings (1371801479031033927) in 3.37s by thegenerous (198263506313805824) 56
INFO        2025-05-13 09:42:29.718253 EST  on_interaction  : _matiass. (638734404402806815) ran /close reason:'Denied' in #shxd121-ticket-163597 (1371842225759064156) True
INFO        2025-05-13 09:42:31.497925 EST  close_command   : Closed #shxd121-ticket-163597 (1371842225759064156) in 1.6s by _matiass. (638734404402806815) 55
INFO        2025-05-13 09:53:12.398885 EST  on_interaction  : thegenerous (198263506313805824) ran /close reason:'accepted' in #incoherentmess_-ticket-163599 (1371846518310699112) True
INFO        2025-05-13 09:53:14.329428 EST  close_command   : Closed #incoherentmess_-ticket-163599 (1371846518310699112) in 1.74s by thegenerous (198263506313805824) 57
INFO        2025-05-13 09:59:31.184990 EST  on_interaction  : _matiass. (638734404402806815) ran /close reason:'Solved' in #walk3d-ticket-163600 (1371847133191208960) True
INFO        2025-05-13 09:59:33.266870 EST  close_command   : Closed #walk3d-ticket-163600 (1371847133191208960) in 1.81s by _matiass. (638734404402806815) 56
INFO        2025-05-13 10:01:50.937907 EST  on_interaction  : daddy0001 (339415844411146251) ran /rename name:'missing set' in #overworld5217-ticket-163594 (1371833938175066162) True
INFO        2025-05-13 10:02:18.871783 EST  on_interaction  : daddy0001 (339415844411146251) ran /rename name:'rep points' in #danielem42-ticket-163596 (1371838866071490652) True
INFO        2025-05-13 10:09:06.465463 EST  on_interaction  : _matiass. (638734404402806815) ran /close reason:'Still denied' in #shxd121-ticket-163598 (1371845301739982900) True
INFO        2025-05-13 10:09:08.367731 EST  close_command   : Closed #shxd121-ticket-163598 (1371845301739982900) in 1.69s by _matiass. (638734404402806815) 55
INFO        2025-05-13 10:11:01.411843 EST  on_interaction  : keksmc (1193224557826412624) ran /close reason:'player punished' in #dracothe-ticket-163478 (1371636870106185788) True
INFO        2025-05-13 10:11:03.239626 EST  close_command   : Closed #dracothe-ticket-163478 (1371636870106185788) in 1.65s by keksmc (1193224557826412624) 54
INFO        2025-05-13 10:12:17.509302 EST  on_interaction  : keksmc (1193224557826412624) ran /close reason:'denied' in #44kdd-ticket-163531 (1371716256016760964) True
INFO        2025-05-13 10:12:19.255163 EST  close_command   : Closed #44kdd-ticket-163531 (1371716256016760964) in 1.56s by keksmc (1193224557826412624) 53
INFO        2025-05-13 10:13:13.005026 EST  on_interaction  : keksmc (1193224557826412624) ran /close reason:'denied' in #tz4rt-ticket-163584 (1371826628375740426) True
INFO        2025-05-13 10:13:15.152812 EST  close_command   : Closed #tz4rt-ticket-163584 (1371826628375740426) in 1.91s by keksmc (1193224557826412624) 53
INFO        2025-05-13 10:15:10.094429 EST  on_interaction  : keksmc (1193224557826412624) ran /close reason:'denied' in #thebagman_89-ticket-163369 (1371523900877443183) True
INFO        2025-05-13 10:15:11.922477 EST  close_command   : Closed #thebagman_89-ticket-163369 (1371523900877443183) in 1.58s by keksmc (1193224557826412624) 53
INFO        2025-05-13 10:15:54.046321 EST  on_interaction  : keksmc (1193224557826412624) ran /close reason:'denied' in #_5xs_-ticket-163372 (1371528961418465290) True
INFO        2025-05-13 10:15:55.819056 EST  close_command   : Closed #_5xs_-ticket-163372 (1371528961418465290) in 1.55s by keksmc (1193224557826412624) 52
INFO        2025-05-13 10:17:08.290426 EST  on_interaction  : keksmc (1193224557826412624) ran /close reason:'denied' in #kowalski1__-ticket-163507 (1371675967231234048) True
INFO        2025-05-13 10:17:09.998135 EST  close_command   : Closed #kowalski1__-ticket-163507 (1371675967231234048) in 1.52s by keksmc (1193224557826412624) 51
INFO        2025-05-13 10:24:29.053086 EST  on_interaction  : exitiummm (750077826874736770) ran /close reason:'player req' in #briitt-ticket-163604 (1371855155254923304) True
INFO        2025-05-13 10:24:30.980675 EST  close_command   : Closed #briitt-ticket-163604 (1371855155254923304) in 1.7s by exitiummm (750077826874736770) 52
INFO        2025-05-13 10:31:50.148940 EST  on_interaction  : thegenerous (198263506313805824) ran /rename name:'leader-transfer' in #ericzx-ticket-163606 (1371857410129662032) True
INFO        2025-05-13 10:33:20.389988 EST  on_interaction  : llama_xd (200543436749668352) ran /close reason:'accepted' in #96266-ticket-163603 (1371853833529200731) True
INFO        2025-05-13 10:33:21.818259 EST  close_command   : Closed #96266-ticket-163603 (1371853833529200731) in 1.22s by llama_xd (200543436749668352) 54
INFO        2025-05-13 10:35:04.228385 EST  on_interaction  : thegenerous (198263506313805824) ran /rename name:'leader-transfer' in #tilable-ticket-163608 (1371858013878620202) True
INFO        2025-05-13 10:43:58.896992 EST  on_interaction  : thegenerous (198263506313805824) ran /rename name:'missing-items-rollback' in #iluvroblox444-ticket-163609 (1371859729776771072) True
INFO        2025-05-13 10:46:29.496271 EST  on_interaction  : xinkuu (901608730452426782) ran /close reason:'awnsered' in #smokica-ticket-163607 (1371857548059082763) True
INFO        2025-05-13 10:46:31.053775 EST  close_command   : Closed #smokica-ticket-163607 (1371857548059082763) in 1.34s by xinkuu (901608730452426782) 56
INFO        2025-05-13 10:48:43.907736 EST  on_interaction  : xinkuu (901608730452426782) ran /close reason:'empty ticket' in #wholimitless-ticket-163610 (1371860511817338955) True
INFO        2025-05-13 10:48:45.750934 EST  close_command   : Closed #wholimitless-ticket-163610 (1371860511817338955) in 1.65s by xinkuu (901608730452426782) 56
INFO        2025-05-13 10:49:10.548505 EST  on_interaction  : xinkuu (901608730452426782) ran /close reason:'answered' in #missing-items-rollback (1371859729776771072) True
INFO        2025-05-13 10:49:12.282440 EST  close_command   : Closed #missing-items-rollback (1371859729776771072) in 1.56s by xinkuu (901608730452426782) 55
INFO        2025-05-13 10:50:36.156109 EST  on_interaction  : xinkuu (901608730452426782) ran /close reason:'done' in #leader-transfer (1371858013878620202) True
INFO        2025-05-13 10:50:38.803296 EST  close_command   : Closed #leader-transfer (1371858013878620202) in 2.35s by xinkuu (901608730452426782) 54
INFO        2025-05-13 10:51:54.928010 EST  on_interaction  : xinkuu (901608730452426782) ran /close reason:'answered' in #missing-money-rollback (1371826761007894679) True
INFO        2025-05-13 10:51:58.783504 EST  close_command   : Closed #missing-money-rollback (1371826761007894679) in 3.69s by xinkuu (901608730452426782) 53
INFO        2025-05-13 10:53:08.934928 EST  on_interaction  : xinkuu (901608730452426782) ran /close reason:'its a 7d' in #smokica-ticket-163611 (1371861490977472597) True
INFO        2025-05-13 10:53:10.506741 EST  close_command   : Closed #smokica-ticket-163611 (1371861490977472597) in 1.37s by xinkuu (901608730452426782) 52
INFO        2025-05-13 11:02:17.094600 EST  on_interaction  : thegenerous (198263506313805824) ran /rename name:'vpn-whitelist' in #staynk-ticket-163612 (1371864844990681149) True
INFO        2025-05-13 11:02:18.308060 EST  on_interaction  : thegenerous (198263506313805824) ran /private in #vpn-whitelist (1371864844990681149) True
INFO        2025-05-13 11:07:13.068422 EST  on_interaction  : thegenerous (198263506313805824) ran /rename name:'need-conquest-buff' in #briitt-ticket-163613 (1371866011170770994) True
INFO        2025-05-13 11:11:15.075132 EST  on_interaction  : rolith (399760511706726400) ran /close reason:'answered' in #rep-points (1371838866071490652) True
INFO        2025-05-13 11:11:16.940147 EST  close_command   : Closed #rep-points (1371838866071490652) in 1.72s by rolith (399760511706726400) 55
INFO        2025-05-13 11:11:38.045153 EST  on_interaction  : thegenerous (198263506313805824) ran /rename name:'voyage-skipper-buff-issue' in #briitt-ticket-163615 (1371867030499622993) True
INFO        2025-05-13 11:13:21.142297 EST  on_interaction  : thegenerous (198263506313805824) ran /rename name:'leader-transfer' in #xnv280-ticket-163617 (1371867627739152384) True
INFO        2025-05-13 11:15:16.365327 EST  on_interaction  : legendsarising (958225180604370945) ran /close reason:'answered' in #voyage-skipper-buff-issue (1371867030499622993) True
INFO        2025-05-13 11:15:18.260967 EST  close_command   : Closed #voyage-skipper-buff-issue (1371867030499622993) in 1.71s by legendsarising (958225180604370945) 56
INFO        2025-05-13 11:17:33.433266 EST  on_interaction  : thegenerous (198263506313805824) ran /ticket-logs user:'560221074244239381' in #𝖲𝗍𝖺𝖿𝖿-𝖢𝗈𝗆𝗆𝖺𝗇𝖽𝗌 (918905638464127016) True
INFO        2025-05-13 11:32:59.475159 EST  on_interaction  : llama_xd (200543436749668352) ran /close reason:'denied' in #revival2279-ticket-163614 (1371866242545352866) True
INFO        2025-05-13 11:33:02.695178 EST  close_command   : Closed #revival2279-ticket-163614 (1371866242545352866) in 3.05s by llama_xd (200543436749668352) 56
INFO        2025-05-13 11:36:27.659307 EST  on_interaction  : thegenerous (198263506313805824) ran /rename name:'core-inspect' in #ishownofearb-ticket-163619 (1371873294931726416) True
INFO        2025-05-13 11:39:14.482844 EST  on_interaction  : legendsarising (958225180604370945) ran /close reason:'denied' in #edilso-ticket-163618 (1371871328952385647) True
INFO        2025-05-13 11:39:16.471245 EST  close_command   : Closed #edilso-ticket-163618 (1371871328952385647) in 1.81s by legendsarising (958225180604370945) 56
INFO        2025-05-13 11:41:54.409778 EST  on_interaction  : legendsarising (958225180604370945) ran /close reason:'Already denied, stop aim assisting' in #shxd121-ticket-163602 (1371852931946647566) True
INFO        2025-05-13 11:41:56.167372 EST  close_command   : Closed #shxd121-ticket-163602 (1371852931946647566) in 1.56s by legendsarising (958225180604370945) 55
INFO        2025-05-13 11:46:54.870296 EST  on_interaction  : rolith (399760511706726400) ran /close reason:'unfortunately we can't' in #lost-chron-progress (1371791238277103689) True
INFO        2025-05-13 11:46:56.500401 EST  close_command   : Closed #lost-chron-progress (1371791238277103689) in 1.46s by rolith (399760511706726400) 55
INFO        2025-05-13 11:56:13.638568 EST  on_interaction  : reheat (409915081317679104) ran /close reason:'given' in #vpn-whitelist (1371864844990681149) True
INFO        2025-05-13 11:56:15.504939 EST  close_command   : Closed #vpn-whitelist (1371864844990681149) in 1.69s by reheat (409915081317679104) 57
INFO        2025-05-13 12:00:18.703994 EST  on_interaction  : thegenerous (198263506313805824) ran /rename name:'leader-transfer' in #nikolai173-ticket-163624 (1371879628905381919) True
INFO        2025-05-13 12:00:38.883258 EST  on_interaction  : thegenerous (198263506313805824) ran /close reason:'answered' in #core-inspect (1371873294931726416) True
INFO        2025-05-13 12:00:40.730070 EST  close_command   : Closed #core-inspect (1371873294931726416) in 1.61s by thegenerous (198263506313805824) 57
INFO        2025-05-13 12:02:56.353647 EST  on_interaction  : reheat (409915081317679104) ran /close reason:'user isn't banned' in #monalol-ticket-163523 (1371711880510574632) True
INFO        2025-05-13 12:02:58.102000 EST  close_command   : Closed #monalol-ticket-163523 (1371711880510574632) in 1.56s by reheat (409915081317679104) 56
INFO        2025-05-13 12:03:06.121297 EST  on_interaction  : reheat (409915081317679104) ran /move category:'1010744614153617439' in #caltiz-ticket-163623 (1371878058981589013) True
INFO        2025-05-13 12:03:38.662614 EST  on_interaction  : reheat (409915081317679104) ran /close reason:'if needed still open a ticket again' in #leader-transfer (1371857410129662032) True
INFO        2025-05-13 12:03:40.624085 EST  close_command   : Closed #leader-transfer (1371857410129662032) in 1.76s by reheat (409915081317679104) 55
INFO        2025-05-13 12:07:04.951520 EST  on_interaction  : thegenerous (198263506313805824) ran /rename name:'hypebox-winner' in #vvsdmyfangs-ticket-163620 (1371875690357461103) True
INFO        2025-05-13 12:10:38.894864 EST  on_interaction  : _matiass. (638734404402806815) ran /close reason:'Given' in #leader-transfer (1371879628905381919) True
INFO        2025-05-13 12:10:41.296647 EST  close_command   : Closed #leader-transfer (1371879628905381919) in 2.21s by _matiass. (638734404402806815) 54
INFO        2025-05-13 12:12:40.033346 EST  on_interaction  : _matiass. (638734404402806815) ran /close reason:'Congrats! In /pv 1' in #hypebox-winner (1371875690357461103) True
INFO        2025-05-13 12:12:41.984618 EST  close_command   : Closed #hypebox-winner (1371875690357461103) in 1.7s by _matiass. (638734404402806815) 53
INFO        2025-05-13 12:18:00.497041 EST  on_interaction  : reheat (409915081317679104) ran /close reason:'We'd need some sort of video proof, reopen if you can provide' in #xnv280-ticket-163621 (1371877666034028704) True
INFO        2025-05-13 12:18:02.178535 EST  close_command   : Closed #xnv280-ticket-163621 (1371877666034028704) in 1.5s by reheat (409915081317679104) 52
INFO        2025-05-13 12:18:06.730224 EST  on_interaction  : reheat (409915081317679104) ran /close reason:'empty' in #ichmussmal-ticket-163622 (1371877682500997312) True
INFO        2025-05-13 12:18:08.466970 EST  close_command   : Closed #ichmussmal-ticket-163622 (1371877682500997312) in 1.55s by reheat (409915081317679104) 51
INFO        2025-05-13 12:19:49.359008 EST  on_interaction  : reheat (409915081317679104) ran /add user:'223949506989916170' in #leader-transfer (1371867627739152384) True
INFO        2025-05-13 12:20:51.714949 EST  on_interaction  : reheat (409915081317679104) ran /close reason:'given' in #need-conquest-buff (1371866011170770994) True
INFO        2025-05-13 12:20:53.651488 EST  close_command   : Closed #need-conquest-buff (1371866011170770994) in 1.58s by reheat (409915081317679104) 51
INFO        2025-05-13 12:23:34.864457 EST  on_interaction  : exitiummm (750077826874736770) ran /oldest in #test-messages (1190060422468997130) True
INFO        2025-05-13 12:24:14.049314 EST  on_interaction  : exitiummm (750077826874736770) ran /close reason:'answered' in #_mrzod_-ticket-163625 (1371884363410833501) True
INFO        2025-05-13 12:24:15.642926 EST  close_command   : Closed #_mrzod_-ticket-163625 (1371884363410833501) in 1.39s by exitiummm (750077826874736770) 50
INFO        2025-05-13 12:24:37.061732 EST  on_interaction  : exitiummm (750077826874736770) ran /close reason:'answered' in #caltiz-ticket-163623 (1371878058981589013) True
INFO        2025-05-13 12:24:38.551151 EST  close_command   : Closed #caltiz-ticket-163623 (1371878058981589013) in 1.3s by exitiummm (750077826874736770) 49
INFO        2025-05-13 12:25:09.601771 EST  on_interaction  : exitiummm (750077826874736770) ran /close reason:'we need video proof of him actually doing strongholds in multiple diff pvptop facs' in #peterb0b-ticket-163591 (1371831853186551859) True
INFO        2025-05-13 12:25:11.340050 EST  close_command   : Closed #peterb0b-ticket-163591 (1371831853186551859) in 1.43s by exitiummm (750077826874736770) 48
INFO        2025-05-13 12:25:41.247419 EST  on_interaction  : exitiummm (750077826874736770) ran /close reason:'unfortunately any items you are missing due to the rollback we can't give back' in #missing-items-rollback (1371827809999388692) True
INFO        2025-05-13 12:25:44.201414 EST  close_command   : Closed #missing-items-rollback (1371827809999388692) in 1.58s by exitiummm (750077826874736770) 47
INFO        2025-05-13 12:26:27.675977 EST  on_interaction  : exitiummm (750077826874736770) ran /close reason:'answered' in #empirehangout-ticket-163586 (1371827688674951250) True
INFO        2025-05-13 12:26:29.641074 EST  close_command   : Closed #empirehangout-ticket-163586 (1371827688674951250) in 1.67s by exitiummm (750077826874736770) 48
INFO        2025-05-13 12:27:42.919629 EST  on_interaction  : thegenerous (198263506313805824) ran /rename name:'remove-star-item' in #clicking1cps-ticket-163626 (1371886185814818817) True
INFO        2025-05-13 12:28:08.731697 EST  on_interaction  : exitiummm (750077826874736770) ran /close reason:'you would not be able to get the items back, once you put stuff in a base those items all belong to the leader' in #chnke-ticket-163540 (1371743819271372811) True
INFO        2025-05-13 12:28:10.215603 EST  close_command   : Closed #chnke-ticket-163540 (1371743819271372811) in 1.29s by exitiummm (750077826874736770) 47
INFO        2025-05-13 12:28:32.397393 EST  on_interaction  : exitiummm (750077826874736770) ran /close reason:'answered' in #revival2279-ticket-163627 (1371886304958353522) True
INFO        2025-05-13 12:28:33.845897 EST  close_command   : Closed #revival2279-ticket-163627 (1371886304958353522) in 1.26s by exitiummm (750077826874736770) 46
ERROR       2025-05-13 12:30:46.561013 EST  ticketlogs_error : /ticket-logs error Failed to convert trikishotz to Member
INFO        2025-05-13 12:30:46.562920 EST  on_interaction  : reheat (409915081317679104) ran /ticket-logs user:'341574307505373185' in #test-messages (1190060422468997130) False
INFO        2025-05-13 12:32:02.995197 EST  on_interaction  : _matiass. (638734404402806815) ran /close reason:'Answered' in #remove-star-item (1371886185814818817) True
INFO        2025-05-13 12:32:04.659745 EST  close_command   : Closed #remove-star-item (1371886185814818817) in 1.47s by _matiass. (638734404402806815) 46
INFO        2025-05-13 12:39:34.266933 EST  on_interaction  : thegenerous (198263506313805824) ran /rename name:'kingslayer-enchant-concern' in #96266-ticket-163629 (1371889034011348992) True
INFO        2025-05-13 13:05:52.182771 EST  on_interaction  : legendsarising (958225180604370945) ran /close reason:'already denied' in #shxd121-ticket-163631 (1371894255991394316) True
INFO        2025-05-13 13:05:54.362494 EST  close_command   : Closed #shxd121-ticket-163631 (1371894255991394316) in 1.95s by legendsarising (958225180604370945) 48
INFO        2025-05-13 13:16:37.734267 EST  on_interaction  : daddy0001 (339415844411146251) ran /rename name:'missing voyage skipper' in #smokica-ticket-163633 (1371898621573730414) True
INFO        2025-05-13 13:18:15.551587 EST  on_interaction  : reheat (409915081317679104) ran /close reason:'you aren't in a faction, we can't transfer unless the players online' in #ericzx-ticket-163635 (1371898677123219628) True
INFO        2025-05-13 13:18:17.328125 EST  close_command   : Closed #ericzx-ticket-163635 (1371898677123219628) in 1.47s by reheat (409915081317679104) 51
INFO        2025-05-13 13:27:59.779923 EST  on_interaction  : legendsarising (958225180604370945) ran /close reason:'answered' in #938747-ticket-163632 (1371897287977996448) True
INFO        2025-05-13 13:28:03.418449 EST  close_command   : Closed #938747-ticket-163632 (1371897287977996448) in 3.38s by legendsarising (958225180604370945) 52
INFO        2025-05-13 13:28:08.422553 EST  on_interaction  : legendsarising (958225180604370945) ran /close reason:'requested' in #tag1919-ticket-163636 (1371900927585554572) True
INFO        2025-05-13 13:28:10.447180 EST  close_command   : Closed #tag1919-ticket-163636 (1371900927585554572) in 1.88s by legendsarising (958225180604370945) 51
INFO        2025-05-13 13:32:25.346368 EST  on_interaction  : xinkuu (901608730452426782) ran /close reason:'pv 1' in #sevdali2309-ticket-163638 (1371902003365543997) True
INFO        2025-05-13 13:32:26.844284 EST  close_command   : Closed #sevdali2309-ticket-163638 (1371902003365543997) in 1.31s by xinkuu (901608730452426782) 53
INFO        2025-05-13 13:32:27.823930 EST  on_interaction  : exitiummm (750077826874736770) ran /close reason:'Player resolved - read ticket transcript for captcha explaination.' in #thebagman_89-ticket-163616 (1371867508423921747) True
INFO        2025-05-13 13:32:29.490112 EST  close_command   : Closed #thebagman_89-ticket-163616 (1371867508423921747) in 1.52s by exitiummm (750077826874736770) 52
INFO        2025-05-13 13:33:35.592272 EST  on_interaction  : xinkuu (901608730452426782) ran /close reason:'in ec' in #tag1919-ticket-163636 (1371900932652142793) True
INFO        2025-05-13 13:33:37.329071 EST  close_command   : Closed #tag1919-ticket-163636 (1371900932652142793) in 1.58s by xinkuu (901608730452426782) 52
INFO        2025-05-13 13:34:39.815362 EST  on_interaction  : xinkuu (901608730452426782) ran /close reason:'denied' in #saup-ticket-163641 (1371903075685498911) True
INFO        2025-05-13 13:34:41.506258 EST  close_command   : Closed #saup-ticket-163641 (1371903075685498911) in 1.42s by xinkuu (901608730452426782) 51
INFO        2025-05-13 13:34:47.198903 EST  on_interaction  : imwoods_ (185139317516009473) ran /close reason:'handled' in #z0rky-ticket-163634 (1371898638179106857) True
INFO        2025-05-13 13:34:49.210701 EST  close_command   : Closed #z0rky-ticket-163634 (1371898638179106857) in 1.74s by imwoods_ (185139317516009473) 50
INFO        2025-05-13 13:35:04.977399 EST  on_interaction  : imwoods_ (185139317516009473) ran /close reason:'handled' in #kingslayer-enchant-concern (1371889034011348992) True
INFO        2025-05-13 13:35:06.817133 EST  close_command   : Closed #kingslayer-enchant-concern (1371889034011348992) in 1.63s by imwoods_ (185139317516009473) 49
INFO        2025-05-13 13:35:30.491297 EST  on_interaction  : xinkuu (901608730452426782) ran /close reason:'empty ticket' in #empirehangout-ticket-163639 (1371902417624502415) True
INFO        2025-05-13 13:35:32.304418 EST  close_command   : Closed #empirehangout-ticket-163639 (1371902417624502415) in 1.6s by xinkuu (901608730452426782) 49
INFO        2025-05-13 13:38:44.823874 EST  on_interaction  : reheat (409915081317679104) ran /close reason:'dupe' in #2270586635-ticket-163650 (1371904439799255161) True
INFO        2025-05-13 13:38:46.504979 EST  close_command   : Closed #2270586635-ticket-163650 (1371904439799255161) in 1.52s by reheat (409915081317679104) 56
INFO        2025-05-13 13:38:55.613883 EST  on_interaction  : reheat (409915081317679104) ran /close reason:'dupe' in #2270586635-ticket-163648 (1371904337734926450) True
INFO        2025-05-13 13:38:57.175966 EST  close_command   : Closed #2270586635-ticket-163648 (1371904337734926450) in 1.38s by reheat (409915081317679104) 55
INFO        2025-05-13 13:39:03.375817 EST  on_interaction  : reheat (409915081317679104) ran /close reason:'empty' in #bakugoukatsuki7574-ticket-163640 (1371902540651958412) True
INFO        2025-05-13 13:39:05.018424 EST  close_command   : Closed #bakugoukatsuki7574-ticket-163640 (1371902540651958412) in 1.51s by reheat (409915081317679104) 54
INFO        2025-05-13 13:39:26.002158 EST  on_interaction  : _matiass. (638734404402806815) ran /close reason:'Fixed' in #z0rky-ticket-163643 (1371903772044955688) True
INFO        2025-05-13 13:39:28.050219 EST  close_command   : Closed #z0rky-ticket-163643 (1371903772044955688) in 1.81s by _matiass. (638734404402806815) 53
INFO        2025-05-13 13:39:37.987305 EST  on_interaction  : confrontable (544952418178301974) ran /move category:'1010777747456524338' in #saup-ticket-163647 (1371904198312071313) True
INFO        2025-05-13 13:40:02.721070 EST  on_interaction  : _matiass. (638734404402806815) ran /close reason:'Dupe ticket' in #7889-ticket-163651 (1371904764119355483) True
INFO        2025-05-13 13:40:05.615865 EST  close_command   : Closed #7889-ticket-163651 (1371904764119355483) in 2.73s by _matiass. (638734404402806815) 53
INFO        2025-05-13 13:42:59.309842 EST  on_interaction  : confrontable (544952418178301974) ran /rename name:'hypebox swap' in #tag1919-ticket-163642 (1371903659121836122) True
INFO        2025-05-13 13:43:11.775072 EST  on_interaction  : _matiass. (638734404402806815) ran /ticket-logs user:'1234725223782420531' in #2270586635-ticket-163652 (1371905119729352826) True
INFO        2025-05-13 13:43:32.051676 EST  on_interaction  : _matiass. (638734404402806815) ran /close reason:'Dupe ticket' in #2270586635-ticket-163652 (1371905119729352826) True
INFO        2025-05-13 13:43:33.750228 EST  close_command   : Closed #2270586635-ticket-163652 (1371905119729352826) in 1.52s by _matiass. (638734404402806815) 53
INFO        2025-05-13 13:44:26.948778 EST  on_interaction  : xinkuu (901608730452426782) ran /close reason:'answered' in #saup-ticket-163647 (1371904198312071313) True
INFO        2025-05-13 13:44:30.193894 EST  close_command   : Closed #saup-ticket-163647 (1371904198312071313) in 3.07s by xinkuu (901608730452426782) 52
INFO        2025-05-13 13:45:32.763875 EST  on_interaction  : imwoods_ (185139317516009473) ran /close reason:'denied' in #7889-ticket-163646 (1371904076085985290) True
INFO        2025-05-13 13:45:34.785560 EST  close_command   : Closed #7889-ticket-163646 (1371904076085985290) in 1.71s by imwoods_ (185139317516009473) 51
INFO        2025-05-13 13:47:58.474528 EST  on_interaction  : _matiass. (638734404402806815) ran /close reason:'Accepted' in #2270586635-ticket-163645 (1371903852160356424) True
INFO        2025-05-13 13:48:00.084002 EST  close_command   : Closed #2270586635-ticket-163645 (1371903852160356424) in 1.41s by _matiass. (638734404402806815) 50
INFO        2025-05-13 13:48:14.312573 EST  on_interaction  : imwoods_ (185139317516009473) ran /close reason:'in ec' in #hypebox-swap (1371903659121836122) True
INFO        2025-05-13 13:48:16.443843 EST  close_command   : Closed #hypebox-swap (1371903659121836122) in 1.95s by imwoods_ (185139317516009473) 49
INFO        2025-05-13 13:49:27.471832 EST  on_interaction  : imwoods_ (185139317516009473) ran /close reason:'accepted' in #fgddgdfd-ticket-163630 (1371891997379657768) True
INFO        2025-05-13 13:49:29.230128 EST  close_command   : Closed #fgddgdfd-ticket-163630 (1371891997379657768) in 1.53s by imwoods_ (185139317516009473) 48
INFO        2025-05-13 13:55:34.445734 EST  on_interaction  : reheat (409915081317679104) ran /close reason:'It's fixed now' in #pointevents (1371785134646497321) True
INFO        2025-05-13 13:55:36.232421 EST  close_command   : Closed #pointevents (1371785134646497321) in 1.56s by reheat (409915081317679104) 51
INFO        2025-05-13 13:56:31.398471 EST  on_interaction  : reheat (409915081317679104) ran /close reason:'done' in #cake2004-ticket-163656 (1371908498467717170) True
INFO        2025-05-13 13:56:33.493211 EST  close_command   : Closed #cake2004-ticket-163656 (1371908498467717170) in 1.92s by reheat (409915081317679104) 50
INFO        2025-05-13 13:56:57.714453 EST  on_interaction  : legendsarising (958225180604370945) ran /ticket-logs user:'403561555247104023' in #𝖲𝗍𝖺𝖿𝖿-𝖢𝗈𝗆𝗆𝖺𝗇𝖽𝗌 (918905638464127016) True
INFO        2025-05-13 14:08:58.683812 EST  on_interaction  : xinkuu (901608730452426782) ran /close reason:'answered' in #saup-ticket-163658 (1371910790063325234) True
INFO        2025-05-13 14:09:00.203469 EST  close_command   : Closed #saup-ticket-163658 (1371910790063325234) in 1.36s by xinkuu (901608730452426782) 52
INFO        2025-05-13 14:09:09.764238 EST  on_interaction  : xinkuu (901608730452426782) ran /close reason:'answered' in #2270586635-ticket-163657 (1371910771440877648) True
INFO        2025-05-13 14:09:11.296268 EST  close_command   : Closed #2270586635-ticket-163657 (1371910771440877648) in 1.38s by xinkuu (901608730452426782) 51
INFO        2025-05-13 14:10:34.995579 EST  on_interaction  : xinkuu (901608730452426782) ran /close reason:'done' in #yaboynew-ticket-163654 (1371907345650548786) True
INFO        2025-05-13 14:10:36.902511 EST  close_command   : Closed #yaboynew-ticket-163654 (1371907345650548786) in 1.68s by xinkuu (901608730452426782) 50
INFO        2025-05-13 14:20:23.256927 EST  on_interaction  : daddy0001 (339415844411146251) ran /rename name:'conquest buff bags' in #hoodturtle-ticket-163661 (1371913289709129841) True
INFO        2025-05-13 14:20:41.757327 EST  on_interaction  : daddy0001 (339415844411146251) ran /rename name:'expedition island 4 mob' in #draxxcyl-ticket-163660 (1371912621380341810) True
INFO        2025-05-13 14:21:17.673237 EST  on_interaction  : daddy0001 (339415844411146251) ran /rename name:'rewards missing from shipwreck' in #empirehangout-ticket-163644 (1371903825866395680) True
INFO        2025-05-13 14:22:15.106962 EST  on_interaction  : xinkuu (901608730452426782) ran /close reason:'denied' in #oniilover12-ticket-163665 (1371914383093137449) True
INFO        2025-05-13 14:22:17.472432 EST  close_command   : Closed #oniilover12-ticket-163665 (1371914383093137449) in 2.11s by xinkuu (901608730452426782) 55
INFO        2025-05-13 14:24:26.618853 EST  on_interaction  : xinkuu (901608730452426782) ran /close reason:'done' in #leader-transfer (1371867627739152384) True
INFO        2025-05-13 14:24:28.166292 EST  close_command   : Closed #leader-transfer (1371867627739152384) in 1.38s by xinkuu (901608730452426782) 54
INFO        2025-05-13 14:28:36.019409 EST  on_interaction  : llama_xd (200543436749668352) ran /close reason:'denied old evidence' in #treata-ticket-163653 (1371907321168531550) True
INFO        2025-05-13 14:28:37.936910 EST  close_command   : Closed #treata-ticket-163653 (1371907321168531550) in 1.73s by llama_xd (200543436749668352) 54
INFO        2025-05-13 14:31:51.089684 EST  on_interaction  : legendsarising (958225180604370945) ran /close reason:'answered' in #briitt-ticket-163664 (1371914163932364801) True
INFO        2025-05-13 14:31:52.831752 EST  close_command   : Closed #briitt-ticket-163664 (1371914163932364801) in 1.55s by legendsarising (958225180604370945) 53
INFO        2025-05-13 15:08:52.559482 EST  on_interaction  : legendsarising (958225180604370945) ran /close reason:'answered' in #briitt-ticket-163669 (1371923263994986586) True
INFO        2025-05-13 15:08:54.147848 EST  close_command   : Closed #briitt-ticket-163669 (1371923263994986586) in 1.37s by legendsarising (958225180604370945) 59
INFO        2025-05-13 15:10:51.415759 EST  on_interaction  : legendsarising (958225180604370945) ran /close reason:'answered' in #clicking1cps-ticket-163667 (1371921078556823673) True
INFO        2025-05-13 15:10:53.105200 EST  close_command   : Closed #clicking1cps-ticket-163667 (1371921078556823673) in 1.5s by legendsarising (958225180604370945) 58
INFO        2025-05-13 15:14:00.669197 EST  on_interaction  : rolith (399760511706726400) ran /close reason:'we will see if they report you' in #counter-punishment (1371791083318804612) True
INFO        2025-05-13 15:14:02.656245 EST  close_command   : Closed #counter-punishment (1371791083318804612) in 1.82s by rolith (399760511706726400) 58
INFO        2025-05-13 15:14:59.001323 EST  on_interaction  : rolith (399760511706726400) ran /close reason:'answered' in #stronghold-question (1371811441480437790) True
INFO        2025-05-13 15:15:01.649872 EST  close_command   : Closed #stronghold-question (1371811441480437790) in 2.46s by rolith (399760511706726400) 57
INFO        2025-05-13 15:16:55.851160 EST  on_interaction  : legendsarising (958225180604370945) ran /close reason:'answere' in #viebsko-ticket-163674 (1371928300028563557) True
INFO        2025-05-13 15:16:57.691515 EST  close_command   : Closed #viebsko-ticket-163674 (1371928300028563557) in 1.63s by legendsarising (958225180604370945) 56
INFO        2025-05-13 15:17:14.473485 EST  on_interaction  : rolith (399760511706726400) ran /close reason:'pv 1' in #missing-spawners (1371818586343211088) True
INFO        2025-05-13 15:17:16.066224 EST  close_command   : Closed #missing-spawners (1371818586343211088) in 1.44s by rolith (399760511706726400) 56
INFO        2025-05-13 15:17:54.459002 EST  on_interaction  : rolith (399760511706726400) ran /close reason:'denied' in #eoka-ticket-163517 (1371692825087053826) True
INFO        2025-05-13 15:17:56.822492 EST  close_command   : Closed #eoka-ticket-163517 (1371692825087053826) in 2.15s by rolith (399760511706726400) 55
INFO        2025-05-13 15:18:15.123900 EST  on_interaction  : rolith (399760511706726400) ran /close reason:'unbanned' in #console-clients-banned (1371609194381181130) True
INFO        2025-05-13 15:18:16.866395 EST  close_command   : Closed #console-clients-banned (1371609194381181130) in 1.5s by rolith (399760511706726400) 54
INFO        2025-05-13 15:20:47.277477 EST  on_interaction  : rolith (399760511706726400) ran /close reason:'answered' in #shiverer-ticket-163556 (1371774124493377598) True
INFO        2025-05-13 15:20:49.092822 EST  close_command   : Closed #shiverer-ticket-163556 (1371774124493377598) in 1.55s by rolith (399760511706726400) 55
INFO        2025-05-13 15:22:57.123782 EST  on_interaction  : rolith (399760511706726400) ran /close reason:'need pov of death' in #hoodturtle-ticket-163460 (1371601731632496700) True
INFO        2025-05-13 15:22:58.908601 EST  close_command   : Closed #hoodturtle-ticket-163460 (1371601731632496700) in 1.48s by rolith (399760511706726400) 56
INFO        2025-05-13 15:23:28.577331 EST  on_interaction  : rolith (399760511706726400) ran /close reason:'unbanned' in #blokje2512-ticket-163672 (1371925876819755158) True
INFO        2025-05-13 15:23:30.402003 EST  close_command   : Closed #blokje2512-ticket-163672 (1371925876819755158) in 1.64s by rolith (399760511706726400) 55
INFO        2025-05-13 15:23:42.680390 EST  on_interaction  : rolith (399760511706726400) ran /close reason:'we cannot give anything back unfortunately' in #caltiz-ticket-163628 (1371886907390431243) True
INFO        2025-05-13 15:23:44.514132 EST  close_command   : Closed #caltiz-ticket-163628 (1371886907390431243) in 1.66s by rolith (399760511706726400) 54
INFO        2025-05-13 15:24:39.819935 EST  on_interaction  : rolith (399760511706726400) ran /close reason:'denied' in #eoka-ticket-163676 (1371929636975546421) True
INFO        2025-05-13 15:24:41.743222 EST  close_command   : Closed #eoka-ticket-163676 (1371929636975546421) in 1.79s by rolith (399760511706726400) 54
INFO        2025-05-13 15:24:58.611422 EST  on_interaction  : rolith (399760511706726400) ran /close reason:'need proof of having it' in #missing-voyage-skipper (1371898621573730414) True
INFO        2025-05-13 15:25:00.199018 EST  close_command   : Closed #missing-voyage-skipper (1371898621573730414) in 1.38s by rolith (399760511706726400) 53
INFO        2025-05-13 15:26:23.536442 EST  on_interaction  : rolith (399760511706726400) ran /close reason:'I don't have time for your childish games send the death if you want the revive or not in dms' in #hoodturtle-ticket-163680 (1371931090109071482) True
INFO        2025-05-13 15:26:24.986050 EST  close_command   : Closed #hoodturtle-ticket-163680 (1371931090109071482) in 1.27s by rolith (399760511706726400) 53
INFO        2025-05-13 15:29:31.624707 EST  on_interaction  : rolith (399760511706726400) ran /close reason:'you don't get to pick what you get lol, but 3 loot from them are in pv 1' in #rewards-missing-from-shipwreck (1371903825866395680) True
INFO        2025-05-13 15:29:34.305260 EST  close_command   : Closed #rewards-missing-from-shipwreck (1371903825866395680) in 2.45s by rolith (399760511706726400) 53
INFO        2025-05-13 15:31:22.267621 EST  on_interaction  : rolith (399760511706726400) ran /close reason:'pv 1' in #conquest-buff-bags (1371913289709129841) True
INFO        2025-05-13 15:31:23.944611 EST  close_command   : Closed #conquest-buff-bags (1371913289709129841) in 1.51s by rolith (399760511706726400) 52
INFO        2025-05-13 15:33:04.368808 EST  on_interaction  : rolith (399760511706726400) ran /close reason:'having dev fix' in #criplin-ticket-163663 (1371913983090622567) True
INFO        2025-05-13 15:33:06.088813 EST  close_command   : Closed #criplin-ticket-163663 (1371913983090622567) in 1.48s by rolith (399760511706726400) 53
INFO        2025-05-13 15:34:17.162092 EST  on_interaction  : rolith (399760511706726400) ran /close reason:'sent to the dev' in #epsaaa-ticket-163668 (1371921495470899290) True
INFO        2025-05-13 15:34:18.921027 EST  close_command   : Closed #epsaaa-ticket-163668 (1371921495470899290) in 1.58s by rolith (399760511706726400) 54
INFO        2025-05-13 15:34:34.382787 EST  on_interaction  : rolith (399760511706726400) ran /close reason:'done' in #glamorized-ticket-163670 (1371923707529920573) True
INFO        2025-05-13 15:34:36.246734 EST  close_command   : Closed #glamorized-ticket-163670 (1371923707529920573) in 1.66s by rolith (399760511706726400) 53
INFO        2025-05-13 15:35:03.277163 EST  on_interaction  : rolith (399760511706726400) ran /close reason:'unfortunately we can't do much brother due to the rollback' in #scaries0420-ticket-163671 (1371925536816889970) True
INFO        2025-05-13 15:35:05.213512 EST  close_command   : Closed #scaries0420-ticket-163671 (1371925536816889970) in 1.73s by rolith (399760511706726400) 52
INFO        2025-05-13 15:35:48.845690 EST  on_interaction  : legendsarising (958225180604370945) ran /close reason:'answered' in #bannys-ticket-163682 (1371932126160879736) True
INFO        2025-05-13 15:35:50.434008 EST  close_command   : Closed #bannys-ticket-163682 (1371932126160879736) in 1.4s by legendsarising (958225180604370945) 51
INFO        2025-05-13 15:36:04.853237 EST  on_interaction  : legendsarising (958225180604370945) ran /close reason:'requested' in #cake2004-ticket-163681 (1371931436109533186) True
INFO        2025-05-13 15:36:06.614002 EST  close_command   : Closed #cake2004-ticket-163681 (1371931436109533186) in 1.57s by legendsarising (958225180604370945) 50
INFO        2025-05-13 15:36:51.979131 EST  on_interaction  : legendsarising (958225180604370945) ran /close reason:'answere' in #viebsko-ticket-163678 (1371930240489750608) True
INFO        2025-05-13 15:36:53.575668 EST  close_command   : Closed #viebsko-ticket-163678 (1371930240489750608) in 1.43s by legendsarising (958225180604370945) 50
INFO        2025-05-13 15:37:42.327060 EST  on_interaction  : kos4ever (1086791650992476241) ran /rename name:'Admin+' in #vinix__1-ticket-163557 (1371775475097145354) True
INFO        2025-05-13 15:38:01.183543 EST  on_interaction  : legendsarising (958225180604370945) ran /close reason:'denied' in #loosin-ticket-163676 (1371929634144391368) True
INFO        2025-05-13 15:38:03.009963 EST  close_command   : Closed #loosin-ticket-163676 (1371929634144391368) in 1.64s by legendsarising (958225180604370945) 49
INFO        2025-05-13 15:39:50.005694 EST  on_interaction  : thegenerous (198263506313805824) ran /rename name:'vpn-whitelist' in #zxzxzxzxzxzxzxzxzxzxzxzxzx-ticket-163673 (1371926460457287731) True
INFO        2025-05-13 15:39:54.134004 EST  on_interaction  : thegenerous (198263506313805824) ran /private in #vpn-whitelist (1371926460457287731) True
INFO        2025-05-13 15:40:56.060442 EST  on_interaction  : legendsarising (958225180604370945) ran /close reason:'answered' in #teoooo-ticket-163688 (1371935130192576512) True
INFO        2025-05-13 15:40:57.776968 EST  close_command   : Closed #teoooo-ticket-163688 (1371935130192576512) in 1.46s by legendsarising (958225180604370945) 49
INFO        2025-05-13 15:45:53.123376 EST  on_interaction  : pizzamuncher2132 (1066050892203315342) ran /close reason:'answered' in #allying-report (1371272155861487708) True
INFO        2025-05-13 15:45:55.041119 EST  close_command   : Closed #allying-report (1371272155861487708) in 1.71s by pizzamuncher2132 (1066050892203315342) 51
INFO        2025-05-13 15:48:48.382366 EST  on_interaction  : pizzamuncher2132 (1066050892203315342) ran /ticket-logs user:'1348795635700338709' in #𝖠𝖽𝗆𝗂𝗇-𝖢𝗈𝗆𝗆𝖺𝗇𝖽𝗌 (918905775907291156) True
INFO        2025-05-13 16:05:03.010894 EST  on_interaction  : daddy0001 (339415844411146251) ran /rename name:'missing items from reboot' in #realsm0ke-ticket-163684 (1371933035892834354) True
INFO        2025-05-13 16:05:55.359582 EST  on_interaction  : rolith (399760511706726400) ran /close reason:'done' in #vpn-whitelist (1371926460457287731) True
INFO        2025-05-13 16:05:57.033535 EST  close_command   : Closed #vpn-whitelist (1371926460457287731) in 1.42s by rolith (399760511706726400) 51
INFO        2025-05-13 16:09:56.171488 EST  on_interaction  : rolith (399760511706726400) ran /close reason:'answered' in #expedition-island-4-mob (1371912621380341810) True
INFO        2025-05-13 16:09:57.729234 EST  close_command   : Closed #expedition-island-4-mob (1371912621380341810) in 1.37s by rolith (399760511706726400) 51
INFO        2025-05-13 16:11:02.933721 EST  on_interaction  : rolith (399760511706726400) ran /close reason:'I will look and see' in #dedezz-ticket-163666 (1371916138899968090) True
INFO        2025-05-13 16:11:04.665407 EST  close_command   : Closed #dedezz-ticket-163666 (1371916138899968090) in 1.57s by rolith (399760511706726400) 51
INFO        2025-05-13 16:11:25.217755 EST  on_interaction  : rolith (399760511706726400) ran /close reason:'pv 1' in #nrri123-ticket-163675 (1371929264093659257) True
INFO        2025-05-13 16:11:26.696756 EST  close_command   : Closed #nrri123-ticket-163675 (1371929264093659257) in 1.32s by rolith (399760511706726400) 50
INFO        2025-05-13 16:14:24.466397 EST  on_interaction  : rolith (399760511706726400) ran /close reason:'answered' in #lostem-ticket-163692 (1371937114190647368) True
INFO        2025-05-13 16:14:26.349098 EST  close_command   : Closed #lostem-ticket-163692 (1371937114190647368) in 1.68s by rolith (399760511706726400) 50
INFO        2025-05-13 16:15:47.216381 EST  on_interaction  : legendsarising (958225180604370945) ran /close reason:'answere' in #criplin-ticket-163691 (1371936493962006579) True
INFO        2025-05-13 16:15:48.929687 EST  close_command   : Closed #criplin-ticket-163691 (1371936493962006579) in 1.47s by legendsarising (958225180604370945) 49
INFO        2025-05-13 16:18:38.724824 EST  on_interaction  : legendsarising (958225180604370945) ran /close reason:'denied' in #ichmussmal-ticket-163695 (1371943403943886858) True
INFO        2025-05-13 16:18:40.414613 EST  close_command   : Closed #ichmussmal-ticket-163695 (1371943403943886858) in 1.51s by legendsarising (958225180604370945) 48
INFO        2025-05-13 16:19:10.705094 EST  on_interaction  : legendsarising (958225180604370945) ran /close reason:'answere' in #slyy2-ticket-163694 (1371942770498998336) True
INFO        2025-05-13 16:19:12.784598 EST  close_command   : Closed #slyy2-ticket-163694 (1371942770498998336) in 1.87s by legendsarising (958225180604370945) 47
INFO        2025-05-13 16:39:15.681710 EST  on_interaction  : exitiummm (750077826874736770) ran /close reason:'sent to the devs' in #expo-skilltree-bug (1371466809445847120) True
INFO        2025-05-13 16:39:17.286885 EST  close_command   : Closed #expo-skilltree-bug (1371466809445847120) in 1.44s by exitiummm (750077826874736770) 53
INFO        2025-05-13 16:40:00.017033 EST  on_interaction  : exitiummm (750077826874736770) ran /close reason:'pv 1' in #balentinojiji-ticket-163522 (1371708073466527774) True
INFO        2025-05-13 16:40:02.304986 EST  close_command   : Closed #balentinojiji-ticket-163522 (1371708073466527774) in 2.07s by exitiummm (750077826874736770) 52
INFO        2025-05-13 16:40:58.565167 EST  on_interaction  : thegenerous (198263506313805824) ran /close reason:'accepted' in #shikamar-ticket-163702 (1371949774005207121) True
INFO        2025-05-13 16:41:00.139498 EST  close_command   : Closed #shikamar-ticket-163702 (1371949774005207121) in 1.39s by thegenerous (198263506313805824) 51
INFO        2025-05-13 16:42:09.053086 EST  on_interaction  : _matiass. (638734404402806815) ran /close reason:'Denied' in #daveyisme-ticket-163690 (1371936449175228581) True
INFO        2025-05-13 16:42:10.843689 EST  close_command   : Closed #daveyisme-ticket-163690 (1371936449175228581) in 1.59s by _matiass. (638734404402806815) 50
INFO        2025-05-13 16:43:22.820810 EST  on_interaction  : _matiass. (638734404402806815) ran /close reason:'Answered' in #kwik01-ticket-163696 (1371945621837320212) True
INFO        2025-05-13 16:43:25.482571 EST  close_command   : Closed #kwik01-ticket-163696 (1371945621837320212) in 2.46s by _matiass. (638734404402806815) 49
INFO        2025-05-13 16:44:51.580091 EST  on_interaction  : thegenerous (198263506313805824) ran /close reason:'accepted' in #96266-ticket-163659 (1371911212597772468) True
INFO        2025-05-13 16:44:53.716942 EST  close_command   : Closed #96266-ticket-163659 (1371911212597772468) in 1.97s by thegenerous (198263506313805824) 48
INFO        2025-05-13 16:45:34.459606 EST  on_interaction  : thegenerous (198263506313805824) ran /rename name:'shipwreck-rewards' in #tobguin-ticket-163701 (1371949104657207466) True
INFO        2025-05-13 16:46:22.992543 EST  on_interaction  : thegenerous (198263506313805824) ran /rename name:'rollback-issue' in #oskar1808-ticket-163698 (1371947688060391444) True
INFO        2025-05-13 16:46:42.864112 EST  on_interaction  : thegenerous (198263506313805824) ran /rename name:'f-chest-logs' in #fszin-ticket-163689 (1371936432955985950) True
INFO        2025-05-13 16:48:52.853406 EST  on_interaction  : exitiummm (750077826874736770) ran /close reason:'answered' in #sevdali2309-ticket-163495 (1371657151562645524) True
INFO        2025-05-13 16:48:54.641697 EST  close_command   : Closed #sevdali2309-ticket-163495 (1371657151562645524) in 1.46s by exitiummm (750077826874736770) 47
INFO        2025-05-13 16:50:17.274388 EST  on_interaction  : confrontable (544952418178301974) ran /move category:'1238913372435775550' in #zxzxzxzxzxzxzxzxzxzxzxzxzx-ticket-163703 (1371952444560638063) True
INFO        2025-05-13 16:52:39.185810 EST  on_interaction  : exitiummm (750077826874736770) ran /close reason:'try to get us a video' in #cadiarolls-ticket-163550 (1371765428124123248) True
INFO        2025-05-13 16:52:40.911577 EST  close_command   : Closed #cadiarolls-ticket-163550 (1371765428124123248) in 1.49s by exitiummm (750077826874736770) 47
INFO        2025-05-13 16:54:55.060932 EST  on_interaction  : exitiummm (750077826874736770) ran /close reason:'no can do' in #sevdali2309-ticket-163704 (1371953466016268433) True
INFO        2025-05-13 16:54:56.624292 EST  close_command   : Closed #sevdali2309-ticket-163704 (1371953466016268433) in 1.33s by exitiummm (750077826874736770) 47
INFO        2025-05-13 16:55:16.740354 EST  on_interaction  : exitiummm (750077826874736770) ran /close reason:'sent for testing' in #cromeey37-ticket-163649 (1371904412481622198) True
INFO        2025-05-13 16:55:18.424618 EST  close_command   : Closed #cromeey37-ticket-163649 (1371904412481622198) in 1.43s by exitiummm (750077826874736770) 46
INFO        2025-05-13 16:59:42.918975 EST  on_interaction  : exitiummm (750077826874736770) ran /close reason:'boots in pv 1' in #polotravis-ticket-163683 (1371932940539265246) True
INFO        2025-05-13 16:59:44.523892 EST  close_command   : Closed #polotravis-ticket-163683 (1371932940539265246) in 1.43s by exitiummm (750077826874736770) 46
INFO        2025-05-13 17:02:27.164870 EST  on_interaction  : _matiass. (638734404402806815) ran /ticket-logs user:'469543931533852684' in #𝖠𝖽𝗆𝗂𝗇-𝖢𝗈𝗆𝗆𝖺𝗇𝖽𝗌 (918905775907291156) True
INFO        2025-05-13 17:06:56.643279 EST  on_interaction  : thegenerous (198263506313805824) ran /close reason:'requested' in #crazy948194092-ticket-163706 (1371955387925790780) True
INFO        2025-05-13 17:06:58.348490 EST  close_command   : Closed #crazy948194092-ticket-163706 (1371955387925790780) in 1.51s by thegenerous (198263506313805824) 48
INFO        2025-05-13 17:10:12.957608 EST  on_interaction  : thegenerous (198263506313805824) ran /rename name:'UHC-minigame-bug' in #justinotw-ticket-163709 (1371957383965970523) True
INFO        2025-05-13 17:11:02.695877 EST  on_interaction  : thegenerous (198263506313805824) ran /move category:'1010744614153617439' in #f-chest-logs (1371936432955985950) True
INFO        2025-05-13 17:11:28.720047 EST  on_interaction  : pizzamuncher2132 (1066050892203315342) ran /close reason:'answered' in #admin (1371832595997917308) True
INFO        2025-05-13 17:11:30.623555 EST  close_command   : Closed #admin (1371832595997917308) in 1.72s by pizzamuncher2132 (1066050892203315342) 50
INFO        2025-05-13 17:12:37.920640 EST  on_interaction  : thegenerous (198263506313805824) ran /rename name:'ffa-question' in #quinny-ticket-163693 (1371941838902267915) True
INFO        2025-05-13 17:13:17.327813 EST  on_interaction  : pizzamuncher2132 (1066050892203315342) ran /close reason:'Not reported within 24 hours' in #admin (1371775475097145354) True
INFO        2025-05-13 17:13:19.264814 EST  close_command   : Closed #admin (1371775475097145354) in 1.75s by pizzamuncher2132 (1066050892203315342) 49
INFO        2025-05-13 17:16:40.454406 EST  on_interaction  : thegenerous (198263506313805824) ran /rename name:'tourney-winner' in #xo07165-ticket-163711 (1371957974553071716) True
INFO        2025-05-13 17:16:54.266212 EST  on_interaction  : thegenerous (198263506313805824) ran /rename name:'console-client-issue' in #peppa1565-ticket-163699 (1371948104768688148) True
INFO        2025-05-13 17:19:35.175680 EST  on_interaction  : thegenerous (198263506313805824) ran /rename name:'missing-lootbags' in #briitt-ticket-163712 (1371959472469053533) True
INFO        2025-05-13 17:29:03.532390 EST  on_interaction  : _matiass. (638734404402806815) ran /close reason:'Denied, cheating' in #tourney-winner (1371957974553071716) True
INFO        2025-05-13 17:29:05.175449 EST  close_command   : Closed #tourney-winner (1371957974553071716) in 1.46s by _matiass. (638734404402806815) 50
INFO        2025-05-13 17:31:50.929239 EST  on_interaction  : xinkuu (901608730452426782) ran /close reason:'in ec' in #missing-lootbags (1371959472469053533) True
INFO        2025-05-13 17:31:52.817709 EST  close_command   : Closed #missing-lootbags (1371959472469053533) in 1.67s by xinkuu (901608730452426782) 49
INFO        2025-05-13 17:39:54.570966 EST  on_interaction  : xinkuu (901608730452426782) ran /close reason:'both' in #bossfriz-ticket-163710 (1371957598047305918) True
INFO        2025-05-13 17:39:56.540652 EST  close_command   : Closed #bossfriz-ticket-163710 (1371957598047305918) in 1.78s by xinkuu (901608730452426782) 48
INFO        2025-05-13 17:51:07.738555 EST  on_interaction  : thegenerous (198263506313805824) ran /move category:'1010777747456524338' in #deathstorm5219-ticket-163715 (1371967643451527319) True
INFO        2025-05-13 18:00:43.230685 EST  on_interaction  : m6rk (229691828650246145) ran /close reason:'answered' in #loggings-ticket-163384 (1371542666273099892) True
INFO        2025-05-13 18:00:44.740699 EST  close_command   : Closed #loggings-ticket-163384 (1371542666273099892) in 1.33s by m6rk (229691828650246145) 52
INFO        2025-05-13 18:08:53.099708 EST  on_interaction  : thegenerous (198263506313805824) ran /rename name:'rollback-issue' in #foonox-ticket-163718 (1371970189180276887) True
INFO        2025-05-13 18:08:59.627014 EST  on_interaction  : thegenerous (198263506313805824) ran /rename name:'rollback-issue' in #barucauss-ticket-163719 (1371971609489051738) True
INFO        2025-05-13 18:13:11.928072 EST  on_interaction  : llama_xd (200543436749668352) ran /close reason:'denied' in #deathstorm5219-ticket-163715 (1371967643451527319) True
INFO        2025-05-13 18:13:13.607947 EST  close_command   : Closed #deathstorm5219-ticket-163715 (1371967643451527319) in 1.52s by llama_xd (200543436749668352) 53
INFO        2025-05-13 18:25:34.584924 EST  on_interaction  : llama_xd (200543436749668352) ran /ticket-logs user:'662161182450253843' in #deathstorm5219-ticket-163721 (1371973949948170260) True
INFO        2025-05-13 18:25:39.278570 EST  on_interaction  : llama_xd (200543436749668352) ran /private in #deathstorm5219-ticket-163721 (1371973949948170260) True
INFO        2025-05-13 18:29:44.089081 EST  on_interaction  : xinkuu (901608730452426782) ran /close reason:'done' in #sweatybomb-ticket-163723 (1371977461008568352) True
INFO        2025-05-13 18:29:45.746256 EST  close_command   : Closed #sweatybomb-ticket-163723 (1371977461008568352) in 1.47s by xinkuu (901608730452426782) 55
INFO        2025-05-13 18:54:35.692065 EST  on_interaction  : _matiass. (638734404402806815) ran /close reason:'Already denied' in #deathstorm5219-ticket-163721 (1371973949948170260) True
INFO        2025-05-13 18:54:37.653054 EST  close_command   : Closed #deathstorm5219-ticket-163721 (1371973949948170260) in 1.77s by _matiass. (638734404402806815) 57
INFO        2025-05-13 18:56:33.708629 EST  on_interaction  : thegenerous (198263506313805824) ran /close reason:'empty ticket' in #tatooooo-ticket-163722 (1371974682437226537) True
INFO        2025-05-13 18:56:35.390342 EST  close_command   : Closed #tatooooo-ticket-163722 (1371974682437226537) in 1.51s by thegenerous (198263506313805824) 56
INFO        2025-05-13 19:42:52.711251 EST  on_interaction  : legendsarising (958225180604370945) ran /close reason:'answered' in #slyy2-ticket-163726 (1371983744482934825) True
INFO        2025-05-13 19:42:54.360270 EST  close_command   : Closed #slyy2-ticket-163726 (1371983744482934825) in 1.45s by legendsarising (958225180604370945) 57
INFO        2025-05-13 19:47:36.579095 EST  on_interaction  : legendsarising (958225180604370945) ran /close reason:'answered' in #z0rky-ticket-163725 (1371979953939419226) True
INFO        2025-05-13 19:47:37.999113 EST  close_command   : Closed #z0rky-ticket-163725 (1371979953939419226) in 1.23s by legendsarising (958225180604370945) 57
INFO        2025-05-13 20:00:29.576899 EST  on_interaction  : _matiass. (638734404402806815) ran /close reason:'Answered' in #sweatybomb-ticket-163731 (1372000244581007401) True
INFO        2025-05-13 20:00:32.044757 EST  close_command   : Closed #sweatybomb-ticket-163731 (1372000244581007401) in 2.28s by _matiass. (638734404402806815) 58
INFO        2025-05-13 20:13:48.718821 EST  on_interaction  : reheat (409915081317679104) ran /close reason:'empty' in #frank2152312-ticket-163728 (1371995989233369098) True
INFO        2025-05-13 20:13:50.468101 EST  close_command   : Closed #frank2152312-ticket-163728 (1371995989233369098) in 1.5s by reheat (409915081317679104) 58
INFO        2025-05-13 20:26:45.219866 EST  on_interaction  : _matiass. (638734404402806815) ran /close reason:'Dupe ticket' in #crazy948194092-ticket-163733 (1372005462924464209) True
INFO        2025-05-13 20:27:07.888124 EST  on_interaction  : _matiass. (638734404402806815) ran /close reason:'Dupe ticket' in #crazy948194092-ticket-163733 (1372005583317893260) True
INFO        2025-05-13 20:27:21.765645 EST  close_command   : Closed #crazy948194092-ticket-163733 (1372005462924464209) in 25.51s by _matiass. (638734404402806815) 60
ERROR       2025-05-13 20:29:22.020424 EST  close_error     : /close error Command 'close' raised an exception: DiscordServerError: 500 Internal Server Error (error code: 0): 500: Internal Server Error
INFO        2025-05-13 20:45:50.252226 EST  on_interaction  : _matiass. (638734404402806815) ran /close reason:'Empty ticket' in #dla300-ticket-163735 (1372007301816389723) True
INFO        2025-05-13 20:46:00.482832 EST  close_command   : Closed #dla300-ticket-163735 (1372007301816389723) in 3.22s by _matiass. (638734404402806815) 61
INFO        2025-05-13 20:46:12.141996 EST  on_interaction  : _matiass. (638734404402806815) ran /close reason:'Empty ticket' in #sweatybomb-ticket-163736 (1372011083790946326) True
INFO        2025-05-13 20:46:19.435298 EST  on_interaction  : _matiass. (638734404402806815) ran /close reason:'Dupe ticket' in #sweatybomb-ticket-163737 (1372011275361456211) True
INFO        2025-05-13 20:46:21.283855 EST  close_command   : Closed #sweatybomb-ticket-163737 (1372011275361456211) in 1.58s by _matiass. (638734404402806815) 60
INFO        2025-05-13 20:46:23.811215 EST  on_interaction  : legendsarising (958225180604370945) ran /close reason:'denied' in #caltiz-ticket-163732 (1372003252102627429) True
INFO        2025-05-13 20:46:26.574261 EST  close_command   : Closed #sweatybomb-ticket-163736 (1372011083790946326) in 14.28s by _matiass. (638734404402806815) 60
INFO        2025-05-13 20:46:28.635948 EST  close_command   : Closed #caltiz-ticket-163732 (1372003252102627429) in 2.06s by legendsarising (958225180604370945) 59
INFO        2025-05-13 20:46:57.647754 EST  on_interaction  : _matiass. (638734404402806815) ran /close reason:'Dupe ticket' in #crazy948194092-ticket-163733 (1372005583317893260) True
INFO        2025-05-13 20:47:03.286082 EST  close_command   : Closed #crazy948194092-ticket-163733 (1372005583317893260) in 5.48s by _matiass. (638734404402806815) 59
INFO        2025-05-13 21:09:27.868102 EST  on_interaction  : kos4ever (1086791650992476241) ran /close reason:'Inactive Player.' in #justpedra-ticket-163713 (1371959559283015702) True
INFO        2025-05-13 21:09:29.666518 EST  close_command   : Closed #justpedra-ticket-163713 (1371959559283015702) in 1.62s by kos4ever (1086791650992476241) 59
INFO        2025-05-13 21:25:35.022260 EST  on_interaction  : mochamoat (1079983420337303552) ran /close reason:'No evidence' in #kdd_papayt-ticket-163529 (1371716046129725494) True
INFO        2025-05-13 21:25:36.670447 EST  close_command   : Closed #kdd_papayt-ticket-163529 (1371716046129725494) in 1.46s by mochamoat (1079983420337303552) 61
INFO        2025-05-13 21:39:58.521060 EST  on_interaction  : itssfearless (469543931533852684) ran /rename name:'leader transfer' in #nrri123-ticket-163744 (1372025395892850769) True
INFO        2025-05-13 21:45:53.610050 EST  on_interaction  : reheat (409915081317679104) ran /close reason:'broken' in #dla300-ticket-163735 (1372007390521724959) True
INFO        2025-05-13 21:45:55.099334 EST  close_command   : Closed #dla300-ticket-163735 (1372007390521724959) in 1.27s by reheat (409915081317679104) 64
INFO        2025-05-13 21:45:57.441284 EST  on_interaction  : reheat (409915081317679104) ran /close reason:'broken' in #dla300-ticket-163735 (1372007809935478927) True
INFO        2025-05-13 21:45:58.704775 EST  close_command   : Closed #dla300-ticket-163735 (1372007809935478927) in 1.13s by reheat (409915081317679104) 64
INFO        2025-05-13 21:51:53.372874 EST  on_interaction  : _matiass. (638734404402806815) ran /close reason:'Given' in #leader-transfer (1372025395892850769) True
INFO        2025-05-13 21:51:55.102354 EST  close_command   : Closed #leader-transfer (1372025395892850769) in 1.54s by _matiass. (638734404402806815) 63
INFO        2025-05-13 22:29:00.918940 EST  on_interaction  : itssfearless (469543931533852684) ran /rename name:'vpn bypass' in #cadiarolls-ticket-163748 (1372032120792285275) True
INFO        2025-05-13 22:29:02.266013 EST  on_interaction  : itssfearless (469543931533852684) ran /private in #vpn-bypass (1372032120792285275) True
INFO        2025-05-13 22:29:29.998249 EST  on_interaction  : itssfearless (469543931533852684) ran /rename name:'missing bags' in #briitt-ticket-163743 (1372023923755061279) True
INFO        2025-05-13 22:45:53.002150 EST  on_interaction  : kesloo (170493204242759680) ran /close reason:'banned' in #danny1566-ticket-163742 (1372023540433551410) True
INFO        2025-05-13 22:45:54.745660 EST  close_command   : Closed #danny1566-ticket-163742 (1372023540433551410) in 1.57s by kesloo (170493204242759680) 69
INFO        2025-05-13 22:59:43.467463 EST  on_interaction  : reheat (409915081317679104) ran /close reason:'requested' in #yahoodle-ticket-163749 (1372036390757601471) True
INFO        2025-05-13 22:59:45.437429 EST  close_command   : Closed #yahoodle-ticket-163749 (1372036390757601471) in 1.75s by reheat (409915081317679104) 68
INFO        2025-05-13 23:19:40.409850 EST  on_interaction  : exitiummm (750077826874736770) ran /close reason:'new portal in pv 1' in #sweatybomb-ticket-163751 (1372038281096728718) True
INFO        2025-05-13 23:19:43.714784 EST  close_command   : Closed #sweatybomb-ticket-163751 (1372038281096728718) in 3.14s by exitiummm (750077826874736770) 70
INFO        2025-05-13 23:19:46.125697 EST  on_interaction  : exitiummm (750077826874736770) ran /close reason:'answered' in #cake2004-ticket-163753 (1372049009404809266) True
INFO        2025-05-13 23:19:47.547079 EST  close_command   : Closed #cake2004-ticket-163753 (1372049009404809266) in 1.27s by exitiummm (750077826874736770) 69
INFO        2025-05-13 23:22:38.203979 EST  on_interaction  : exitiummm (750077826874736770) ran /close reason:'accepted' in #peterb0b-ticket-163741 (1372020730883084288) True
INFO        2025-05-13 23:22:39.973736 EST  close_command   : Closed #peterb0b-ticket-163741 (1372020730883084288) in 1.61s by exitiummm (750077826874736770) 69
INFO        2025-05-13 23:25:54.566133 EST  on_interaction  : exitiummm (750077826874736770) ran /close reason:'accepted' in #sweatybomb-ticket-163727 (1371991712670679050) True
INFO        2025-05-13 23:25:57.466267 EST  close_command   : Closed #sweatybomb-ticket-163727 (1371991712670679050) in 1.72s by exitiummm (750077826874736770) 68
INFO        2025-05-13 23:32:03.485628 EST  on_interaction  : exitiummm (750077826874736770) ran /close reason:'money given' in #rollback-issue (1371970189180276887) True
INFO        2025-05-13 23:32:05.395474 EST  close_command   : Closed #rollback-issue (1371970189180276887) in 1.73s by exitiummm (750077826874736770) 67
INFO        2025-05-13 23:32:27.490675 EST  on_interaction  : exitiummm (750077826874736770) ran /close reason:'player to notify team if this becomes a reoccurring issue' in #sweatybomb-ticket-163736 (1372011160542380083) True
INFO        2025-05-13 23:32:28.953635 EST  close_command   : Closed #sweatybomb-ticket-163736 (1372011160542380083) in 1.22s by exitiummm (750077826874736770) 66
INFO        2025-05-13 23:35:44.728852 EST  on_interaction  : exitiummm (750077826874736770) ran /close reason:'reward in pv 1' in #cromeey37-ticket-163714 (1371965647722123466) True
INFO        2025-05-13 23:35:46.603290 EST  close_command   : Closed #cromeey37-ticket-163714 (1371965647722123466) in 1.7s by exitiummm (750077826874736770) 65
INFO        2025-05-13 23:40:31.280224 EST  on_interaction  : exitiummm (750077826874736770) ran /close reason:'added to ss list - not quite enough for ban' in #fgddgdfd-ticket-163720 (1371972938789552239) True
INFO        2025-05-13 23:40:32.963223 EST  close_command   : Closed #fgddgdfd-ticket-163720 (1371972938789552239) in 1.5s by exitiummm (750077826874736770) 64
INFO        2025-05-13 23:50:04.800522 EST  on_interaction  : exitiummm (750077826874736770) ran /close reason:'formal bug report made for further testing and resolution' in #uhc-minigame-bug (1371957383965970523) True
INFO        2025-05-13 23:50:06.518639 EST  close_command   : Closed #uhc-minigame-bug (1371957383965970523) in 1.54s by exitiummm (750077826874736770) 63
INFO        2025-05-13 23:51:40.400207 EST  on_interaction  : exitiummm (750077826874736770) ran /close reason:'loogbags given in player's ec' in #missing-bags (1372023923755061279) True
INFO        2025-05-13 23:51:41.870007 EST  close_command   : Closed #missing-bags (1372023923755061279) in 1.14s by exitiummm (750077826874736770) 63
INFO        2025-05-13 23:52:07.675266 EST  on_interaction  : exitiummm (750077826874736770) ran /close reason:'answered' in #agelboi-ticket-163582 (1371820455475806238) True
INFO        2025-05-13 23:52:09.366250 EST  close_command   : Closed #agelboi-ticket-163582 (1371820455475806238) in 1.5s by exitiummm (750077826874736770) 62
INFO        2025-05-13 23:52:14.632029 EST  on_interaction  : exitiummm (750077826874736770) ran /close reason:'empty' in #mason1252-ticket-163738 (1372015712750669884) True
INFO        2025-05-13 23:52:16.103615 EST  close_command   : Closed #mason1252-ticket-163738 (1372015712750669884) in 1.35s by exitiummm (750077826874736770) 61
INFO        2025-05-13 23:53:46.272094 EST  on_interaction  : kesloo (170493204242759680) ran /close reason:'denied' in #criplin-ticket-163655 (1371907394577240149) True
INFO        2025-05-13 23:53:48.105242 EST  close_command   : Closed #criplin-ticket-163655 (1371907394577240149) in 1.61s by kesloo (170493204242759680) 61
INFO        2025-05-14 00:07:29.279075 EST  on_interaction  : exitiummm (750077826874736770) ran /close reason:'sent to ss team - not enough for a ban' in #crazy948194092-ticket-163733 (1372005477617238046) True
INFO        2025-05-14 00:07:30.779215 EST  close_command   : Closed #crazy948194092-ticket-163733 (1372005477617238046) in 1.31s by exitiummm (750077826874736770) 62
INFO        2025-05-14 00:13:27.349227 EST  on_interaction  : exitiummm (750077826874736770) ran /close reason:'items in pv 1' in #missing-items-from-reboot (1371933035892834354) True
INFO        2025-05-14 00:13:29.183956 EST  close_command   : Closed #missing-items-from-reboot (1371933035892834354) in 1.66s by exitiummm (750077826874736770) 62
INFO        2025-05-14 00:32:58.258024 EST  on_interaction  : exitiummm (750077826874736770) ran /close reason:'2fa removed' in #fqlx-ticket-163756 (1372058587224080447) True
INFO        2025-05-14 00:33:00.010012 EST  close_command   : Closed #fqlx-ticket-163756 (1372058587224080447) in 1.57s by exitiummm (750077826874736770) 61
INFO        2025-05-14 00:37:28.766285 EST  on_interaction  : exitiummm (750077826874736770) ran /close reason:'accepted - revived set in pv 3' in #balentinojiji-ticket-163697 (1371946907341160583) True
INFO        2025-05-14 00:37:30.252697 EST  close_command   : Closed #balentinojiji-ticket-163697 (1371946907341160583) in 1.3s by exitiummm (750077826874736770) 61
INFO        2025-05-14 00:38:30.240391 EST  on_interaction  : exitiummm (750077826874736770) ran /close reason:'bags in ec' in #briitt-ticket-163761 (1372070158251855982) True
INFO        2025-05-14 00:38:31.656058 EST  close_command   : Closed #briitt-ticket-163761 (1372070158251855982) in 1.23s by exitiummm (750077826874736770) 60
INFO        2025-05-14 00:41:06.584047 EST  on_interaction  : kesloo (170493204242759680) ran /close reason:'banned' in #imponent-ticket-163474 (1371628412397031484) True
INFO        2025-05-14 00:41:07.877004 EST  close_command   : Closed #imponent-ticket-163474 (1371628412397031484) in 1.12s by kesloo (170493204242759680) 59
INFO        2025-05-14 00:44:27.938299 EST  on_interaction  : kesloo (170493204242759680) ran /close reason:'denied cheating' in #stopdying-ticket-163758 (1372060318129455165) True
INFO        2025-05-14 00:44:29.788693 EST  close_command   : Closed #stopdying-ticket-163758 (1372060318129455165) in 1.69s by kesloo (170493204242759680) 58
INFO        2025-05-14 00:44:34.433912 EST  on_interaction  : kesloo (170493204242759680) ran /close reason:'denied cheating' in #stopdying-ticket-163760 (1372063236048027682) True
INFO        2025-05-14 00:44:35.926034 EST  close_command   : Closed #stopdying-ticket-163760 (1372063236048027682) in 1.35s by kesloo (170493204242759680) 57
INFO        2025-05-14 00:47:16.654810 EST  on_interaction  : kesloo (170493204242759680) ran /close reason:'denied' in #cvele8387-ticket-163716 (1371967847848480948) True
INFO        2025-05-14 00:47:18.748673 EST  close_command   : Closed #cvele8387-ticket-163716 (1371967847848480948) in 1.91s by kesloo (170493204242759680) 56
INFO        2025-05-14 01:31:48.955568 EST  on_interaction  : exitiummm (750077826874736770) ran /close reason:'resolved' in #rollback-refund (1371791565206589502) True
INFO        2025-05-14 01:31:51.328889 EST  close_command   : Closed #rollback-refund (1371791565206589502) in 2.22s by exitiummm (750077826874736770) 57
INFO        2025-05-14 01:34:08.187467 EST  on_interaction  : exitiummm (750077826874736770) ran /close reason:'pv 2' in #shiverer-ticket-163679 (1371930314581999696) True
INFO        2025-05-14 01:34:09.835357 EST  close_command   : Closed #shiverer-ticket-163679 (1371930314581999696) in 1.48s by exitiummm (750077826874736770) 56
INFO        2025-05-14 01:35:09.029044 EST  on_interaction  : exitiummm (750077826874736770) ran /close reason:'spawners pv 1' in #scaries0420-ticket-163762 (1372079392989384725) True
INFO        2025-05-14 01:35:10.689564 EST  close_command   : Closed #scaries0420-ticket-163762 (1372079392989384725) in 1.41s by exitiummm (750077826874736770) 55
INFO        2025-05-14 01:35:33.507580 EST  on_interaction  : exitiummm (750077826874736770) ran /close reason:'fixed' in #sweatybomb-ticket-163755 (1372050764146675842) True
INFO        2025-05-14 01:35:35.175356 EST  close_command   : Closed #sweatybomb-ticket-163755 (1372050764146675842) in 1.48s by exitiummm (750077826874736770) 54
INFO        2025-05-14 01:35:41.599325 EST  on_interaction  : exitiummm (750077826874736770) ran /close reason:'answered' in #briitt-ticket-163752 (1372047793266360340) True
INFO        2025-05-14 01:35:43.110293 EST  close_command   : Closed #briitt-ticket-163752 (1372047793266360340) in 1.38s by exitiummm (750077826874736770) 53
INFO        2025-05-14 01:36:54.357512 EST  on_interaction  : exitiummm (750077826874736770) ran /close reason:'pv 1' in #sweatybomb-ticket-163764 (1372085032277250079) True
INFO        2025-05-14 01:36:55.709884 EST  close_command   : Closed #sweatybomb-ticket-163764 (1372085032277250079) in 1.17s by exitiummm (750077826874736770) 53
INFO        2025-05-14 01:38:03.233756 EST  on_interaction  : exitiummm (750077826874736770) ran /close reason:'denied - valid (logs, vid, ac dev)' in #ishownofearb-ticket-163745 (1372030169535090688) True
INFO        2025-05-14 01:38:05.135091 EST  close_command   : Closed #ishownofearb-ticket-163745 (1372030169535090688) in 1.69s by exitiummm (750077826874736770) 53
INFO        2025-05-14 01:38:19.526250 EST  on_interaction  : exitiummm (750077826874736770) ran /close reason:'answered' in #f-chest-logs (1371936432955985950) True
INFO        2025-05-14 01:38:21.330652 EST  close_command   : Closed #f-chest-logs (1371936432955985950) in 1.64s by exitiummm (750077826874736770) 52
INFO        2025-05-14 01:39:48.681252 EST  on_interaction  : exitiummm (750077826874736770) ran /close reason:'answered' in #bannys-ticket-163687 (1371934065220911144) True
INFO        2025-05-14 01:39:50.306113 EST  close_command   : Closed #bannys-ticket-163687 (1371934065220911144) in 1.46s by exitiummm (750077826874736770) 51
INFO        2025-05-14 01:41:52.214204 EST  on_interaction  : exitiummm (750077826874736770) ran /close reason:'answered' in #asta1541-ticket-163685 (1371933397521399848) True
INFO        2025-05-14 01:41:53.992383 EST  close_command   : Closed #asta1541-ticket-163685 (1371933397521399848) in 1.57s by exitiummm (750077826874736770) 50
INFO        2025-05-14 01:42:37.332472 EST  on_interaction  : exitiummm (750077826874736770) ran /close reason:'claimed' in #lucasjosefsen-ticket-163577 (1371813717620297812) True
INFO        2025-05-14 01:42:39.284393 EST  close_command   : Closed #lucasjosefsen-ticket-163577 (1371813717620297812) in 1.77s by exitiummm (750077826874736770) 49
INFO        2025-05-14 01:43:08.109010 EST  on_interaction  : exitiummm (750077826874736770) ran /close reason:'there is a bug I believe we are looking into' in #ffa-question (1371941838902267915) True
INFO        2025-05-14 01:43:10.396536 EST  close_command   : Closed #ffa-question (1371941838902267915) in 2.12s by exitiummm (750077826874736770) 48
INFO        2025-05-14 01:47:51.454933 EST  on_interaction  : exitiummm (750077826874736770) ran /close reason:'answered' in #z0rky-ticket-163730 (1371997921742033078) True
INFO        2025-05-14 01:47:52.953724 EST  close_command   : Closed #z0rky-ticket-163730 (1371997921742033078) in 1.34s by exitiummm (750077826874736770) 48
INFO        2025-05-14 01:48:26.033384 EST  on_interaction  : exitiummm (750077826874736770) ran /close reason:'dupe ticket' in #tag1919-ticket-163763 (1372082646410067968) True
INFO        2025-05-14 01:48:27.639479 EST  close_command   : Closed #tag1919-ticket-163763 (1372082646410067968) in 1.44s by exitiummm (750077826874736770) 47
INFO        2025-05-14 01:48:49.498998 EST  on_interaction  : exitiummm (750077826874736770) ran /close reason:'answered' in #sweatybomb-ticket-163766 (1372087993590087811) True
INFO        2025-05-14 01:48:51.298319 EST  close_command   : Closed #sweatybomb-ticket-163766 (1372087993590087811) in 1.6s by exitiummm (750077826874736770) 46
INFO        2025-05-14 02:06:13.192976 EST  on_interaction  : exitiummm (750077826874736770) ran /close reason:'pv 1' in #shipwreck-rewards (1371949104657207466) True
INFO        2025-05-14 02:06:15.738683 EST  close_command   : Closed #shipwreck-rewards (1371949104657207466) in 2.22s by exitiummm (750077826874736770) 46
INFO        2025-05-14 02:10:43.938841 EST  on_interaction  : rolith (399760511706726400) ran /close reason:'done' in #vpn-bypass (1372032120792285275) True
INFO        2025-05-14 02:10:45.699571 EST  close_command   : Closed #vpn-bypass (1372032120792285275) in 1.51s by rolith (399760511706726400) 45
INFO        2025-05-14 02:12:27.087989 EST  on_interaction  : rolith (399760511706726400) ran /close reason:'answered' in #pengveen-ticket-160324 (1363896363766513674) True
INFO        2025-05-14 02:12:28.877344 EST  close_command   : Closed #pengveen-ticket-160324 (1363896363766513674) in 1.64s by rolith (399760511706726400) 44
INFO        2025-05-14 02:20:36.435082 EST  on_interaction  : rolith (399760511706726400) ran /close reason:'why you always asking' in #vodkalol69-ticket-163765 (1372085383931629579) True
INFO        2025-05-14 02:20:38.022460 EST  close_command   : Closed #vodkalol69-ticket-163765 (1372085383931629579) in 1.42s by rolith (399760511706726400) 44
INFO        2025-05-14 02:21:08.936201 EST  on_interaction  : rolith (399760511706726400) ran /close reason:'there was a rollback thats why' in #rollback-issue (1371971609489051738) True
INFO        2025-05-14 02:21:11.002254 EST  close_command   : Closed #rollback-issue (1371971609489051738) in 1.85s by rolith (399760511706726400) 43
INFO        2025-05-14 02:21:54.372948 EST  on_interaction  : rolith (399760511706726400) ran /close reason:'tough' in #cake2004-ticket-163768 (1372095214612643862) True
INFO        2025-05-14 02:21:56.080531 EST  close_command   : Closed #cake2004-ticket-163768 (1372095214612643862) in 1.53s by rolith (399760511706726400) 42
INFO        2025-05-14 02:23:01.903885 EST  on_interaction  : rolith (399760511706726400) ran /close reason:'REFUNDED THE PORTAL AND KEYS' in #drippyslope-ticket-163754 (1372049570204487731) True
INFO        2025-05-14 02:23:03.727713 EST  close_command   : Closed #drippyslope-ticket-163754 (1372049570204487731) in 1.56s by rolith (399760511706726400) 42
INFO        2025-05-14 02:25:40.297322 EST  on_interaction  : llama_xd (200543436749668352) ran /rename name:'enchant procs query' in #prgh_-ticket-163746 (1372030697086128128) True
INFO        2025-05-14 02:26:21.842805 EST  on_interaction  : pizzamuncher2132 (1066050892203315342) ran /close reason:'answered' in #clouds5881-ticket-163685 (1371933391297187840) True
INFO        2025-05-14 02:26:23.449974 EST  close_command   : Closed #clouds5881-ticket-163685 (1371933391297187840) in 1.4s by pizzamuncher2132 (1066050892203315342) 41
INFO        2025-05-14 02:49:21.792343 EST  on_interaction  : rolith (399760511706726400) ran /close reason:'given' in #briitt-ticket-163770 (1372098874705186946) True
INFO        2025-05-14 02:49:23.542819 EST  close_command   : Closed #briitt-ticket-163770 (1372098874705186946) in 1.57s by rolith (399760511706726400) 42
INFO        2025-05-14 02:56:43.210439 EST  on_interaction  : pizzamuncher2132 (1066050892203315342) ran /close reason:'rollback denied' in #bionicbeurghjn-ticket-163700 (1371948610744357025) True
INFO        2025-05-14 02:56:44.719744 EST  close_command   : Closed #bionicbeurghjn-ticket-163700 (1371948610744357025) in 1.39s by pizzamuncher2132 (1066050892203315342) 43
INFO        2025-05-14 02:57:19.678491 EST  on_interaction  : pizzamuncher2132 (1066050892203315342) ran /close reason:'Rollback denied - You didn't report this within the 24 hour timeframe' in #applesonmcadia-ticket-163740 (1372019237752668304) True
INFO        2025-05-14 02:57:21.209432 EST  close_command   : Closed #applesonmcadia-ticket-163740 (1372019237752668304) in 1.37s by pizzamuncher2132 (1066050892203315342) 42
INFO        2025-05-14 03:04:01.794089 EST  on_interaction  : daddy0001 (339415844411146251) ran /rename name:'stronghold alting' in #empirehangout-ticket-163773 (1372104938032861194) True
INFO        2025-05-14 03:06:02.476709 EST  on_interaction  : daddy0001 (339415844411146251) ran /rename name:'pet bug' in #tatooooo-ticket-163739 (1372019082953756724) True
INFO        2025-05-14 03:06:06.736549 EST  on_interaction  : daddy0001 (339415844411146251) ran /private in #pet-bug (1372019082953756724) True
INFO        2025-05-14 03:08:09.578160 EST  on_interaction  : daddy0001 (339415844411146251) ran /rename name:'leader transfer' in #yesno9369-ticket-163772 (1372104227731804190) True
INFO        2025-05-14 03:08:26.694777 EST  on_interaction  : daddy0001 (339415844411146251) ran /rename name:'auto dungeon start query' in #clicking1cps-ticket-163771 (1372103361616412753) True
INFO        2025-05-14 03:09:24.271324 EST  on_interaction  : pizzamuncher2132 (1066050892203315342) ran /close reason:'Appeal denied' in #craked8620-ticket-163774 (1372106912044286093) True
INFO        2025-05-14 03:09:26.234953 EST  close_command   : Closed #craked8620-ticket-163774 (1372106912044286093) in 1.7s by pizzamuncher2132 (1066050892203315342) 43
INFO        2025-05-14 03:14:58.168346 EST  on_interaction  : pizzamuncher2132 (1066050892203315342) ran /close reason:'bugs listed' in #fahadytttt-ticket-163330 (1371456896040697899) True
INFO        2025-05-14 03:15:00.182557 EST  close_command   : Closed #fahadytttt-ticket-163330 (1371456896040697899) in 1.84s by pizzamuncher2132 (1066050892203315342) 42
INFO        2025-05-14 03:15:15.666059 EST  on_interaction  : daddy0001 (339415844411146251) ran /rename name:'Rolith' in #vodkalol69-ticket-163769 (1372096792937889832) True
INFO        2025-05-14 03:17:11.031761 EST  on_interaction  : daddy0001 (339415844411146251) ran /close reason:'answered' in #draxxcyl-ticket-163707 (1371955474357944401) True
INFO        2025-05-14 03:17:12.571664 EST  close_command   : Closed #draxxcyl-ticket-163707 (1371955474357944401) in 1.35s by daddy0001 (339415844411146251) 41
INFO        2025-05-14 03:55:30.292101 EST  on_interaction  : gcrazyy (934805715510517850) ran /rename name:'leader transfer request' in #tightened-ticket-163776 (1372117515102060605) True
INFO        2025-05-14 04:26:15.149620 EST  on_interaction  : daddy0001 (339415844411146251) ran /rename name:'leader transfer' in #eupm-ticket-163779 (1372124404766478336) True
INFO        2025-05-14 05:30:45.092184 EST  on_interaction  : lilrolls123 (776423109317361714) ran /rename name:'leader transfer' in #incoherentmess_-ticket-163782 (1372136807747162143) True
INFO        2025-05-14 05:30:57.316501 EST  on_interaction  : lilrolls123 (776423109317361714) ran /rename name:'leader transfer' in #xnv280-ticket-163781 (1372132559118667796) True
INFO        2025-05-14 05:53:20.792890 EST  on_interaction  : llama_xd (200543436749668352) ran /close reason:'already denied' in #cvele8387-ticket-163786 (1372149150770008094) True
INFO        2025-05-14 05:53:22.559110 EST  close_command   : Closed #cvele8387-ticket-163786 (1372149150770008094) in 1.6s by llama_xd (200543436749668352) 51
INFO        2025-05-14 05:59:33.925506 EST  on_interaction  : xinkuu (901608730452426782) ran /close reason:'answered' in #cvele8387-ticket-163787 (1372149854641590312) True
INFO        2025-05-14 05:59:35.678583 EST  close_command   : Closed #cvele8387-ticket-163787 (1372149854641590312) in 1.57s by xinkuu (901608730452426782) 51
INFO        2025-05-14 05:59:48.487674 EST  on_interaction  : xinkuu (901608730452426782) ran /close reason:'req' in #growhl-ticket-163785 (1372148906036822016) True
INFO        2025-05-14 05:59:50.074861 EST  close_command   : Closed #growhl-ticket-163785 (1372148906036822016) in 1.44s by xinkuu (901608730452426782) 50
INFO        2025-05-14 06:01:12.446815 EST  on_interaction  : daddy0001 (339415844411146251) ran /rename name:'vpn whitelist request' in #peterb0b-ticket-163784 (1372147882072739872) True
INFO        2025-05-14 06:04:02.368416 EST  on_interaction  : xinkuu (901608730452426782) ran /close reason:'answered' in #leader-transfer (1372136807747162143) True
INFO        2025-05-14 06:04:04.066476 EST  close_command   : Closed #leader-transfer (1372136807747162143) in 1.51s by xinkuu (901608730452426782) 51
INFO        2025-05-14 06:04:15.602344 EST  on_interaction  : xinkuu (901608730452426782) ran /close reason:'answered' in #leader-transfer (1372132559118667796) True
INFO        2025-05-14 06:04:17.893928 EST  close_command   : Closed #leader-transfer (1372132559118667796) in 2.13s by xinkuu (901608730452426782) 50
INFO        2025-05-14 06:05:16.126940 EST  on_interaction  : xinkuu (901608730452426782) ran /close reason:'answered' in #leader-transfer (1372124404766478336) True
INFO        2025-05-14 06:05:17.732809 EST  close_command   : Closed #leader-transfer (1372124404766478336) in 1.46s by xinkuu (901608730452426782) 50
INFO        2025-05-14 06:05:25.784961 EST  on_interaction  : xinkuu (901608730452426782) ran /close reason:'req' in #leader-transfer-request (1372117515102060605) True
INFO        2025-05-14 06:05:27.453549 EST  close_command   : Closed #leader-transfer-request (1372117515102060605) in 1.52s by xinkuu (901608730452426782) 49
INFO        2025-05-14 06:08:31.489328 EST  on_interaction  : gcrazyy (934805715510517850) ran /private in #vpn-whitelist-request (1372147882072739872) True
INFO        2025-05-14 06:11:30.294777 EST  on_interaction  : daddy0001 (339415844411146251) ran /close reason:'requested' in #incoherentmess_-ticket-163783 (1372142303149428766) True
INFO        2025-05-14 06:11:32.187965 EST  close_command   : Closed #incoherentmess_-ticket-163783 (1372142303149428766) in 1.67s by daddy0001 (339415844411146251) 48
INFO        2025-05-14 06:12:23.662180 EST  on_interaction  : daddy0001 (339415844411146251) ran /rename name:'chatlog check' in #96266-ticket-163789 (1372151696662331452) True
INFO        2025-05-14 06:12:32.275344 EST  on_interaction  : daddy0001 (339415844411146251) ran /rename name:'stronghold alting' in #96266-ticket-163790 (1372152583480672316) True
INFO        2025-05-14 06:15:07.257993 EST  on_interaction  : daddy0001 (339415844411146251) ran /close reason:'answered' in #revival2279-ticket-163775 (1372108184197664778) True
INFO        2025-05-14 06:15:08.978461 EST  close_command   : Closed #revival2279-ticket-163775 (1372108184197664778) in 1.51s by daddy0001 (339415844411146251) 47
INFO        2025-05-14 06:28:44.202826 EST  on_interaction  : llama_xd (200543436749668352) ran /close reason:'accepted' in #stronghold-alting (1372104938032861194) True
INFO        2025-05-14 06:28:45.996978 EST  close_command   : Closed #stronghold-alting (1372104938032861194) in 1.6s by llama_xd (200543436749668352) 48
INFO        2025-05-14 06:30:33.466112 EST  on_interaction  : xinkuu (901608730452426782) ran /close reason:'already muted' in #chatlog-check (1372151696662331452) True
INFO        2025-05-14 06:30:34.848130 EST  close_command   : Closed #chatlog-check (1372151696662331452) in 1.22s by xinkuu (901608730452426782) 47
INFO        2025-05-14 06:31:11.609509 EST  on_interaction  : llama_xd (200543436749668352) ran /close reason:'make an appeal' in #declandmc-ticket-163788 (1372151539749224530) True
INFO        2025-05-14 06:31:13.265270 EST  close_command   : Closed #declandmc-ticket-163788 (1372151539749224530) in 1.48s by llama_xd (200543436749668352) 46
INFO        2025-05-14 06:31:33.347540 EST  on_interaction  : llama_xd (200543436749668352) ran /close reason:'player is already banned for doing it earler' in #stronghold-alting (1372152583480672316) True
INFO        2025-05-14 06:31:34.917670 EST  close_command   : Closed #stronghold-alting (1372152583480672316) in 1.45s by llama_xd (200543436749668352) 46
INFO        2025-05-14 07:10:25.022303 EST  on_interaction  : _matiass. (638734404402806815) ran /close reason:'Answered' in #imartinwashere-ticket-163797 (1372168013607862314) True
INFO        2025-05-14 07:10:26.827827 EST  close_command   : Closed #imartinwashere-ticket-163797 (1372168013607862314) in 1.63s by _matiass. (638734404402806815) 50
INFO        2025-05-14 07:41:00.333463 EST  on_interaction  : _matiass. (638734404402806815) ran /close reason:'Given' in #nikolai173-ticket-163799 (1372170301458223174) True
INFO        2025-05-14 07:41:01.998979 EST  close_command   : Closed #nikolai173-ticket-163799 (1372170301458223174) in 1.44s by _matiass. (638734404402806815) 50
INFO        2025-05-14 07:41:57.334688 EST  on_interaction  : _matiass. (638734404402806815) ran /close reason:'Answered' in #leader-transfer (1372104227731804190) True
INFO        2025-05-14 07:41:59.050395 EST  close_command   : Closed #leader-transfer (1372104227731804190) in 1.46s by _matiass. (638734404402806815) 49
INFO        2025-05-14 07:43:39.309105 EST  on_interaction  : _matiass. (638734404402806815) ran /close reason:'Done' in #eomzy-ticket-163798 (1372168995397959740) True
INFO        2025-05-14 07:43:40.952582 EST  close_command   : Closed #eomzy-ticket-163798 (1372168995397959740) in 1.47s by _matiass. (638734404402806815) 48
INFO        2025-05-14 07:46:12.763513 EST  on_interaction  : daddy0001 (339415844411146251) ran /rename name:'leader transfer' in #dedezz-ticket-163800 (1372178026485252141) True
INFO        2025-05-14 07:55:20.397024 EST  on_interaction  : daddy0001 (339415844411146251) ran /close reason:'requested' in #empirehangout-ticket-163794 (1372159667358142504) True
INFO        2025-05-14 07:55:21.894700 EST  close_command   : Closed #empirehangout-ticket-163794 (1372159667358142504) in 1.3s by daddy0001 (339415844411146251) 48
INFO        2025-05-14 08:19:37.226787 EST  on_interaction  : thegenerous (198263506313805824) ran /close reason:'answered' in #96266-ticket-163802 (1372185635409891420) True
INFO        2025-05-14 08:19:38.644164 EST  close_command   : Closed #96266-ticket-163802 (1372185635409891420) in 1.26s by thegenerous (198263506313805824) 50
INFO        2025-05-14 08:20:42.040789 EST  on_interaction  : daddy0001 (339415844411146251) ran /move category:'1010777747456524338' in #dedezz-ticket-163803 (1372186350479999068) True
INFO        2025-05-14 08:23:59.989205 EST  on_interaction  : thegenerous (198263506313805824) ran /rename name:'expo-island-4-mobs' in #draxxcyl-ticket-163792 (1372158355119800350) True
INFO        2025-05-14 08:24:05.783248 EST  on_interaction  : thegenerous (198263506313805824) ran /move category:'1009882045901721720' in #expo-island-4-mobs (1372158355119800350) True
INFO        2025-05-14 08:24:37.046989 EST  on_interaction  : thegenerous (198263506313805824) ran /rename name:'reporting-bug-reward-query' in #justinotw-ticket-163795 (1372160521498918913) True
INFO        2025-05-14 08:25:23.106261 EST  on_interaction  : thegenerous (198263506313805824) ran /rename name:'chron-challenge-issue' in #cake2004-ticket-163777 (1372117839762161694) True
INFO        2025-05-14 08:26:05.723511 EST  on_interaction  : thegenerous (198263506313805824) ran /rename name:'rollback-issue' in #fszin-ticket-163796 (1372167682169896981) True
INFO        2025-05-14 08:31:08.380543 EST  on_interaction  : thegenerous (198263506313805824) ran /rename name:'missing-vkit-shards' in #drippyslope-ticket-163747 (1372031204697837688) True
INFO        2025-05-14 08:43:37.767492 EST  on_interaction  : kesloo (170493204242759680) ran /close reason:'gave' in #leader-transfer (1372178026485252141) True
INFO        2025-05-14 08:43:39.819589 EST  close_command   : Closed #leader-transfer (1372178026485252141) in 1.88s by kesloo (170493204242759680) 49
INFO        2025-05-14 08:47:21.892898 EST  on_interaction  : kesloo (170493204242759680) ran /close reason:'banned' in #xnv280-ticket-163791 (1372156402461708349) True
INFO        2025-05-14 08:47:23.409472 EST  close_command   : Closed #xnv280-ticket-163791 (1372156402461708349) in 1.28s by kesloo (170493204242759680) 48
INFO        2025-05-14 08:47:30.500353 EST  on_interaction  : xinkuu (901608730452426782) ran /close reason:'answered' in #shxd121-ticket-163801 (1372185269725298799) True
INFO        2025-05-14 08:47:31.775441 EST  close_command   : Closed #shxd121-ticket-163801 (1372185269725298799) in 1.11s by xinkuu (901608730452426782) 47
INFO        2025-05-14 08:48:47.250914 EST  on_interaction  : kesloo (170493204242759680) ran /close reason:'unbanned' in #dedezz-ticket-163803 (1372186350479999068) True
INFO        2025-05-14 08:48:48.994601 EST  close_command   : Closed #dedezz-ticket-163803 (1372186350479999068) in 1.57s by kesloo (170493204242759680) 46
INFO        2025-05-14 08:55:04.994988 EST  on_interaction  : kesloo (170493204242759680) ran /close reason:'responded' in #reporting-bug-reward-query (1372160521498918913) True
INFO        2025-05-14 08:55:06.906133 EST  close_command   : Closed #reporting-bug-reward-query (1372160521498918913) in 1.72s by kesloo (170493204242759680) 45
INFO        2025-05-14 09:07:15.046234 EST  on_interaction  : kesloo (170493204242759680) ran /close reason:'dpliacte' in #yesno9369-ticket-163804 (1372197379998220318) True
INFO        2025-05-14 09:07:16.500476 EST  close_command   : Closed #yesno9369-ticket-163804 (1372197379998220318) in 1.3s by kesloo (170493204242759680) 48
INFO        2025-05-14 09:08:45.114412 EST  on_interaction  : kesloo (170493204242759680) ran /close reason:'accepted' in #yesno9369-ticket-163804 (1372197381201723392) True
INFO        2025-05-14 09:08:46.886216 EST  close_command   : Closed #yesno9369-ticket-163804 (1372197381201723392) in 1.58s by kesloo (170493204242759680) 47
INFO        2025-05-14 09:11:19.636758 EST  on_interaction  : kesloo (170493204242759680) ran /close reason:'accepted' in #jarad7566-ticket-163806 (1372198124453367909) True
INFO        2025-05-14 09:11:21.402054 EST  close_command   : Closed #jarad7566-ticket-163806 (1372198124453367909) in 1.58s by kesloo (170493204242759680) 46
INFO        2025-05-14 09:24:55.738325 EST  on_interaction  : snack6133 (637766719095439380) ran /move category:'1003465142018768897' in #l122111-ticket-163807 (1372198441769242776) True
INFO        2025-05-14 09:42:43.928076 EST  on_interaction  : _matiass. (638734404402806815) ran /close reason:'Answered' in #expo-island-4-mobs (1372158355119800350) True
INFO        2025-05-14 09:42:45.826161 EST  close_command   : Closed #expo-island-4-mobs (1372158355119800350) in 1.59s by _matiass. (638734404402806815) 45
INFO        2025-05-14 09:52:32.312187 EST  on_interaction  : thegenerous (198263506313805824) ran /rename name:'leader-transfer' in #sweatybomb-ticket-163808 (1372209732839804979) True
INFO        2025-05-14 09:58:38.517589 EST  on_interaction  : atomicog (172531164970483712) ran /close reason:'answered' in #chron-challenge-issue (1372117839762161694) True
INFO        2025-05-14 09:58:40.487873 EST  close_command   : Closed #chron-challenge-issue (1372117839762161694) in 1.74s by atomicog (172531164970483712) 46
INFO        2025-05-14 10:04:51.575598 EST  on_interaction  : daddy0001 (339415844411146251) ran /rename name:'vpn whitelist request' in #imartinwashere-ticket-163811 (1372212928085884981) True
INFO        2025-05-14 10:17:04.338251 EST  on_interaction  : kesloo (170493204242759680) ran /rename name:'vpn whitelist' in #bogibatina-ticket-163810 (1372212475054915676) True
INFO        2025-05-14 10:18:23.027548 EST  on_interaction  : sipx (542834884683497472) ran /close reason:'re-sent the purchase, sorry about that!' in #whitepony1-ticket-163605 (1371857350423740426) True
INFO        2025-05-14 10:18:24.981565 EST  close_command   : Closed #whitepony1-ticket-163605 (1371857350423740426) in 1.79s by sipx (542834884683497472) 48
INFO        2025-05-14 10:19:05.067944 EST  on_interaction  : kesloo (170493204242759680) ran /close reason:'gave' in #leader-transfer (1372209732839804979) True
INFO        2025-05-14 10:19:06.856639 EST  close_command   : Closed #leader-transfer (1372209732839804979) in 1.5s by kesloo (170493204242759680) 47
INFO        2025-05-14 10:29:01.740218 EST  on_interaction  : sipx (542834884683497472) ran /close reason:'resolved' in #l122111-ticket-163807 (1372198441769242776) True
INFO        2025-05-14 10:29:03.552531 EST  close_command   : Closed #l122111-ticket-163807 (1372198441769242776) in 1.63s by sipx (542834884683497472) 48
INFO        2025-05-14 10:51:21.172804 EST  on_interaction  : reheat (409915081317679104) ran /close reason:'you have vpn bypass on them already' in #vpn-whitelist-request (1372212928085884981) True
INFO        2025-05-14 10:51:23.005824 EST  close_command   : Closed #vpn-whitelist-request (1372212928085884981) in 1.63s by reheat (409915081317679104) 51
INFO        2025-05-14 10:51:43.667918 EST  on_interaction  : reheat (409915081317679104) ran /close reason:'given' in #vpn-whitelist (1372212475054915676) True
INFO        2025-05-14 10:51:46.305475 EST  close_command   : Closed #vpn-whitelist (1372212475054915676) in 2.48s by reheat (409915081317679104) 50
INFO        2025-05-14 10:51:57.924700 EST  on_interaction  : reheat (409915081317679104) ran /ticket-logs user:'638466634075602957' in #zxzxzxzxzxzxzxzxzxzxzxzxzx-ticket-163703 (1371952444560638063) True
INFO        2025-05-14 10:52:21.529911 EST  on_interaction  : reheat (409915081317679104) ran /close reason:'given' in #zxzxzxzxzxzxzxzxzxzxzxzxzx-ticket-163703 (1371952444560638063) True
INFO        2025-05-14 10:52:22.919511 EST  close_command   : Closed #zxzxzxzxzxzxzxzxzxzxzxzxzx-ticket-163703 (1371952444560638063) in 1.21s by reheat (409915081317679104) 49
INFO        2025-05-14 10:52:44.803657 EST  on_interaction  : reheat (409915081317679104) ran /ticket-logs user:'1188878110343565435' in #vxcvcxcvxdsf-ticket-163818 (1372224397208977570) True
INFO        2025-05-14 10:53:23.036174 EST  on_interaction  : reheat (409915081317679104) ran /close reason:'denied' in #vxcvcxcvxdsf-ticket-163818 (1372224397208977570) True
INFO        2025-05-14 10:53:25.280066 EST  close_command   : Closed #vxcvcxcvxdsf-ticket-163818 (1372224397208977570) in 2.04s by reheat (409915081317679104) 49
INFO        2025-05-14 10:55:09.512327 EST  on_interaction  : reheat (409915081317679104) ran /close reason:'you're already banned on one of your accounts' in #vpn-whitelist-request (1372147882072739872) True
INFO        2025-05-14 10:55:11.462889 EST  close_command   : Closed #vpn-whitelist-request (1372147882072739872) in 1.76s by reheat (409915081317679104) 48
INFO        2025-05-14 10:55:38.491998 EST  on_interaction  : reheat (409915081317679104) ran /close reason:'fixed' in #imartinwashere-ticket-163819 (1372225070482722816) True
INFO        2025-05-14 10:55:40.340206 EST  close_command   : Closed #imartinwashere-ticket-163819 (1372225070482722816) in 1.64s by reheat (409915081317679104) 47
INFO        2025-05-14 10:59:38.833068 EST  on_interaction  : llama_xd (200543436749668352) ran /close reason:'no evidence' in #cromeey37-ticket-163816 (1372222103469686814) True
INFO        2025-05-14 10:59:40.235705 EST  close_command   : Closed #cromeey37-ticket-163816 (1372222103469686814) in 1.24s by llama_xd (200543436749668352) 46
INFO        2025-05-14 11:07:53.069608 EST  on_interaction  : _matiass. (638734404402806815) ran /close reason:'Denied' in #cromeey37-ticket-163822 (1372228187441856543) True
INFO        2025-05-14 11:07:54.711888 EST  close_command   : Closed #cromeey37-ticket-163822 (1372228187441856543) in 1.44s by _matiass. (638734404402806815) 48
INFO        2025-05-14 11:10:19.023275 EST  on_interaction  : kesloo (170493204242759680) ran /close reason:'muted' in #fgddgdfd-ticket-163815 (1372219533305184306) True
INFO        2025-05-14 11:10:20.783784 EST  close_command   : Closed #fgddgdfd-ticket-163815 (1372219533305184306) in 1.59s by kesloo (170493204242759680) 47
INFO        2025-05-14 11:10:52.322637 EST  on_interaction  : llama_xd (200543436749668352) ran /close reason:'accepted' in #vvsdmyfangs-ticket-163820 (1372227796906016888) True
INFO        2025-05-14 11:10:54.208065 EST  close_command   : Closed #vvsdmyfangs-ticket-163820 (1372227796906016888) in 1.69s by llama_xd (200543436749668352) 46
INFO        2025-05-14 11:10:57.680461 EST  on_interaction  : keksmc (1193224557826412624) ran /close reason:'denied' in #vinix__1-ticket-163814 (1372216862485512232) True
INFO        2025-05-14 11:10:59.268373 EST  close_command   : Closed #vinix__1-ticket-163814 (1372216862485512232) in 1.39s by keksmc (1193224557826412624) 45
INFO        2025-05-14 11:11:55.739753 EST  on_interaction  : llama_xd (200543436749668352) ran /rename name:'revive complaint' in #asta1541-ticket-163812 (1372213313496289291) True
INFO        2025-05-14 11:12:02.608776 EST  on_interaction  : keksmc (1193224557826412624) ran /rename name:'admin' in #thebagman_89-ticket-163809 (1372210593997521030) True
INFO        2025-05-14 11:12:18.046044 EST  on_interaction  : keksmc (1193224557826412624) ran /close reason:'player punished' in #_5xs_-ticket-163778 (1372121583023292557) True
INFO        2025-05-14 11:12:19.743983 EST  close_command   : Closed #_5xs_-ticket-163778 (1372121583023292557) in 1.46s by keksmc (1193224557826412624) 44
INFO        2025-05-14 11:15:44.557642 EST  on_interaction  : _matiass. (638734404402806815) ran /close reason:'Answered' in #rolith (1372096792937889832) True
INFO        2025-05-14 11:15:46.328636 EST  close_command   : Closed #rolith (1372096792937889832) in 1.56s by _matiass. (638734404402806815) 43
INFO        2025-05-14 11:16:28.082333 EST  on_interaction  : exitiummm (750077826874736770) ran /close reason:'Denied - Insufficient Evidence' in #trytryharder_-ticket-163662 (1371913776974004286) True
INFO        2025-05-14 11:16:30.256241 EST  close_command   : Closed #trytryharder_-ticket-163662 (1371913776974004286) in 1.99s by exitiummm (750077826874736770) 42
INFO        2025-05-14 11:23:57.313510 EST  on_interaction  : keksmc (1193224557826412624) ran /close reason:'furthured' in #boss-bug (1369951483143131136) True
INFO        2025-05-14 11:23:59.123069 EST  close_command   : Closed #boss-bug (1369951483143131136) in 1.5s by keksmc (1193224557826412624) 43
INFO        2025-05-14 11:26:06.525641 EST  on_interaction  : keksmc (1193224557826412624) ran /close reason:'answered' in #vinix__1-ticket-163824 (1372231871634608138) True
INFO        2025-05-14 11:26:08.115242 EST  close_command   : Closed #vinix__1-ticket-163824 (1372231871634608138) in 1.42s by keksmc (1193224557826412624) 43
INFO        2025-05-14 11:29:09.139458 EST  on_interaction  : keksmc (1193224557826412624) ran /close reason:'denied' in #vinix__1-ticket-163825 (1372233130555216043) True
INFO        2025-05-14 11:29:11.319547 EST  close_command   : Closed #vinix__1-ticket-163825 (1372233130555216043) in 2.0s by keksmc (1193224557826412624) 44
INFO        2025-05-14 11:32:35.121399 EST  on_interaction  : pizzamuncher2132 (1066050892203315342) ran /ticket-logs user:'1101136988612087909' in #𝖠𝖽𝗆𝗂𝗇-𝖢𝗈𝗆𝗆𝖺𝗇𝖽𝗌 (918905775907291156) True
INFO        2025-05-14 11:34:18.678218 EST  on_interaction  : pizzamuncher2132 (1066050892203315342) ran /ticket-logs user:'1101136988612087909' in #vinix__1-ticket-163767 (1372090337736265778) True
INFO        2025-05-14 11:34:57.870953 EST  on_interaction  : keksmc (1193224557826412624) ran /close reason:'player punished' in #vinix__1-ticket-163827 (1372233736191479868) True
INFO        2025-05-14 11:34:59.401025 EST  close_command   : Closed #vinix__1-ticket-163827 (1372233736191479868) in 1.32s by keksmc (1193224557826412624) 44
INFO        2025-05-14 11:43:21.467371 EST  on_interaction  : legendsarising (958225180604370945) ran /ticket-logs user:'712815605488680971' in #𝖲𝗍𝖺𝖿𝖿-𝖢𝗈𝗆𝗆𝖺𝗇𝖽𝗌 (918905638464127016) True
INFO        2025-05-14 11:50:58.493545 EST  on_interaction  : daddy0001 (339415844411146251) ran /rename name:'shipwreck cove key refund' in #epsaaa-ticket-163823 (1372231505090449469) True
INFO        2025-05-14 11:53:13.045026 EST  on_interaction  : legendsarising (958225180604370945) ran /close reason:'evading discord timeout.' in #oxy7z-ticket-163830 (1372239300623863918) True
INFO        2025-05-14 11:53:14.715505 EST  close_command   : Closed #oxy7z-ticket-163830 (1372239300623863918) in 1.48s by legendsarising (958225180604370945) 45
INFO        2025-05-14 12:06:06.430574 EST  on_interaction  : _matiass. (638734404402806815) ran /close reason:'Answered, read transcript!! /pv 2' in #revive-complaint (1372213313496289291) True
INFO        2025-05-14 12:06:08.065685 EST  close_command   : Closed #revive-complaint (1372213313496289291) in 1.36s by _matiass. (638734404402806815) 44
INFO        2025-05-14 12:14:59.071447 EST  on_interaction  : _matiass. (638734404402806815) ran /close reason:'Answered' in #dedezz-ticket-163832 (1372245539277635707) True
INFO        2025-05-14 12:15:00.625692 EST  close_command   : Closed #dedezz-ticket-163832 (1372245539277635707) in 1.38s by _matiass. (638734404402806815) 45
INFO        2025-05-14 12:30:49.743485 EST  on_interaction  : daddy0001 (339415844411146251) ran /rename name:'lost items' in #z0rky-ticket-163831 (1372244169128677488) True
INFO        2025-05-14 12:32:24.520632 EST  on_interaction  : _matiass. (638734404402806815) ran /close reason:'Answered' in #dedezz-ticket-163833 (1372246085636198632) True
INFO        2025-05-14 12:32:26.271071 EST  close_command   : Closed #dedezz-ticket-163833 (1372246085636198632) in 1.57s by _matiass. (638734404402806815) 51
INFO        2025-05-14 12:37:19.733479 EST  on_interaction  : _matiass. (638734404402806815) ran /close reason:'Answered' in #lost-items (1372244169128677488) True
INFO        2025-05-14 12:37:21.492809 EST  close_command   : Closed #lost-items (1372244169128677488) in 1.59s by _matiass. (638734404402806815) 50
INFO        2025-05-14 12:38:05.298630 EST  on_interaction  : _matiass. (638734404402806815) ran /private in #tag1919-ticket-163838 (1372248603216576643) True
INFO        2025-05-14 12:47:23.454690 EST  on_interaction  : sipx (542834884683497472) ran /close reason:'replied' in #tobguin-ticket-163841 (1372252053967212694) True
INFO        2025-05-14 12:47:25.157369 EST  close_command   : Closed #tobguin-ticket-163841 (1372252053967212694) in 1.49s by sipx (542834884683497472) 51
INFO        2025-05-14 12:47:27.365396 EST  on_interaction  : legendsarising (958225180604370945) ran /close reason:'denied' in #criplin-ticket-163839 (1372249705341255751) True
INFO        2025-05-14 12:47:30.063140 EST  close_command   : Closed #criplin-ticket-163839 (1372249705341255751) in 2.55s by legendsarising (958225180604370945) 50
INFO        2025-05-14 12:47:50.748655 EST  on_interaction  : sipx (542834884683497472) ran /close reason:'resolved' in #glutzenbauer-ticket-163840 (1372251707081490552) True
INFO        2025-05-14 12:47:53.067667 EST  close_command   : Closed #glutzenbauer-ticket-163840 (1372251707081490552) in 2.01s by sipx (542834884683497472) 49
INFO        2025-05-14 12:57:59.713290 EST  on_interaction  : daddy0001 (339415844411146251) ran /rename name:'punishment query' in #deadlocks-ticket-163843 (1372256196672749590) True
INFO        2025-05-14 13:00:44.639188 EST  on_interaction  : _matiass. (638734404402806815) ran /close reason:'Answered, check transcript' in #punishment-query (1372256196672749590) True
INFO        2025-05-14 13:00:47.142840 EST  close_command   : Closed #punishment-query (1372256196672749590) in 2.31s by _matiass. (638734404402806815) 50
INFO        2025-05-14 13:03:15.601600 EST  on_interaction  : daddy0001 (339415844411146251) ran /close reason:'The command is /queue factions-pirate' in #yaboynew-ticket-163844 (1372257713651847179) True
INFO        2025-05-14 13:03:17.087698 EST  close_command   : Closed #yaboynew-ticket-163844 (1372257713651847179) in 1.32s by daddy0001 (339415844411146251) 50
INFO        2025-05-14 13:07:53.417016 EST  on_interaction  : daddy0001 (339415844411146251) ran /rename name:'claiming playtime rewards console client' in #yaboynew-ticket-163845 (1372258277320298506) True
INFO        2025-05-14 13:08:32.679420 EST  on_interaction  : legendsarising (958225180604370945) ran /close reason:'abswered' in #z0rky-ticket-163842 (1372256156411625573) True
INFO        2025-05-14 13:08:34.182560 EST  close_command   : Closed #z0rky-ticket-163842 (1372256156411625573) in 1.3s by legendsarising (958225180604370945) 50
INFO        2025-05-14 13:20:13.473219 EST  on_interaction  : daddy0001 (339415844411146251) ran /rename name:'incorrect enchant staritem' in #briitt-ticket-163850 (1372261776212627678) True
INFO        2025-05-14 13:21:31.985729 EST  on_interaction  : daddy0001 (339415844411146251) ran /rename name:'VPN whitelist' in #doggiedaggoe-ticket-163852 (1372262420109852885) True
INFO        2025-05-14 13:26:31.563933 EST  on_interaction  : exitiummm (750077826874736770) ran /rename name:'tourney winner' in #goetta-ticket-163847 (1372259748606640219) True
INFO        2025-05-14 13:26:40.168712 EST  on_interaction  : exitiummm (750077826874736770) ran /rename name:'tourney winner' in #halalalawalalala-ticket-163849 (1372260834616672319) True
INFO        2025-05-14 13:32:55.288107 EST  on_interaction  : pizzamuncher2132 (1066050892203315342) ran /close reason:'answered' in #vinix__1-ticket-163767 (1372090337736265778) True
INFO        2025-05-14 13:32:56.845541 EST  close_command   : Closed #vinix__1-ticket-163767 (1372090337736265778) in 1.33s by pizzamuncher2132 (1066050892203315342) 56
INFO        2025-05-14 13:35:57.564691 EST  on_interaction  : daddy0001 (339415844411146251) ran /close reason:'resolved' in #xcirku-ticket-163848 (1372260452251471912) True
INFO        2025-05-14 13:35:59.291334 EST  close_command   : Closed #xcirku-ticket-163848 (1372260452251471912) in 1.51s by daddy0001 (339415844411146251) 55
INFO        2025-05-14 13:43:11.218349 EST  on_interaction  : sipx (542834884683497472) ran /close reason:'resolved' in #incorrect-enchant-staritem (1372261776212627678) True
INFO        2025-05-14 13:43:13.196207 EST  close_command   : Closed #incorrect-enchant-staritem (1372261776212627678) in 1.76s by sipx (542834884683497472) 55
INFO        2025-05-14 13:43:53.383818 EST  on_interaction  : daddy0001 (339415844411146251) ran /rename name:'1v1 tourney reward gave old hypebox' in #niggyboos-ticket-163851 (1372262267348979712) True
INFO        2025-05-14 13:45:54.999692 EST  on_interaction  : mochamoat (1079983420337303552) ran /close reason:'invalid' in #vinix__1-ticket-163837 (1372247821759025282) True
INFO        2025-05-14 13:45:56.603010 EST  close_command   : Closed #vinix__1-ticket-163837 (1372247821759025282) in 1.42s by mochamoat (1079983420337303552) 54
INFO        2025-05-14 13:46:29.650877 EST  on_interaction  : mochamoat (1079983420337303552) ran /close reason:'invalid' in #vinix__1-ticket-163836 (1372247485665251398) True
INFO        2025-05-14 13:46:31.383643 EST  close_command   : Closed #vinix__1-ticket-163836 (1372247485665251398) in 1.53s by mochamoat (1079983420337303552) 53
INFO        2025-05-14 13:50:32.831526 EST  on_interaction  : daddy0001 (339415844411146251) ran /close reason:'answered' in #miha1986-ticket-163834 (1372246216376848414) True
INFO        2025-05-14 13:50:34.741437 EST  close_command   : Closed #miha1986-ticket-163834 (1372246216376848414) in 1.69s by daddy0001 (339415844411146251) 52
INFO        2025-05-14 14:03:38.114547 EST  on_interaction  : rolith (399760511706726400) ran /close reason:'answered' in #xnv280-ticket-163846 (1372259609208946708) True
INFO        2025-05-14 14:03:39.924822 EST  close_command   : Closed #xnv280-ticket-163846 (1372259609208946708) in 1.59s by rolith (399760511706726400) 52
INFO        2025-05-14 14:04:13.178221 EST  on_interaction  : rolith (399760511706726400) ran /close reason:'gave you vpn access' in #yhsl1-ticket-163323 (1371429597618634787) True
INFO        2025-05-14 14:04:14.904941 EST  close_command   : Closed #yhsl1-ticket-163323 (1371429597618634787) in 1.43s by rolith (399760511706726400) 51
INFO        2025-05-14 14:04:25.452553 EST  on_interaction  : rolith (399760511706726400) ran /close reason:'resolved' in #excessive-ping (1371555366583931062) True
INFO        2025-05-14 14:04:27.198858 EST  close_command   : Closed #excessive-ping (1371555366583931062) in 1.57s by rolith (399760511706726400) 50
INFO        2025-05-14 14:04:39.834796 EST  on_interaction  : rolith (399760511706726400) ran /close reason:'denied' in #declandmc-ticket-163793 (1372159380958740481) True
INFO        2025-05-14 14:04:41.583978 EST  close_command   : Closed #declandmc-ticket-163793 (1372159380958740481) in 1.6s by rolith (399760511706726400) 49
INFO        2025-05-14 14:05:23.158992 EST  on_interaction  : rolith (399760511706726400) ran /close reason:'answered' in #maty6398-ticket-163813 (1372216804575019139) True
INFO        2025-05-14 14:05:27.581127 EST  close_command   : Closed #maty6398-ticket-163813 (1372216804575019139) in 4.21s by rolith (399760511706726400) 48
INFO        2025-05-14 14:06:02.121098 EST  on_interaction  : rolith (399760511706726400) ran /close reason:'unbanned' in #vxcvcxcvxdsf-ticket-163828 (1372235546314674206) True
INFO        2025-05-14 14:06:03.728324 EST  close_command   : Closed #vxcvcxcvxdsf-ticket-163828 (1372235546314674206) in 1.46s by rolith (399760511706726400) 47
INFO        2025-05-14 14:07:42.708687 EST  on_interaction  : rolith (399760511706726400) ran /close reason:'denied' in #vpn-whitelist (1372262420109852885) True
INFO        2025-05-14 14:07:44.481373 EST  close_command   : Closed #vpn-whitelist (1372262420109852885) in 1.59s by rolith (399760511706726400) 46
INFO        2025-05-14 14:09:16.946340 EST  on_interaction  : rolith (399760511706726400) ran /close reason:'cant swap em without taking the old ones' in #1v1-tourney-reward-gave-old-hypebox (1372262267348979712) True
INFO        2025-05-14 14:09:19.041656 EST  close_command   : Closed #1v1-tourney-reward-gave-old-hypebox (1372262267348979712) in 1.92s by rolith (399760511706726400) 45
INFO        2025-05-14 14:09:50.630038 EST  on_interaction  : rolith (399760511706726400) ran /close reason:'denied' in #eupm-ticket-163835 (1372247262758961218) True
INFO        2025-05-14 14:09:52.861314 EST  close_command   : Closed #eupm-ticket-163835 (1372247262758961218) in 2.07s by rolith (399760511706726400) 44
INFO        2025-05-14 14:11:11.797531 EST  on_interaction  : rolith (399760511706726400) ran /close reason:'pv 1' in #shipwreck-cove-key-refund (1372231505090449469) True
INFO        2025-05-14 14:11:13.621809 EST  close_command   : Closed #shipwreck-cove-key-refund (1372231505090449469) in 1.69s by rolith (399760511706726400) 43
INFO        2025-05-14 14:11:31.749410 EST  on_interaction  : rolith (399760511706726400) ran /close reason:'answered' in #auto-dungeon-start-query (1372103361616412753) True
INFO        2025-05-14 14:11:33.989870 EST  close_command   : Closed #auto-dungeon-start-query (1372103361616412753) in 1.66s by rolith (399760511706726400) 42
INFO        2025-05-14 14:12:00.334620 EST  on_interaction  : rolith (399760511706726400) ran /close reason:'answered' in #rollback-issue (1372167682169896981) True
INFO        2025-05-14 14:12:02.012418 EST  close_command   : Closed #rollback-issue (1372167682169896981) in 1.5s by rolith (399760511706726400) 41
INFO        2025-05-14 14:12:17.634177 EST  on_interaction  : rolith (399760511706726400) ran /move category:'1003465142018768897' in #missing-vkit-shards (1372031204697837688) True
INFO        2025-05-14 14:13:05.853105 EST  on_interaction  : rolith (399760511706726400) ran /close reason:'we will need to ss him' in #adolesence-ticket-163757 (1372058993119465542) True
INFO        2025-05-14 14:13:09.526027 EST  close_command   : Closed #adolesence-ticket-163757 (1372058993119465542) in 3.5s by rolith (399760511706726400) 40
INFO        2025-05-14 14:14:45.311707 EST  on_interaction  : rolith (399760511706726400) ran /close reason:'pv 1' in #tourney-winner (1372260834616672319) True
INFO        2025-05-14 14:14:47.231545 EST  close_command   : Closed #tourney-winner (1372260834616672319) in 1.75s by rolith (399760511706726400) 39
INFO        2025-05-14 14:14:49.665322 EST  on_interaction  : rolith (399760511706726400) ran /close reason:'pv 1' in #tourney-winner (1372259748606640219) True
INFO        2025-05-14 14:14:51.538030 EST  close_command   : Closed #tourney-winner (1372259748606640219) in 1.73s by rolith (399760511706726400) 38
INFO        2025-05-14 14:28:51.727204 EST  on_interaction  : daddy0001 (339415844411146251) ran /rename name:'missing shipwreck loot' in #derekking-ticket-163856 (1372278764657967329) True
INFO        2025-05-14 14:37:06.462850 EST  on_interaction  : legendsarising (958225180604370945) ran /close reason:'player stated is resolved' in #glutzenbauer-ticket-163855 (1372276465562816534) True
INFO        2025-05-14 14:37:08.300900 EST  close_command   : Closed #glutzenbauer-ticket-163855 (1372276465562816534) in 1.64s by legendsarising (958225180604370945) 42
INFO        2025-05-14 14:49:30.337481 EST  on_interaction  : daddy0001 (339415844411146251) ran /rename name:'vpn whitelist' in #eomzy-ticket-163859 (1372281465752125490) True
INFO        2025-05-14 15:03:42.053507 EST  on_interaction  : legendsarising (958225180604370945) ran /close reason:'answered' in #teoooo-ticket-163862 (1372287022219268316) True
INFO        2025-05-14 15:03:43.837304 EST  close_command   : Closed #teoooo-ticket-163862 (1372287022219268316) in 1.52s by legendsarising (958225180604370945) 44
INFO        2025-05-14 15:04:10.336717 EST  on_interaction  : legendsarising (958225180604370945) ran /close reason:'Appeal has already been denied by a manager' in #maty6398-ticket-163857 (1372280475950780527) True
INFO        2025-05-14 15:04:11.713958 EST  close_command   : Closed #maty6398-ticket-163857 (1372280475950780527) in 1.21s by legendsarising (958225180604370945) 43
INFO        2025-05-14 15:04:41.390511 EST  on_interaction  : legendsarising (958225180604370945) ran /close reason:'answered' in #loggings-ticket-163861 (1372287004980543600) True
INFO        2025-05-14 15:04:43.133576 EST  close_command   : Closed #loggings-ticket-163861 (1372287004980543600) in 1.52s by legendsarising (958225180604370945) 42
INFO        2025-05-14 15:38:44.240396 EST  on_interaction  : lilrolls123 (776423109317361714) ran /close reason:'answered' in #imad8822-ticket-163860 (1372285656272867370) True
INFO        2025-05-14 15:38:45.902729 EST  close_command   : Closed #imad8822-ticket-163860 (1372285656272867370) in 1.44s by lilrolls123 (776423109317361714) 46
INFO        2025-05-14 15:39:21.810282 EST  on_interaction  : lilrolls123 (776423109317361714) ran /rename name:'chat logs' in #diree-ticket-163867 (1372296200350335077) True
INFO        2025-05-14 15:41:02.760783 EST  on_interaction  : lilrolls123 (776423109317361714) ran /move category:'1009574363915370620' in #cromeey37-ticket-163865 (1372295021575012483) True
INFO        2025-05-14 16:01:27.093568 EST  on_interaction  : thegenerous (198263506313805824) ran /move category:'1010777747456524338' in #ichigoopp__1-ticket-163873 (1372302319596736635) True
INFO        2025-05-14 16:02:54.769883 EST  on_interaction  : thegenerous (198263506313805824) ran /rename name:'missing-lootbags' in #z0rky-ticket-163868 (1372297153493336114) True
INFO        2025-05-14 16:08:20.682687 EST  on_interaction  : thegenerous (198263506313805824) ran /rename name:'chat-logs' in #mmareply-ticket-163874 (1372303670473130145) True
INFO        2025-05-14 16:11:21.166945 EST  on_interaction  : mochamoat (1079983420337303552) ran /close reason:'invalid' in #vinix__1-ticket-163854 (1372273043279188028) True
INFO        2025-05-14 16:11:25.156605 EST  close_command   : Closed #vinix__1-ticket-163854 (1372273043279188028) in 3.78s by mochamoat (1079983420337303552) 52
INFO        2025-05-14 16:13:51.683285 EST  on_interaction  : keksmc (1193224557826412624) ran /rename name:'oddball bug' in #thebagman_89-ticket-163870 (1372298626323320882) True
INFO        2025-05-14 16:16:32.773613 EST  on_interaction  : llama_xd (200543436749668352) ran /close reason:'accepted' in #chat-logs (1372303670473130145) True
INFO        2025-05-14 16:16:35.314578 EST  close_command   : Closed #chat-logs (1372303670473130145) in 2.31s by llama_xd (200543436749668352) 51
INFO        2025-05-14 16:16:58.555534 EST  on_interaction  : llama_xd (200543436749668352) ran /close reason:'we would need evidence' in #xnv280-ticket-163871 (1372299714728427570) True
INFO        2025-05-14 16:17:00.273960 EST  close_command   : Closed #xnv280-ticket-163871 (1372299714728427570) in 1.53s by llama_xd (200543436749668352) 50
INFO        2025-05-14 16:19:47.381777 EST  on_interaction  : mochamoat (1079983420337303552) ran /close reason:'player punished' in #vinix__1-ticket-163853 (1372267888970301542) True
INFO        2025-05-14 16:19:49.273602 EST  close_command   : Closed #vinix__1-ticket-163853 (1372267888970301542) in 1.72s by mochamoat (1079983420337303552) 49
INFO        2025-05-14 16:23:52.233887 EST  on_interaction  : llama_xd (200543436749668352) ran /close reason:'accepted' in #chat-logs (1372296200350335077) True
INFO        2025-05-14 16:23:53.992007 EST  close_command   : Closed #chat-logs (1372296200350335077) in 1.53s by llama_xd (200543436749668352) 50
INFO        2025-05-14 16:24:22.184249 EST  on_interaction  : mochamoat (1079983420337303552) ran /move category:'1051564251657027585' in #ken2tuff2-ticket-163876 (1372308279841001514) True
INFO        2025-05-14 16:27:53.904431 EST  on_interaction  : llama_xd (200543436749668352) ran /rename name:'point death loss' in #criplin-ticket-163872 (1372300520412414083) True
INFO        2025-05-14 16:29:07.740746 EST  on_interaction  : keksmc (1193224557826412624) ran /close reason:'d' in #ken2tuff2-ticket-163876 (1372308279841001514) True
INFO        2025-05-14 16:29:09.662532 EST  close_command   : Closed #ken2tuff2-ticket-163876 (1372308279841001514) in 1.74s by keksmc (1193224557826412624) 49
INFO        2025-05-14 16:29:20.664482 EST  on_interaction  : llama_xd (200543436749668352) ran /rename name:'denied see transcript' in #jajajjaajajaa-ticket-163869 (1372297443592507482) True
INFO        2025-05-14 16:29:28.954103 EST  on_interaction  : llama_xd (200543436749668352) ran /close reason:'denied see transcript' in #denied-see-transcript (1372297443592507482) True
INFO        2025-05-14 16:29:30.679366 EST  close_command   : Closed #denied-see-transcript (1372297443592507482) in 1.57s by llama_xd (200543436749668352) 48
INFO        2025-05-14 16:29:55.397966 EST  on_interaction  : llama_xd (200543436749668352) ran /rename name:'boss bags' in #missing-lootbags (1372297153493336114) True
INFO        2025-05-14 16:30:47.655686 EST  on_interaction  : llama_xd (200543436749668352) ran /move category:'1009882045901721720' in #boss-bags (1372297153493336114) True
INFO        2025-05-14 16:34:54.112616 EST  on_interaction  : llama_xd (200543436749668352) ran /rename name:'ping issues' in #prgh_-ticket-163866 (1372295097793773669) True
INFO        2025-05-14 16:45:16.808695 EST  on_interaction  : llama_xd (200543436749668352) ran /move category:'1010777747456524338' in #dumlmao-ticket-163879 (1372312878857588788) True
INFO        2025-05-14 16:45:56.019306 EST  on_interaction  : llama_xd (200543436749668352) ran /close reason:'answered' in #jajajjaajajaa-ticket-163877 (1372310104447385672) True
INFO        2025-05-14 16:45:57.592274 EST  close_command   : Closed #jajajjaajajaa-ticket-163877 (1372310104447385672) in 1.38s by llama_xd (200543436749668352) 51
INFO        2025-05-14 16:47:14.330369 EST  on_interaction  : llama_xd (200543436749668352) ran /close reason:'denied' in #ichigoopp__1-ticket-163873 (1372302319596736635) True
INFO        2025-05-14 16:47:16.290445 EST  close_command   : Closed #ichigoopp__1-ticket-163873 (1372302319596736635) in 1.69s by llama_xd (200543436749668352) 50
INFO        2025-05-14 16:49:56.702426 EST  on_interaction  : llama_xd (200543436749668352) ran /close reason:'denied' in #dumlmao-ticket-163879 (1372312878857588788) True
INFO        2025-05-14 16:49:58.469653 EST  close_command   : Closed #dumlmao-ticket-163879 (1372312878857588788) in 1.59s by llama_xd (200543436749668352) 49
INFO        2025-05-14 16:51:56.595567 EST  on_interaction  : llama_xd (200543436749668352) ran /close reason:'player bought unban' in #cocococoocococococococococooc-ticket-163875 (1372307473024815184) True
INFO        2025-05-14 16:51:58.523160 EST  close_command   : Closed #cocococoocococococococococooc-ticket-163875 (1372307473024815184) in 1.69s by llama_xd (200543436749668352) 49
INFO        2025-05-14 16:53:05.743041 EST  on_interaction  : llama_xd (200543436749668352) ran /rename name:'dox threats appeal' in #simbxah-ticket-163821 (1372227936404639838) True
WARNING     2025-05-14 16:53:05.870832 EST  rename_error    : llama_xd (200543436749668352) tried to change the ticket name to a disallowed name `❌` Try something else! Discord does not allow that channel name.
INFO        2025-05-14 16:54:04.388994 EST  on_interaction  : llama_xd (200543436749668352) ran /rename name:'threats appeal' in #simbxah-ticket-163821 (1372227936404639838) True
INFO        2025-05-14 16:55:39.784195 EST  on_interaction  : legendsarising (958225180604370945) ran /close reason:'denie' in #dumlmao-ticket-163881 (1372315109208231986) True
INFO        2025-05-14 16:55:41.591330 EST  close_command   : Closed #dumlmao-ticket-163881 (1372315109208231986) in 1.57s by legendsarising (958225180604370945) 48
INFO        2025-05-14 16:56:21.698644 EST  on_interaction  : llama_xd (200543436749668352) ran /close reason:'already denied dont appeal again' in #dumlmao-ticket-163882 (1372316516837626038) True
INFO        2025-05-14 16:56:23.435699 EST  close_command   : Closed #dumlmao-ticket-163882 (1372316516837626038) in 1.56s by llama_xd (200543436749668352) 48
INFO        2025-05-14 16:59:23.799673 EST  on_interaction  : llama_xd (200543436749668352) ran /rename name:'permmute appeal' in #orbitdev-ticket-163885 (1372317162689138798) True
INFO        2025-05-14 17:05:49.378945 EST  on_interaction  : lilrolls123 (776423109317361714) ran /close reason:'already denied' in #dumlmao-ticket-163883 (1372316682038677524) True
INFO        2025-05-14 17:05:50.872307 EST  close_command   : Closed #dumlmao-ticket-163883 (1372316682038677524) in 1.3s by lilrolls123 (776423109317361714) 51
INFO        2025-05-14 17:07:43.291246 EST  on_interaction  : exitiummm (750077826874736770) ran /close reason:'answered' in #pet-bug (1372019082953756724) True
INFO        2025-05-14 17:07:44.631863 EST  close_command   : Closed #pet-bug (1372019082953756724) in 1.17s by exitiummm (750077826874736770) 54
INFO        2025-05-14 17:08:08.787557 EST  on_interaction  : exitiummm (750077826874736770) ran /close reason:'done' in #blue1885-ticket-163888 (1372319058380324924) True
INFO        2025-05-14 17:08:10.587789 EST  close_command   : Closed #blue1885-ticket-163888 (1372319058380324924) in 1.58s by exitiummm (750077826874736770) 53
INFO        2025-05-14 17:09:00.112586 EST  on_interaction  : exitiummm (750077826874736770) ran /close reason:'unmuted' in #permmute-appeal (1372317162689138798) True
INFO        2025-05-14 17:09:01.875538 EST  close_command   : Closed #permmute-appeal (1372317162689138798) in 1.53s by exitiummm (750077826874736770) 52
INFO        2025-05-14 17:09:18.783886 EST  on_interaction  : exitiummm (750077826874736770) ran /close reason:'unbanned' in #relit-ticket-163864 (1372291920469950526) True
INFO        2025-05-14 17:09:20.465666 EST  close_command   : Closed #relit-ticket-163864 (1372291920469950526) in 1.5s by exitiummm (750077826874736770) 51
INFO        2025-05-14 17:09:51.531185 EST  on_interaction  : thegenerous (198263506313805824) ran /rename name:'missing-rewards' in #hoodturtle-ticket-163891 (1372319897018961991) True
INFO        2025-05-14 17:09:56.106580 EST  on_interaction  : exitiummm (750077826874736770) ran /close reason:'answered' in #enchant-procs-query (1372030697086128128) True
INFO        2025-05-14 17:09:57.764875 EST  close_command   : Closed #enchant-procs-query (1372030697086128128) in 1.48s by exitiummm (750077826874736770) 51
INFO        2025-05-14 17:11:42.421512 EST  on_interaction  : legendsarising (958225180604370945) ran /close reason:'dupe' in #dumlmao-ticket-163889 (1372319066634850345) True
INFO        2025-05-14 17:11:44.211487 EST  close_command   : Closed #dumlmao-ticket-163889 (1372319066634850345) in 1.62s by legendsarising (958225180604370945) 51
INFO        2025-05-14 17:11:50.616655 EST  on_interaction  : legendsarising (958225180604370945) ran /close reason:'dupe' in #dumlmao-ticket-163890 (1372319079586730096) True
INFO        2025-05-14 17:11:51.991738 EST  close_command   : Closed #dumlmao-ticket-163890 (1372319079586730096) in 1.21s by legendsarising (958225180604370945) 50
INFO        2025-05-14 17:12:39.349890 EST  on_interaction  : exitiummm (750077826874736770) ran /close reason:'pv 1' in #missing-shipwreck-loot (1372278764657967329) True
INFO        2025-05-14 17:12:41.100361 EST  close_command   : Closed #missing-shipwreck-loot (1372278764657967329) in 1.59s by exitiummm (750077826874736770) 49
INFO        2025-05-14 17:12:52.777280 EST  on_interaction  : exitiummm (750077826874736770) ran /close reason:'done' in #vpn-whitelist (1372281465752125490) True
INFO        2025-05-14 17:12:54.451245 EST  close_command   : Closed #vpn-whitelist (1372281465752125490) in 1.4s by exitiummm (750077826874736770) 48
INFO        2025-05-14 17:15:11.319273 EST  blacklist_user  : Ticket blacklisted dumlmao (762073004787105823) for 3d
INFO        2025-05-14 17:15:11.322447 EST  on_interaction  : llama_xd (200543436749668352) ran /blacklist user:'762073004787105823' length:'3d' reason:'repeat appeal // spam tickets after being denied' in #𝖲𝗍𝖺𝖿𝖿-𝖢𝗈𝗆𝗆𝖺𝗇𝖽𝗌 (918905638464127016) True
INFO        2025-05-14 17:15:40.384365 EST  on_interaction  : llama_xd (200543436749668352) ran /close reason:'player is timed out' in #dumlmao-ticket-163887 (1372319047168819220) True
INFO        2025-05-14 17:15:41.951510 EST  close_command   : Closed #dumlmao-ticket-163887 (1372319047168819220) in 1.35s by llama_xd (200543436749668352) 47
INFO        2025-05-14 17:19:07.818269 EST  on_interaction  : xinkuu (901608730452426782) ran /close reason:'denied' in #threats-appeal (1372227936404639838) True
INFO        2025-05-14 17:19:09.542084 EST  close_command   : Closed #threats-appeal (1372227936404639838) in 1.56s by xinkuu (901608730452426782) 46
INFO        2025-05-14 17:19:41.729033 EST  on_interaction  : legendsarising (958225180604370945) ran /close reason:'blank' in #shxd121-ticket-163884 (1372317100194140231) True
INFO        2025-05-14 17:19:43.551952 EST  close_command   : Closed #shxd121-ticket-163884 (1372317100194140231) in 1.6s by legendsarising (958225180604370945) 45
INFO        2025-05-14 17:21:49.021301 EST  on_interaction  : exitiummm (750077826874736770) ran /close reason:'ANSWERED' in #desktopmist2089-ticket-163863 (1372289752547459112) True
INFO        2025-05-14 17:21:50.812737 EST  close_command   : Closed #desktopmist2089-ticket-163863 (1372289752547459112) in 1.59s by exitiummm (750077826874736770) 44
INFO        2025-05-14 17:24:22.522534 EST  on_interaction  : mochamoat (1079983420337303552) ran /close reason:'make an appeal' in #isa4u_98662-ticket-163829 (1372237564177547274) True
INFO        2025-05-14 17:24:24.465760 EST  close_command   : Closed #isa4u_98662-ticket-163829 (1372237564177547274) in 1.67s by mochamoat (1079983420337303552) 43
INFO        2025-05-14 17:39:43.500244 EST  on_interaction  : llama_xd (200543436749668352) ran /close reason:'denied' in #cromeey37-ticket-163865 (1372295021575012483) True
INFO        2025-05-14 17:39:45.375645 EST  close_command   : Closed #cromeey37-ticket-163865 (1372295021575012483) in 1.69s by llama_xd (200543436749668352) 45
INFO        2025-05-14 17:45:08.816143 EST  on_interaction  : xinkuu (901608730452426782) ran /close reason:'denied' in #loveinthesea-ticket-163886 (1372317362778538236) True
INFO        2025-05-14 17:45:10.434553 EST  close_command   : Closed #loveinthesea-ticket-163886 (1372317362778538236) in 1.41s by xinkuu (901608730452426782) 47
INFO        2025-05-14 17:45:13.686992 EST  on_interaction  : mochamoat (1079983420337303552) ran /close reason:'Fasle Ban which means your evidence is invalid' in #vinix__1-ticket-163898 (1372328254513348628) True
INFO        2025-05-14 17:45:15.312531 EST  close_command   : Closed #vinix__1-ticket-163898 (1372328254513348628) in 1.49s by mochamoat (1079983420337303552) 46
INFO        2025-05-14 17:45:27.665416 EST  on_interaction  : xinkuu (901608730452426782) ran /close reason:'pv 1' in #usernamem2x-ticket-163892 (1372320153714298952) True
INFO        2025-05-14 17:45:29.374760 EST  close_command   : Closed #usernamem2x-ticket-163892 (1372320153714298952) in 1.53s by xinkuu (901608730452426782) 45
INFO        2025-05-14 17:46:00.930477 EST  on_interaction  : xinkuu (901608730452426782) ran /close reason:'answered' in #hazyl-ticket-163894 (1372324669109047306) True
INFO        2025-05-14 17:46:02.978960 EST  close_command   : Closed #hazyl-ticket-163894 (1372324669109047306) in 1.8s by xinkuu (901608730452426782) 44
INFO        2025-05-14 17:49:41.234446 EST  on_interaction  : exitiummm (750077826874736770) ran /close reason:'I didn't say I would - rolith' in #vodkalol69-ticket-163895 (1372325775776157846) True
INFO        2025-05-14 17:49:42.700857 EST  close_command   : Closed #vodkalol69-ticket-163895 (1372325775776157846) in 1.33s by exitiummm (750077826874736770) 45
INFO        2025-05-14 17:50:36.971679 EST  on_interaction  : exitiummm (750077826874736770) ran /close reason:'pv 1' in #missing-rewards (1372319897018961991) True
INFO        2025-05-14 17:50:38.910091 EST  close_command   : Closed #missing-rewards (1372319897018961991) in 1.81s by exitiummm (750077826874736770) 44
INFO        2025-05-14 17:51:33.845871 EST  on_interaction  : llama_xd (200543436749668352) ran /close reason:'denied' in #cromeey37-ticket-163896 (1372327779873456128) True
INFO        2025-05-14 17:51:35.518863 EST  close_command   : Closed #cromeey37-ticket-163896 (1372327779873456128) in 1.5s by llama_xd (200543436749668352) 43
INFO        2025-05-14 18:03:27.696825 EST  on_interaction  : lilrolls123 (776423109317361714) ran /ticket-logs user:'1278680219879997560' in #𝖲𝗍𝖺𝖿𝖿-𝖢𝗈𝗆𝗆𝖺𝗇𝖽𝗌 (918905638464127016) True
INFO        2025-05-14 18:16:56.564644 EST  on_interaction  : thegenerous (198263506313805824) ran /close reason:'answered' in #agent_joe-ticket-163902 (1372333867419303948) True
INFO        2025-05-14 18:16:58.505213 EST  close_command   : Closed #agent_joe-ticket-163902 (1372333867419303948) in 1.73s by thegenerous (198263506313805824) 45
INFO        2025-05-14 18:30:55.425040 EST  on_interaction  : _matiass. (638734404402806815) ran /close reason:'Answered' in #sweatybomb-ticket-163901 (1372331526519394354) True
INFO        2025-05-14 18:30:56.954416 EST  close_command   : Closed #sweatybomb-ticket-163901 (1372331526519394354) in 1.32s by _matiass. (638734404402806815) 45
INFO        2025-05-14 18:47:53.327259 EST  on_interaction  : thegenerous (198263506313805824) ran /rename name:'vpn-whitelist' in #javierx2039-ticket-163906 (1372344162644394156) True
INFO        2025-05-14 18:48:03.988858 EST  on_interaction  : thegenerous (198263506313805824) ran /private in #vpn-whitelist (1372344162644394156) True
INFO        2025-05-14 18:56:23.174206 EST  on_interaction  : thegenerous (198263506313805824) ran /rename name:'leader-transfer' in #jajajjaajajaa-ticket-163908 (1372346768796422155) True
INFO        2025-05-14 18:57:10.408535 EST  on_interaction  : legendsarising (958225180604370945) ran /ticket-logs user:'723610808621334708' in #vpn-whitelist (1372344162644394156) True
INFO        2025-05-14 19:32:12.850582 EST  on_interaction  : thegenerous (198263506313805824) ran /rename name:'rollback-issue' in #toxicdrxps-ticket-163909 (1372353123284422817) True
INFO        2025-05-14 19:34:45.974735 EST  on_interaction  : thegenerous (198263506313805824) ran /rename name:'block-off-cave-wz' in #eomzy-ticket-163911 (1372355577833062420) True
INFO        2025-05-14 20:00:57.065751 EST  on_interaction  : thegenerous (198263506313805824) ran /close reason:'asked to close' in #graphicalll-ticket-163913 (1372362956238749829) True
INFO        2025-05-14 20:00:58.722171 EST  close_command   : Closed #graphicalll-ticket-163913 (1372362956238749829) in 1.45s by thegenerous (198263506313805824) 53
INFO        2025-05-14 20:27:23.810431 EST  on_interaction  : thegenerous (198263506313805824) ran /close reason:'answered' in #teoooo-ticket-163917 (1372367772884926515) True
INFO        2025-05-14 20:27:25.291425 EST  close_command   : Closed #teoooo-ticket-163917 (1372367772884926515) in 1.3s by thegenerous (198263506313805824) 57
INFO        2025-05-14 20:27:29.469923 EST  on_interaction  : thegenerous (198263506313805824) ran /close reason:'answered' in #nongas-ticket-163918 (1372368466014900284) True
INFO        2025-05-14 20:27:31.572726 EST  close_command   : Closed #nongas-ticket-163918 (1372368466014900284) in 1.97s by thegenerous (198263506313805824) 56
INFO        2025-05-14 20:46:41.986307 EST  on_interaction  : legendsarising (958225180604370945) ran /close reason:'requesrted' in #blue1885-ticket-163920 (1372374328338944010) True
INFO        2025-05-14 20:46:43.693889 EST  close_command   : Closed #blue1885-ticket-163920 (1372374328338944010) in 1.38s by legendsarising (958225180604370945) 57
INFO        2025-05-14 20:55:39.664069 EST  on_interaction  : legendsarising (958225180604370945) ran /close reason:'player has bought an unban' in #blue1885-ticket-163921 (1372374754702397572) True
INFO        2025-05-14 20:55:41.437606 EST  close_command   : Closed #blue1885-ticket-163921 (1372374754702397572) in 1.58s by legendsarising (958225180604370945) 57
INFO        2025-05-14 21:16:29.761449 EST  on_interaction  : legendsarising (958225180604370945) ran /close reason:'answered' in #hoodturtle-ticket-163922 (1372381641854550157) True
INFO        2025-05-14 21:16:32.752497 EST  close_command   : Closed #hoodturtle-ticket-163922 (1372381641854550157) in 2.81s by legendsarising (958225180604370945) 58
INFO        2025-05-14 21:19:04.129761 EST  on_interaction  : exitiummm (750077826874736770) ran /close reason:'done' in #vpn-whitelist (1372344162644394156) True
INFO        2025-05-14 21:19:05.788806 EST  close_command   : Closed #vpn-whitelist (1372344162644394156) in 1.45s by exitiummm (750077826874736770) 58
INFO        2025-05-14 21:19:53.205827 EST  on_interaction  : exitiummm (750077826874736770) ran /close reason:'answered' in #tih6396-ticket-163916 (1372366669745356813) True
INFO        2025-05-14 21:19:56.583366 EST  close_command   : Closed #tih6396-ticket-163916 (1372366669745356813) in 3.16s by exitiummm (750077826874736770) 57
INFO        2025-05-14 21:20:46.615584 EST  on_interaction  : exitiummm (750077826874736770) ran /close reason:'unbanned' in #drippyslope-ticket-163910 (1372354885072195605) True
INFO        2025-05-14 21:20:48.216841 EST  close_command   : Closed #drippyslope-ticket-163910 (1372354885072195605) in 1.44s by exitiummm (750077826874736770) 56
INFO        2025-05-14 21:23:00.553796 EST  on_interaction  : exitiummm (750077826874736770) ran /close reason:'denied' in #graphicalll-ticket-163914 (1372363179417407619) True
INFO        2025-05-14 21:23:02.081503 EST  close_command   : Closed #graphicalll-ticket-163914 (1372363179417407619) in 1.32s by exitiummm (750077826874736770) 55
INFO        2025-05-14 21:23:24.121505 EST  on_interaction  : thegenerous (198263506313805824) ran /rename name:'check-last-death-location' in #miikksssaaa-ticket-163924 (1372382709728411694) True
INFO        2025-05-14 21:26:54.746153 EST  on_interaction  : exitiummm (750077826874736770) ran /close reason:'pv 3' in #balentinojiji-ticket-163919 (1372373380673699920) True
INFO        2025-05-14 21:26:58.308165 EST  on_interaction  : exitiummm (750077826874736770) ran /close reason:'answered' in #block-off-cave-wz (1372355577833062420) True
INFO        2025-05-14 21:26:58.560815 EST  close_command   : Closed #balentinojiji-ticket-163919 (1372373380673699920) in 3.62s by exitiummm (750077826874736770) 56
INFO        2025-05-14 21:27:00.191750 EST  close_command   : Closed #block-off-cave-wz (1372355577833062420) in 1.63s by exitiummm (750077826874736770) 55
INFO        2025-05-14 21:27:25.288653 EST  on_interaction  : exitiummm (750077826874736770) ran /close reason:'answered' in #rollback-issue (1372353123284422817) True
INFO        2025-05-14 21:27:29.032653 EST  close_command   : Closed #rollback-issue (1372353123284422817) in 3.52s by exitiummm (750077826874736770) 54
INFO        2025-05-14 21:27:31.573728 EST  on_interaction  : exitiummm (750077826874736770) ran /close reason:'resolved' in #tih6396-ticket-163925 (1372383902882074715) True
INFO        2025-05-14 21:27:33.022859 EST  close_command   : Closed #tih6396-ticket-163925 (1372383902882074715) in 1.29s by exitiummm (750077826874736770) 53
INFO        2025-05-14 21:34:24.644065 EST  on_interaction  : _matiass. (638734404402806815) ran /close reason:'Denied multiple times' in #shxd121-ticket-163915 (1372365065558425653) True
INFO        2025-05-14 21:34:26.272176 EST  close_command   : Closed #shxd121-ticket-163915 (1372365065558425653) in 1.46s by _matiass. (638734404402806815) 53
INFO        2025-05-14 21:40:29.784959 EST  on_interaction  : exitiummm (750077826874736770) ran /close reason:'answered' in #z0rky-ticket-163905 (1372343345212424323) True
INFO        2025-05-14 21:40:31.211499 EST  close_command   : Closed #z0rky-ticket-163905 (1372343345212424323) in 1.26s by exitiummm (750077826874736770) 54
INFO        2025-05-14 21:50:02.965210 EST  on_interaction  : _matiass. (638734404402806815) ran /close reason:'Answered' in #leader-transfer (1372346768796422155) True
INFO        2025-05-14 21:50:04.675576 EST  close_command   : Closed #leader-transfer (1372346768796422155) in 1.49s by _matiass. (638734404402806815) 54
INFO        2025-05-14 21:51:29.554497 EST  on_interaction  : _matiass. (638734404402806815) ran /close reason:'Already denied' in #graphicalll-ticket-163926 (1372383998621515876) True
INFO        2025-05-14 21:51:31.239270 EST  close_command   : Closed #graphicalll-ticket-163926 (1372383998621515876) in 1.5s by _matiass. (638734404402806815) 53
INFO        2025-05-14 22:01:28.579301 EST  on_interaction  : thegenerous (198263506313805824) ran /rename name:'voyage-rewards' in #drippyslope-ticket-163928 (1372387932169834536) True
INFO        2025-05-14 22:01:40.784142 EST  on_interaction  : thegenerous (198263506313805824) ran /rename name:'qa-request' in #sweatybomb-ticket-163929 (1372387996178845769) True
INFO        2025-05-14 22:02:30.567435 EST  on_interaction  : thegenerous (198263506313805824) ran /rename name:'linked-punishment' in #renan_br-ticket-163897 (1372328002960097320) True
INFO        2025-05-14 22:02:34.062379 EST  on_interaction  : thegenerous (198263506313805824) ran /move category:'1010777747456524338' in #linked-punishment (1372328002960097320) True
INFO        2025-05-14 22:07:28.161134 EST  on_interaction  : legendsarising (958225180604370945) ran /close reason:'answered' in #qa-request (1372387996178845769) True
INFO        2025-05-14 22:07:29.651578 EST  close_command   : Closed #qa-request (1372387996178845769) in 1.3s by legendsarising (958225180604370945) 54
INFO        2025-05-14 22:22:45.259782 EST  on_interaction  : rolith (399760511706726400) ran /close reason:'answered' in #aidotornado-ticket-163932 (1372394391573889034) True
INFO        2025-05-14 22:22:47.329849 EST  close_command   : Closed #aidotornado-ticket-163932 (1372394391573889034) in 1.78s by rolith (399760511706726400) 54
INFO        2025-05-14 22:23:50.947641 EST  on_interaction  : thegenerous (198263506313805824) ran /rename name:'tourney-request' in #vodkalol69-ticket-163933 (1372397366690316419) True
INFO        2025-05-14 22:27:55.436942 EST  on_interaction  : exitiummm (750077826874736770) ran /close reason:'empty' in #totallydone127-ticket-163931 (1372392712069713941) True
INFO        2025-05-14 22:28:00.203960 EST  close_command   : Closed #totallydone127-ticket-163931 (1372392712069713941) in 4.45s by exitiummm (750077826874736770) 53
INFO        2025-05-14 22:38:36.477354 EST  on_interaction  : thegenerous (198263506313805824) ran /rename name:'vpn-whitelist' in #zip2650-ticket-163934 (1372402651882324030) True
INFO        2025-05-14 22:38:44.896766 EST  on_interaction  : thegenerous (198263506313805824) ran /private in #vpn-whitelist (1372402651882324030) True
INFO        2025-05-14 22:49:51.607553 EST  on_interaction  : thegenerous (198263506313805824) ran /rename name:'duped-set-concern' in #vodkalol69-ticket-163936 (1372405410706882620) True
INFO        2025-05-14 22:51:07.101014 EST  on_interaction  : thegenerous (198263506313805824) ran /close reason:'his ban was not appealed' in #empirehangout-ticket-163935 (1372404879884030092) True
INFO        2025-05-14 22:51:08.832357 EST  close_command   : Closed #empirehangout-ticket-163935 (1372404879884030092) in 1.57s by thegenerous (198263506313805824) 55
INFO        2025-05-14 23:09:51.791901 EST  on_interaction  : rolith (399760511706726400) ran /close reason:'he's always had copied sets of players, that a known thing for maps now' in #duped-set-concern (1372405410706882620) True
INFO        2025-05-14 23:09:53.302577 EST  close_command   : Closed #duped-set-concern (1372405410706882620) in 1.32s by rolith (399760511706726400) 55
INFO        2025-05-14 23:16:36.756951 EST  on_interaction  : thegenerous (198263506313805824) ran /rename name:'leader-transfer' in #declandmc-ticket-163938 (1372412215583445204) True
INFO        2025-05-14 23:20:16.457762 EST  on_interaction  : snack6133 (637766719095439380) ran /close reason:'deleted evidence' in #thedanholy-ticket-163360 (1371504070111526973) True
INFO        2025-05-14 23:20:18.618064 EST  close_command   : Closed #thedanholy-ticket-163360 (1371504070111526973) in 2.01s by snack6133 (637766719095439380) 55
INFO        2025-05-14 23:20:19.324608 EST  on_interaction  : exitiummm (750077826874736770) ran /close reason:'answered' in #claiming-playtime-rewards-console-client (1372258277320298506) True
INFO        2025-05-14 23:20:21.177270 EST  close_command   : Closed #claiming-playtime-rewards-console-client (1372258277320298506) in 1.67s by exitiummm (750077826874736770) 54
INFO        2025-05-14 23:20:28.243049 EST  on_interaction  : exitiummm (750077826874736770) ran /move category:'1238913372435775550' in #ping-issues (1372295097793773669) True
INFO        2025-05-14 23:22:38.198313 EST  on_interaction  : snack6133 (637766719095439380) ran /close reason:'answered' in #charlesdobronxsoliveira-ticket-163601 (1371852672763953242) True
INFO        2025-05-14 23:22:39.960275 EST  close_command   : Closed #charlesdobronxsoliveira-ticket-163601 (1371852672763953242) in 1.6s by snack6133 (637766719095439380) 53
INFO        2025-05-14 23:25:24.801478 EST  on_interaction  : exitiummm (750077826874736770) ran /close reason:'answered' in #prgh_-ticket-163893 (1372324443354828861) True
INFO        2025-05-14 23:25:26.247380 EST  close_command   : Closed #prgh_-ticket-163893 (1372324443354828861) in 1.27s by exitiummm (750077826874736770) 52
INFO        2025-05-14 23:26:18.398383 EST  on_interaction  : rolith (399760511706726400) ran /close reason:'answered' in #leader-transfer (1372412215583445204) True
INFO        2025-05-14 23:26:19.849143 EST  close_command   : Closed #leader-transfer (1372412215583445204) in 1.22s by rolith (399760511706726400) 51
INFO        2025-05-14 23:26:40.506739 EST  on_interaction  : exitiummm (750077826874736770) ran /close reason:'done' in #vpn-whitelist (1372402651882324030) True
INFO        2025-05-14 23:26:42.257294 EST  close_command   : Closed #vpn-whitelist (1372402651882324030) in 1.57s by exitiummm (750077826874736770) 50
INFO        2025-05-14 23:27:05.471402 EST  on_interaction  : snack6133 (637766719095439380) ran /close reason:'denied see transcript' in #cliippy-ticket-163903 (1372335226625331271) True
INFO        2025-05-14 23:27:07.165052 EST  close_command   : Closed #cliippy-ticket-163903 (1372335226625331271) in 1.52s by snack6133 (637766719095439380) 50
INFO        2025-05-14 23:28:38.096750 EST  on_interaction  : exitiummm (750077826874736770) ran /close reason:'denied' in #voyage-rewards (1372387932169834536) True
INFO        2025-05-14 23:28:39.590196 EST  close_command   : Closed #voyage-rewards (1372387932169834536) in 1.32s by exitiummm (750077826874736770) 49
INFO        2025-05-14 23:28:59.530480 EST  on_interaction  : rolith (399760511706726400) ran /close reason:'not today, too busy' in #tourney-request (1372397366690316419) True
INFO        2025-05-14 23:29:01.138590 EST  close_command   : Closed #tourney-request (1372397366690316419) in 1.42s by rolith (399760511706726400) 48
INFO        2025-05-14 23:31:41.297475 EST  on_interaction  : exitiummm (750077826874736770) ran /close reason:'answered' in #slymel-ticket-163939 (1372414870200389753) True
INFO        2025-05-14 23:31:42.900861 EST  close_command   : Closed #slymel-ticket-163939 (1372414870200389753) in 1.44s by exitiummm (750077826874736770) 47
INFO        2025-05-14 23:32:21.595089 EST  on_interaction  : exitiummm (750077826874736770) ran /close reason:'fixed' in #18babyl-ticket-163930 (1372389325731532890) True
INFO        2025-05-14 23:32:24.090086 EST  close_command   : Closed #18babyl-ticket-163930 (1372389325731532890) in 2.3s by exitiummm (750077826874736770) 46
INFO        2025-05-14 23:36:42.240751 EST  on_interaction  : exitiummm (750077826874736770) ran /close reason:'answered' in #check-last-death-location (1372382709728411694) True
INFO        2025-05-14 23:36:44.336335 EST  close_command   : Closed #check-last-death-location (1372382709728411694) in 1.92s by exitiummm (750077826874736770) 45
INFO        2025-05-14 23:37:13.403018 EST  on_interaction  : exitiummm (750077826874736770) ran /close reason:'they dont stack' in #boss-bags (1372297153493336114) True
INFO        2025-05-14 23:37:14.943172 EST  close_command   : Closed #boss-bags (1372297153493336114) in 1.37s by exitiummm (750077826874736770) 44
INFO        2025-05-14 23:38:16.181148 EST  on_interaction  : exitiummm (750077826874736770) ran /close reason:'pv 1' in #rollback-issue (1371947688060391444) True
INFO        2025-05-14 23:38:18.001775 EST  close_command   : Closed #rollback-issue (1371947688060391444) in 1.63s by exitiummm (750077826874736770) 44
INFO        2025-05-14 23:40:41.758337 EST  on_interaction  : thegenerous (198263506313805824) ran /rename name:'leader-transfer' in #sylific-ticket-163940 (1372417682862903337) True
INFO        2025-05-14 23:41:56.295605 EST  on_interaction  : snack6133 (637766719095439380) ran /close reason:'answered' in #dream7403-ticket-163878 (1372310423159705681) True
INFO        2025-05-14 23:41:58.614958 EST  close_command   : Closed #dream7403-ticket-163878 (1372310423159705681) in 2.16s by snack6133 (637766719095439380) 44
INFO        2025-05-14 23:43:47.896957 EST  on_interaction  : rolith (399760511706726400) ran /close reason:'done' in #leader-transfer (1372417682862903337) True
INFO        2025-05-14 23:43:49.657161 EST  close_command   : Closed #leader-transfer (1372417682862903337) in 1.51s by rolith (399760511706726400) 43
INFO        2025-05-14 23:44:32.922922 EST  on_interaction  : rolith (399760511706726400) ran /close reason:'answered' in #adolesence-ticket-163922 (1372381637769297950) True
INFO        2025-05-14 23:44:34.395458 EST  close_command   : Closed #adolesence-ticket-163922 (1372381637769297950) in 1.24s by rolith (399760511706726400) 43
INFO        2025-05-14 23:45:09.406656 EST  on_interaction  : rolith (399760511706726400) ran /close reason:'can't revive for this' in #narcoses-ticket-163937 (1372407815154565142) True
INFO        2025-05-14 23:45:11.169099 EST  close_command   : Closed #narcoses-ticket-163937 (1372407815154565142) in 1.58s by rolith (399760511706726400) 42
INFO        2025-05-14 23:46:46.600273 EST  on_interaction  : rolith (399760511706726400) ran /close reason:'in your pv 1' in #bargans123-ticket-163927 (1372385460772409344) True
INFO        2025-05-14 23:46:48.130406 EST  close_command   : Closed #bargans123-ticket-163927 (1372385460772409344) in 1.35s by rolith (399760511706726400) 41
INFO        2025-05-14 23:47:19.562510 EST  on_interaction  : rolith (399760511706726400) ran /close reason:'would not be able to give back' in #barucauss-ticket-163880 (1372312930418163832) True
INFO        2025-05-14 23:47:21.145018 EST  close_command   : Closed #barucauss-ticket-163880 (1372312930418163832) in 1.4s by rolith (399760511706726400) 40
INFO        2025-05-14 23:47:33.604565 EST  on_interaction  : rolith (399760511706726400) ran /ticket-count in #test-bot (935016733033525328) True
INFO        2025-05-14 23:48:57.766944 EST  on_interaction  : rolith (399760511706726400) ran /close reason:'denied' in #noemmijmaarpiet-ticket-163724 (1371979389465788507) True
INFO        2025-05-14 23:48:59.533772 EST  close_command   : Closed #noemmijmaarpiet-ticket-163724 (1371979389465788507) in 1.61s by rolith (399760511706726400) 39
INFO        2025-05-14 23:50:06.887217 EST  on_interaction  : rolith (399760511706726400) ran /close reason:'answered' in #fszin-ticket-163705 (1371954445251776652) True
INFO        2025-05-14 23:50:08.323823 EST  close_command   : Closed #fszin-ticket-163705 (1371954445251776652) in 1.25s by rolith (399760511706726400) 39
INFO        2025-05-14 23:50:51.921345 EST  on_interaction  : rolith (399760511706726400) ran /close reason:'I see' in #tag1919-ticket-163729 (1371996474057035856) True
INFO        2025-05-14 23:50:53.596631 EST  close_command   : Closed #tag1919-ticket-163729 (1371996474057035856) in 1.49s by rolith (399760511706726400) 38
INFO        2025-05-14 23:52:12.606769 EST  on_interaction  : rolith (399760511706726400) ran /close reason:'with no kinda proof cant revive or ban' in #_paladin_king-ticket-163817 (1372222884046569502) True
INFO        2025-05-14 23:52:14.517077 EST  close_command   : Closed #_paladin_king-ticket-163817 (1372222884046569502) in 1.74s by rolith (399760511706726400) 38
INFO        2025-05-14 23:52:45.646417 EST  on_interaction  : rolith (399760511706726400) ran /close reason:'denied' in #whohaswomen-ticket-163912 (1372360170507735182) True
INFO        2025-05-14 23:52:47.211586 EST  close_command   : Closed #whohaswomen-ticket-163912 (1372360170507735182) in 1.4s by rolith (399760511706726400) 37
INFO        2025-05-14 23:55:53.000152 EST  on_interaction  : snack6133 (637766719095439380) ran /ticket-logs user:'334863042950987779' in #𝖲𝗍𝖺𝖿𝖿-𝖢𝗈𝗆𝗆𝖺𝗇𝖽𝗌 (918905638464127016) True
INFO        2025-05-14 23:57:17.042192 EST  on_interaction  : rolith (399760511706726400) ran /close reason:'going to make it fall under glitching' in #oddball-bug (1372298626323320882) True
INFO        2025-05-14 23:57:18.950673 EST  close_command   : Closed #oddball-bug (1372298626323320882) in 1.75s by rolith (399760511706726400) 36
INFO        2025-05-14 23:58:51.864255 EST  on_interaction  : rolith (399760511706726400) ran /close reason:'in your ender chest' in #admin (1372210593997521030) True
INFO        2025-05-14 23:58:53.505919 EST  close_command   : Closed #admin (1372210593997521030) in 1.51s by rolith (399760511706726400) 36
INFO        2025-05-15 00:00:47.876038 EST  on_interaction  : rolith (399760511706726400) ran /close reason:'answered' in #isa4u_98662-ticket-163900 (1372330019707158628) True
INFO        2025-05-15 00:00:49.767541 EST  close_command   : Closed #isa4u_98662-ticket-163900 (1372330019707158628) in 1.69s by rolith (399760511706726400) 35
INFO        2025-05-15 00:02:44.306990 EST  on_interaction  : snack6133 (637766719095439380) ran /close reason:'answered' in #ericzx-ticket-163942 (1372419203759345674) True
INFO        2025-05-15 00:02:46.162800 EST  close_command   : Closed #ericzx-ticket-163942 (1372419203759345674) in 1.63s by snack6133 (637766719095439380) 34
INFO        2025-05-15 00:02:58.858952 EST  on_interaction  : rolith (399760511706726400) ran /close reason:'denied' in #craked8620-ticket-163780 (1372126373740806144) True
INFO        2025-05-15 00:03:00.418149 EST  close_command   : Closed #craked8620-ticket-163780 (1372126373740806144) in 1.43s by rolith (399760511706726400) 33
INFO        2025-05-15 00:04:02.051255 EST  on_interaction  : rolith (399760511706726400) ran /close reason:'no response' in #cronaldo3658-ticket-163467 (1371614705575137332) True
INFO        2025-05-15 00:04:03.835451 EST  close_command   : Closed #cronaldo3658-ticket-163467 (1371614705575137332) in 1.56s by rolith (399760511706726400) 32
INFO        2025-05-15 00:05:54.560610 EST  on_interaction  : snack6133 (637766719095439380) ran /ticket-logs user:'406994846843142157' in #linked-punishment (1372328002960097320) True
INFO        2025-05-15 00:06:08.926403 EST  on_interaction  : rolith (399760511706726400) ran /close reason:'rolled back' in #decaf_is_dog-ticket-163907 (1372345196725010523) True
INFO        2025-05-15 00:06:10.434580 EST  close_command   : Closed #decaf_is_dog-ticket-163907 (1372345196725010523) in 1.35s by rolith (399760511706726400) 31
INFO        2025-05-15 00:08:36.435294 EST  on_interaction  : rolith (399760511706726400) ran /close reason:'rolledback' in #xclnuser-ticket-163511 (1371677791266799677) True
INFO        2025-05-15 00:08:39.488876 EST  close_command   : Closed #xclnuser-ticket-163511 (1371677791266799677) in 2.87s by rolith (399760511706726400) 30
INFO        2025-05-15 00:22:25.258156 EST  on_interaction  : rolith (399760511706726400) ran /close reason:'we do not give rolls for the lower tier rooms' in #drippyslope-ticket-163943 (1372420614970937528) True
INFO        2025-05-15 00:22:26.836113 EST  close_command   : Closed #drippyslope-ticket-163943 (1372420614970937528) in 1.29s by rolith (399760511706726400) 30
INFO        2025-05-15 00:40:08.440031 EST  on_interaction  : mochamoat (1079983420337303552) ran /close reason:'invalid' in #vinix__1-ticket-163899 (1372329208205803701) True
INFO        2025-05-15 00:40:10.054155 EST  close_command   : Closed #vinix__1-ticket-163899 (1372329208205803701) in 1.44s by mochamoat (1079983420337303552) 30
INFO        2025-05-15 01:14:32.721338 EST  on_interaction  : llama_xd (200543436749668352) ran /close reason:'answered' in #sweatybomb-ticket-163949 (1372441535429349478) True
INFO        2025-05-15 01:14:36.126288 EST  close_command   : Closed #sweatybomb-ticket-163949 (1372441535429349478) in 3.21s by llama_xd (200543436749668352) 31
INFO        2025-05-15 01:14:36.844643 EST  on_interaction  : thegenerous (198263506313805824) ran /rename name:'vpn-whitelist' in #monacoxd-ticket-163948 (1372440213531398154) True
INFO        2025-05-15 01:14:43.813562 EST  on_interaction  : thegenerous (198263506313805824) ran /private in #vpn-whitelist (1372440213531398154) True
INFO        2025-05-15 01:40:53.868425 EST  on_interaction  : llama_xd (200543436749668352) ran /move category:'1009740448128045149' in #thegoat123458-ticket-163950 (1372447751471890463) True
INFO        2025-05-15 01:41:22.660499 EST  on_interaction  : llama_xd (200543436749668352) ran /rename name:'shipwreck bug' in #scaries0420-ticket-163944 (1372421129473364090) True
INFO        2025-05-15 02:01:35.815615 EST  on_interaction  : thegenerous (198263506313805824) ran /rename name:'leader-transfer' in #shikamar-ticket-163952 (1372453463740383255) True
INFO        2025-05-15 02:01:59.332619 EST  on_interaction  : thegenerous (198263506313805824) ran /rename name:'qa-concern' in #cake2004-ticket-163951 (1372452721172676688) True
INFO        2025-05-15 02:04:53.622865 EST  on_interaction  : pizzamuncher2132 (1066050892203315342) ran /close reason:'Dealt with' in #xclnuser-ticket-163946 (1372426037459288145) True
INFO        2025-05-15 02:04:55.144636 EST  close_command   : Closed #xclnuser-ticket-163946 (1372426037459288145) in 1.34s by pizzamuncher2132 (1066050892203315342) 33
INFO        2025-05-15 02:29:49.729487 EST  on_interaction  : pizzamuncher2132 (1066050892203315342) ran /close reason:'t points added' in #kos4ever-ticket-163708 (1371956448078336110) True
INFO        2025-05-15 02:29:51.247546 EST  close_command   : Closed #kos4ever-ticket-163708 (1371956448078336110) in 1.34s by pizzamuncher2132 (1066050892203315342) 34
INFO        2025-05-15 02:30:18.489223 EST  on_interaction  : pizzamuncher2132 (1066050892203315342) ran /close reason:'item refunded in EC' in #originalkenzy-ticket-163750 (1372036451025424454) True
INFO        2025-05-15 02:30:20.137367 EST  close_command   : Closed #originalkenzy-ticket-163750 (1372036451025424454) in 1.4s by pizzamuncher2132 (1066050892203315342) 33
INFO        2025-05-15 03:01:58.883439 EST  on_interaction  : llama_xd (200543436749668352) ran /close reason:'accepted' in #weewee_op-ticket-163956 (1372462516864679979) True
INFO        2025-05-15 03:02:00.683306 EST  close_command   : Closed #weewee_op-ticket-163956 (1372462516864679979) in 1.54s by llama_xd (200543436749668352) 34
INFO        2025-05-15 03:08:04.207589 EST  on_interaction  : llama_xd (200543436749668352) ran /close reason:'accepted' in #yahoodle-ticket-163954 (1372460480874020884) True
INFO        2025-05-15 03:08:06.116147 EST  close_command   : Closed #yahoodle-ticket-163954 (1372460480874020884) in 1.69s by llama_xd (200543436749668352) 33
INFO        2025-05-15 03:09:34.010046 EST  on_interaction  : pizzamuncher2132 (1066050892203315342) ran /close reason:'bug forwarded' in #topsuuu13-ticket-162962 (1370826463049285723) True
INFO        2025-05-15 03:09:35.660878 EST  close_command   : Closed #topsuuu13-ticket-162962 (1370826463049285723) in 1.47s by pizzamuncher2132 (1066050892203315342) 32
INFO        2025-05-15 03:21:51.262899 EST  on_interaction  : llama_xd (200543436749668352) ran /rename name:'nbt tages query' in #eupm-ticket-163957 (1372471193793200138) True
INFO        2025-05-15 03:25:27.532196 EST  on_interaction  : mochamoat (1079983420337303552) ran /close reason:'player punished' in #sarah_cameron_the_badest-ticket-163904 (1372339100560003133) True
INFO        2025-05-15 03:25:29.776428 EST  close_command   : Closed #sarah_cameron_the_badest-ticket-163904 (1372339100560003133) in 2.06s by mochamoat (1079983420337303552) 32
INFO        2025-05-15 03:35:15.121734 EST  on_interaction  : llama_xd (200543436749668352) ran /rename name:'birthday balOON bug' in #asta1541-ticket-163717 (1371968317614719027) True
INFO        2025-05-15 04:13:23.997149 EST  on_interaction  : mochamoat (1079983420337303552) ran /close reason:'player punished' in #originalkenzy-ticket-163958 (1372476905013645413) True
INFO        2025-05-15 04:13:25.767330 EST  close_command   : Closed #originalkenzy-ticket-163958 (1372476905013645413) in 1.6s by mochamoat (1079983420337303552) 32
INFO        2025-05-15 04:51:59.972646 EST  on_interaction  : llama_xd (200543436749668352) ran /rename name:'leader transfer' in #smokica-ticket-163960 (1372494414408192071) True
INFO        2025-05-15 04:52:36.544387 EST  on_interaction  : llama_xd (200543436749668352) ran /close reason:'already a leader request for this fac' in #leader-transfer (1372494414408192071) True
INFO        2025-05-15 04:52:38.455539 EST  close_command   : Closed #leader-transfer (1372494414408192071) in 1.74s by llama_xd (200543436749668352) 33
INFO        2025-05-15 06:02:19.289824 EST  on_interaction  : llama_xd (200543436749668352) ran /close reason:'denied dont appeal again' in #graphicalll-ticket-163966 (1372508782415970314) True
INFO        2025-05-15 06:02:20.851161 EST  close_command   : Closed #graphicalll-ticket-163966 (1372508782415970314) in 1.39s by llama_xd (200543436749668352) 38
INFO        2025-05-15 06:02:53.644100 EST  on_interaction  : _matiass. (638734404402806815) ran /close reason:'Answered' in #hello14142-ticket-163961 (1372498208764334110) True
INFO        2025-05-15 06:02:55.442744 EST  close_command   : Closed #hello14142-ticket-163961 (1372498208764334110) in 1.57s by _matiass. (638734404402806815) 37
INFO        2025-05-15 06:03:44.222358 EST  on_interaction  : _matiass. (638734404402806815) ran /close reason:'Given, answered' in #leader-transfer (1372453463740383255) True
INFO        2025-05-15 06:03:45.891768 EST  close_command   : Closed #leader-transfer (1372453463740383255) in 1.51s by _matiass. (638734404402806815) 36
INFO        2025-05-15 06:04:32.954902 EST  on_interaction  : _matiass. (638734404402806815) ran /close reason:'Given' in #x_xdoor-ticket-163964 (1372505275541487620) True
INFO        2025-05-15 06:04:34.606424 EST  close_command   : Closed #x_xdoor-ticket-163964 (1372505275541487620) in 1.5s by _matiass. (638734404402806815) 35
INFO        2025-05-15 06:04:48.454517 EST  on_interaction  : _matiass. (638734404402806815) ran /close reason:'Given' in #smokica-ticket-163963 (1372500355673358356) True
INFO        2025-05-15 06:04:49.935802 EST  close_command   : Closed #smokica-ticket-163963 (1372500355673358356) in 1.32s by _matiass. (638734404402806815) 34
INFO        2025-05-15 06:05:22.108016 EST  on_interaction  : _matiass. (638734404402806815) ran /close reason:'Empty ticket' in #smokica-ticket-163962 (1372500337222619207) True
INFO        2025-05-15 06:05:23.813870 EST  close_command   : Closed #smokica-ticket-163962 (1372500337222619207) in 1.45s by _matiass. (638734404402806815) 33
INFO        2025-05-15 06:06:40.261553 EST  on_interaction  : _matiass. (638734404402806815) ran /close reason:'Asked to close' in #graphicalll-ticket-163965 (1372508710215094293) True
INFO        2025-05-15 06:06:41.596754 EST  close_command   : Closed #graphicalll-ticket-163965 (1372508710215094293) in 1.15s by _matiass. (638734404402806815) 32
INFO        2025-05-15 06:20:51.413095 EST  on_interaction  : legendsarising (958225180604370945) ran /close reason:'answered' in #qa-concern (1372452721172676688) True
INFO        2025-05-15 06:20:53.102004 EST  close_command   : Closed #qa-concern (1372452721172676688) in 1.51s by legendsarising (958225180604370945) 32
INFO        2025-05-15 06:21:08.375945 EST  on_interaction  : legendsarising (958225180604370945) ran /close reason:'denied' in #nbt-tages-query (1372471193793200138) True
INFO        2025-05-15 06:21:10.006377 EST  close_command   : Closed #nbt-tages-query (1372471193793200138) in 1.46s by legendsarising (958225180604370945) 31
INFO        2025-05-15 06:22:20.338179 EST  on_interaction  : legendsarising (958225180604370945) ran /close reason:'denied' in #thegoat123458-ticket-163950 (1372447751471890463) True
INFO        2025-05-15 06:22:22.965045 EST  close_command   : Closed #thegoat123458-ticket-163950 (1372447751471890463) in 2.46s by legendsarising (958225180604370945) 30
INFO        2025-05-15 07:16:19.531933 EST  on_interaction  : _matiass. (638734404402806815) ran /close reason:'Answered' in #nongas-ticket-163968 (1372528892900016180) True
INFO        2025-05-15 07:16:21.148659 EST  close_command   : Closed #nongas-ticket-163968 (1372528892900016180) in 1.38s by _matiass. (638734404402806815) 31
INFO        2025-05-15 07:19:38.611543 EST  on_interaction  : _matiass. (638734404402806815) ran /close reason:'Given' in #dedezz-ticket-163970 (1372533397599158384) True
INFO        2025-05-15 07:19:40.129347 EST  close_command   : Closed #dedezz-ticket-163970 (1372533397599158384) in 1.35s by _matiass. (638734404402806815) 31
INFO        2025-05-15 07:47:45.458599 EST  on_interaction  : xinkuu (901608730452426782) ran /close reason:'done' in #teoooo-ticket-163969 (1372530553865375856) True
INFO        2025-05-15 07:47:47.431192 EST  close_command   : Closed #teoooo-ticket-163969 (1372530553865375856) in 1.82s by xinkuu (901608730452426782) 31
INFO        2025-05-15 08:02:24.230999 EST  on_interaction  : legendsarising (958225180604370945) ran /close reason:'denied' in #daveyisme-ticket-163971 (1372540618194030624) True
INFO        2025-05-15 08:02:27.644356 EST  close_command   : Closed #daveyisme-ticket-163971 (1372540618194030624) in 3.23s by legendsarising (958225180604370945) 30
INFO        2025-05-15 08:04:07.552248 EST  on_interaction  : legendsarising (958225180604370945) ran /close reason:'player stated issues resolved' in #ping-issues (1372295097793773669) True
INFO        2025-05-15 08:04:09.247674 EST  close_command   : Closed #ping-issues (1372295097793773669) in 1.52s by legendsarising (958225180604370945) 29
INFO        2025-05-15 08:58:54.111619 EST  on_interaction  : exitiummm (750077826874736770) ran /close reason:'unbanned' in #pidoso-ticket-163941 (1372418100687015956) True
INFO        2025-05-15 08:58:56.057814 EST  close_command   : Closed #pidoso-ticket-163941 (1372418100687015956) in 1.65s by exitiummm (750077826874736770) 30
INFO        2025-05-15 08:59:51.799465 EST  on_interaction  : rolith (399760511706726400) ran /ticket-logs user:'327293581549109250' in #test-bot (935016733033525328) True
INFO        2025-05-15 09:00:23.337882 EST  on_interaction  : llama_xd (200543436749668352) ran /close reason:'accepted' in #empirehangout-ticket-163953 (1372457001564639253) True
INFO        2025-05-15 09:00:24.915322 EST  close_command   : Closed #empirehangout-ticket-163953 (1372457001564639253) in 1.37s by llama_xd (200543436749668352) 30
INFO        2025-05-15 09:03:47.066212 EST  on_interaction  : llama_xd (200543436749668352) ran /rename name:'leader transfer' in #ronron100-ticket-163975 (1372559865276403752) True
INFO        2025-05-15 09:05:51.070935 EST  on_interaction  : legendsarising (958225180604370945) ran /close reason:'answered' in #briitt-ticket-163976 (1372560191920410735) True
INFO        2025-05-15 09:05:52.607472 EST  close_command   : Closed #briitt-ticket-163976 (1372560191920410735) in 1.36s by legendsarising (958225180604370945) 32
INFO        2025-05-15 09:13:00.916913 EST  on_interaction  : _matiass. (638734404402806815) ran /close reason:'Denied due to cheating' in #empirehangout-ticket-163977 (1372560260761653280) True
INFO        2025-05-15 09:13:02.516748 EST  close_command   : Closed #empirehangout-ticket-163977 (1372560260761653280) in 1.38s by _matiass. (638734404402806815) 31
INFO        2025-05-15 09:18:20.743576 EST  on_interaction  : lilrolls123 (776423109317361714) ran /rename name:'leader transfe' in #walk3d-ticket-163978 (1372563630322749575) True
INFO        2025-05-15 09:20:52.135887 EST  on_interaction  : kesloo (170493204242759680) ran /close reason:'gave' in #leader-transfe (1372563630322749575) True
INFO        2025-05-15 09:20:53.821955 EST  close_command   : Closed #leader-transfe (1372563630322749575) in 1.51s by kesloo (170493204242759680) 31
INFO        2025-05-15 09:25:08.114313 EST  on_interaction  : kesloo (170493204242759680) ran /close reason:'gave' in #leader-transfer (1372559865276403752) True
INFO        2025-05-15 09:25:10.086869 EST  close_command   : Closed #leader-transfer (1372559865276403752) in 1.67s by kesloo (170493204242759680) 30
INFO        2025-05-15 09:28:07.009834 EST  on_interaction  : kesloo (170493204242759680) ran /rename name:'console check' in #whitepony1-ticket-163945 (1372422833015357541) True
INFO        2025-05-15 09:29:51.950585 EST  on_interaction  : kesloo (170493204242759680) ran /close reason:'resolved' in #suphello321-ticket-163979 (1372566033587634218) True
INFO        2025-05-15 09:29:53.547130 EST  close_command   : Closed #suphello321-ticket-163979 (1372566033587634218) in 1.41s by kesloo (170493204242759680) 30
INFO        2025-05-15 09:30:00.905170 EST  on_interaction  : kesloo (170493204242759680) ran /close reason:'denied limited gameplay' in #koodamundra-ticket-163974 (1372559211220832327) True
INFO        2025-05-15 09:30:02.617580 EST  close_command   : Closed #koodamundra-ticket-163974 (1372559211220832327) in 1.56s by kesloo (170493204242759680) 29
INFO        2025-05-15 09:41:35.402393 EST  on_interaction  : kesloo (170493204242759680) ran /close reason:'denied' in #x_xdoor-ticket-163973 (1372558852356046929) True
INFO        2025-05-15 09:41:37.059767 EST  close_command   : Closed #x_xdoor-ticket-163973 (1372558852356046929) in 1.46s by kesloo (170493204242759680) 30
INFO        2025-05-15 09:43:03.710364 EST  on_interaction  : daddy0001 (339415844411146251) ran /add user:'287599595880448001' in #daddy0001-ticket-163982 (1372569665972211802) True
INFO        2025-05-15 09:44:50.664007 EST  on_interaction  : kesloo (170493204242759680) ran /add user:'403561555247104023' in #declandmc-ticket-163947 (1372429077931360260) True
INFO        2025-05-15 09:45:58.731342 EST  on_interaction  : kesloo (170493204242759680) ran /remove user:'403561555247104023' in #declandmc-ticket-163947 (1372429077931360260) True
INFO        2025-05-15 09:51:42.974507 EST  on_interaction  : legendsarising (958225180604370945) ran /close reason:'Denied due to 2 things, clip is too short and ur autoclicking in the vid…' in #stopdying-ticket-163983 (1372571226286850148) True
INFO        2025-05-15 09:51:44.542054 EST  close_command   : Closed #stopdying-ticket-163983 (1372571226286850148) in 1.38s by legendsarising (958225180604370945) 31
INFO        2025-05-15 10:05:08.266462 EST  on_interaction  : kesloo (170493204242759680) ran /close reason:'denied' in #empirehangout-ticket-163981 (1372567576030478429) True
INFO        2025-05-15 10:05:10.503340 EST  close_command   : Closed #empirehangout-ticket-163981 (1372567576030478429) in 2.01s by kesloo (170493204242759680) 30
INFO        2025-05-15 10:21:24.201227 EST  on_interaction  : lilrolls123 (776423109317361714) ran /rename name:'leader transfer' in #criplin-ticket-163985 (1372578307798732902) True
INFO        2025-05-15 10:23:56.887514 EST  on_interaction  : daddy0001 (339415844411146251) ran /rename name:'VPN whitelist' in #daddy0001-ticket-163982 (1372569665972211802) True
INFO        2025-05-15 10:24:01.365893 EST  on_interaction  : daddy0001 (339415844411146251) ran /remove user:'339415844411146251' in #vpn-whitelist (1372569665972211802) True
INFO        2025-05-15 10:37:10.576618 EST  on_interaction  : llama_xd (200543436749668352) ran /rename name:'ss appeal' in #seka2220-ticket-163980 (1372566921106686002) True
INFO        2025-05-15 10:38:45.495216 EST  on_interaction  : snack6133 (637766719095439380) ran /close reason:'answered' in #empirehangout-ticket-163986 (1372578467081752718) True
INFO        2025-05-15 10:38:47.083300 EST  close_command   : Closed #empirehangout-ticket-163986 (1372578467081752718) in 1.42s by snack6133 (637766719095439380) 34
INFO        2025-05-15 10:57:22.604315 EST  on_interaction  : kesloo (170493204242759680) ran /close reason:'gave' in #leader-transfer (1372578307798732902) True
INFO        2025-05-15 10:57:24.345863 EST  close_command   : Closed #leader-transfer (1372578307798732902) in 1.54s by kesloo (170493204242759680) 35
INFO        2025-05-15 11:01:15.347646 EST  on_interaction  : kesloo (170493204242759680) ran /close reason:'muted' in #stopdying-ticket-163989 (1372584010068394045) True
INFO        2025-05-15 11:01:17.015767 EST  close_command   : Closed #stopdying-ticket-163989 (1372584010068394045) in 1.41s by kesloo (170493204242759680) 34
INFO        2025-05-15 11:02:33.272194 EST  on_interaction  : kesloo (170493204242759680) ran /close reason:'responded' in #declandmc-ticket-163947 (1372429077931360260) True
INFO        2025-05-15 11:02:35.005049 EST  close_command   : Closed #declandmc-ticket-163947 (1372429077931360260) in 1.5s by kesloo (170493204242759680) 33
INFO        2025-05-15 11:03:06.530873 EST  on_interaction  : snack6133 (637766719095439380) ran /ticket-logs user:'216705614783447041' in #𝖲𝗍𝖺𝖿𝖿-𝖢𝗈𝗆𝗆𝖺𝗇𝖽𝗌 (918905638464127016) True
INFO        2025-05-15 11:04:23.101026 EST  on_interaction  : thegenerous (198263506313805824) ran /rename name:'qa-application-concern' in #cake2004-ticket-163991 (1372590023852953733) True
INFO        2025-05-15 11:04:47.072903 EST  on_interaction  : _matiass. (638734404402806815) ran /ticket-logs user:'331526879569772544' in #𝖠𝖽𝗆𝗂𝗇-𝖢𝗈𝗆𝗆𝖺𝗇𝖽𝗌 (918905775907291156) True
INFO        2025-05-15 11:06:38.038578 EST  on_interaction  : thegenerous (198263506313805824) ran /rename name:'vpn-whitelist' in #asta1541-ticket-163992 (1372590546270425179) True
INFO        2025-05-15 11:06:47.747810 EST  on_interaction  : thegenerous (198263506313805824) ran /private in #vpn-whitelist (1372590546270425179) True
INFO        2025-05-15 11:11:59.391874 EST  on_interaction  : _matiass. (638734404402806815) ran /close reason:'Empty ticket' in #edilso-ticket-163988 (1372582413909360681) True
INFO        2025-05-15 11:12:01.200957 EST  close_command   : Closed #edilso-ticket-163988 (1372582413909360681) in 1.58s by _matiass. (638734404402806815) 34
INFO        2025-05-15 11:24:16.160667 EST  on_interaction  : legendsarising (958225180604370945) ran /close reason:'answered' in #qa-application-concern (1372590023852953733) True
INFO        2025-05-15 11:24:17.691657 EST  close_command   : Closed #qa-application-concern (1372590023852953733) in 1.32s by legendsarising (958225180604370945) 33
INFO        2025-05-15 11:31:44.312243 EST  on_interaction  : kesloo (170493204242759680) ran /close reason:'took it' in #briitt-ticket-163990 (1372585860788260986) True
INFO        2025-05-15 11:31:46.033953 EST  close_command   : Closed #briitt-ticket-163990 (1372585860788260986) in 1.57s by kesloo (170493204242759680) 33
INFO        2025-05-15 11:37:49.266606 EST  on_interaction  : kesloo (170493204242759680) ran /close reason:'answered' in #briitt-ticket-163994 (1372597445166370827) True
INFO        2025-05-15 11:37:50.881285 EST  close_command   : Closed #briitt-ticket-163994 (1372597445166370827) in 1.4s by kesloo (170493204242759680) 33
INFO        2025-05-15 11:44:12.658785 EST  on_interaction  : kesloo (170493204242759680) ran /close reason:'answered' in #criplin-ticket-163993 (1372597261200134305) True
INFO        2025-05-15 11:44:14.223423 EST  close_command   : Closed #criplin-ticket-163993 (1372597261200134305) in 1.4s by kesloo (170493204242759680) 32
INFO        2025-05-15 12:05:47.930334 EST  on_interaction  : pizzamuncher2132 (1066050892203315342) ran /ticket-logs user:'1101136988612087909' in #𝖠𝖽𝗆𝗂𝗇-𝖢𝗈𝗆𝗆𝖺𝗇𝖽𝗌 (918905775907291156) True
INFO        2025-05-15 12:09:14.161654 EST  on_interaction  : reheat (409915081317679104) ran /close reason:'denied,one of these accounts isn't even yours' in #vpn-whitelist (1372440213531398154) True
INFO        2025-05-15 12:09:15.938032 EST  close_command   : Closed #vpn-whitelist (1372440213531398154) in 1.57s by reheat (409915081317679104) 33
INFO        2025-05-15 12:09:33.681670 EST  on_interaction  : reheat (409915081317679104) ran /close reason:'given' in #vpn-whitelist (1372590546270425179) True
INFO        2025-05-15 12:09:35.308734 EST  close_command   : Closed #vpn-whitelist (1372590546270425179) in 1.35s by reheat (409915081317679104) 32
INFO        2025-05-15 12:10:26.256388 EST  on_interaction  : reheat (409915081317679104) ran /close reason:'fixed' in #vpn-whitelist (1372569665972211802) True
INFO        2025-05-15 12:10:29.674178 EST  close_command   : Closed #vpn-whitelist (1372569665972211802) in 3.19s by reheat (409915081317679104) 31
INFO        2025-05-15 12:10:50.460348 EST  on_interaction  : reheat (409915081317679104) ran /close reason:'fixed' in #1nexus_-ticket-163987 (1372582399673765959) True
INFO        2025-05-15 12:10:52.988240 EST  close_command   : Closed #1nexus_-ticket-163987 (1372582399673765959) in 2.28s by reheat (409915081317679104) 30
INFO        2025-05-15 12:14:50.390225 EST  on_interaction  : pizzamuncher2132 (1066050892203315342) ran /close reason:'unbanned' in #shovtz-ticket-163858 (1372280591650787480) True
INFO        2025-05-15 12:14:52.365487 EST  close_command   : Closed #shovtz-ticket-163858 (1372280591650787480) in 1.63s by pizzamuncher2132 (1066050892203315342) 29
INFO        2025-05-15 12:21:06.254291 EST  on_interaction  : legendsarising (958225180604370945) ran /close reason:'denied' in #walk3d-ticket-163995 (1372604704693026818) True
INFO        2025-05-15 12:21:08.068554 EST  close_command   : Closed #walk3d-ticket-163995 (1372604704693026818) in 1.62s by legendsarising (958225180604370945) 28
INFO        2025-05-15 12:26:58.655039 EST  on_interaction  : thegenerous (198263506313805824) ran /close reason:'answered' in #revival2279-ticket-163998 (1372610976662425734) True
INFO        2025-05-15 12:27:00.375476 EST  close_command   : Closed #revival2279-ticket-163998 (1372610976662425734) in 1.5s by thegenerous (198263506313805824) 29
INFO        2025-05-15 12:33:20.309535 EST  on_interaction  : pizzamuncher2132 (1066050892203315342) ran /close reason:'refunded eggs in EC' in #_5xs_-ticket-163972 (1372547814797742242) True
INFO        2025-05-15 12:33:21.902396 EST  close_command   : Closed #_5xs_-ticket-163972 (1372547814797742242) in 1.3s by pizzamuncher2132 (1066050892203315342) 28
INFO        2025-05-15 12:33:32.577657 EST  on_interaction  : legendsarising (958225180604370945) ran /close reason:'answered' in #peterb0b-ticket-163997 (1372610220647387318) True
INFO        2025-05-15 12:33:34.213777 EST  close_command   : Closed #peterb0b-ticket-163997 (1372610220647387318) in 1.43s by legendsarising (958225180604370945) 27
INFO        2025-05-15 12:40:00.139024 EST  on_interaction  : thegenerous (198263506313805824) ran /rename name:'conquest-buff-lootbags' in #hoodturtle-ticket-163999 (1372614298077106186) True
INFO        2025-05-15 12:45:54.465798 EST  on_interaction  : thegenerous (198263506313805824) ran /rename name:'chat-logs' in #overworld5217-ticket-164001 (1372615640917086268) True
INFO        2025-05-15 12:49:49.486987 EST  on_interaction  : thegenerous (198263506313805824) ran /rename name:'missing-resetcrew-gem' in #gatonso-ticket-164000 (1372614532295426251) True
INFO        2025-05-15 12:51:23.009521 EST  on_interaction  : thegenerous (198263506313805824) ran /rename name:'stronghold-suggestion' in #96266-ticket-164002 (1372615900850819103) True
INFO        2025-05-15 13:00:09.285606 EST  on_interaction  : thegenerous (198263506313805824) ran /close reason:'ticket open already about this' in #briitt-ticket-164004 (1372616846330822707) True
INFO        2025-05-15 13:00:10.868987 EST  close_command   : Closed #briitt-ticket-164004 (1372616846330822707) in 1.23s by thegenerous (198263506313805824) 32
INFO        2025-05-15 13:20:32.366713 EST  on_interaction  : sanamo (837793755838939157) ran /move category:'1185698620251574383' in #teoooo-ticket-164006 (1372624227307618404) True
INFO        2025-05-15 13:22:56.922068 EST  on_interaction  : llama_xd (200543436749668352) ran /close reason:'denied' in #loggings-ticket-164003 (1372616229021286576) True
INFO        2025-05-15 13:22:58.788796 EST  close_command   : Closed #loggings-ticket-164003 (1372616229021286576) in 1.63s by llama_xd (200543436749668352) 34
INFO        2025-05-15 13:28:17.045428 EST  on_interaction  : sanamo (837793755838939157) ran /rename name:'application system' in #teoooo-ticket-164006 (1372624227307618404) True
INFO        2025-05-15 13:29:17.964943 EST  on_interaction  : _matiass. (638734404402806815) ran /close reason:'Denied, check transcript' in #toronto_demon-ticket-164007 (1372624901608833125) True
INFO        2025-05-15 13:29:22.794286 EST  close_command   : Closed #toronto_demon-ticket-164007 (1372624901608833125) in 4.64s by _matiass. (638734404402806815) 33
INFO        2025-05-15 13:30:16.925935 EST  on_interaction  : sanamo (837793755838939157) ran /close reason:'Resolved- No onger an issue.' in #therandom122-ticket-163759 (1372061910723330048) True
INFO        2025-05-15 13:30:18.923132 EST  close_command   : Closed #therandom122-ticket-163759 (1372061910723330048) in 1.79s by sanamo (837793755838939157) 32
INFO        2025-05-15 13:43:52.215857 EST  on_interaction  : sanamo (837793755838939157) ran /close reason:'Resolved - Application worked.' in #application-system (1372624227307618404) True
INFO        2025-05-15 13:43:53.903342 EST  close_command   : Closed #application-system (1372624227307618404) in 1.46s by sanamo (837793755838939157) 32
INFO        2025-05-15 13:51:39.420451 EST  on_interaction  : m6rk (229691828650246145) ran /rename name:'tourney-winner' in #goetta-ticket-164005 (1372620600849469500) True
INFO        2025-05-15 14:06:13.038789 EST  on_interaction  : thegenerous (198263506313805824) ran /rename name:'next-map-question' in #iamtufa-ticket-164010 (1372636006452297840) True
INFO        2025-05-15 14:26:30.008568 EST  on_interaction  : legendsarising (958225180604370945) ran /close reason:'denied' in #teoooo-ticket-164013 (1372639282895786065) True
INFO        2025-05-15 14:26:31.600585 EST  close_command   : Closed #teoooo-ticket-164013 (1372639282895786065) in 1.3s by legendsarising (958225180604370945) 36
INFO        2025-05-15 14:34:40.247789 EST  on_interaction  : exitiummm (750077826874736770) ran /close reason:'try again I can see he did give it to you' in #yhsl1-ticket-163959 (1372489888162775140) True
INFO        2025-05-15 14:34:41.955705 EST  close_command   : Closed #yhsl1-ticket-163959 (1372489888162775140) in 1.54s by exitiummm (750077826874736770) 38
INFO        2025-05-15 14:34:55.611798 EST  on_interaction  : exitiummm (750077826874736770) ran /close reason:'done' in #tag1919-ticket-164011 (1372637327981019277) True
INFO        2025-05-15 14:34:57.369174 EST  close_command   : Closed #tag1919-ticket-164011 (1372637327981019277) in 1.47s by exitiummm (750077826874736770) 37
INFO        2025-05-15 14:36:49.555182 EST  on_interaction  : rolith (399760511706726400) ran /close reason:'unbanned' in #omniscient667-ticket-164015 (1372641884823879710) True
INFO        2025-05-15 14:36:52.272595 EST  close_command   : Closed #omniscient667-ticket-164015 (1372641884823879710) in 2.53s by rolith (399760511706726400) 39
INFO        2025-05-15 14:37:19.053898 EST  on_interaction  : exitiummm (750077826874736770) ran /close reason:'answered' in #dedezz-ticket-163984 (1372577918840082435) True
INFO        2025-05-15 14:37:20.733263 EST  close_command   : Closed #dedezz-ticket-163984 (1372577918840082435) in 1.53s by exitiummm (750077826874736770) 38
INFO        2025-05-15 14:37:39.503764 EST  on_interaction  : thegenerous (198263506313805824) ran /rename name:'missing-lootbags' in #dedezz-ticket-164014 (1372641429427454034) True
INFO        2025-05-15 14:37:47.852756 EST  on_interaction  : thegenerous (198263506313805824) ran /rename name:'rank-check' in #miha1986-ticket-164019 (1372643851185164428) True
INFO        2025-05-15 14:37:58.648811 EST  on_interaction  : _matiass. (638734404402806815) ran /close reason:'Answered' in #rank-check (1372643851185164428) True
INFO        2025-05-15 14:38:00.223770 EST  close_command   : Closed #rank-check (1372643851185164428) in 1.43s by _matiass. (638734404402806815) 38
INFO        2025-05-15 14:40:04.038208 EST  on_interaction  : exitiummm (750077826874736770) ran /close reason:'pv 1' in #conquest-buff-lootbags (1372614298077106186) True
INFO        2025-05-15 14:40:05.758719 EST  close_command   : Closed #conquest-buff-lootbags (1372614298077106186) in 1.51s by exitiummm (750077826874736770) 37
INFO        2025-05-15 14:40:46.556547 EST  on_interaction  : llama_xd (200543436749668352) ran /close reason:'see transcript' in #briitt-ticket-164016 (1372642947958313072) True
INFO        2025-05-15 14:40:48.177153 EST  close_command   : Closed #briitt-ticket-164016 (1372642947958313072) in 1.41s by llama_xd (200543436749668352) 36
INFO        2025-05-15 14:42:02.531336 EST  on_interaction  : exitiummm (750077826874736770) ran /close reason:'pv 1' in #missing-resetcrew-gem (1372614532295426251) True
INFO        2025-05-15 14:42:04.300299 EST  close_command   : Closed #missing-resetcrew-gem (1372614532295426251) in 1.64s by exitiummm (750077826874736770) 36
INFO        2025-05-15 14:42:29.762979 EST  on_interaction  : exitiummm (750077826874736770) ran /close reason:'answered' in #next-map-question (1372636006452297840) True
INFO        2025-05-15 14:42:31.576246 EST  close_command   : Closed #next-map-question (1372636006452297840) in 1.6s by exitiummm (750077826874736770) 35
INFO        2025-05-15 14:43:00.156519 EST  on_interaction  : llama_xd (200543436749668352) ran /close reason:'accepted' in #96266-ticket-164009 (1372633211892404265) True
INFO        2025-05-15 14:43:02.027043 EST  close_command   : Closed #96266-ticket-164009 (1372633211892404265) in 1.68s by llama_xd (200543436749668352) 34
INFO        2025-05-15 14:43:17.877056 EST  on_interaction  : exitiummm (750077826874736770) ran /close reason:'pv 1' in #missing-lootbags (1372641429427454034) True
INFO        2025-05-15 14:43:19.517900 EST  close_command   : Closed #missing-lootbags (1372641429427454034) in 1.44s by exitiummm (750077826874736770) 33
INFO        2025-05-15 14:43:47.533829 EST  on_interaction  : exitiummm (750077826874736770) ran /close reason:'pv 1' in #shipwreck-bug (1372421129473364090) True
INFO        2025-05-15 14:43:49.227025 EST  close_command   : Closed #shipwreck-bug (1372421129473364090) in 1.53s by exitiummm (750077826874736770) 32
INFO        2025-05-15 14:57:53.206004 EST  on_interaction  : exitiummm (750077826874736770) ran /rename name:'chat report' in #restorable-ticket-164012 (1372638450209263656) True
INFO        2025-05-15 15:00:31.621271 EST  on_interaction  : llama_xd (200543436749668352) ran /close reason:'BLANK TICKET' in #asta1541-ticket-164021 (1372645078136520765) True
INFO        2025-05-15 15:00:33.709747 EST  close_command   : Closed #asta1541-ticket-164021 (1372645078136520765) in 1.91s by llama_xd (200543436749668352) 32
INFO        2025-05-15 15:30:21.302911 EST  on_interaction  : llama_xd (200543436749668352) ran /move category:'1010777747456524338' in #mmareply-ticket-164027 (1372654965088194683) True
INFO        2025-05-15 15:36:57.517673 EST  on_interaction  : _matiass. (638734404402806815) ran /ticket-logs user:'1273785759408721933' in #𝖠𝖽𝗆𝗂𝗇-𝖢𝗈𝗆𝗆𝖺𝗇𝖽𝗌 (918905775907291156) True
INFO        2025-05-15 15:47:58.856884 EST  on_interaction  : llama_xd (200543436749668352) ran /close reason:'denied' in #clearlol1235467-ticket-164024 (1372652163301376051) True
INFO        2025-05-15 15:48:00.549124 EST  close_command   : Closed #clearlol1235467-ticket-164024 (1372652163301376051) in 1.54s by llama_xd (200543436749668352) 38
INFO        2025-05-15 15:48:51.594095 EST  on_interaction  : rolith (399760511706726400) ran /close reason:'answered' in #shiverer-ticket-164020 (1372644174712672256) True
INFO        2025-05-15 15:48:53.409068 EST  close_command   : Closed #shiverer-ticket-164020 (1372644174712672256) in 1.57s by rolith (399760511706726400) 37
INFO        2025-05-15 15:49:02.824308 EST  on_interaction  : rolith (399760511706726400) ran /close reason:'resolved' in #clearlol1235467-ticket-164018 (1372643667533234216) True
INFO        2025-05-15 15:49:04.269161 EST  close_command   : Closed #clearlol1235467-ticket-164018 (1372643667533234216) in 1.31s by rolith (399760511706726400) 36
INFO        2025-05-15 15:55:20.355518 EST  on_interaction  : sipx (542834884683497472) ran /close reason:'resolved' in #missing-vkit-shards (1372031204697837688) True
INFO        2025-05-15 15:55:22.136853 EST  close_command   : Closed #missing-vkit-shards (1372031204697837688) in 1.54s by sipx (542834884683497472) 35
INFO        2025-05-15 15:56:56.101577 EST  on_interaction  : daddy0001 (339415844411146251) ran /rename name:'vpn whitelist' in #igbkotp-ticket-164029 (1372661798263849000) True
INFO        2025-05-15 15:56:58.734453 EST  on_interaction  : daddy0001 (339415844411146251) ran /move category:'1238913372435775550' in #vpn-whitelist (1372661798263849000) True
INFO        2025-05-15 15:57:13.415034 EST  on_interaction  : daddy0001 (339415844411146251) ran /rename name:'balloon bug' in #criplin-ticket-164017 (1372643429745692756) True
INFO        2025-05-15 15:57:52.895777 EST  on_interaction  : _matiass. (638734404402806815) ran /close reason:'Answered' in #briitt-ticket-164026 (1372653735490228355) True
INFO        2025-05-15 15:57:54.772488 EST  close_command   : Closed #briitt-ticket-164026 (1372653735490228355) in 1.65s by _matiass. (638734404402806815) 35
INFO        2025-05-15 15:58:56.949583 EST  on_interaction  : rolith (399760511706726400) ran /close reason:'unfortunately all revives do need a video, regarding rep I asked the dev again' in #danielem42-ticket-164023 (1372649974969532456) True
INFO        2025-05-15 15:58:58.620683 EST  close_command   : Closed #danielem42-ticket-164023 (1372649974969532456) in 1.47s by rolith (399760511706726400) 34
INFO        2025-05-15 15:59:15.881639 EST  on_interaction  : rolith (399760511706726400) ran /close reason:'I can see about having a timer added' in #stronghold-suggestion (1372615900850819103) True
INFO        2025-05-15 15:59:17.374465 EST  close_command   : Closed #stronghold-suggestion (1372615900850819103) in 1.32s by rolith (399760511706726400) 33
INFO        2025-05-15 16:02:24.279341 EST  on_interaction  : pizzamuncher2132 (1066050892203315342) ran /close reason:'appeal denied' in #vinix__1-ticket-163967 (1372518320183709758) True
INFO        2025-05-15 16:02:26.448738 EST  close_command   : Closed #vinix__1-ticket-163967 (1372518320183709758) in 1.93s by pizzamuncher2132 (1066050892203315342) 32
INFO        2025-05-15 16:02:43.470052 EST  on_interaction  : _matiass. (638734404402806815) ran /close reason:'Already denied' in #thegoat123458-ticket-164030 (1372663958519025674) True
INFO        2025-05-15 16:02:44.943777 EST  close_command   : Closed #thegoat123458-ticket-164030 (1372663958519025674) in 1.28s by _matiass. (638734404402806815) 31
INFO        2025-05-15 16:10:30.953825 EST  on_interaction  : rolith (399760511706726400) ran /close reason:'we will need to ss' in #cromeey37-ticket-164022 (1372649677723271308) True
INFO        2025-05-15 16:10:32.686898 EST  close_command   : Closed #cromeey37-ticket-164022 (1372649677723271308) in 1.57s by rolith (399760511706726400) 31
INFO        2025-05-15 16:10:56.556066 EST  on_interaction  : rolith (399760511706726400) ran /close reason:'accepted' in #chat-logs (1372615640917086268) True
INFO        2025-05-15 16:10:58.318902 EST  close_command   : Closed #chat-logs (1372615640917086268) in 1.52s by rolith (399760511706726400) 30
INFO        2025-05-15 16:11:26.597906 EST  on_interaction  : rolith (399760511706726400) ran /close reason:'answered' in #chnke-ticket-163996 (1372606381949194362) True
INFO        2025-05-15 16:11:28.338170 EST  close_command   : Closed #chnke-ticket-163996 (1372606381949194362) in 1.56s by rolith (399760511706726400) 29
INFO        2025-05-15 16:14:38.338546 EST  on_interaction  : rolith (399760511706726400) ran /close reason:'answered' in #tag1919-ticket-163838 (1372248603216576643) True
INFO        2025-05-15 16:14:40.054247 EST  close_command   : Closed #tag1919-ticket-163838 (1372248603216576643) in 1.52s by rolith (399760511706726400) 30
INFO        2025-05-15 16:21:23.614217 EST  on_interaction  : mochamoat (1079983420337303552) ran /close reason:'Player punished' in #sarah_cameron_the_badest-ticket-164025 (1372653270278996089) True
INFO        2025-05-15 16:21:25.434525 EST  close_command   : Closed #sarah_cameron_the_badest-ticket-164025 (1372653270278996089) in 1.63s by mochamoat (1079983420337303552) 31
INFO        2025-05-15 16:22:52.940788 EST  on_interaction  : _matiass. (638734404402806815) ran /close reason:'Dealing with' in #cromeey37-ticket-164035 (1372670023524417576) True
INFO        2025-05-15 16:22:54.652354 EST  close_command   : Closed #cromeey37-ticket-164035 (1372670023524417576) in 1.55s by _matiass. (638734404402806815) 31
INFO        2025-05-15 16:31:00.017589 EST  on_interaction  : rolith (399760511706726400) ran /close reason:'done' in #vpn-whitelist (1372661798263849000) True
INFO        2025-05-15 16:31:02.203372 EST  close_command   : Closed #vpn-whitelist (1372661798263849000) in 1.99s by rolith (399760511706726400) 33
INFO        2025-05-15 16:37:28.362169 EST  on_interaction  : reheat (409915081317679104) ran /close reason:'the rule doesn't apply until next map, feel free to open a ticket then' in #loosin-ticket-164038 (1372671606035320965) True
INFO        2025-05-15 16:37:31.228608 EST  close_command   : Closed #loosin-ticket-164038 (1372671606035320965) in 2.52s by reheat (409915081317679104) 33
INFO        2025-05-15 16:43:06.124965 EST  on_interaction  : rolith (399760511706726400) ran /close reason:'changed to a nromal ban as you built a fake warp still' in #payloy-ticket-164028 (1372657316943626340) True
INFO        2025-05-15 16:43:07.775518 EST  close_command   : Closed #payloy-ticket-164028 (1372657316943626340) in 1.47s by rolith (399760511706726400) 32
INFO        2025-05-15 16:44:35.755345 EST  on_interaction  : rolith (399760511706726400) ran /close reason:'player bought unban' in #mmareply-ticket-164027 (1372654965088194683) True
INFO        2025-05-15 16:44:38.711135 EST  close_command   : Closed #mmareply-ticket-164027 (1372654965088194683) in 2.47s by rolith (399760511706726400) 31
INFO        2025-05-15 16:45:04.878445 EST  on_interaction  : thegenerous (198263506313805824) ran /rename name:'missing-rewards' in #hoodturtle-ticket-164036 (1372670425678483627) True
INFO        2025-05-15 16:45:17.284114 EST  on_interaction  : rolith (399760511706726400) ran /close reason:'player bought unban' in #linked-punishment (1372328002960097320) True
INFO        2025-05-15 16:45:19.390302 EST  close_command   : Closed #linked-punishment (1372328002960097320) in 1.92s by rolith (399760511706726400) 30
INFO        2025-05-15 16:46:41.868664 EST  on_interaction  : rolith (399760511706726400) ran /close reason:'pv 1' in #missing-rewards (1372670425678483627) True
INFO        2025-05-15 16:46:43.719506 EST  close_command   : Closed #missing-rewards (1372670425678483627) in 1.67s by rolith (399760511706726400) 29
INFO        2025-05-15 17:00:26.973749 EST  on_interaction  : rolith (399760511706726400) ran /close reason:'pv 1' in #tourney-winner (1372620600849469500) True
INFO        2025-05-15 17:00:28.900758 EST  close_command   : Closed #tourney-winner (1372620600849469500) in 1.74s by rolith (399760511706726400) 28
INFO        2025-05-15 17:00:33.437629 EST  on_interaction  : rolith (399760511706726400) ran /rename name:'ftop1 kit' in #ronron100-ticket-164037 (1372671282407145505) True
INFO        2025-05-15 17:00:35.095545 EST  on_interaction  : rolith (399760511706726400) ran /move category:'948592775669121034' in #ftop1-kit (1372671282407145505) True
INFO        2025-05-15 17:00:49.678344 EST  on_interaction  : rolith (399760511706726400) ran /close reason:'allowed' in #peppa1565-ticket-164040 (1372674204209512539) True
INFO        2025-05-15 17:00:51.128012 EST  close_command   : Closed #peppa1565-ticket-164040 (1372674204209512539) in 1.31s by rolith (399760511706726400) 27
INFO        2025-05-15 17:00:59.983847 EST  on_interaction  : _matiass. (638734404402806815) ran /close reason:'Check transcript, /pv 2' in #missing-set (1371833938175066162) True
INFO        2025-05-15 17:01:01.879728 EST  close_command   : Closed #missing-set (1371833938175066162) in 1.73s by _matiass. (638734404402806815) 26
INFO        2025-05-15 17:01:03.732491 EST  on_interaction  : rolith (399760511706726400) ran /close reason:'accepted' in #chat-report (1372638450209263656) True
INFO        2025-05-15 17:01:05.782778 EST  close_command   : Closed #chat-report (1372638450209263656) in 1.87s by rolith (399760511706726400) 25
INFO        2025-05-15 17:01:38.116683 EST  on_interaction  : rolith (399760511706726400) ran /close reason:'accepted' in #restorable-ticket-164008 (1372627441859694704) True
INFO        2025-05-15 17:01:39.623161 EST  close_command   : Closed #restorable-ticket-164008 (1372627441859694704) in 1.34s by rolith (399760511706726400) 24
INFO        2025-05-15 17:02:02.389013 EST  on_interaction  : rolith (399760511706726400) ran /manage-tickets in #test-bot (935016733033525328) True
INFO        2025-05-15 17:02:07.951512 EST  toggle_category : rolith (399760511706726400) has toggled the KitMap Support category to Disabled
INFO        2025-05-15 17:03:32.190293 EST  on_interaction  : rolith (399760511706726400) ran /close reason:'rebanned' in #chnke-ticket-164032 (1372668090642337823) True
INFO        2025-05-15 17:03:33.800576 EST  close_command   : Closed #chnke-ticket-164032 (1372668090642337823) in 1.37s by rolith (399760511706726400) 23
INFO        2025-05-15 17:21:17.345335 EST  on_interaction  : thegenerous (198263506313805824) ran /rename name:'requested close' in #stopdying-ticket-164044 (1372682765773836408) True
INFO        2025-05-15 17:21:21.060944 EST  on_interaction  : reheat (409915081317679104) ran /close reason:'empty' in #blue1885-ticket-164041 (1372680939829985341) True
INFO        2025-05-15 17:21:22.463618 EST  close_command   : Closed #blue1885-ticket-164041 (1372680939829985341) in 1.22s by reheat (409915081317679104) 26
INFO        2025-05-15 17:21:23.259763 EST  on_interaction  : thegenerous (198263506313805824) ran /close reason:'requested close' in #requested-close (1372682765773836408) True
INFO        2025-05-15 17:21:24.978605 EST  close_command   : Closed #requested-close (1372682765773836408) in 1.58s by thegenerous (198263506313805824) 25
INFO        2025-05-15 17:23:07.159136 EST  on_interaction  : thegenerous (198263506313805824) ran /rename name:'need-lootbags-' in #hoodturtle-ticket-164043 (1372682385841192991) True
INFO        2025-05-15 17:44:38.830817 EST  on_interaction  : itssfearless (469543931533852684) ran /rename name:'leader transfer' in #ericzx-ticket-164046 (1372689053262282822) True
INFO        2025-05-15 18:51:30.932274 EST  on_interaction  : itssfearless (469543931533852684) ran /close reason:'answered' in #dedezz-ticket-164051 (1372701420045733969) True
INFO        2025-05-15 18:51:32.786797 EST  close_command   : Closed #dedezz-ticket-164051 (1372701420045733969) in 1.68s by itssfearless (469543931533852684) 34
INFO        2025-05-15 18:52:05.475528 EST  on_interaction  : itssfearless (469543931533852684) ran /rename name:'leader transfer' in #sweatybomb-ticket-164054 (1372707835892465744) True
INFO        2025-05-15 18:53:24.052629 EST  on_interaction  : _matiass. (638734404402806815) ran /close reason:'Given' in #leader-transfer (1372707835892465744) True
INFO        2025-05-15 18:53:26.076885 EST  close_command   : Closed #leader-transfer (1372707835892465744) in 1.88s by _matiass. (638734404402806815) 34
INFO        2025-05-15 18:53:58.850782 EST  on_interaction  : _matiass. (638734404402806815) ran /close reason:'Given' in #leader-transfer (1372689053262282822) True
INFO        2025-05-15 18:54:00.571629 EST  close_command   : Closed #leader-transfer (1372689053262282822) in 1.54s by _matiass. (638734404402806815) 33
INFO        2025-05-15 19:10:55.248425 EST  on_interaction  : mochamoat (1079983420337303552) ran /close reason:'answered' in #xclnuser-ticket-164056 (1372711968468766850) True
INFO        2025-05-15 19:10:56.777978 EST  close_command   : Closed #xclnuser-ticket-164056 (1372711968468766850) in 1.35s by mochamoat (1079983420337303552) 33
INFO        2025-05-15 19:58:51.376162 EST  on_interaction  : _matiass. (638734404402806815) ran /close reason:'Answered' in #noob4848484-ticket-164063 (1372723515723223143) True
INFO        2025-05-15 19:58:53.320579 EST  close_command   : Closed #noob4848484-ticket-164063 (1372723515723223143) in 1.72s by _matiass. (638734404402806815) 40
INFO        2025-05-15 20:13:33.810381 EST  on_interaction  : itssfearless (469543931533852684) ran /rename name:'vpn bypass' in #xxthfrostxx_26077-ticket-164057 (1372713296624615505) True
INFO        2025-05-15 20:13:34.758604 EST  on_interaction  : itssfearless (469543931533852684) ran /private in #vpn-bypass (1372713296624615505) True
INFO        2025-05-15 20:19:46.782397 EST  on_interaction  : mochamoat (1079983420337303552) ran /move category:'1051093261164494848' in #ivarklugt-ticket-164065 (1372728813099683860) True
INFO        2025-05-15 21:02:58.554935 EST  on_interaction  : kesloo (170493204242759680) ran /close reason:'looking into' in #96266-ticket-164061 (1372718730571677798) True
INFO        2025-05-15 21:03:00.159720 EST  close_command   : Closed #96266-ticket-164061 (1372718730571677798) in 1.43s by kesloo (170493204242759680) 42
INFO        2025-05-15 21:16:12.218005 EST  on_interaction  : llama_xd (200543436749668352) ran /close reason:'kitmap is currently resetting for a new map' in #ivarklugt-ticket-164065 (1372728813099683860) True
INFO        2025-05-15 21:16:14.534386 EST  close_command   : Closed #ivarklugt-ticket-164065 (1372728813099683860) in 2.11s by llama_xd (200543436749668352) 42
INFO        2025-05-15 21:25:08.199215 EST  on_interaction  : llama_xd (200543436749668352) ran /close reason:'denied' in #sweatybomb-ticket-164059 (1372717529692377161) True
INFO        2025-05-15 21:25:09.729705 EST  close_command   : Closed #sweatybomb-ticket-164059 (1372717529692377161) in 1.37s by llama_xd (200543436749668352) 41
INFO        2025-05-15 21:27:18.453286 EST  on_interaction  : llama_xd (200543436749668352) ran /rename name:'deaths check' in #sweatybomb-ticket-164055 (1372708434591617115) True
INFO        2025-05-15 21:27:45.581090 EST  on_interaction  : rolith (399760511706726400) ran /close reason:'done' in #vpn-bypass (1372713296624615505) True
INFO        2025-05-15 21:27:50.140702 EST  close_command   : Closed #vpn-bypass (1372713296624615505) in 4.31s by rolith (399760511706726400) 40
INFO        2025-05-15 22:58:45.300262 EST  on_interaction  : legendsarising (958225180604370945) ran /close reason:'denied' in #goetta-ticket-164072 (1372766476322213951) True
INFO        2025-05-15 22:58:46.736879 EST  close_command   : Closed #goetta-ticket-164072 (1372766476322213951) in 1.26s by legendsarising (958225180604370945) 45
INFO        2025-05-15 23:00:16.105151 EST  on_interaction  : legendsarising (958225180604370945) ran /close reason:'Denied, this damage is not revivable.' in #sweatybomb-ticket-164074 (1372767996346503200) True
INFO        2025-05-15 23:00:17.807754 EST  close_command   : Closed #sweatybomb-ticket-164074 (1372767996346503200) in 1.46s by legendsarising (958225180604370945) 44
INFO        2025-05-15 23:35:20.725320 EST  on_interaction  : itssfearless (469543931533852684) ran /rename name:'jail creds check' in #awkjaimdlemdqkqmj-ticket-164076 (1372778996974092321) True
INFO        2025-05-15 23:42:51.095170 EST  on_interaction  : rolith (399760511706726400) ran /close reason:'denied' in #khaos5298-ticket-164047 (1372689118336913434) True
INFO        2025-05-15 23:42:52.775535 EST  close_command   : Closed #khaos5298-ticket-164047 (1372689118336913434) in 1.5s by rolith (399760511706726400) 46
INFO        2025-05-15 23:43:50.293514 EST  on_interaction  : rolith (399760511706726400) ran /close reason:'answered' in #blue1885-ticket-164042 (1372680960281149631) True
INFO        2025-05-15 23:43:53.224131 EST  close_command   : Closed #blue1885-ticket-164042 (1372680960281149631) in 2.74s by rolith (399760511706726400) 45
INFO        2025-05-15 23:44:18.725477 EST  on_interaction  : rolith (399760511706726400) ran /close reason:'denied' in #extinctman1-ticket-164071 (1372761875972096040) True
INFO        2025-05-15 23:44:20.718048 EST  close_command   : Closed #extinctman1-ticket-164071 (1372761875972096040) in 1.73s by rolith (399760511706726400) 44
INFO        2025-05-15 23:46:57.106331 EST  on_interaction  : rolith (399760511706726400) ran /close reason:'answered' in #jail-creds-check (1372778996974092321) True
INFO        2025-05-15 23:46:59.955758 EST  close_command   : Closed #jail-creds-check (1372778996974092321) in 2.68s by rolith (399760511706726400) 43
INFO        2025-05-15 23:47:12.410127 EST  on_interaction  : rolith (399760511706726400) ran /close reason:'answered' in #slymel-ticket-164075 (1372775800042029249) True
INFO        2025-05-15 23:47:14.149805 EST  close_command   : Closed #slymel-ticket-164075 (1372775800042029249) in 1.49s by rolith (399760511706726400) 42
INFO        2025-05-15 23:49:22.175916 EST  on_interaction  : exitiummm (750077826874736770) ran /close reason:'answered' in #jajajjaajajaa-ticket-164064 (1372724220706033735) True
INFO        2025-05-15 23:49:23.751207 EST  close_command   : Closed #jajajjaajajaa-ticket-164064 (1372724220706033735) in 1.41s by exitiummm (750077826874736770) 41
INFO        2025-05-15 23:49:34.425757 EST  on_interaction  : exitiummm (750077826874736770) ran /close reason:'answered' in #xnv280-ticket-164060 (1372718138424168543) True
INFO        2025-05-15 23:49:35.914892 EST  close_command   : Closed #xnv280-ticket-164060 (1372718138424168543) in 1.21s by exitiummm (750077826874736770) 40
INFO        2025-05-15 23:50:31.938868 EST  on_interaction  : exitiummm (750077826874736770) ran /close reason:'answered' in #owalah-ticket-164045 (1372687695087796295) True
INFO        2025-05-15 23:50:33.835497 EST  close_command   : Closed #owalah-ticket-164045 (1372687695087796295) in 1.72s by exitiummm (750077826874736770) 39
INFO        2025-05-15 23:51:15.760026 EST  on_interaction  : exitiummm (750077826874736770) ran /close reason:'pv 1' in #need-lootbags (1372682385841192991) True
INFO        2025-05-15 23:51:17.547707 EST  close_command   : Closed #need-lootbags (1372682385841192991) in 1.62s by exitiummm (750077826874736770) 39
INFO        2025-05-15 23:51:38.819816 EST  on_interaction  : exitiummm (750077826874736770) ran /close reason:'answered' in #point-death-loss (1372300520412414083) True
INFO        2025-05-15 23:51:40.200715 EST  close_command   : Closed #point-death-loss (1372300520412414083) in 1.21s by exitiummm (750077826874736770) 38
INFO        2025-05-15 23:52:22.857228 EST  on_interaction  : exitiummm (750077826874736770) ran /close reason:'Denied - knocking someone into cobweb is not reviveable' in #gokaln-ticket-164058 (1372716010062217287) True
INFO        2025-05-15 23:52:24.827476 EST  close_command   : Closed #gokaln-ticket-164058 (1372716010062217287) in 1.78s by exitiummm (750077826874736770) 37
INFO        2025-05-15 23:56:48.832704 EST  on_interaction  : exitiummm (750077826874736770) ran /close reason:'denied' in #deaths-check (1372708434591617115) True
INFO        2025-05-15 23:56:50.567594 EST  close_command   : Closed #deaths-check (1372708434591617115) in 1.57s by exitiummm (750077826874736770) 36
INFO        2025-05-16 00:01:55.936516 EST  on_interaction  : rolith (399760511706726400) ran /close reason:'answered' in #sweatybomb-ticket-164078 (1372783285272313917) True
INFO        2025-05-16 00:01:57.474756 EST  close_command   : Closed #sweatybomb-ticket-164078 (1372783285272313917) in 1.38s by rolith (399760511706726400) 35
INFO        2025-05-16 00:04:55.189917 EST  on_interaction  : exitiummm (750077826874736770) ran /rename name:'media application' in #44kdd-ticket-164052 (1372705478382981251) True
INFO        2025-05-16 00:09:56.066754 EST  on_interaction  : rolith (399760511706726400) ran /close reason:'accepted' in #oxy7z-ticket-164033 (1372668177367957598) True
INFO        2025-05-16 00:09:57.635832 EST  close_command   : Closed #oxy7z-ticket-164033 (1372668177367957598) in 1.37s by rolith (399760511706726400) 34
INFO        2025-05-16 00:10:54.372144 EST  on_interaction  : rolith (399760511706726400) ran /close reason:'answered' in #sweatybomb-ticket-163955 (1372462353882546257) True
INFO        2025-05-16 00:10:55.757009 EST  close_command   : Closed #sweatybomb-ticket-163955 (1372462353882546257) in 1.26s by rolith (399760511706726400) 34
INFO        2025-05-16 00:11:16.971729 EST  on_interaction  : rolith (399760511706726400) ran /close reason:'denied' in #console-check (1372422833015357541) True
INFO        2025-05-16 00:11:18.681978 EST  close_command   : Closed #console-check (1372422833015357541) in 1.56s by rolith (399760511706726400) 33
INFO        2025-05-16 00:13:15.221774 EST  on_interaction  : snack6133 (637766719095439380) ran /close reason:'answered see transcript' in #triggaplays-ticket-164079 (1372788357717033022) True
INFO        2025-05-16 00:13:17.376334 EST  close_command   : Closed #triggaplays-ticket-164079 (1372788357717033022) in 1.98s by snack6133 (637766719095439380) 32
INFO        2025-05-16 00:14:44.031193 EST  on_interaction  : rolith (399760511706726400) ran /close reason:'pv 4' in #thegoat123458-ticket-164039 (1372672074879078466) True
INFO        2025-05-16 00:14:45.807011 EST  close_command   : Closed #thegoat123458-ticket-164039 (1372672074879078466) in 1.6s by rolith (399760511706726400) 32
INFO        2025-05-16 00:17:21.204159 EST  on_interaction  : rolith (399760511706726400) ran /close reason:'ngl we will need to ss' in #noemmijmaarpiet-ticket-164062 (1372721222437179489) True
INFO        2025-05-16 00:17:23.782192 EST  close_command   : Closed #noemmijmaarpiet-ticket-164062 (1372721222437179489) in 2.37s by rolith (399760511706726400) 31
INFO        2025-05-16 00:18:12.615672 EST  on_interaction  : rolith (399760511706726400) ran /close reason:'pv 1' in #alexrcasi-ticket-164070 (1372761659956793404) True
INFO        2025-05-16 00:18:14.600432 EST  close_command   : Closed #alexrcasi-ticket-164070 (1372761659956793404) in 1.81s by rolith (399760511706726400) 30
INFO        2025-05-16 00:19:36.815977 EST  on_interaction  : rolith (399760511706726400) ran /close reason:'denied' in #danny1566-ticket-164076 (1372778997213167728) True
INFO        2025-05-16 00:19:38.777803 EST  close_command   : Closed #danny1566-ticket-164076 (1372778997213167728) in 1.79s by rolith (399760511706726400) 30
INFO        2025-05-16 00:43:50.707465 EST  on_interaction  : thegenerous (198263506313805824) ran /close reason:'accepted' in #briitt-ticket-164081 (1372790567351619616) True
INFO        2025-05-16 00:43:52.268247 EST  close_command   : Closed #briitt-ticket-164081 (1372790567351619616) in 1.39s by thegenerous (198263506313805824) 32
INFO        2025-05-16 00:44:50.780452 EST  on_interaction  : rolith (399760511706726400) ran /close reason:'resolve d' in #reapa1-ticket-164080 (1372789187886977055) True
INFO        2025-05-16 00:44:52.550896 EST  close_command   : Closed #reapa1-ticket-164080 (1372789187886977055) in 1.53s by rolith (399760511706726400) 31
INFO        2025-05-16 00:45:02.123559 EST  on_interaction  : thegenerous (198263506313805824) ran /close reason:'accepted' in #hoodturtle-ticket-164083 (1372791010467254332) True
INFO        2025-05-16 00:45:03.614115 EST  close_command   : Closed #hoodturtle-ticket-164083 (1372791010467254332) in 1.29s by thegenerous (198263506313805824) 30
INFO        2025-05-16 00:45:20.552746 EST  on_interaction  : rolith (399760511706726400) ran /close reason:'there' in #thegoat123458-ticket-164082 (1372790770586620046) True
INFO        2025-05-16 00:45:22.073327 EST  close_command   : Closed #thegoat123458-ticket-164082 (1372790770586620046) in 1.32s by rolith (399760511706726400) 29
INFO        2025-05-16 00:51:25.565894 EST  on_interaction  : rolith (399760511706726400) ran /close reason:'closing this as the map is now over' in #imponent-ticket-163485 (1371643536331509790) True
INFO        2025-05-16 00:51:28.563124 EST  close_command   : Closed #imponent-ticket-163485 (1371643536331509790) in 2.8s by rolith (399760511706726400) 28
INFO        2025-05-16 01:00:18.427274 EST  on_interaction  : llama_xd (200543436749668352) ran /rename name:'vpn concern' in #teoooo-ticket-164084 (1372796635041632357) True
INFO        2025-05-16 01:05:27.147326 EST  on_interaction  : rolith (399760511706726400) ran /close reason:'player made by mistake' in #slacko-ticket-164085 (1372799244481724476) True
ERROR       2025-05-16 01:05:28.148674 EST  close_error     : /close error You are on cooldown. Try again in 8.99s
INFO        2025-05-16 01:05:28.150188 EST  on_interaction  : rolith (399760511706726400) ran /close reason:'/close reason:player made by mistake' in #slacko-ticket-164085 (1372799244481724476) False
INFO        2025-05-16 01:05:28.950478 EST  close_command   : Closed #slacko-ticket-164085 (1372799244481724476) in 1.58s by rolith (399760511706726400) 33
INFO        2025-05-16 01:08:34.703140 EST  on_interaction  : rolith (399760511706726400) ran /close reason:'accepted' in #vangelinamutias-ticket-164088 (1372801016059400245) True
INFO        2025-05-16 01:08:36.389208 EST  close_command   : Closed #vangelinamutias-ticket-164088 (1372801016059400245) in 1.52s by rolith (399760511706726400) 32
INFO        2025-05-16 01:08:37.891571 EST  on_interaction  : rolith (399760511706726400) ran /close reason:'accepted' in #topsuuu13-ticket-164089 (1372801462983458846) True
INFO        2025-05-16 01:08:39.466958 EST  close_command   : Closed #topsuuu13-ticket-164089 (1372801462983458846) in 1.4s by rolith (399760511706726400) 31
INFO        2025-05-16 01:11:20.875903 EST  on_interaction  : rolith (399760511706726400) ran /close reason:'in your echest' in #x76r-ticket-164086 (1372800544523026473) True
INFO        2025-05-16 01:11:22.557341 EST  close_command   : Closed #x76r-ticket-164086 (1372800544523026473) in 1.5s by rolith (399760511706726400) 31
INFO        2025-05-16 01:13:27.602612 EST  on_interaction  : rolith (399760511706726400) ran /close reason:'resolved' in #founderitems-ticket-164073 (1372767411790680157) True
INFO        2025-05-16 01:13:29.262310 EST  close_command   : Closed #founderitems-ticket-164073 (1372767411790680157) in 1.46s by rolith (399760511706726400) 31
INFO        2025-05-16 01:14:03.935422 EST  on_interaction  : rolith (399760511706726400) ran /close reason:'you bought using our bedrock store thats why, fixed it' in #18babyl-ticket-164092 (1372803635947503656) True
INFO        2025-05-16 01:14:05.479893 EST  close_command   : Closed #18babyl-ticket-164092 (1372803635947503656) in 1.35s by rolith (399760511706726400) 30
INFO        2025-05-16 01:16:52.207298 EST  on_interaction  : llama_xd (200543436749668352) ran /close reason:'ss list' in #hoodturtle-ticket-164087 (1372800983008149635) True
INFO        2025-05-16 01:16:53.768500 EST  close_command   : Closed #hoodturtle-ticket-164087 (1372800983008149635) in 1.39s by llama_xd (200543436749668352) 29
INFO        2025-05-16 01:33:59.444614 EST  on_interaction  : llama_xd (200543436749668352) ran /close reason:'accepted' in #shikamar-ticket-164093 (1372808768806588517) True
INFO        2025-05-16 01:34:01.135621 EST  close_command   : Closed #shikamar-ticket-164093 (1372808768806588517) in 1.53s by llama_xd (200543436749668352) 29
INFO        2025-05-16 02:25:58.874741 EST  on_interaction  : thegenerous (198263506313805824) ran /rename name:'leader-transfer' in #reapa1-ticket-164095 (1372822277703335968) True
INFO        2025-05-16 02:28:37.220438 EST  on_interaction  : rolith (399760511706726400) ran /close reason:'done' in #leader-transfer (1372822277703335968) True
INFO        2025-05-16 02:28:38.916953 EST  close_command   : Closed #leader-transfer (1372822277703335968) in 1.49s by rolith (399760511706726400) 30
INFO        2025-05-16 03:02:37.813000 EST  on_interaction  : pizzamuncher2132 (1066050892203315342) ran /close reason:'appeal denied' in #l_m12998-ticket-163826 (1372233624023470171) True
INFO        2025-05-16 03:02:39.655810 EST  close_command   : Closed #l_m12998-ticket-163826 (1372233624023470171) in 1.67s by pizzamuncher2132 (1066050892203315342) 29
INFO        2025-05-16 04:30:03.753223 EST  on_interaction  : sipx (542834884683497472) ran /close reason:':' in #sipx-ticket-164098 (1372853567702040586) True
INFO        2025-05-16 04:30:05.325462 EST  close_command   : Closed #sipx-ticket-164098 (1372853567702040586) in 1.4s by sipx (542834884683497472) 31
INFO        2025-05-16 06:11:41.536406 EST  on_interaction  : _matiass. (638734404402806815) ran /close reason:'Answered' in #viebsko-ticket-164099 (1372874169569644575) True
INFO        2025-05-16 06:11:43.114568 EST  close_command   : Closed #viebsko-ticket-164099 (1372874169569644575) in 1.41s by _matiass. (638734404402806815) 31
INFO        2025-05-16 06:32:06.477282 EST  on_interaction  : gcrazyy (934805715510517850) ran /move category:'1009574363915370620' in #empirehangout-ticket-164100 (1372879589826625590) True
INFO        2025-05-16 06:32:14.996569 EST  on_interaction  : gcrazyy (934805715510517850) ran /rename name:'possible inside attempt' in #empirehangout-ticket-164100 (1372879589826625590) True
INFO        2025-05-16 07:19:43.921154 EST  on_interaction  : legendsarising (958225180604370945) ran /close reason:'requested' in #usrz-ticket-164094 (1372813053074214953) True
INFO        2025-05-16 07:19:45.537325 EST  close_command   : Closed #usrz-ticket-164094 (1372813053074214953) in 1.39s by legendsarising (958225180604370945) 33
INFO        2025-05-16 08:13:02.121679 EST  on_interaction  : legendsarising (958225180604370945) ran /close reason:'requested' in #dedezz-ticket-164103 (1372900532946997410) True
INFO        2025-05-16 08:13:04.186811 EST  close_command   : Closed #dedezz-ticket-164103 (1372900532946997410) in 1.89s by legendsarising (958225180604370945) 37
INFO        2025-05-16 08:14:27.221914 EST  on_interaction  : legendsarising (958225180604370945) ran /close reason:'denied' in #ivarklugt-ticket-164106 (1372906816563974176) True
INFO        2025-05-16 08:14:28.558990 EST  close_command   : Closed #ivarklugt-ticket-164106 (1372906816563974176) in 1.18s by legendsarising (958225180604370945) 37
INFO        2025-05-16 08:32:00.484583 EST  on_interaction  : kesloo (170493204242759680) ran /close reason:'gave' in #wasabi_32-ticket-164105 (1372904158037803098) True
INFO        2025-05-16 08:32:02.204312 EST  close_command   : Closed #wasabi_32-ticket-164105 (1372904158037803098) in 1.5s by kesloo (170493204242759680) 39
INFO        2025-05-16 08:34:37.952921 EST  on_interaction  : kesloo (170493204242759680) ran /close reason:'pv 2' in #wuunder-ticket-164104 (1372902782977441873) True
INFO        2025-05-16 08:34:40.400360 EST  close_command   : Closed #wuunder-ticket-164104 (1372902782977441873) in 2.11s by kesloo (170493204242759680) 38
INFO        2025-05-16 09:09:50.833143 EST  on_interaction  : legendsarising (958225180604370945) ran /close reason:'answere' in #ss-appeal (1372566921106686002) True
INFO        2025-05-16 09:09:52.769586 EST  close_command   : Closed #ss-appeal (1372566921106686002) in 1.75s by legendsarising (958225180604370945) 42
INFO        2025-05-16 09:47:37.979490 EST  on_interaction  : confrontable (544952418178301974) ran /close reason:'requested' in #ericzx-ticket-164118 (1372932773404344463) True
INFO        2025-05-16 09:47:39.500134 EST  close_command   : Closed #ericzx-ticket-164118 (1372932773404344463) in 1.36s by confrontable (544952418178301974) 43
INFO        2025-05-16 09:47:42.626734 EST  on_interaction  : confrontable (544952418178301974) ran /rename name:'leader transfer' in #ericzx-ticket-164117 (1372932749471780936) True
INFO        2025-05-16 10:22:09.462046 EST  on_interaction  : llama_xd (200543436749668352) ran /move category:'1010744614153617439' in #hoodturtle-ticket-164116 (1372923747039838209) True
INFO        2025-05-16 10:24:20.430033 EST  on_interaction  : llama_xd (200543436749668352) ran /close reason:'denied' in #growhl-ticket-164119 (1372939908024373329) True
INFO        2025-05-16 10:24:23.563978 EST  close_command   : Closed #growhl-ticket-164119 (1372939908024373329) in 2.92s by llama_xd (200543436749668352) 44
INFO        2025-05-16 10:26:03.903655 EST  on_interaction  : llama_xd (200543436749668352) ran /close reason:'denied' in #cheeeky-ticket-164112 (1372918094468612247) True
INFO        2025-05-16 10:26:06.415866 EST  close_command   : Closed #cheeeky-ticket-164112 (1372918094468612247) in 2.34s by llama_xd (200543436749668352) 43
INFO        2025-05-16 10:51:21.991294 EST  on_interaction  : llama_xd (200543436749668352) ran /rename name:'vpn whitelist' in #hefesdgfdg4-ticket-164122 (1372948894962679968) True
INFO        2025-05-16 10:53:32.664146 EST  on_interaction  : llama_xd (200543436749668352) ran /close reason:'accepted' in #ronron100-ticket-164121 (1372948796203335754) True
INFO        2025-05-16 10:53:34.125737 EST  close_command   : Closed #ronron100-ticket-164121 (1372948796203335754) in 1.28s by llama_xd (200543436749668352) 44
INFO        2025-05-16 11:16:21.516222 EST  on_interaction  : llama_xd (200543436749668352) ran /rename name:'genbuckets' in #bogibatina-ticket-164115 (1372920785966203011) True
INFO        2025-05-16 11:16:35.080813 EST  on_interaction  : llama_xd (200543436749668352) ran /rename name:'connection issues' in #nrri123-ticket-164123 (1372952258005958698) True
INFO        2025-05-16 11:16:41.795017 EST  on_interaction  : llama_xd (200543436749668352) ran /move category:'1238913372435775550' in #connection-issues (1372952258005958698) True
INFO        2025-05-16 11:16:57.439552 EST  on_interaction  : llama_xd (200543436749668352) ran /close reason:'answered' in #96266-ticket-164120 (1372942045941076181) True
INFO        2025-05-16 11:16:59.376406 EST  close_command   : Closed #96266-ticket-164120 (1372942045941076181) in 1.77s by llama_xd (200543436749668352) 44
INFO        2025-05-16 11:21:42.716377 EST  on_interaction  : llama_xd (200543436749668352) ran /rename name:'Feedback' in #iamtufa-ticket-164097 (1372850642208559185) True
INFO        2025-05-16 11:21:50.318107 EST  on_interaction  : llama_xd (200543436749668352) ran /close reason:'answered' in #empirehangout-ticket-164101 (1372887283828789259) True
INFO        2025-05-16 11:21:53.691059 EST  close_command   : Closed #empirehangout-ticket-164101 (1372887283828789259) in 3.22s by llama_xd (200543436749668352) 43
INFO        2025-05-16 11:26:28.194717 EST  on_interaction  : llama_xd (200543436749668352) ran /close reason:'denied' in #hoodturtle-ticket-164090 (1372801999900246037) True
INFO        2025-05-16 11:26:31.377916 EST  close_command   : Closed #hoodturtle-ticket-164090 (1372801999900246037) in 2.98s by llama_xd (200543436749668352) 42
INFO        2025-05-16 11:33:06.956068 EST  on_interaction  : llama_xd (200543436749668352) ran /close reason:'ss list' in #noemmijmaarpiet-ticket-164102 (1372887868560642058) True
INFO        2025-05-16 11:33:08.568468 EST  close_command   : Closed #noemmijmaarpiet-ticket-164102 (1372887868560642058) in 1.36s by llama_xd (200543436749668352) 41
INFO        2025-05-16 11:43:19.813182 EST  on_interaction  : reheat (409915081317679104) ran /move category:'948592775669121034' in #vpn-concern (1372796635041632357) True
INFO        2025-05-16 11:43:59.608512 EST  on_interaction  : reheat (409915081317679104) ran /add user:'1066050892203315342' in #ah9k-ticket-164096 (1372845511761068092) True
INFO        2025-05-16 11:44:27.865932 EST  on_interaction  : reheat (409915081317679104) ran /ticket-logs user:'1151527658824400998' in #vpn-whitelist (1372948894962679968) True
INFO        2025-05-16 11:45:29.528514 EST  on_interaction  : reheat (409915081317679104) ran /close reason:'log on if needed still' in #leader-transfer (1372932749471780936) True
INFO        2025-05-16 11:45:33.372416 EST  close_command   : Closed #leader-transfer (1372932749471780936) in 3.64s by reheat (409915081317679104) 40
INFO        2025-05-16 11:45:41.572330 EST  on_interaction  : llama_xd (200543436749668352) ran /close reason:'answered' in #96266-ticket-164111 (1372912685200707655) True
INFO        2025-05-16 11:45:43.019507 EST  close_command   : Closed #96266-ticket-164111 (1372912685200707655) in 1.26s by llama_xd (200543436749668352) 39
INFO        2025-05-16 11:45:54.829295 EST  on_interaction  : reheat (409915081317679104) ran /ticket-logs user:'377145471073779712' in #𝖠𝖽𝗆𝗂𝗇-𝖢𝗈𝗆𝗆𝖺𝗇𝖽𝗌 (918905775907291156) True
INFO        2025-05-16 11:46:32.256044 EST  on_interaction  : reheat (409915081317679104) ran /close reason:'you already have vpn bypass on one of your accounts' in #vpn-whitelist (1372948894962679968) True
INFO        2025-05-16 11:46:34.694176 EST  close_command   : Closed #vpn-whitelist (1372948894962679968) in 2.24s by reheat (409915081317679104) 38
INFO        2025-05-16 11:55:16.325769 EST  on_interaction  : llama_xd (200543436749668352) ran /close reason:'denied' in #revival2279-ticket-164124 (1372963962139705406) True
INFO        2025-05-16 11:55:17.831849 EST  close_command   : Closed #revival2279-ticket-164124 (1372963962139705406) in 1.37s by llama_xd (200543436749668352) 39
INFO        2025-05-16 12:30:13.534546 EST  on_interaction  : llama_xd (200543436749668352) ran /close reason:'resolved player had bmo tag on' in #eupm-ticket-164125 (1372965611260477530) True
INFO        2025-05-16 12:30:15.440918 EST  close_command   : Closed #eupm-ticket-164125 (1372965611260477530) in 1.66s by llama_xd (200543436749668352) 40
INFO        2025-05-16 12:49:48.465027 EST  on_interaction  : llama_xd (200543436749668352) ran /close reason:'denied' in #growhl-ticket-164128 (1372975165406711899) True
INFO        2025-05-16 12:49:50.251665 EST  close_command   : Closed #growhl-ticket-164128 (1372975165406711899) in 1.61s by llama_xd (200543436749668352) 42
INFO        2025-05-16 12:52:08.005274 EST  on_interaction  : llama_xd (200543436749668352) ran /move category:'1009882045901721720' in #revival2279-ticket-164126 (1372970161258107051) True
INFO        2025-05-16 12:55:12.651783 EST  on_interaction  : _matiass. (638734404402806815) ran /close reason:'Answered' in #jackl2667-ticket-164129 (1372975963444351027) True
INFO        2025-05-16 12:55:14.411783 EST  close_command   : Closed #jackl2667-ticket-164129 (1372975963444351027) in 1.61s by _matiass. (638734404402806815) 42
INFO        2025-05-16 12:59:32.605973 EST  on_interaction  : exitiummm (750077826874736770) ran /close reason:'fixed' in #ah9k-ticket-164096 (1372845511761068092) True
INFO        2025-05-16 12:59:34.974070 EST  close_command   : Closed #ah9k-ticket-164096 (1372845511761068092) in 2.11s by exitiummm (750077826874736770) 42
INFO        2025-05-16 12:59:51.346275 EST  on_interaction  : exitiummm (750077826874736770) ran /move category:'948592775669121034' in #tbkouko-ticket-164050 (1372696306157621339) True
INFO        2025-05-16 13:00:11.051909 EST  on_interaction  : llama_xd (200543436749668352) ran /move category:'1010777747456524338' in #ivarklugt-ticket-164130 (1372979044701966471) True
INFO        2025-05-16 13:00:24.436480 EST  on_interaction  : llama_xd (200543436749668352) ran /rename name:'linked to BL player' in #ivarklugt-ticket-164130 (1372979044701966471) True
INFO        2025-05-16 13:00:57.812888 EST  on_interaction  : llama_xd (200543436749668352) ran /close reason:'answered see transcript' in #overworld5217-ticket-164127 (1372973370840186910) True
INFO        2025-05-16 13:00:59.303114 EST  close_command   : Closed #overworld5217-ticket-164127 (1372973370840186910) in 1.32s by llama_xd (200543436749668352) 41
INFO        2025-05-16 13:01:53.871216 EST  on_interaction  : xinkuu (901608730452426782) ran /close reason:'in ec' in #hoodturtle-ticket-164116 (1372923747039838209) True
INFO        2025-05-16 13:01:56.206527 EST  close_command   : Closed #hoodturtle-ticket-164116 (1372923747039838209) in 2.15s by xinkuu (901608730452426782) 40
INFO        2025-05-16 13:02:00.998203 EST  on_interaction  : exitiummm (750077826874736770) ran /close reason:'answered' in #empirehangout-ticket-164110 (1372911982591742035) True
INFO        2025-05-16 13:02:02.515203 EST  close_command   : Closed #empirehangout-ticket-164110 (1372911982591742035) in 1.34s by exitiummm (750077826874736770) 39
INFO        2025-05-16 13:06:27.431148 EST  on_interaction  : llama_xd (200543436749668352) ran /rename name:'staritem bug' in #revival2279-ticket-164126 (1372970161258107051) True
INFO        2025-05-16 13:07:44.468515 EST  on_interaction  : exitiummm (750077826874736770) ran /close reason:'fixed' in #linked-to-bl-player (1372979044701966471) True
INFO        2025-05-16 13:07:46.849192 EST  close_command   : Closed #linked-to-bl-player (1372979044701966471) in 2.16s by exitiummm (750077826874736770) 40
INFO        2025-05-16 13:09:34.747209 EST  on_interaction  : exitiummm (750077826874736770) ran /close reason:'answered' in #ltmgeeb-ticket-164131 (1372980524448088186) True
INFO        2025-05-16 13:09:36.417133 EST  close_command   : Closed #ltmgeeb-ticket-164131 (1372980524448088186) in 1.51s by exitiummm (750077826874736770) 39
INFO        2025-05-16 13:10:28.972501 EST  on_interaction  : confrontable (544952418178301974) ran /rename name:'need event buff' in #balentinojiji-ticket-164134 (1372983807292215356) True
INFO        2025-05-16 13:10:40.184177 EST  on_interaction  : pizzamuncher2132 (1066050892203315342) ran /close reason:'appeal denied' in #topsuuu13-ticket-164108 (1372910061961216130) True
INFO        2025-05-16 13:10:41.684694 EST  close_command   : Closed #topsuuu13-ticket-164108 (1372910061961216130) in 1.33s by pizzamuncher2132 (1066050892203315342) 38
INFO        2025-05-16 13:11:47.231195 EST  on_interaction  : exitiummm (750077826874736770) ran /close reason:'we will send to the dev' in #staritem-bug (1372970161258107051) True
INFO        2025-05-16 13:11:48.693294 EST  close_command   : Closed #staritem-bug (1372970161258107051) in 1.28s by exitiummm (750077826874736770) 37
INFO        2025-05-16 13:12:49.791336 EST  on_interaction  : exitiummm (750077826874736770) ran /close reason:'duplicate ticket' in #balentinojiji-ticket-164133 (1372983714530721983) True
INFO        2025-05-16 13:12:51.515622 EST  close_command   : Closed #balentinojiji-ticket-164133 (1372983714530721983) in 1.5s by exitiummm (750077826874736770) 36
INFO        2025-05-16 13:13:41.778211 EST  on_interaction  : exitiummm (750077826874736770) ran /close reason:'answered' in #possible-inside-attempt (1372879589826625590) True
INFO        2025-05-16 13:13:43.584933 EST  close_command   : Closed #possible-inside-attempt (1372879589826625590) in 1.34s by exitiummm (750077826874736770) 35
INFO        2025-05-16 13:16:58.295231 EST  on_interaction  : exitiummm (750077826874736770) ran /close reason:'pv 1' in #futurelegacy-ticket-164034 (1372669215894667354) True
INFO        2025-05-16 13:17:00.643295 EST  close_command   : Closed #futurelegacy-ticket-164034 (1372669215894667354) in 2.0s by exitiummm (750077826874736770) 34
INFO        2025-05-16 13:49:24.491802 EST  on_interaction  : reheat (409915081317679104) ran /ticket-logs user:'852708029790027846' in #pickthevision-ticket-164135 (1372986693660971139) True
INFO        2025-05-16 13:50:34.125993 EST  on_interaction  : reheat (409915081317679104) ran /close reason:'you have vpn bypass already on an account' in #pickthevision-ticket-164135 (1372986693660971139) True
INFO        2025-05-16 13:50:36.121516 EST  close_command   : Closed #pickthevision-ticket-164135 (1372986693660971139) in 1.82s by reheat (409915081317679104) 34
INFO        2025-05-16 13:53:50.220924 EST  on_interaction  : keksmc (1193224557826412624) ran /rename name:'Voyage reward bug' in #wtmike-ticket-164053 (1372706355647090708) True
INFO        2025-05-16 14:11:58.765617 EST  on_interaction  : keksmc (1193224557826412624) ran /close reason:'player punished' in #dracothe-ticket-164069 (1372750666878947368) True
INFO        2025-05-16 14:12:02.733485 EST  close_command   : Closed #dracothe-ticket-164069 (1372750666878947368) in 3.81s by keksmc (1193224557826412624) 34
INFO        2025-05-16 14:12:49.329581 EST  on_interaction  : rolith (399760511706726400) ran /close reason:'answered' in #need-event-buff (1372983807292215356) True
INFO        2025-05-16 14:12:50.880100 EST  close_command   : Closed #need-event-buff (1372983807292215356) in 1.41s by rolith (399760511706726400) 33
INFO        2025-05-16 14:14:38.377142 EST  on_interaction  : keksmc (1193224557826412624) ran /close reason:'denied' in #hazza1841-ticket-164107 (1372909551417954326) True
INFO        2025-05-16 14:14:40.052272 EST  close_command   : Closed #hazza1841-ticket-164107 (1372909551417954326) in 1.48s by keksmc (1193224557826412624) 32
INFO        2025-05-16 14:21:50.207020 EST  on_interaction  : pizzamuncher2132 (1066050892203315342) ran /close reason:'player punished' in #jaygozo8338-ticket-164091 (1372803424843857980) True
INFO        2025-05-16 14:21:52.080490 EST  close_command   : Closed #jaygozo8338-ticket-164091 (1372803424843857980) in 1.7s by pizzamuncher2132 (1066050892203315342) 31
INFO        2025-05-16 14:29:04.149433 EST  on_interaction  : llama_xd (200543436749668352) ran /close reason:'done' in #asta1541-ticket-164138 (1373003145080471664) True
INFO        2025-05-16 14:29:06.774583 EST  close_command   : Closed #asta1541-ticket-164138 (1373003145080471664) in 2.45s by llama_xd (200543436749668352) 33
INFO        2025-05-16 14:29:11.585963 EST  on_interaction  : llama_xd (200543436749668352) ran /add user:'977208815944622081' in #birthday-baloon-bug (1371968317614719027) True
INFO        2025-05-16 14:30:48.174709 EST  on_interaction  : llama_xd (200543436749668352) ran /close reason:'already a ticket' in #balentinojiji-ticket-164141 (1373004441761878090) True
INFO        2025-05-16 14:30:51.481046 EST  close_command   : Closed #balentinojiji-ticket-164141 (1373004441761878090) in 3.08s by llama_xd (200543436749668352) 36
INFO        2025-05-16 14:31:15.272705 EST  on_interaction  : llama_xd (200543436749668352) ran /close reason:'resolving in other ticket' in #zwenh-ticket-164140 (1373004412276183180) True
INFO        2025-05-16 14:31:17.557041 EST  close_command   : Closed #zwenh-ticket-164140 (1373004412276183180) in 2.11s by llama_xd (200543436749668352) 36
INFO        2025-05-16 14:31:37.570248 EST  on_interaction  : llama_xd (200543436749668352) ran /rename name:'lost event buff' in #criplin-ticket-164142 (1373004597404373063) True
INFO        2025-05-16 14:33:55.297464 EST  on_interaction  : llama_xd (200543436749668352) ran /rename name:'lost dungeon portal' in #thewinner12-ticket-164144 (1373004879693479969) True
INFO        2025-05-16 15:24:52.475644 EST  on_interaction  : sanamo (837793755838939157) ran /oldest in #test-bot (935016733033525328) True
INFO        2025-05-16 15:24:57.118043 EST  on_interaction  : sanamo (837793755838939157) ran /oldest in #test-bot (935016733033525328) True
INFO        2025-05-16 15:25:08.985847 EST  on_interaction  : sanamo (837793755838939157) ran /private in #eupm-ticket-164146 (1373017774691061782) True
INFO        2025-05-16 15:43:50.046428 EST  on_interaction  : rolith (399760511706726400) ran /close reason:'there on purpose' in #walk3d-ticket-164147 (1373019416844828703) True
INFO        2025-05-16 15:43:52.276052 EST  close_command   : Closed #walk3d-ticket-164147 (1373019416844828703) in 1.78s by rolith (399760511706726400) 42
INFO        2025-05-16 16:03:34.009793 EST  on_interaction  : llama_xd (200543436749668352) ran /move category:'1010777747456524338' in #harcka-ticket-164145 (1373017102058786877) True
INFO        2025-05-16 16:08:33.957284 EST  on_interaction  : thegenerous (198263506313805824) ran /rename name:'vpn-whitelist' in #wavetrubble-ticket-164154 (1373029204370919590) True
INFO        2025-05-16 16:08:43.545373 EST  on_interaction  : thegenerous (198263506313805824) ran /private in #vpn-whitelist (1373029204370919590) True
INFO        2025-05-16 16:10:07.612043 EST  on_interaction  : rolith (399760511706726400) ran /close reason:'answered' in #eupm-ticket-164146 (1373017774691061782) True
INFO        2025-05-16 16:10:09.559525 EST  close_command   : Closed #eupm-ticket-164146 (1373017774691061782) in 1.68s by rolith (399760511706726400) 44
INFO        2025-05-16 16:10:31.317019 EST  on_interaction  : rolith (399760511706726400) ran /close reason:'done' in #vpn-whitelist (1373029204370919590) True
INFO        2025-05-16 16:10:33.353072 EST  close_command   : Closed #vpn-whitelist (1373029204370919590) in 1.86s by rolith (399760511706726400) 43
INFO        2025-05-16 16:11:28.386734 EST  on_interaction  : rolith (399760511706726400) ran /close reason:'resolved' in #eupm-ticket-164151 (1373021963785867334) True
INFO        2025-05-16 16:11:30.430275 EST  close_command   : Closed #eupm-ticket-164151 (1373021963785867334) in 1.85s by rolith (399760511706726400) 43
INFO        2025-05-16 16:12:23.709500 EST  on_interaction  : rolith (399760511706726400) ran /close reason:'given' in #lost-event-buff (1373004597404373063) True
INFO        2025-05-16 16:12:25.178573 EST  close_command   : Closed #lost-event-buff (1373004597404373063) in 1.25s by rolith (399760511706726400) 42
INFO        2025-05-16 16:13:17.352457 EST  on_interaction  : rolith (399760511706726400) ran /close reason:'pv 1' in #lost-dungeon-portal (1373004879693479969) True
INFO        2025-05-16 16:13:20.814573 EST  close_command   : Closed #lost-dungeon-portal (1373004879693479969) in 3.23s by rolith (399760511706726400) 41
INFO        2025-05-16 16:14:23.541295 EST  on_interaction  : rolith (399760511706726400) ran /close reason:'telling dev' in #xental_-ticket-164143 (1373004769655783546) True
INFO        2025-05-16 16:14:25.848237 EST  close_command   : Closed #xental_-ticket-164143 (1373004769655783546) in 2.11s by rolith (399760511706726400) 40
INFO        2025-05-16 16:18:56.443761 EST  on_interaction  : thegenerous (198263506313805824) ran /move category:'1010777747456524338' in #empirehangout-ticket-164155 (1373029896363970591) True
INFO        2025-05-16 16:19:39.682429 EST  on_interaction  : legendsarising (958225180604370945) ran /close reason:'denied' in #empirehangout-ticket-164155 (1373029896363970591) True
INFO        2025-05-16 16:19:41.385251 EST  close_command   : Closed #empirehangout-ticket-164155 (1373029896363970591) in 1.49s by legendsarising (958225180604370945) 39
INFO        2025-05-16 17:03:58.723961 EST  on_interaction  : snack6133 (637766719095439380) ran /private in #pengveen-ticket-164159 (1373042991572451348) True
INFO        2025-05-16 17:05:31.969667 EST  on_interaction  : snack6133 (637766719095439380) ran /close reason:'accepted' in #gokaln-ticket-164158 (1373039818975612968) True
INFO        2025-05-16 17:05:34.049890 EST  close_command   : Closed #gokaln-ticket-164158 (1373039818975612968) in 1.83s by snack6133 (637766719095439380) 42
INFO        2025-05-16 17:21:52.599322 EST  on_interaction  : thegenerous (198263506313805824) ran /rename name:'leader-transfer' in #ericzx-ticket-164162 (1373047410380509355) True
INFO        2025-05-16 18:10:06.531268 EST  on_interaction  : llama_xd (200543436749668352) ran /close reason:'prerq' in #joelee1508-ticket-164168 (1373056046213369859) True
INFO        2025-05-16 18:10:08.270514 EST  close_command   : Closed #joelee1508-ticket-164168 (1373056046213369859) in 1.53s by llama_xd (200543436749668352) 52
INFO        2025-05-16 18:10:20.752362 EST  on_interaction  : llama_xd (200543436749668352) ran /move category:'1009882045901721720' in #wubblelydubbly-ticket-164161 (1373046679988731925) True
INFO        2025-05-16 18:10:25.514612 EST  on_interaction  : llama_xd (200543436749668352) ran /rename name:'dungeon bug' in #wubblelydubbly-ticket-164161 (1373046679988731925) True
INFO        2025-05-16 18:21:59.906351 EST  on_interaction  : legendsarising (958225180604370945) ran /close reason:'denied' in #desktopmist2089-ticket-164164 (1373051801812730016) True
INFO        2025-05-16 18:22:01.930184 EST  close_command   : Closed #desktopmist2089-ticket-164164 (1373051801812730016) in 1.7s by legendsarising (958225180604370945) 52
INFO        2025-05-16 18:28:34.585275 EST  on_interaction  : legendsarising (958225180604370945) ran /close reason:'denied' in #derekking-ticket-164170 (1373059546595196928) True
INFO        2025-05-16 18:28:38.188644 EST  close_command   : Closed #derekking-ticket-164170 (1373059546595196928) in 3.45s by legendsarising (958225180604370945) 53
INFO        2025-05-16 18:29:02.530959 EST  on_interaction  : legendsarising (958225180604370945) ran /close reason:'answered' in #yourraidable-ticket-164172 (1373063903491395675) True
INFO        2025-05-16 18:29:04.494026 EST  close_command   : Closed #yourraidable-ticket-164172 (1373063903491395675) in 1.77s by legendsarising (958225180604370945) 52
INFO        2025-05-16 19:00:25.777835 EST  on_interaction  : thegenerous (198263506313805824) ran /rename name:'rank-check' in #3v1me-ticket-164176 (1373070040802529352) True
INFO        2025-05-16 19:04:34.638047 EST  on_interaction  : xinkuu (901608730452426782) ran /close reason:'answered' in #rank-check (1373070040802529352) True
INFO        2025-05-16 19:04:36.576976 EST  close_command   : Closed #rank-check (1373070040802529352) in 1.75s by xinkuu (901608730452426782) 58
INFO        2025-05-16 19:06:56.117463 EST  on_interaction  : legendsarising (958225180604370945) ran /close reason:'answered' in #cromeey37-ticket-164179 (1373072802340540457) True
INFO        2025-05-16 19:06:57.577481 EST  close_command   : Closed #cromeey37-ticket-164179 (1373072802340540457) in 1.29s by legendsarising (958225180604370945) 57
INFO        2025-05-16 19:07:21.273532 EST  on_interaction  : legendsarising (958225180604370945) ran /close reason:'answered' in #zwenh-ticket-164177 (1373071676899590154) True
INFO        2025-05-16 19:07:24.260690 EST  close_command   : Closed #zwenh-ticket-164177 (1373071676899590154) in 1.48s by legendsarising (958225180604370945) 56
INFO        2025-05-16 19:10:13.282144 EST  on_interaction  : xinkuu (901608730452426782) ran /close reason:'done' in #noemmijmaarpiet-ticket-164166 (1373054945062031511) True
INFO        2025-05-16 19:10:15.106700 EST  close_command   : Closed #noemmijmaarpiet-ticket-164166 (1373054945062031511) in 1.41s by xinkuu (901608730452426782) 55
INFO        2025-05-16 19:10:29.372053 EST  on_interaction  : xinkuu (901608730452426782) ran /close reason:'answered' in #kadubb-ticket-164169 (1373057051407814671) True
INFO        2025-05-16 19:10:31.085155 EST  close_command   : Closed #kadubb-ticket-164169 (1373057051407814671) in 1.54s by xinkuu (901608730452426782) 54
INFO        2025-05-16 19:11:10.429467 EST  on_interaction  : xinkuu (901608730452426782) ran /close reason:'answered' in #main9772-ticket-164178 (1373072643674079273) True
INFO        2025-05-16 19:11:12.152295 EST  close_command   : Closed #main9772-ticket-164178 (1373072643674079273) in 1.54s by xinkuu (901608730452426782) 53
INFO        2025-05-16 19:11:53.404710 EST  on_interaction  : xinkuu (901608730452426782) ran /close reason:'denied' in #harcka-ticket-164145 (1373017102058786877) True
INFO        2025-05-16 19:11:56.729729 EST  close_command   : Closed #harcka-ticket-164145 (1373017102058786877) in 3.15s by xinkuu (901608730452426782) 52
INFO        2025-05-16 19:38:43.674354 EST  on_interaction  : lilrolls123 (776423109317361714) ran /close reason:'answered' in #00009990000-ticket-164174 (1373066752241434665) True
INFO        2025-05-16 19:38:46.305432 EST  close_command   : Closed #00009990000-ticket-164174 (1373066752241434665) in 2.46s by lilrolls123 (776423109317361714) 54
INFO        2025-05-16 19:41:55.083948 EST  on_interaction  : thegenerous (198263506313805824) ran /rename name:'remove-b-claims' in #xallington-ticket-164182 (1373079236549808288) True
INFO        2025-05-16 20:20:14.798277 EST  on_interaction  : thegenerous (198263506313805824) ran /rename name:'vpn-whitelist' in #11joao111-ticket-164185 (1373087776785956874) True
INFO        2025-05-16 20:20:18.386480 EST  on_interaction  : thegenerous (198263506313805824) ran /private in #vpn-whitelist (1373087776785956874) True
INFO        2025-05-16 20:28:43.064682 EST  on_interaction  : thegenerous (198263506313805824) ran /rename name:'core-inspect' in #hoodturtle-ticket-164187 (1373093545266647181) True
INFO        2025-05-16 20:28:51.020149 EST  on_interaction  : thegenerous (198263506313805824) ran /rename name:'chron-hint' in #cake2004-ticket-164188 (1373094768250327110) True
INFO        2025-05-16 20:29:29.266519 EST  on_interaction  : thegenerous (198263506313805824) ran /rename name:'accidentally-combined-mask' in #cottage-ticket-164181 (1373078573920944181) True
INFO        2025-05-16 20:29:50.840472 EST  on_interaction  : thegenerous (198263506313805824) ran /rename name:'missing-points-koth' in #m0rocco-ticket-164173 (1373064007375917066) True
INFO        2025-05-16 20:30:30.825136 EST  on_interaction  : thegenerous (198263506313805824) ran /rename name:'refund-dung-key' in #hefesdgfdg4-ticket-164171 (1373060097294471200) True
INFO        2025-05-16 20:30:54.261561 EST  on_interaction  : thegenerous (198263506313805824) ran /rename name:'point-event-timer' in #criplin-ticket-164163 (1373048120052813896) True
INFO        2025-05-16 20:31:13.485136 EST  on_interaction  : thegenerous (198263506313805824) ran /rename name:'expo-island6-loottable' in #pickthevision-ticket-164152 (1373025529074290719) True
INFO        2025-05-16 20:43:40.497226 EST  on_interaction  : thegenerous (198263506313805824) ran /close reason:'hood has ticket  open about this already, an admin will check when available' in #slymel-ticket-164186 (1373092148517535754) True
INFO        2025-05-16 20:43:41.990452 EST  close_command   : Closed #slymel-ticket-164186 (1373092148517535754) in 1.3s by thegenerous (198263506313805824) 59
INFO        2025-05-16 20:51:43.346333 EST  on_interaction  : mochamoat (1079983420337303552) ran /move category:'1051564251657027585' in #zb0ss7-ticket-164183 (1373080469448687636) True
INFO        2025-05-16 21:05:02.554686 EST  on_interaction  : thegenerous (198263506313805824) ran /rename name:'leader-transfer' in #pro_wombat-ticket-164191 (1373103875900575825) True
INFO        2025-05-16 21:12:38.411094 EST  on_interaction  : reheat (409915081317679104) ran /ticket-logs user:'925511332931960873' in #vpn-whitelist (1373087776785956874) True
INFO        2025-05-16 21:16:02.058458 EST  on_interaction  : reheat (409915081317679104) ran /ticket-logs user:'325014669729202178' in #𝖠𝖽𝗆𝗂𝗇-𝖢𝗈𝗆𝗆𝖺𝗇𝖽𝗌 (918905775907291156) True
INFO        2025-05-16 21:16:56.480356 EST  on_interaction  : reheat (409915081317679104) ran /close reason:'given' in #vpn-whitelist (1373087776785956874) True
INFO        2025-05-16 21:16:58.433128 EST  close_command   : Closed #vpn-whitelist (1373087776785956874) in 1.77s by reheat (409915081317679104) 62
INFO        2025-05-16 21:17:10.096576 EST  on_interaction  : reheat (409915081317679104) ran /close reason:'denied' in #dylan_dy-ticket-164190 (1373103696631697438) True
INFO        2025-05-16 21:17:12.351368 EST  close_command   : Closed #dylan_dy-ticket-164190 (1373103696631697438) in 2.06s by reheat (409915081317679104) 61
INFO        2025-05-16 21:17:37.308359 EST  on_interaction  : reheat (409915081317679104) ran /close reason:'done' in #leader-transfer (1373103875900575825) True
INFO        2025-05-16 21:17:38.955699 EST  close_command   : Closed #leader-transfer (1373103875900575825) in 1.49s by reheat (409915081317679104) 60
INFO        2025-05-16 21:18:54.176806 EST  on_interaction  : reheat (409915081317679104) ran /close reason:'banned' in #hoodturtle-ticket-164184 (1373082943592857620) True
INFO        2025-05-16 21:18:55.983638 EST  close_command   : Closed #hoodturtle-ticket-164184 (1373082943592857620) in 1.6s by reheat (409915081317679104) 59
INFO        2025-05-16 21:21:44.237255 EST  on_interaction  : sanamo (837793755838939157) ran /manage-tickets in #test-bot (935016733033525328) True
INFO        2025-05-16 21:29:08.145330 EST  on_interaction  : thegenerous (198263506313805824) ran /rename name:'tourney-question' in #vodkalol69-ticket-164197 (1373109531290112112) True
INFO        2025-05-16 21:29:25.070855 EST  on_interaction  : thegenerous (198263506313805824) ran /rename name:'remove-voyageskipper-buff' in #briitt-ticket-164194 (1373108893864951879) True
INFO        2025-05-16 21:29:39.218218 EST  on_interaction  : thegenerous (198263506313805824) ran /rename name:'combine-masks' in #crazy948194092-ticket-164193 (1373106891206426645) True
INFO        2025-05-16 21:41:54.889014 EST  on_interaction  : sanamo (837793755838939157) ran /ticket-count in #test-bot (935016733033525328) True
INFO        2025-05-16 21:42:59.684156 EST  on_interaction  : exitiummm (750077826874736770) ran /close reason:'i did one yesterday - rolith' in #tourney-question (1373109531290112112) True
INFO        2025-05-16 21:43:02.032070 EST  close_command   : Closed #tourney-question (1373109531290112112) in 2.16s by exitiummm (750077826874736770) 63
INFO        2025-05-16 21:43:12.462461 EST  on_interaction  : exitiummm (750077826874736770) ran /close reason:'removed' in #remove-voyageskipper-buff (1373108893864951879) True
INFO        2025-05-16 21:43:14.149644 EST  close_command   : Closed #remove-voyageskipper-buff (1373108893864951879) in 1.53s by exitiummm (750077826874736770) 62
INFO        2025-05-16 21:48:19.947583 EST  on_interaction  : rolith (399760511706726400) ran /close reason:'done' in #combine-masks (1373106891206426645) True
INFO        2025-05-16 21:48:21.964983 EST  close_command   : Closed #combine-masks (1373106891206426645) in 1.79s by rolith (399760511706726400) 61
INFO        2025-05-16 21:48:36.615651 EST  on_interaction  : exitiummm (750077826874736770) ran /close reason:'we arent giving hints' in #chron-hint (1373094768250327110) True
INFO        2025-05-16 21:48:38.419195 EST  close_command   : Closed #chron-hint (1373094768250327110) in 1.43s by exitiummm (750077826874736770) 60
INFO        2025-05-16 21:48:52.710447 EST  on_interaction  : exitiummm (750077826874736770) ran /close reason:'not in a fac' in #leader-transfer (1373047410380509355) True
INFO        2025-05-16 21:48:54.203942 EST  close_command   : Closed #leader-transfer (1373047410380509355) in 1.33s by exitiummm (750077826874736770) 59
INFO        2025-05-16 21:54:11.068289 EST  on_interaction  : exitiummm (750077826874736770) ran /close reason:'answered' in #core-inspect (1373093545266647181) True
INFO        2025-05-16 21:54:12.796288 EST  close_command   : Closed #core-inspect (1373093545266647181) in 1.44s by exitiummm (750077826874736770) 59
INFO        2025-05-16 21:56:23.772298 EST  on_interaction  : exitiummm (750077826874736770) ran /close reason:'removed' in #remove-b-claims (1373079236549808288) True
INFO        2025-05-16 21:56:25.587311 EST  close_command   : Closed #remove-b-claims (1373079236549808288) in 1.62s by exitiummm (750077826874736770) 59
INFO        2025-05-16 21:56:59.229269 EST  on_interaction  : exitiummm (750077826874736770) ran /close reason:'doesnt seem to be there anymore' in #accidentally-combined-mask (1373078573920944181) True
INFO        2025-05-16 21:57:00.793792 EST  close_command   : Closed #accidentally-combined-mask (1373078573920944181) in 1.39s by exitiummm (750077826874736770) 58
INFO        2025-05-16 21:58:03.176090 EST  on_interaction  : exitiummm (750077826874736770) ran /close reason:'done' in #missing-points-koth (1373064007375917066) True
INFO        2025-05-16 21:58:05.108082 EST  close_command   : Closed #missing-points-koth (1373064007375917066) in 1.72s by exitiummm (750077826874736770) 57
INFO        2025-05-16 21:59:05.147091 EST  on_interaction  : exitiummm (750077826874736770) ran /close reason:'refunded' in #refund-dung-key (1373060097294471200) True
INFO        2025-05-16 21:59:06.584571 EST  close_command   : Closed #refund-dung-key (1373060097294471200) in 1.24s by exitiummm (750077826874736770) 56
INFO        2025-05-16 21:59:15.457067 EST  on_interaction  : exitiummm (750077826874736770) ran /close reason:'should be good' in #point-event-timer (1373048120052813896) True
INFO        2025-05-16 21:59:17.067385 EST  close_command   : Closed #point-event-timer (1373048120052813896) in 1.4s by exitiummm (750077826874736770) 55
INFO        2025-05-16 22:00:07.912574 EST  on_interaction  : exitiummm (750077826874736770) ran /close reason:'rolith is fixing' in #expo-island6-loottable (1373025529074290719) True
INFO        2025-05-16 22:00:09.920902 EST  close_command   : Closed #expo-island6-loottable (1373025529074290719) in 1.77s by exitiummm (750077826874736770) 54
INFO        2025-05-16 22:00:44.021475 EST  on_interaction  : exitiummm (750077826874736770) ran /close reason:'done' in #kuratongx089-ticket-164200 (1373116528274182275) True
INFO        2025-05-16 22:00:45.933828 EST  close_command   : Closed #kuratongx089-ticket-164200 (1373116528274182275) in 1.72s by exitiummm (750077826874736770) 53
INFO        2025-05-16 22:01:01.118217 EST  on_interaction  : exitiummm (750077826874736770) ran /close reason:'unfortuantely for revives we do need a video' in #cheeeky-ticket-164196 (1373109241237340170) True
INFO        2025-05-16 22:01:02.732368 EST  close_command   : Closed #cheeeky-ticket-164196 (1373109241237340170) in 1.37s by exitiummm (750077826874736770) 52
       : .z0rky (325014669729202178) updated the embed with question answers in #z0rky-ticket-163868 (1372297153493336114)
INFO        2025-05-14 15:40:07.601302 EST  new_ticket      : Created #jajajjaajajaa-ticket-163869 (1372297443592507482) in 2.18s by jajajjaajajaa (424331691230887938) 48
INFO        2025-05-14 15:40:11.735275 EST  enter_information_button : Sent the Questions modal to jajajjaajajaa (424331691230887938)
INFO        2025-05-14 15:40:38.765459 EST  on_submit       : jajajjaajajaa (424331691230887938) updated the embed with question answers in #jajajjaajajaa-ticket-163869 (1372297443592507482)
WARNING     2025-05-14 15:41:05.993002 EST  wrapper         : Move Command took a long time to complete and finished in 3.23s
INFO        2025-05-14 15:44:49.514143 EST  new_ticket      : Created #thebagman_89-ticket-163870 (1372298626323320882) in 2.02s by thebagman_89 (1333047521567838340) 49
INFO        2025-05-14 15:44:53.933736 EST  enter_information_button : Sent the Questions modal to thebagman_89 (1333047521567838340)
INFO        2025-05-14 15:46:38.362508 EST  on_submit       : thebagman_89 (1333047521567838340) updated the embed with question answers in #thebagman_89-ticket-163870 (1372298626323320882)
INFO        2025-05-14 15:49:08.951526 EST  new_ticket      : Created #xnv280-ticket-163871 (1372299714728427570) in 1.96s by xnv280 (1027886117506265091) 50
INFO        2025-05-14 15:49:47.728481 EST  enter_information_button : Sent the Questions modal to xnv280 (1027886117506265091)
INFO        2025-05-14 15:50:53.728798 EST  on_submit       : xnv280 (1027886117506265091) updated the embed with question answers in #xnv280-ticket-163871 (1372299714728427570)
INFO        2025-05-14 15:52:21.378539 EST  new_ticket      : Created #criplin-ticket-163872 (1372300520412414083) in 2.52s by criplin (403561555247104023) 51
INFO        2025-05-14 15:52:23.430208 EST  enter_information_button : Sent the Questions modal to criplin (403561555247104023)
INFO        2025-05-14 15:53:49.511759 EST  on_submit       : criplin (403561555247104023) updated the embed with question answers in #criplin-ticket-163872 (1372300520412414083)
INFO        2025-05-14 15:59:30.070033 EST  new_ticket      : Created #ichigoopp__1-ticket-163873 (1372302319596736635) in 2.77s by ichigoopp__1 (1049918754366169129) 52
INFO        2025-05-14 15:59:32.614403 EST  enter_information_button : Sent the Questions modal to ichigoopp__1 (1049918754366169129)
INFO        2025-05-14 15:59:43.098254 EST  on_submit       : ichigoopp__1 (1049918754366169129) updated the embed with question answers in #ichigoopp__1-ticket-163873 (1372302319596736635)
INFO        2025-05-14 16:01:29.590056 EST  wrapper         : Move Command completed in 2.5s
INFO        2025-05-14 16:02:55.281977 EST  wrapper         : Rename Command completed in 0.51s
INFO        2025-05-14 16:04:52.218704 EST  new_ticket      : Created #mmareply-ticket-163874 (1372303670473130145) in 2.73s by mmareply (492028532428636162) 53
INFO        2025-05-14 16:05:07.001294 EST  enter_information_button : Sent the Questions modal to mmareply (492028532428636162)
INFO        2025-05-14 16:05:19.483095 EST  on_submit       : mmareply (492028532428636162) updated the embed with question answers in #mmareply-ticket-163874 (1372303670473130145)
INFO        2025-05-14 16:08:21.313311 EST  wrapper         : Rename Command completed in 0.63s
INFO        2025-05-14 16:11:24.786629 EST  wrapper         : Send Ticketlog completed in 2.8s
WARNING     2025-05-14 16:11:25.157026 EST  wrapper         : Close Command took a long time to complete and finished in 3.99s
INFO        2025-05-14 16:13:52.284105 EST  wrapper         : Rename Command completed in 0.6s
INFO        2025-05-14 16:16:34.822929 EST  wrapper         : Send Ticketlog completed in 1.26s
INFO        2025-05-14 16:16:59.849734 EST  wrapper         : Send Ticketlog completed in 0.58s
INFO        2025-05-14 16:19:48.751034 EST  wrapper         : Send Ticketlog completed in 0.59s
INFO        2025-05-14 16:19:58.842252 EST  new_ticket      : Created #cocococoocococococococococooc-ticket-163875 (1372307473024815184) in 2.68s by cocococoocococococococococooc (891967430073671700) 50
INFO        2025-05-14 16:20:00.773145 EST  enter_information_button : Sent the Questions modal to cocococoocococococococococooc (891967430073671700)
INFO        2025-05-14 16:20:38.604482 EST  on_submit       : cocococoocococococococococooc (891967430073671700) updated the embed with question answers in #cocococoocococococococococooc-ticket-163875 (1372307473024815184)
INFO        2025-05-14 16:23:11.394120 EST  new_ticket      : Created #ken2tuff2-ticket-163876 (1372308279841001514) in 2.83s by ken2tuff2 (534433200932388906) 51
WARNING     2025-05-14 16:23:11.394600 EST  wrapper         : New Ticket took a long time to complete and finished in 3.01s
INFO        2025-05-14 16:23:13.489156 EST  enter_information_button : Sent the Questions modal to ken2tuff2 (534433200932388906)
INFO        2025-05-14 16:23:53.502784 EST  wrapper         : Send Ticketlog completed in 0.49s
INFO        2025-05-14 16:24:03.259959 EST  on_submit       : ken2tuff2 (534433200932388906) updated the embed with question answers in #ken2tuff2-ticket-163876 (1372308279841001514)
INFO        2025-05-14 16:24:24.923748 EST  wrapper         : Move Command completed in 2.74s
INFO        2025-05-14 16:27:54.973603 EST  wrapper         : Rename Command completed in 1.07s
INFO        2025-05-14 16:29:09.221668 EST  wrapper         : Send Ticketlog completed in 0.74s
INFO        2025-05-14 16:29:21.189933 EST  wrapper         : Rename Command completed in 0.53s
INFO        2025-05-14 16:29:30.283372 EST  wrapper         : Send Ticketlog completed in 0.51s
INFO        2025-05-14 16:29:55.961572 EST  wrapper         : Rename Command completed in 0.56s
WARNING     2025-05-14 16:30:26.346359 EST  wrapper         : Create Ticket took a long time to complete and finished in 3.45s
INFO        2025-05-14 16:30:26.418327 EST  new_ticket      : Created #jajajjaajajaa-ticket-163877 (1372310104447385672) in 3.8s by jajajjaajajaa (424331691230887938) 49
WARNING     2025-05-14 16:30:26.418659 EST  wrapper         : New Ticket took a long time to complete and finished in 4.15s
INFO        2025-05-14 16:30:29.223500 EST  enter_information_button : Sent the Questions modal to jajajjaajajaa (424331691230887938)
INFO        2025-05-14 16:30:35.683317 EST  on_submit       : jajajjaajajaa (424331691230887938) updated the embed with question answers in #jajajjaajajaa-ticket-163877 (1372310104447385672)
WARNING     2025-05-14 16:30:51.706743 EST  wrapper         : Set Permissions took a long time to complete and finished in 3.46s
WARNING     2025-05-14 16:30:52.729416 EST  wrapper         : Move Command took a long time to complete and finished in 5.07s
INFO        2025-05-14 16:31:42.334567 EST  new_ticket      : Created #dream7403-ticket-163878 (1372310423159705681) in 2.46s by dream7403 (487760396175015947) 50
INFO        2025-05-14 16:31:44.228487 EST  enter_information_button : Sent the Questions modal to dream7403 (487760396175015947)
INFO        2025-05-14 16:34:54.787563 EST  wrapper         : Rename Command completed in 0.68s
INFO        2025-05-14 16:35:34.961396 EST  on_submit       : dream7403 (487760396175015947) updated the embed with question answers in #dream7403-ticket-163878 (1372310423159705681)
WARNING     2025-05-14 16:41:33.144174 EST  wrapper         : Create Ticket took a long time to complete and finished in 7.97s
INFO        2025-05-14 16:41:33.219188 EST  new_ticket      : Created #dumlmao-ticket-163879 (1372312878857588788) in 8.34s by dumlmao (762073004787105823) 51
WARNING     2025-05-14 16:41:33.219512 EST  wrapper         : New Ticket took a long time to complete and finished in 8.55s
INFO        2025-05-14 16:41:35.246466 EST  enter_information_button : Sent the Questions modal to dumlmao (762073004787105823)
WARNING     2025-05-14 16:41:41.293321 EST  wrapper         : Create Ticket took a long time to complete and finished in 3.14s
INFO        2025-05-14 16:41:41.366638 EST  new_ticket      : Created #barucauss-ticket-163880 (1372312930418163832) in 3.48s by barucauss (408678853515673602) 52
WARNING     2025-05-14 16:41:41.367086 EST  wrapper         : New Ticket took a long time to complete and finished in 3.63s
INFO        2025-05-14 16:41:41.942297 EST  on_submit       : dumlmao (762073004787105823) updated the embed with question answers in #dumlmao-ticket-163879 (1372312878857588788)
INFO        2025-05-14 16:41:52.084492 EST  enter_information_button : Sent the Questions modal to barucauss (408678853515673602)
INFO        2025-05-14 16:42:10.633033 EST  enter_information_button : Sent the Questions modal to barucauss (408678853515673602)
INFO        2025-05-14 16:42:30.385310 EST  on_submit       : barucauss (408678853515673602) updated the embed with question answers in #barucauss-ticket-163880 (1372312930418163832)
INFO        2025-05-14 16:45:19.335466 EST  wrapper         : Move Command completed in 2.53s
INFO        2025-05-14 16:45:57.217050 EST  wrapper         : Send Ticketlog completed in 0.37s
INFO        2025-05-14 16:47:15.888581 EST  wrapper         : Send Ticketlog completed in 0.53s
INFO        2025-05-14 16:49:58.005303 EST  wrapper         : Send Ticketlog completed in 0.65s
INFO        2025-05-14 16:50:19.665285 EST  new_ticket      : Created #dumlmao-ticket-163881 (1372315109208231986) in 2.23s by dumlmao (762073004787105823) 50
INFO        2025-05-14 16:50:21.532590 EST  enter_information_button : Sent the Questions modal to dumlmao (762073004787105823)
INFO        2025-05-14 16:50:28.465577 EST  on_submit       : dumlmao (762073004787105823) updated the embed with question answers in #dumlmao-ticket-163881 (1372315109208231986)
INFO        2025-05-14 16:51:58.127254 EST  wrapper         : Send Ticketlog completed in 0.79s
ERROR       2025-05-14 16:53:05.870310 EST  wrapper         : Edit Name failed after 0.13s : 400 Bad Request (error code: 50035): Invalid Form Body
In name: Contains words not allowed for servers in Server Discovery.
ERROR       2025-05-14 16:53:05.870628 EST  wrapper         : Rename Command failed after 0.13s : 400 Bad Request (error code: 50035): Invalid Form Body
In name: Contains words not allowed for servers in Server Discovery.
INFO        2025-05-14 16:54:04.855038 EST  wrapper         : Rename Command completed in 0.47s
INFO        2025-05-14 16:55:40.965367 EST  wrapper         : Send Ticketlog completed in 0.41s
INFO        2025-05-14 16:55:55.328683 EST  new_ticket      : Created #dumlmao-ticket-163882 (1372316516837626038) in 2.71s by dumlmao (762073004787105823) 49
INFO        2025-05-14 16:55:56.649276 EST  enter_information_button : Sent the Questions modal to dumlmao (762073004787105823)
INFO        2025-05-14 16:56:04.757147 EST  on_submit       : dumlmao (762073004787105823) updated the embed with question answers in #dumlmao-ticket-163882 (1372316516837626038)
INFO        2025-05-14 16:56:22.941540 EST  wrapper         : Send Ticketlog completed in 0.51s
INFO        2025-05-14 16:56:34.928023 EST  new_ticket      : Created #dumlmao-ticket-163883 (1372316682038677524) in 2.77s by dumlmao (762073004787105823) 49
INFO        2025-05-14 16:56:36.388568 EST  enter_information_button : Sent the Questions modal to dumlmao (762073004787105823)
INFO        2025-05-14 16:56:41.004204 EST  on_submit       : dumlmao (762073004787105823) updated the embed with question answers in #dumlmao-ticket-163883 (1372316682038677524)
INFO        2025-05-14 16:58:13.953392 EST  new_ticket      : Created #shxd121-ticket-163884 (1372317100194140231) in 2.3s by shxd121 (1329858789922443305) 50
INFO        2025-05-14 16:58:28.925644 EST  new_ticket      : Created #orbitdev-ticket-163885 (1372317162689138798) in 1.96s by orbitdev (1177464764981579856) 51
INFO        2025-05-14 16:58:32.112897 EST  enter_information_button : Sent the Questions modal to orbitdev (1177464764981579856)
INFO        2025-05-14 16:59:03.984743 EST  on_submit       : orbitdev (1177464764981579856) updated the embed with question answers in #orbitdev-ticket-163885 (1372317162689138798)
WARNING     2025-05-14 16:59:17.767820 EST  wrapper         : Create Ticket took a long time to complete and finished in 3.08s
INFO        2025-05-14 16:59:17.839488 EST  new_ticket      : Created #loveinthesea-ticket-163886 (1372317362778538236) in 3.38s by loveinthesea (900719376314023968) 52
WARNING     2025-05-14 16:59:17.839805 EST  wrapper         : New Ticket took a long time to complete and finished in 3.55s
INFO        2025-05-14 16:59:19.978571 EST  enter_information_button : Sent the Questions modal to loveinthesea (900719376314023968)
INFO        2025-05-14 16:59:24.285420 EST  wrapper         : Rename Command completed in 0.49s
INFO        2025-05-14 16:59:56.258134 EST  on_submit       : loveinthesea (900719376314023968) updated the embed with question answers in #loveinthesea-ticket-163886 (1372317362778538236)
INFO        2025-05-14 17:05:50.417874 EST  wrapper         : Send Ticketlog completed in 0.35s
INFO        2025-05-14 17:05:58.414815 EST  new_ticket      : Created #dumlmao-ticket-163887 (1372319047168819220) in 2.21s by dumlmao (762073004787105823) 52
INFO        2025-05-14 17:06:00.762200 EST  new_ticket      : Created #blue1885-ticket-163888 (1372319058380324924) in 2.06s by blue1885 (460966144304611329) 53
INFO        2025-05-14 17:06:02.785817 EST  new_ticket      : Created #dumlmao-ticket-163889 (1372319066634850345) in 2.19s by dumlmao (762073004787105823) 54
INFO        2025-05-14 17:06:02.957852 EST  enter_information_button : Sent the Questions modal to blue1885 (460966144304611329)
INFO        2025-05-14 17:06:06.309157 EST  new_ticket      : Created #dumlmao-ticket-163890 (1372319079586730096) in 2.5s by dumlmao (762073004787105823) 55
WARNING     2025-05-14 17:06:09.440074 EST  check_3_tickets : dumlmao (762073004787105823) has 3 tickets open and tried to open a ticket
INFO        2025-05-14 17:07:07.424567 EST  on_submit       : blue1885 (460966144304611329) updated the embed with question answers in #blue1885-ticket-163888 (1372319058380324924)
INFO        2025-05-14 17:07:44.246565 EST  wrapper         : Send Ticketlog completed in 0.36s
INFO        2025-05-14 17:08:10.193361 EST  wrapper         : Send Ticketlog completed in 0.65s
INFO        2025-05-14 17:09:01.401084 EST  wrapper         : Send Ticketlog completed in 0.54s
INFO        2025-05-14 17:09:19.992691 EST  wrapper         : Send Ticketlog completed in 0.48s
WARNING     2025-05-14 17:09:22.273123 EST  wrapper         : Create Ticket took a long time to complete and finished in 3.56s
INFO        2025-05-14 17:09:22.342847 EST  new_ticket      : Created #hoodturtle-ticket-163891 (1372319897018961991) in 3.86s by hoodturtle (216705614783447041) 52
WARNING     2025-05-14 17:09:22.343238 EST  wrapper         : New Ticket took a long time to complete and finished in 4.16s
INFO        2025-05-14 17:09:24.179138 EST  enter_information_button : Sent the Questions modal to hoodturtle (216705614783447041)
INFO        2025-05-14 17:09:29.284162 EST  on_submit       : hoodturtle (216705614783447041) updated the embed with question answers in #hoodturtle-ticket-163891 (1372319897018961991)
INFO        2025-05-14 17:09:52.147793 EST  wrapper         : Rename Command completed in 0.62s
INFO        2025-05-14 17:09:57.260763 EST  wrapper         : Send Ticketlog completed in 0.53s
WARNING     2025-05-14 17:10:22.818367 EST  wrapper         : Create Ticket took a long time to complete and finished in 3.9s
INFO        2025-05-14 17:10:22.887036 EST  new_ticket      : Created #usernamem2x-ticket-163892 (1372320153714298952) in 4.25s by usernamem2x (611158314902093824) 52
WARNING     2025-05-14 17:10:22.887281 EST  wrapper         : New Ticket took a long time to complete and finished in 4.46s
INFO        2025-05-14 17:10:24.811837 EST  enter_information_button : Sent the Questions modal to usernamem2x (611158314902093824)
INFO        2025-05-14 17:10:33.716071 EST  on_submit       : usernamem2x (611158314902093824) updated the embed with question answers in #usernamem2x-ticket-163892 (1372320153714298952)
INFO        2025-05-14 17:11:43.593132 EST  wrapper         : Send Ticketlog completed in 0.37s
INFO        2025-05-14 17:11:51.577068 EST  wrapper         : Send Ticketlog completed in 0.33s
INFO        2025-05-14 17:11:53.202144 EST  enter_information_button : Sent the Questions modal to dumlmao (762073004787105823)
INFO        2025-05-14 17:11:59.345888 EST  on_submit       : dumlmao (762073004787105823) updated the embed with question answers in #dumlmao-ticket-163887 (1372319047168819220)
INFO        2025-05-14 17:12:40.700671 EST  wrapper         : Send Ticketlog completed in 0.61s
INFO        2025-05-14 17:12:53.981211 EST  wrapper         : Send Ticketlog completed in 0.4s
INFO        2025-05-14 17:15:11.937908 EST  wrapper         : Blacklist Command completed in 0.62s
INFO        2025-05-14 17:15:41.473331 EST  wrapper         : Send Ticketlog completed in 0.32s
INFO        2025-05-14 17:19:09.131669 EST  wrapper         : Send Ticketlog completed in 0.53s
INFO        2025-05-14 17:19:43.111299 EST  wrapper         : Send Ticketlog completed in 0.69s
INFO        2025-05-14 17:21:50.417104 EST  wrapper         : Send Ticketlog completed in 0.61s
INFO        2025-05-14 17:24:23.992155 EST  wrapper         : Send Ticketlog completed in 0.53s
INFO        2025-05-14 17:27:24.940619 EST  new_ticket      : Created #prgh_-ticket-163893 (1372324443354828861) in 2.21s by prgh_ (948036644001439755) 44
INFO        2025-05-14 17:27:26.678070 EST  enter_information_button : Sent the Questions modal to prgh_ (948036644001439755)
INFO        2025-05-14 17:27:29.523528 EST  on_submit       : prgh_ (948036644001439755) updated the embed with question answers in #prgh_-ticket-163893 (1372324443354828861)
INFO        2025-05-14 17:28:18.570006 EST  new_ticket      : Created #hazyl-ticket-163894 (1372324669109047306) in 1.94s by .hazyl (762371481031147550) 45
INFO        2025-05-14 17:28:20.969543 EST  enter_information_button : Sent the Questions modal to .hazyl (762371481031147550)
INFO        2025-05-14 17:28:28.866087 EST  on_submit       : .hazyl (762371481031147550) updated the embed with question answers in #hazyl-ticket-163894 (1372324669109047306)
INFO        2025-05-14 17:32:42.874592 EST  new_ticket      : Created #vodkalol69-ticket-163895 (1372325775776157846) in 2.49s by vodkalol69 (496021347550625792) 46
INFO        2025-05-14 17:32:44.804648 EST  enter_information_button : Sent the Questions modal to vodkalol69 (496021347550625792)
INFO        2025-05-14 17:32:49.521630 EST  on_submit       : vodkalol69 (496021347550625792) updated the embed with question answers in #vodkalol69-ticket-163895 (1372325775776157846)
INFO        2025-05-14 17:39:44.831278 EST  wrapper         : Send Ticketlog completed in 0.49s
INFO        2025-05-14 17:40:40.425359 EST  new_ticket      : Created #cromeey37-ticket-163896 (1372327779873456128) in 2.35s by cromeey37 (1278680219879997560) 46
INFO        2025-05-14 17:40:41.808255 EST  enter_information_button : Sent the Questions modal to cromeey37 (1278680219879997560)
INFO        2025-05-14 17:40:45.549536 EST  on_submit       : cromeey37 (1278680219879997560) updated the embed with question answers in #cromeey37-ticket-163896 (1372327779873456128)
INFO        2025-05-14 17:41:33.818569 EST  new_ticket      : Created #renan_br-ticket-163897 (1372328002960097320) in 2.68s by renan_br (406994846843142157) 47
INFO        2025-05-14 17:41:37.716990 EST  enter_information_button : Sent the Questions modal to renan_br (406994846843142157)
WARNING     2025-05-14 17:42:34.193933 EST  wrapper         : Create Ticket took a long time to complete and finished in 3.09s
INFO        2025-05-14 17:42:34.265319 EST  new_ticket      : Created #vinix__1-ticket-163898 (1372328254513348628) in 3.39s by vinix__1 (1101136988612087909) 48
WARNING     2025-05-14 17:42:34.265579 EST  wrapper         : New Ticket took a long time to complete and finished in 3.55s
INFO        2025-05-14 17:42:43.204763 EST  enter_information_button : Sent the Questions modal to vinix__1 (1101136988612087909)
INFO        2025-05-14 17:43:17.127459 EST  enter_information_button : Sent the Questions modal to renan_br (406994846843142157)
INFO        2025-05-14 17:43:21.637234 EST  on_submit       : vinix__1 (1101136988612087909) updated the embed with question answers in #vinix__1-ticket-163898 (1372328254513348628)
INFO        2025-05-14 17:43:31.012681 EST  on_submit       : renan_br (406994846843142157) updated the embed with question answers in #renan_br-ticket-163897 (1372328002960097320)
WARNING     2025-05-14 17:45:10.042663 EST  send_ticket_log : Failed to send ticket log: 403 Forbidden (error code: 50007): Cannot send messages to this user
INFO        2025-05-14 17:45:10.043210 EST  wrapper         : Send Ticketlog completed in 0.49s
INFO        2025-05-14 17:45:14.754248 EST  wrapper         : Send Ticketlog completed in 0.44s
INFO        2025-05-14 17:45:28.947928 EST  wrapper         : Send Ticketlog completed in 0.64s
INFO        2025-05-14 17:46:02.549707 EST  wrapper         : Send Ticketlog completed in 0.92s
WARNING     2025-05-14 17:46:23.867775 EST  wrapper         : Create Ticket took a long time to complete and finished in 4.75s
INFO        2025-05-14 17:46:23.939458 EST  new_ticket      : Created #vinix__1-ticket-163899 (1372329208205803701) in 5.06s by vinix__1 (1101136988612087909) 45
WARNING     2025-05-14 17:46:23.939738 EST  wrapper         : New Ticket took a long time to complete and finished in 5.29s
INFO        2025-05-14 17:46:27.154504 EST  enter_information_button : Sent the Questions modal to vinix__1 (1101136988612087909)
INFO        2025-05-14 17:46:40.028578 EST  check_blacklists : Removing ticket blacklists ['869638628538732584']
INFO        2025-05-14 17:48:01.134083 EST  on_submit       : vinix__1 (1101136988612087909) updated the embed with question answers in #vinix__1-ticket-163899 (1372329208205803701)
INFO        2025-05-14 17:49:34.932755 EST  new_ticket      : Created #isa4u_98662-ticket-163900 (1372330019707158628) in 2.77s by isa4u_98662 (1201507183678984242) 46
INFO        2025-05-14 17:49:37.321465 EST  enter_information_button : Sent the Questions modal to isa4u_98662 (1201507183678984242)
INFO        2025-05-14 17:49:42.158985 EST  wrapper         : Send Ticketlog completed in 0.36s
INFO        2025-05-14 17:50:31.844798 EST  on_submit       : isa4u_98662 (1201507183678984242) updated the embed with question answers in #isa4u_98662-ticket-163900 (1372330019707158628)
INFO        2025-05-14 17:50:38.388469 EST  wrapper         : Send Ticketlog completed in 0.77s
INFO        2025-05-14 17:51:35.117853 EST  wrapper         : Send Ticketlog completed in 0.53s
INFO        2025-05-14 17:55:34.144953 EST  new_ticket      : Created #sweatybomb-ticket-163901 (1372331526519394354) in 2.88s by sweatybomb (223949506989916170) 44
WARNING     2025-05-14 17:55:34.145743 EST  wrapper         : New Ticket took a long time to complete and finished in 3.09s
INFO        2025-05-14 17:55:35.655492 EST  enter_information_button : Sent the Questions modal to sweatybomb (223949506989916170)
INFO        2025-05-14 17:55:46.940513 EST  on_submit       : sweatybomb (223949506989916170) updated the embed with question answers in #sweatybomb-ticket-163901 (1372331526519394354)
INFO        2025-05-14 18:03:28.341084 EST  wrapper         : Ticket Logs Command completed in 0.65s
WARNING     2025-05-14 18:04:53.092688 EST  wrapper         : Create Ticket took a long time to complete and finished in 3.42s
INFO        2025-05-14 18:04:53.164325 EST  new_ticket      : Created #agent_joe-ticket-163902 (1372333867419303948) in 3.71s by agent_joe (1086604386685419550) 45
WARNING     2025-05-14 18:04:53.164674 EST  wrapper         : New Ticket took a long time to complete and finished in 3.89s
INFO        2025-05-14 18:04:58.612128 EST  enter_information_button : Sent the Questions modal to agent_joe (1086604386685419550)
INFO        2025-05-14 18:06:54.465831 EST  on_submit       : agent_joe (1086604386685419550) updated the embed with question answers in #agent_joe-ticket-163902 (1372333867419303948)
INFO        2025-05-14 18:10:15.977133 EST  new_ticket      : Created #cliippy-ticket-163903 (1372335226625331271) in 2.55s by cliippy (951334827599208459) 46
WARNING     2025-05-14 18:10:15.977718 EST  wrapper         : New Ticket took a long time to complete and finished in 3.82s
INFO        2025-05-14 18:10:19.381581 EST  enter_information_button : Sent the Questions modal to cliippy (951334827599208459)
INFO        2025-05-14 18:10:54.793262 EST  on_submit       : cliippy (951334827599208459) updated the embed with question answers in #cliippy-ticket-163903 (1372335226625331271)
INFO        2025-05-14 18:16:57.987098 EST  wrapper         : Send Ticketlog completed in 0.67s
INFO        2025-05-14 18:25:39.326210 EST  new_ticket      : Created #sarah_cameron_the_badest-ticket-163904 (1372339100560003133) in 2.12s by sarah_cameron_the_badest (1362540561906663454) 46
INFO        2025-05-14 18:25:41.562446 EST  enter_information_button : Sent the Questions modal to sarah_cameron_the_badest (1362540561906663454)
INFO        2025-05-14 18:26:17.745554 EST  on_submit       : sarah_cameron_the_badest (1362540561906663454) updated the embed with question answers in #sarah_cameron_the_badest-ticket-163904 (1372339100560003133)
INFO        2025-05-14 18:30:56.578091 EST  wrapper         : Send Ticketlog completed in 0.32s
INFO        2025-05-14 18:42:30.330195 EST  request_tickets : Sent the 📨 button to imponent (257170133724692480)
INFO        2025-05-14 18:42:31.545803 EST  new_ticket      : Created #z0rky-ticket-163905 (1372343345212424323) in 2.4s by .z0rky (325014669729202178) 46
INFO        2025-05-14 18:42:33.472549 EST  enter_information_button : Sent the Questions modal to .z0rky (325014669729202178)
INFO        2025-05-14 18:43:22.948719 EST  on_submit       : .z0rky (325014669729202178) updated the embed with question answers in #z0rky-ticket-163905 (1372343345212424323)
INFO        2025-05-14 18:45:46.401214 EST  new_ticket      : Created #javierx2039-ticket-163906 (1372344162644394156) in 2.43s by javierx2039 (723610808621334708) 47
INFO        2025-05-14 18:45:48.284509 EST  enter_information_button : Sent the Questions modal to javierx2039 (723610808621334708)
INFO        2025-05-14 18:46:10.701216 EST  on_submit       : javierx2039 (723610808621334708) updated the embed with question answers in #javierx2039-ticket-163906 (1372344162644394156)
INFO        2025-05-14 18:47:53.781840 EST  wrapper         : Rename Command completed in 0.45s
INFO        2025-05-14 18:48:05.834124 EST  wrapper         : Private Command completed in 1.85s
INFO        2025-05-14 18:49:52.590016 EST  new_ticket      : Created #decaf_is_dog-ticket-163907 (1372345196725010523) in 1.86s by decaf_is_dog (1004231158067908669) 48
INFO        2025-05-14 18:49:56.580371 EST  enter_information_button : Sent the Questions modal to decaf_is_dog (1004231158067908669)
INFO        2025-05-14 18:56:07.484516 EST  new_ticket      : Created #jajajjaajajaa-ticket-163908 (1372346768796422155) in 2.03s by jajajjaajajaa (424331691230887938) 49
INFO        2025-05-14 18:56:09.569389 EST  enter_information_button : Sent the Questions modal to jajajjaajajaa (424331691230887938)
INFO        2025-05-14 18:56:13.855580 EST  on_submit       : jajajjaajajaa (424331691230887938) updated the embed with question answers in #jajajjaajajaa-ticket-163908 (1372346768796422155)
INFO        2025-05-14 18:56:23.792764 EST  wrapper         : Rename Command completed in 0.62s
INFO        2025-05-14 18:57:12.139176 EST  wrapper         : Ticket Logs Command completed in 1.73s
INFO        2025-05-14 19:00:18.304584 EST  on_submit       : decaf_is_dog (1004231158067908669) updated the embed with question answers in #decaf_is_dog-ticket-163907 (1372345196725010523)
WARNING     2025-05-14 19:20:04.706900 EST  check_verified  : brenjels (111946791343181824) is not verified and tried to open a ticket
INFO        2025-05-14 19:21:22.758687 EST  new_ticket      : Created #toxicdrxps-ticket-163909 (1372353123284422817) in 2.23s by toxicdrxps (1281416439466561588) 50
INFO        2025-05-14 19:21:30.262900 EST  enter_information_button : Sent the Questions modal to toxicdrxps (1281416439466561588)
INFO        2025-05-14 19:23:19.945057 EST  on_submit       : toxicdrxps (1281416439466561588) updated the embed with question answers in #toxicdrxps-ticket-163909 (1372353123284422817)
WARNING     2025-05-14 19:28:22.812901 EST  wrapper         : Create Ticket took a long time to complete and finished in 3.35s
INFO        2025-05-14 19:28:22.885184 EST  new_ticket      : Created #drippyslope-ticket-163910 (1372354885072195605) in 3.69s by drippyslope (532328353122877450) 51
WARNING     2025-05-14 19:28:22.885528 EST  wrapper         : New Ticket took a long time to complete and finished in 3.88s
INFO        2025-05-14 19:28:28.386334 EST  enter_information_button : Sent the Questions modal to drippyslope (532328353122877450)
INFO        2025-05-14 19:28:34.318724 EST  request_tickets : Sent the 📨 button to yrneh46 (287599595880448001)
WARNING     2025-05-14 19:28:43.984940 EST  check_verified  : yrneh46 (287599595880448001) is not verified and tried to open a ticket
INFO        2025-05-14 19:29:00.790674 EST  enter_information_button : Sent the Questions modal to drippyslope (532328353122877450)
INFO        2025-05-14 19:29:47.288428 EST  enter_information_button : Sent the Questions modal to drippyslope (532328353122877450)
INFO        2025-05-14 19:30:18.941623 EST  on_submit       : drippyslope (532328353122877450) updated the embed with question answers in #drippyslope-ticket-163910 (1372354885072195605)
INFO        2025-05-14 19:31:07.740193 EST  new_ticket      : Created #eomzy-ticket-163911 (1372355577833062420) in 2.06s by eomzy (836523987353206874) 52
INFO        2025-05-14 19:31:09.876181 EST  enter_information_button : Sent the Questions modal to eomzy (836523987353206874)
INFO        2025-05-14 19:31:58.034484 EST  on_submit       : eomzy (836523987353206874) updated the embed with question answers in #eomzy-ticket-163911 (1372355577833062420)
INFO        2025-05-14 19:32:13.501223 EST  wrapper         : Rename Command completed in 0.65s
INFO        2025-05-14 19:34:46.692349 EST  wrapper         : Rename Command completed in 0.72s
INFO        2025-05-14 19:49:22.951473 EST  new_ticket      : Created #whohaswomen-ticket-163912 (1372360170507735182) in 2.26s by whohaswomen (925220979129585705) 53
INFO        2025-05-14 19:49:25.708294 EST  enter_information_button : Sent the Questions modal to whohaswomen (925220979129585705)
INFO        2025-05-14 19:50:38.060697 EST  on_submit       : whohaswomen (925220979129585705) updated the embed with question answers in #whohaswomen-ticket-163912 (1372360170507735182)
INFO        2025-05-14 20:00:27.386268 EST  new_ticket      : Created #graphicalll-ticket-163913 (1372362956238749829) in 2.44s by graphicalll (934074095509852202) 54
INFO        2025-05-14 20:00:34.515544 EST  enter_information_button : Sent the Questions modal to graphicalll (934074095509852202)
INFO        2025-05-14 20:00:38.535669 EST  on_submit       : graphicalll (934074095509852202) updated the embed with question answers in #graphicalll-ticket-163913 (1372362956238749829)
INFO        2025-05-14 20:00:58.327312 EST  wrapper         : Send Ticketlog completed in 0.62s
INFO        2025-05-14 20:01:20.496701 EST  new_ticket      : Created #graphicalll-ticket-163914 (1372363179417407619) in 2.57s by graphicalll (934074095509852202) 54
INFO        2025-05-14 20:01:31.953773 EST  enter_information_button : Sent the Questions modal to graphicalll (934074095509852202)
INFO        2025-05-14 20:08:50.261761 EST  new_ticket      : Created #shxd121-ticket-163915 (1372365065558425653) in 2.55s by shxd121 (1329858789922443305) 55
INFO        2025-05-14 20:08:53.741463 EST  enter_information_button : Sent the Questions modal to shxd121 (1329858789922443305)
INFO        2025-05-14 20:09:17.246989 EST  on_submit       : shxd121 (1329858789922443305) updated the embed with question answers in #shxd121-ticket-163915 (1372365065558425653)
WARNING     2025-05-14 20:13:59.195511 EST  check_verified  : tih6396 (322922417188241420) is not verified and tried to open a ticket
WARNING     2025-05-14 20:14:16.172997 EST  check_verified  : tih6396 (322922417188241420) is not verified and tried to open a ticket
INFO        2025-05-14 20:15:13.079080 EST  new_ticket      : Created #tih6396-ticket-163916 (1372366669745356813) in 3.07s by tih6396 (322922417188241420) 56
WARNING     2025-05-14 20:15:13.079545 EST  wrapper         : New Ticket took a long time to complete and finished in 3.24s
INFO        2025-05-14 20:15:24.799917 EST  enter_information_button : Sent the Questions modal to tih6396 (322922417188241420)
INFO        2025-05-14 20:15:49.568208 EST  on_submit       : tih6396 (322922417188241420) updated the embed with question answers in #tih6396-ticket-163916 (1372366669745356813)
INFO        2025-05-14 20:17:57.722441 EST  enter_information_button : Sent the Questions modal to graphicalll (934074095509852202)
INFO        2025-05-14 20:19:35.314474 EST  new_ticket      : Created #teoooo-ticket-163917 (1372367772884926515) in 2.11s by teooo.o (659883482599784448) 57
INFO        2025-05-14 20:19:37.330233 EST  enter_information_button : Sent the Questions modal to teooo.o (659883482599784448)
INFO        2025-05-14 20:19:41.112634 EST  on_submit       : teooo.o (659883482599784448) updated the embed with question answers in #teoooo-ticket-163917 (1372367772884926515)
INFO        2025-05-14 20:21:40.160356 EST  request_tickets : Sent the 📨 button to nongas (1298870579838845019)
WARNING     2025-05-14 20:21:49.720374 EST  check_verified  : nongas (1298870579838845019) is not verified and tried to open a ticket
INFO        2025-05-14 20:22:20.860623 EST  new_ticket      : Created #nongas-ticket-163918 (1372368466014900284) in 2.37s by nongas (1298870579838845019) 58
INFO        2025-05-14 20:22:25.510085 EST  enter_information_button : Sent the Questions modal to nongas (1298870579838845019)
INFO        2025-05-14 20:23:03.627689 EST  on_submit       : nongas (1298870579838845019) updated the embed with question answers in #nongas-ticket-163918 (1372368466014900284)
INFO        2025-05-14 20:25:24.045386 EST  on_submit       : graphicalll (934074095509852202) updated the embed with question answers in #graphicalll-ticket-163914 (1372363179417407619)
INFO        2025-05-14 20:27:24.854652 EST  wrapper         : Send Ticketlog completed in 0.4s
INFO        2025-05-14 20:27:31.203087 EST  wrapper         : Send Ticketlog completed in 1.07s
INFO        2025-05-14 20:41:52.320071 EST  new_ticket      : Created #balentinojiji-ticket-163919 (1372373380673699920) in 2.18s by balentinojiji (1061510474455326760) 57
INFO        2025-05-14 20:41:54.217196 EST  enter_information_button : Sent the Questions modal to balentinojiji (1061510474455326760)
INFO        2025-05-14 20:43:02.328052 EST  on_submit       : balentinojiji (1061510474455326760) updated the embed with question answers in #balentinojiji-ticket-163919 (1372373380673699920)
INFO        2025-05-14 20:45:38.342167 EST  new_ticket      : Created #blue1885-ticket-163920 (1372374328338944010) in 2.14s by blue1885 (460966144304611329) 58
INFO        2025-05-14 20:45:41.323639 EST  enter_information_button : Sent the Questions modal to blue1885 (460966144304611329)
INFO        2025-05-14 20:46:02.121969 EST  enter_information_button : Sent the Questions modal to blue1885 (460966144304611329)
INFO        2025-05-14 20:46:08.981063 EST  on_submit       : blue1885 (460966144304611329) updated the embed with question answers in #blue1885-ticket-163920 (1372374328338944010)
INFO        2025-05-14 20:46:43.199949 EST  wrapper         : Send Ticketlog completed in 0.36s
WARNING     2025-05-14 20:47:20.603289 EST  wrapper         : Create Ticket took a long time to complete and finished in 4.12s
INFO        2025-05-14 20:47:20.673871 EST  new_ticket      : Created #blue1885-ticket-163921 (1372374754702397572) in 4.51s by blue1885 (460966144304611329) 58
WARNING     2025-05-14 20:47:20.674297 EST  wrapper         : New Ticket took a long time to complete and finished in 4.67s
INFO        2025-05-14 20:47:23.152144 EST  enter_information_button : Sent the Questions modal to blue1885 (460966144304611329)
INFO        2025-05-14 20:53:31.380067 EST  on_submit       : blue1885 (460966144304611329) updated the embed with question answers in #blue1885-ticket-163921 (1372374754702397572)
INFO        2025-05-14 20:55:40.997812 EST  wrapper         : Send Ticketlog completed in 0.46s
INFO        2025-05-14 21:14:41.135098 EST  new_ticket      : Created #adolesence-ticket-163922 (1372381637769297950) in 2.0s by adolesence (552245662826364949) 58
INFO        2025-05-14 21:14:42.255205 EST  new_ticket      : Created #hoodturtle-ticket-163922 (1372381641854550157) in 2.59s by hoodturtle (216705614783447041) 59
INFO        2025-05-14 21:14:43.830155 EST  enter_information_button : Sent the Questions modal to hoodturtle (216705614783447041)
INFO        2025-05-14 21:14:46.321202 EST  enter_information_button : Sent the Questions modal to adolesence (552245662826364949)
INFO        2025-05-14 21:14:48.803887 EST  on_submit       : hoodturtle (216705614783447041) updated the embed with question answers in #hoodturtle-ticket-163922 (1372381641854550157)
INFO        2025-05-14 21:16:29.373198 EST  on_submit       : adolesence (552245662826364949) updated the embed with question answers in #adolesence-ticket-163922 (1372381637769297950)
INFO        2025-05-14 21:16:32.268590 EST  wrapper         : Send Ticketlog completed in 1.33s
INFO        2025-05-14 21:18:56.645089 EST  new_ticket      : Created #miikksssaaa-ticket-163924 (1372382709728411694) in 2.05s by miikksssaaa (1362583551585026248) 59
INFO        2025-05-14 21:19:05.382937 EST  wrapper         : Send Ticketlog completed in 0.57s
INFO        2025-05-14 21:19:06.783184 EST  enter_information_button : Sent the Questions modal to miikksssaaa (1362583551585026248)
INFO        2025-05-14 21:19:15.019294 EST  on_submit       : miikksssaaa (1362583551585026248) updated the embed with question answers in #miikksssaaa-ticket-163924 (1372382709728411694)
INFO        2025-05-14 21:19:56.078203 EST  wrapper         : Send Ticketlog completed in 2.22s
WARNING     2025-05-14 21:19:56.583812 EST  wrapper         : Close Command took a long time to complete and finished in 3.38s
INFO        2025-05-14 21:20:47.753054 EST  wrapper         : Send Ticketlog completed in 0.39s
INFO        2025-05-14 21:23:01.680000 EST  wrapper         : Send Ticketlog completed in 0.44s
INFO        2025-05-14 21:23:24.626101 EST  wrapper         : Rename Command completed in 0.5s
INFO        2025-05-14 21:23:32.938640 EST  request_tickets : Sent the 📨 button to tih6396 (322922417188241420)
INFO        2025-05-14 21:23:40.924102 EST  new_ticket      : Created #tih6396-ticket-163925 (1372383902882074715) in 2.49s by tih6396 (322922417188241420) 56
INFO        2025-05-14 21:23:46.741920 EST  enter_information_button : Sent the Questions modal to tih6396 (322922417188241420)
INFO        2025-05-14 21:23:59.370021 EST  on_submit       : tih6396 (322922417188241420) updated the embed with question answers in #tih6396-ticket-163925 (1372383902882074715)
INFO        2025-05-14 21:24:03.992386 EST  new_ticket      : Created #graphicalll-ticket-163926 (1372383998621515876) in 2.37s by graphicalll (934074095509852202) 57
INFO        2025-05-14 21:24:06.792992 EST  enter_information_button : Sent the Questions modal to graphicalll (934074095509852202)
INFO        2025-05-14 21:24:25.698014 EST  on_submit       : graphicalll (934074095509852202) updated the embed with question answers in #graphicalll-ticket-163926 (1372383998621515876)
WARNING     2025-05-14 21:26:26.888129 EST  check_verified  : 18babyl (194215125199093762) is not verified and tried to open a ticket
INFO        2025-05-14 21:26:58.150835 EST  wrapper         : Send Ticketlog completed in 0.79s
WARNING     2025-05-14 21:26:58.561271 EST  wrapper         : Close Command took a long time to complete and finished in 3.82s
INFO        2025-05-14 21:26:59.732251 EST  wrapper         : Send Ticketlog completed in 0.65s
INFO        2025-05-14 21:27:28.561438 EST  wrapper         : Send Ticketlog completed in 2.31s
WARNING     2025-05-14 21:27:29.033197 EST  wrapper         : Close Command took a long time to complete and finished in 3.75s
INFO        2025-05-14 21:27:32.603645 EST  wrapper         : Send Ticketlog completed in 0.36s
INFO        2025-05-14 21:29:41.226923 EST  request_tickets : Sent the 📨 button to bargans123 (949949916862644245)
INFO        2025-05-14 21:29:52.498488 EST  new_ticket      : Created #bargans123-ticket-163927 (1372385460772409344) in 2.03s by bargans123 (949949916862644245) 54
INFO        2025-05-14 21:29:55.124305 EST  enter_information_button : Sent the Questions modal to bargans123 (949949916862644245)
INFO        2025-05-14 21:31:10.259965 EST  on_submit       : bargans123 (949949916862644245) updated the embed with question answers in #bargans123-ticket-163927 (1372385460772409344)
INFO        2025-05-14 21:34:25.816314 EST  wrapper         : Send Ticketlog completed in 0.41s
INFO        2025-05-14 21:39:41.581169 EST  new_ticket      : Created #drippyslope-ticket-163928 (1372387932169834536) in 1.82s by drippyslope (532328353122877450) 54
INFO        2025-05-14 21:39:43.652558 EST  enter_information_button : Sent the Questions modal to drippyslope (532328353122877450)
INFO        2025-05-14 21:39:56.940028 EST  new_ticket      : Created #sweatybomb-ticket-163929 (1372387996178845769) in 1.91s by sweatybomb (223949506989916170) 55
INFO        2025-05-14 21:39:58.565376 EST  enter_information_button : Sent the Questions modal to sweatybomb (223949506989916170)
INFO        2025-05-14 21:40:07.677610 EST  enter_information_button : Sent the Questions modal to drippyslope (532328353122877450)
INFO        2025-05-14 21:40:11.720499 EST  on_submit       : sweatybomb (223949506989916170) updated the embed with question answers in #sweatybomb-ticket-163929 (1372387996178845769)
INFO        2025-05-14 21:40:30.783461 EST  wrapper         : Send Ticketlog completed in 0.29s
INFO        2025-05-14 21:40:31.085500 EST  on_submit       : drippyslope (532328353122877450) updated the embed with question answers in #drippyslope-ticket-163928 (1372387932169834536)
INFO        2025-05-14 21:45:13.788691 EST  new_ticket      : Created #18babyl-ticket-163930 (1372389325731532890) in 1.98s by 18babyl (194215125199093762) 55
INFO        2025-05-14 21:45:19.626485 EST  enter_information_button : Sent the Questions modal to 18babyl (194215125199093762)
INFO        2025-05-14 21:45:57.115002 EST  on_submit       : 18babyl (194215125199093762) updated the embed with question answers in #18babyl-ticket-163930 (1372389325731532890)
INFO        2025-05-14 21:50:04.170704 EST  wrapper         : Send Ticketlog completed in 0.42s
INFO        2025-05-14 21:51:30.804643 EST  wrapper         : Send Ticketlog completed in 0.46s
INFO        2025-05-14 21:58:42.432287 EST  new_ticket      : Created #totallydone127-ticket-163931 (1372392712069713941) in 3.22s by totallydone127 (515520968777793536) 54
WARNING     2025-05-14 21:58:42.433091 EST  wrapper         : New Ticket took a long time to complete and finished in 3.39s
INFO        2025-05-14 22:01:29.289147 EST  wrapper         : Rename Command completed in 0.71s
INFO        2025-05-14 22:01:41.393445 EST  wrapper         : Rename Command completed in 0.61s
INFO        2025-05-14 22:02:31.243409 EST  wrapper         : Rename Command completed in 0.68s
INFO        2025-05-14 22:02:36.623893 EST  wrapper         : Move Command completed in 2.56s
INFO        2025-05-14 22:05:22.322492 EST  new_ticket      : Created #aidotornado-ticket-163932 (1372394391573889034) in 2.49s by aidotornado (630099253707931688) 55
INFO        2025-05-14 22:05:24.418049 EST  enter_information_button : Sent the Questions modal to aidotornado (630099253707931688)
INFO        2025-05-14 22:05:27.222568 EST  on_submit       : aidotornado (630099253707931688) updated the embed with question answers in #aidotornado-ticket-163932 (1372394391573889034)
INFO        2025-05-14 22:07:29.191411 EST  wrapper         : Send Ticketlog completed in 0.35s
INFO        2025-05-14 22:17:11.072300 EST  new_ticket      : Created #vodkalol69-ticket-163933 (1372397366690316419) in 1.92s by vodkalol69 (496021347550625792) 55
WARNING     2025-05-14 22:17:11.072981 EST  wrapper         : New Ticket took a long time to complete and finished in 3.3s
INFO        2025-05-14 22:17:12.243764 EST  enter_information_button : Sent the Questions modal to vodkalol69 (496021347550625792)
INFO        2025-05-14 22:17:15.753052 EST  on_submit       : vodkalol69 (496021347550625792) updated the embed with question answers in #vodkalol69-ticket-163933 (1372397366690316419)
INFO        2025-05-14 22:22:46.931635 EST  wrapper         : Send Ticketlog completed in 0.88s
INFO        2025-05-14 22:23:51.885211 EST  wrapper         : Rename Command completed in 0.94s
WARNING     2025-05-14 22:27:58.987346 EST  wrapper         : Fetch Ticket Info took a long time to complete and finished in 3.03s
INFO        2025-05-14 22:27:59.772075 EST  wrapper         : Send Ticketlog completed in 0.62s
WARNING     2025-05-14 22:28:00.204874 EST  wrapper         : Close Command took a long time to complete and finished in 4.77s
INFO        2025-05-14 22:38:11.449471 EST  new_ticket      : Created #zip2650-ticket-163934 (1372402651882324030) in 2.86s by zip2650 (293902348236095488) 54
WARNING     2025-05-14 22:38:11.450426 EST  wrapper         : New Ticket took a long time to complete and finished in 3.08s
INFO        2025-05-14 22:38:14.860195 EST  enter_information_button : Sent the Questions modal to zip2650 (293902348236095488)
INFO        2025-05-14 22:38:25.491959 EST  on_submit       : zip2650 (293902348236095488) updated the embed with question answers in #zip2650-ticket-163934 (1372402651882324030)
INFO        2025-05-14 22:38:36.905899 EST  wrapper         : Rename Command completed in 0.43s
INFO        2025-05-14 22:38:47.793707 EST  wrapper         : Private Command completed in 2.9s
INFO        2025-05-14 22:47:03.564591 EST  new_ticket      : Created #empirehangout-ticket-163935 (1372404879884030092) in 3.2s by empirehangout (1078428410637987910) 55
WARNING     2025-05-14 22:47:03.565280 EST  wrapper         : New Ticket took a long time to complete and finished in 3.36s
INFO        2025-05-14 22:47:06.682231 EST  enter_information_button : Sent the Questions modal to empirehangout (1078428410637987910)
INFO        2025-05-14 22:47:36.149837 EST  on_submit       : empirehangout (1078428410637987910) updated the embed with question answers in #empirehangout-ticket-163935 (1372404879884030092)
INFO        2025-05-14 22:49:09.134281 EST  new_ticket      : Created #vodkalol69-ticket-163936 (1372405410706882620) in 2.11s by vodkalol69 (496021347550625792) 56
INFO        2025-05-14 22:49:10.513295 EST  enter_information_button : Sent the Questions modal to vodkalol69 (496021347550625792)
INFO        2025-05-14 22:49:14.150464 EST  on_submit       : vodkalol69 (496021347550625792) updated the embed with question answers in #vodkalol69-ticket-163936 (1372405410706882620)
INFO        2025-05-14 22:49:52.094526 EST  wrapper         : Rename Command completed in 0.49s
INFO        2025-05-14 22:51:08.356277 EST  wrapper         : Send Ticketlog completed in 0.62s
INFO        2025-05-14 22:58:42.355645 EST  new_ticket      : Created #narcoses-ticket-163937 (1372407815154565142) in 2.38s by narcoses (989146894200606730) 56
INFO        2025-05-14 22:58:43.583570 EST  enter_information_button : Sent the Questions modal to narcoses (989146894200606730)
INFO        2025-05-14 22:59:30.598464 EST  on_submit       : narcoses (989146894200606730) updated the embed with question answers in #narcoses-ticket-163937 (1372407815154565142)
INFO        2025-05-14 23:09:52.915918 EST  wrapper         : Send Ticketlog completed in 0.4s
WARNING     2025-05-14 23:16:12.207943 EST  wrapper         : Create Ticket took a long time to complete and finished in 4.25s
INFO        2025-05-14 23:16:12.287246 EST  new_ticket      : Created #declandmc-ticket-163938 (1372412215583445204) in 4.6s by declandmc (249632012187467785) 56
WARNING     2025-05-14 23:16:12.287527 EST  wrapper         : New Ticket took a long time to complete and finished in 4.79s
INFO        2025-05-14 23:16:14.398214 EST  enter_information_button : Sent the Questions modal to declandmc (249632012187467785)
INFO        2025-05-14 23:16:21.660597 EST  on_submit       : declandmc (249632012187467785) updated the embed with question answers in #declandmc-ticket-163938 (1372412215583445204)
INFO        2025-05-14 23:16:37.292960 EST  wrapper         : Rename Command completed in 0.54s
INFO        2025-05-14 23:20:17.594267 EST  wrapper         : Send Ticketlog completed in 0.49s
INFO        2025-05-14 23:20:20.787085 EST  wrapper         : Send Ticketlog completed in 0.71s
INFO        2025-05-14 23:20:31.240651 EST  wrapper         : Move Command completed in 3.0s
INFO        2025-05-14 23:22:39.487771 EST  wrapper         : Send Ticketlog completed in 0.6s
INFO        2025-05-14 23:25:25.827596 EST  wrapper         : Send Ticketlog completed in 0.35s
INFO        2025-05-14 23:26:19.465707 EST  wrapper         : Send Ticketlog completed in 0.43s
INFO        2025-05-14 23:26:41.795995 EST  wrapper         : Send Ticketlog completed in 0.54s
INFO        2025-05-14 23:26:44.628266 EST  new_ticket      : Created #slymel-ticket-163939 (1372414870200389753) in 2.29s by slymel (199046561790033921) 51
INFO        2025-05-14 23:26:46.722939 EST  enter_information_button : Sent the Questions modal to slymel (199046561790033921)
INFO        2025-05-14 23:27:06.562393 EST  wrapper         : Send Ticketlog completed in 0.5s
INFO        2025-05-14 23:27:37.906897 EST  on_submit       : slymel (199046561790033921) updated the embed with question answers in #slymel-ticket-163939 (1372414870200389753)
INFO        2025-05-14 23:28:39.199918 EST  wrapper         : Send Ticketlog completed in 0.32s
INFO        2025-05-14 23:29:00.614248 EST  wrapper         : Send Ticketlog completed in 0.34s
INFO        2025-05-14 23:31:42.477807 EST  wrapper         : Send Ticketlog completed in 0.49s
INFO        2025-05-14 23:32:23.701684 EST  wrapper         : Send Ticketlog completed in 1.09s
INFO        2025-05-14 23:36:43.725514 EST  wrapper         : Send Ticketlog completed in 0.68s
INFO        2025-05-14 23:37:14.554956 EST  wrapper         : Send Ticketlog completed in 0.5s
INFO        2025-05-14 23:37:54.677981 EST  new_ticket      : Created #sylific-ticket-163940 (1372417682862903337) in 1.65s by sylific (334863042950987779) 45
INFO        2025-05-14 23:38:00.632608 EST  enter_information_button : Sent the Questions modal to sylific (334863042950987779)
INFO        2025-05-14 23:38:17.576908 EST  wrapper         : Send Ticketlog completed in 0.71s
INFO        2025-05-14 23:39:34.257793 EST  new_ticket      : Created #pidoso-ticket-163941 (1372418100687015956) in 1.67s by pidoso (389842649755942932) 45
INFO        2025-05-14 23:39:46.994084 EST  enter_information_button : Sent the Questions modal to pidoso (389842649755942932)
INFO        2025-05-14 23:40:20.274194 EST  on_submit       : sylific (334863042950987779) updated the embed with question answers in #sylific-ticket-163940 (1372417682862903337)
INFO        2025-05-14 23:40:30.893328 EST  enter_information_button : Sent the Questions modal to pidoso (389842649755942932)
INFO        2025-05-14 23:40:42.254322 EST  wrapper         : Rename Command completed in 0.5s
INFO        2025-05-14 23:41:57.950021 EST  wrapper         : Send Ticketlog completed in 0.98s
INFO        2025-05-14 23:43:18.503025 EST  on_submit       : pidoso (389842649755942932) updated the embed with question answers in #pidoso-ticket-163941 (1372418100687015956)
INFO        2025-05-14 23:43:49.188448 EST  wrapper         : Send Ticketlog completed in 0.57s
INFO        2025-05-14 23:43:57.497238 EST  new_ticket      : Created #ericzx-ticket-163942 (1372419203759345674) in 1.96s by .ericzx (380157369176555542) 44
INFO        2025-05-14 23:43:59.388221 EST  enter_information_button : Sent the Questions modal to .ericzx (380157369176555542)
INFO        2025-05-14 23:44:03.641214 EST  on_submit       : .ericzx (380157369176555542) updated the embed with question answers in #ericzx-ticket-163942 (1372419203759345674)
INFO        2025-05-14 23:44:34.006605 EST  wrapper         : Send Ticketlog completed in 0.33s
INFO        2025-05-14 23:45:10.707792 EST  wrapper         : Send Ticketlog completed in 0.6s
INFO        2025-05-14 23:46:47.727699 EST  wrapper         : Send Ticketlog completed in 0.44s
INFO        2025-05-14 23:47:20.680028 EST  wrapper         : Send Ticketlog completed in 0.36s
INFO        2025-05-14 23:47:33.762085 EST  wrapper         : Ticket Count Command completed in 0.37s
INFO        2025-05-14 23:48:59.048368 EST  wrapper         : Send Ticketlog completed in 0.68s
INFO        2025-05-14 23:49:33.848593 EST  new_ticket      : Created #drippyslope-ticket-163943 (1372420614970937528) in 1.76s by drippyslope (532328353122877450) 40
INFO        2025-05-14 23:49:39.111155 EST  enter_information_button : Sent the Questions modal to drippyslope (532328353122877450)
INFO        2025-05-14 23:49:59.252814 EST  enter_information_button : Sent the Questions modal to drippyslope (532328353122877450)
INFO        2025-05-14 23:50:07.941537 EST  wrapper         : Send Ticketlog completed in 0.34s
INFO        2025-05-14 23:50:24.947148 EST  enter_information_button : Sent the Questions modal to drippyslope (532328353122877450)
INFO        2025-05-14 23:50:53.227542 EST  wrapper         : Send Ticketlog completed in 0.49s
INFO        2025-05-14 23:51:12.931216 EST  on_submit       : drippyslope (532328353122877450) updated the embed with question answers in #drippyslope-ticket-163943 (1372420614970937528)
INFO        2025-05-14 23:51:36.466220 EST  new_ticket      : Created #scaries0420-ticket-163944 (1372421129473364090) in 1.74s by scaries0420 (1226924541150892124) 39
WARNING     2025-05-14 23:51:36.467063 EST  wrapper         : New Ticket took a long time to complete and finished in 3.09s
INFO        2025-05-14 23:51:39.082575 EST  enter_information_button : Sent the Questions modal to scaries0420 (1226924541150892124)
INFO        2025-05-14 23:52:14.091205 EST  wrapper         : Send Ticketlog completed in 0.57s
INFO        2025-05-14 23:52:46.733737 EST  wrapper         : Send Ticketlog completed in 0.47s
INFO        2025-05-14 23:53:19.629296 EST  on_submit       : scaries0420 (1226924541150892124) updated the embed with question answers in #scaries0420-ticket-163944 (1372421129473364090)
INFO        2025-05-14 23:55:53.679383 EST  wrapper         : Ticket Logs Command completed in 0.68s
INFO        2025-05-14 23:57:18.499050 EST  wrapper         : Send Ticketlog completed in 0.85s
INFO        2025-05-14 23:58:23.214510 EST  new_ticket      : Created #whitepony1-ticket-163945 (1372422833015357541) in 2.45s by whitepony1 (485975810847801364) 37
INFO        2025-05-14 23:58:25.851453 EST  enter_information_button : Sent the Questions modal to whitepony1 (485975810847801364)
INFO        2025-05-14 23:58:45.523535 EST  enter_information_button : Sent the Questions modal to whitepony1 (485975810847801364)
INFO        2025-05-14 23:58:51.502686 EST  enter_information_button : Sent the Questions modal to whitepony1 (485975810847801364)
INFO        2025-05-14 23:58:52.985759 EST  wrapper         : Send Ticketlog completed in 0.35s
INFO        2025-05-15 00:00:18.470115 EST  on_submit       : whitepony1 (485975810847801364) updated the embed with question answers in #whitepony1-ticket-163945 (1372422833015357541)
INFO        2025-05-15 00:00:49.312762 EST  wrapper         : Send Ticketlog completed in 0.57s
INFO        2025-05-15 00:02:45.750125 EST  wrapper         : Send Ticketlog completed in 0.65s
INFO        2025-05-15 00:02:59.832338 EST  wrapper         : Send Ticketlog completed in 0.35s
INFO        2025-05-15 00:04:03.271994 EST  wrapper         : Send Ticketlog completed in 0.58s
INFO        2025-05-15 00:05:55.106286 EST  wrapper         : Ticket Logs Command completed in 0.55s
INFO        2025-05-15 00:06:10.045887 EST  wrapper         : Send Ticketlog completed in 0.42s
INFO        2025-05-15 00:08:37.675399 EST  wrapper         : Send Ticketlog completed in 0.58s
WARNING     2025-05-15 00:08:39.489473 EST  wrapper         : Close Command took a long time to complete and finished in 3.06s
INFO        2025-05-15 00:11:07.025974 EST  new_ticket      : Created #xclnuser-ticket-163946 (1372426037459288145) in 2.17s by xclnuser (1048671485671264426) 31
INFO        2025-05-15 00:11:09.477680 EST  enter_information_button : Sent the Questions modal to xclnuser (1048671485671264426)
INFO        2025-05-15 00:11:40.518579 EST  on_submit       : xclnuser (1048671485671264426) updated the embed with question answers in #xclnuser-ticket-163946 (1372426037459288145)
INFO        2025-05-15 00:22:26.443792 EST  wrapper         : Send Ticketlog completed in 0.39s
INFO        2025-05-15 00:23:12.070781 EST  new_ticket      : Created #declandmc-ticket-163947 (1372429077931360260) in 2.51s by declandmc (249632012187467785) 31
INFO        2025-05-15 00:23:13.965934 EST  enter_information_button : Sent the Questions modal to declandmc (249632012187467785)
INFO        2025-05-15 00:23:33.194382 EST  on_submit       : declandmc (249632012187467785) updated the embed with question answers in #declandmc-ticket-163947 (1372429077931360260)
INFO        2025-05-15 00:40:09.631685 EST  wrapper         : Send Ticketlog completed in 0.34s
INFO        2025-05-15 01:07:26.424100 EST  new_ticket      : Created #monacoxd-ticket-163948 (1372440213531398154) in 1.86s by monacoxd (1044769058316365934) 31
INFO        2025-05-15 01:07:28.613907 EST  enter_information_button : Sent the Questions modal to monacoxd (1044769058316365934)
INFO        2025-05-15 01:09:04.773969 EST  on_submit       : monacoxd (1044769058316365934) updated the embed with question answers in #monacoxd-ticket-163948 (1372440213531398154)
INFO        2025-05-15 01:12:42.140601 EST  new_ticket      : Created #sweatybomb-ticket-163949 (1372441535429349478) in 2.19s by sweatybomb (223949506989916170) 32
INFO        2025-05-15 01:12:44.232223 EST  enter_information_button : Sent the Questions modal to sweatybomb (223949506989916170)
INFO        2025-05-15 01:12:58.057805 EST  on_submit       : sweatybomb (223949506989916170) updated the embed with question answers in #sweatybomb-ticket-163949 (1372441535429349478)
INFO        2025-05-15 01:14:35.700439 EST  wrapper         : Send Ticketlog completed in 0.62s
WARNING     2025-05-15 01:14:36.126675 EST  wrapper         : Close Command took a long time to complete and finished in 3.41s
INFO        2025-05-15 01:14:37.280318 EST  wrapper         : Rename Command completed in 0.44s
INFO        2025-05-15 01:14:45.780233 EST  wrapper         : Private Command completed in 1.97s
INFO        2025-05-15 01:37:24.204346 EST  new_ticket      : Created #thegoat123458-ticket-163950 (1372447751471890463) in 2.35s by thegoat123458 (832663463167262780) 32
INFO        2025-05-15 01:37:27.389819 EST  enter_information_button : Sent the Questions modal to thegoat123458 (832663463167262780)
INFO        2025-05-15 01:37:50.829614 EST  on_submit       : thegoat123458 (832663463167262780) updated the embed with question answers in #thegoat123458-ticket-163950 (1372447751471890463)
INFO        2025-05-15 01:40:55.985470 EST  wrapper         : Move Command completed in 2.12s
INFO        2025-05-15 01:41:23.191128 EST  wrapper         : Rename Command completed in 0.53s
WARNING     2025-05-15 01:46:20.575394 EST  check_verified  : hommie769 (147445264565665792) is not verified and tried to open a ticket
INFO        2025-05-15 01:57:08.897605 EST  new_ticket      : Created #cake2004-ticket-163951 (1372452721172676688) in 2.28s by cake2004 (327293581549109250) 33
INFO        2025-05-15 01:57:12.331167 EST  enter_information_button : Sent the Questions modal to cake2004 (327293581549109250)
INFO        2025-05-15 01:57:19.824672 EST  on_submit       : cake2004 (327293581549109250) updated the embed with question answers in #cake2004-ticket-163951 (1372452721172676688)
INFO        2025-05-15 02:00:06.747840 EST  new_ticket      : Created #shikamar-ticket-163952 (1372453463740383255) in 3.27s by shikamar (162083940906041344) 34
WARNING     2025-05-15 02:00:06.748408 EST  wrapper         : New Ticket took a long time to complete and finished in 3.45s
INFO        2025-05-15 02:00:14.248618 EST  enter_information_button : Sent the Questions modal to shikamar (162083940906041344)
INFO        2025-05-15 02:00:25.205752 EST  on_submit       : shikamar (162083940906041344) updated the embed with question answers in #shikamar-ticket-163952 (1372453463740383255)
INFO        2025-05-15 02:01:36.349090 EST  wrapper         : Rename Command completed in 0.53s
INFO        2025-05-15 02:02:00.030018 EST  wrapper         : Rename Command completed in 0.7s
INFO        2025-05-15 02:04:54.758867 EST  wrapper         : Send Ticketlog completed in 0.33s
INFO        2025-05-15 02:14:09.101725 EST  new_ticket      : Created #empirehangout-ticket-163953 (1372457001564639253) in 1.88s by empirehangout (1078428410637987910) 34
INFO        2025-05-15 02:14:13.991699 EST  enter_information_button : Sent the Questions modal to empirehangout (1078428410637987910)
INFO        2025-05-15 02:17:08.642611 EST  on_submit       : empirehangout (1078428410637987910) updated the embed with question answers in #empirehangout-ticket-163953 (1372457001564639253)
INFO        2025-05-15 02:27:58.545823 EST  new_ticket      : Created #yahoodle-ticket-163954 (1372460480874020884) in 1.78s by yahoodle (1040880497204666439) 35
INFO        2025-05-15 02:28:04.339128 EST  enter_information_button : Sent the Questions modal to yahoodle (1040880497204666439)
INFO        2025-05-15 02:28:58.194243 EST  on_submit       : yahoodle (1040880497204666439) updated the embed with question answers in #yahoodle-ticket-163954 (1372460480874020884)
INFO        2025-05-15 02:29:50.853911 EST  wrapper         : Send Ticketlog completed in 0.51s
INFO        2025-05-15 02:30:19.671465 EST  wrapper         : Send Ticketlog completed in 0.42s
INFO        2025-05-15 02:35:25.433106 EST  new_ticket      : Created #sweatybomb-ticket-163955 (1372462353882546257) in 2.25s by sweatybomb (223949506989916170) 34
INFO        2025-05-15 02:36:04.015424 EST  new_ticket      : Created #weewee_op-ticket-163956 (1372462516864679979) in 1.81s by weewee_op (1245811896808898715) 35
INFO        2025-05-15 02:36:10.382074 EST  enter_information_button : Sent the Questions modal to weewee_op (1245811896808898715)
INFO        2025-05-15 02:37:37.257788 EST  enter_information_button : Sent the Questions modal to sweatybomb (223949506989916170)
INFO        2025-05-15 02:38:56.759271 EST  on_submit       : weewee_op (1245811896808898715) updated the embed with question answers in #weewee_op-ticket-163956 (1372462516864679979)
INFO        2025-05-15 02:40:49.362301 EST  on_submit       : sweatybomb (223949506989916170) updated the embed with question answers in #sweatybomb-ticket-163955 (1372462353882546257)
INFO        2025-05-15 03:02:00.162538 EST  wrapper         : Send Ticketlog completed in 0.47s
INFO        2025-05-15 03:08:05.561897 EST  wrapper         : Send Ticketlog completed in 0.59s
INFO        2025-05-15 03:09:35.237397 EST  wrapper         : Send Ticketlog completed in 0.55s
WARNING     2025-05-15 03:10:34.941590 EST  wrapper         : Create Ticket took a long time to complete and finished in 3.99s
INFO        2025-05-15 03:10:35.015059 EST  new_ticket      : Created #eupm-ticket-163957 (1372471193793200138) in 4.44s by eupm. (1223384750698532925) 33
WARNING     2025-05-15 03:10:35.015363 EST  wrapper         : New Ticket took a long time to complete and finished in 4.61s
INFO        2025-05-15 03:10:40.107952 EST  enter_information_button : Sent the Questions modal to eupm. (1223384750698532925)
INFO        2025-05-15 03:10:58.460133 EST  on_submit       : eupm. (1223384750698532925) updated the embed with question answers in #eupm-ticket-163957 (1372471193793200138)
INFO        2025-05-15 03:21:51.776484 EST  wrapper         : Rename Command completed in 0.51s
INFO        2025-05-15 03:25:28.921540 EST  wrapper         : Send Ticketlog completed in 0.58s
INFO        2025-05-15 03:33:14.735377 EST  new_ticket      : Created #originalkenzy-ticket-163958 (1372476905013645413) in 2.27s by originalkenzy (1369218470696190062) 33
INFO        2025-05-15 03:33:21.167639 EST  enter_information_button : Sent the Questions modal to originalkenzy (1369218470696190062)
INFO        2025-05-15 03:34:20.903863 EST  on_submit       : originalkenzy (1369218470696190062) updated the embed with question answers in #originalkenzy-ticket-163958 (1372476905013645413)
INFO        2025-05-15 03:35:15.904733 EST  wrapper         : Rename Command completed in 0.78s
INFO        2025-05-15 04:13:25.326842 EST  wrapper         : Send Ticketlog completed in 0.63s
INFO        2025-05-15 04:24:49.930343 EST  new_ticket      : Created #yhsl1-ticket-163959 (1372489888162775140) in 1.86s by yhsl1 (703547153901158440) 33
INFO        2025-05-15 04:24:51.709016 EST  enter_information_button : Sent the Questions modal to yhsl1 (703547153901158440)
INFO        2025-05-15 04:25:44.582986 EST  on_submit       : yhsl1 (703547153901158440) updated the embed with question answers in #yhsl1-ticket-163959 (1372489888162775140)
INFO        2025-05-15 04:42:48.906632 EST  new_ticket      : Created #smokica-ticket-163960 (1372494414408192071) in 1.78s by smokica (847915864266899537) 34
INFO        2025-05-15 04:42:51.367819 EST  enter_information_button : Sent the Questions modal to smokica (847915864266899537)
INFO        2025-05-15 04:43:09.567642 EST  on_submit       : smokica (847915864266899537) updated the embed with question answers in #smokica-ticket-163960 (1372494414408192071)
INFO        2025-05-15 04:52:00.396096 EST  wrapper         : Rename Command completed in 0.42s
INFO        2025-05-15 04:52:37.889126 EST  wrapper         : Send Ticketlog completed in 0.67s
WARNING     2025-05-15 04:57:53.519229 EST  wrapper         : Create Ticket took a long time to complete and finished in 3.53s
INFO        2025-05-15 04:57:53.602886 EST  new_ticket      : Created #hello14142-ticket-163961 (1372498208764334110) in 3.89s by hello14142 (579541361888460811) 34
WARNING     2025-05-15 04:57:53.603183 EST  wrapper         : New Ticket took a long time to complete and finished in 4.12s
INFO        2025-05-15 04:57:55.925788 EST  enter_information_button : Sent the Questions modal to hello14142 (579541361888460811)
INFO        2025-05-15 04:58:01.114973 EST  on_submit       : hello14142 (579541361888460811) updated the embed with question answers in #hello14142-ticket-163961 (1372498208764334110)
INFO        2025-05-15 05:06:21.982215 EST  new_ticket      : Created #smokica-ticket-163962 (1372500337222619207) in 2.97s by smokica (847915864266899537) 35
WARNING     2025-05-15 05:06:21.982921 EST  wrapper         : New Ticket took a long time to complete and finished in 3.16s
INFO        2025-05-15 05:06:25.474810 EST  new_ticket      : Created #smokica-ticket-163963 (1372500355673358356) in 1.84s by smokica (847915864266899537) 36
INFO        2025-05-15 05:06:35.717936 EST  enter_information_button : Sent the Questions modal to smokica (847915864266899537)
INFO        2025-05-15 05:06:53.880946 EST  on_submit       : smokica (847915864266899537) updated the embed with question answers in #smokica-ticket-163963 (1372500355673358356)
INFO        2025-05-15 05:25:58.574767 EST  new_ticket      : Created #x_xdoor-ticket-163964 (1372505275541487620) in 2.06s by x_xdoor (1273785759408721933) 37
INFO        2025-05-15 05:26:00.077915 EST  enter_information_button : Sent the Questions modal to x_xdoor (1273785759408721933)
INFO        2025-05-15 05:26:13.854111 EST  on_submit       : x_xdoor (1273785759408721933) updated the embed with question answers in #x_xdoor-ticket-163964 (1372505275541487620)
INFO        2025-05-15 05:39:37.413977 EST  new_ticket      : Created #graphicalll-ticket-163965 (1372508710215094293) in 1.96s by graphicalll (934074095509852202) 38
INFO        2025-05-15 05:39:54.542834 EST  new_ticket      : Created #graphicalll-ticket-163966 (1372508782415970314) in 2.37s by graphicalll (934074095509852202) 39
INFO        2025-05-15 05:39:57.421333 EST  enter_information_button : Sent the Questions modal to graphicalll (934074095509852202)
INFO        2025-05-15 05:40:38.329718 EST  on_submit       : graphicalll (934074095509852202) updated the embed with question answers in #graphicalll-ticket-163966 (1372508782415970314)
INFO        2025-05-15 05:41:35.759349 EST  enter_information_button : Sent the Questions modal to graphicalll (934074095509852202)
INFO        2025-05-15 05:41:52.406937 EST  enter_information_button : Sent the Questions modal to graphicalll (934074095509852202)
INFO        2025-05-15 05:42:12.647232 EST  on_submit       : graphicalll (934074095509852202) updated the embed with question answers in #graphicalll-ticket-163965 (1372508710215094293)
INFO        2025-05-15 06:02:20.428302 EST  wrapper         : Send Ticketlog completed in 0.42s
INFO        2025-05-15 06:02:54.905252 EST  wrapper         : Send Ticketlog completed in 0.51s
INFO        2025-05-15 06:03:45.401407 EST  wrapper         : Send Ticketlog completed in 0.48s
INFO        2025-05-15 06:04:34.115365 EST  wrapper         : Send Ticketlog completed in 0.51s
INFO        2025-05-15 06:04:49.530543 EST  wrapper         : Send Ticketlog completed in 0.35s
INFO        2025-05-15 06:05:23.303227 EST  wrapper         : Send Ticketlog completed in 0.49s
INFO        2025-05-15 06:06:41.217126 EST  wrapper         : Send Ticketlog completed in 0.3s
INFO        2025-05-15 06:17:48.573240 EST  new_ticket      : Created #vinix__1-ticket-163967 (1372518320183709758) in 1.84s by vinix__1 (1101136988612087909) 33
INFO        2025-05-15 06:17:51.499401 EST  enter_information_button : Sent the Questions modal to vinix__1 (1101136988612087909)
INFO        2025-05-15 06:18:16.364730 EST  on_submit       : vinix__1 (1101136988612087909) updated the embed with question answers in #vinix__1-ticket-163967 (1372518320183709758)
INFO        2025-05-15 06:20:52.667188 EST  wrapper         : Send Ticketlog completed in 0.54s
INFO        2025-05-15 06:21:09.631799 EST  wrapper         : Send Ticketlog completed in 0.55s
INFO        2025-05-15 06:22:21.774727 EST  wrapper         : Send Ticketlog completed in 0.69s
INFO        2025-05-15 06:59:49.429767 EST  new_ticket      : Created #nongas-ticket-163968 (1372528892900016180) in 2.02s by nongas (1298870579838845019) 31
INFO        2025-05-15 06:59:52.891660 EST  enter_information_button : Sent the Questions modal to nongas (1298870579838845019)
INFO        2025-05-15 07:00:39.829001 EST  on_submit       : nongas (1298870579838845019) updated the embed with question answers in #nongas-ticket-163968 (1372528892900016180)
INFO        2025-05-15 07:06:25.397546 EST  new_ticket      : Created #teoooo-ticket-163969 (1372530553865375856) in 2.11s by teooo.o (659883482599784448) 32
INFO        2025-05-15 07:06:28.055016 EST  enter_information_button : Sent the Questions modal to teooo.o (659883482599784448)
INFO        2025-05-15 07:06:31.607289 EST  on_submit       : teooo.o (659883482599784448) updated the embed with question answers in #teoooo-ticket-163969 (1372530553865375856)
INFO        2025-05-15 07:16:20.681028 EST  wrapper         : Send Ticketlog completed in 0.33s
INFO        2025-05-15 07:17:43.315992 EST  new_ticket      : Created #dedezz-ticket-163970 (1372533397599158384) in 1.79s by dedezz (377145471073779712) 32
INFO        2025-05-15 07:17:45.486079 EST  enter_information_button : Sent the Questions modal to dedezz (377145471073779712)
INFO        2025-05-15 07:17:50.292733 EST  enter_information_button : Sent the Questions modal to dedezz (377145471073779712)
INFO        2025-05-15 07:18:07.011967 EST  on_submit       : dedezz (377145471073779712) updated the embed with question answers in #dedezz-ticket-163970 (1372533397599158384)
INFO        2025-05-15 07:19:39.674714 EST  wrapper         : Send Ticketlog completed in 0.43s
INFO        2025-05-15 07:46:24.778786 EST  new_ticket      : Created #daveyisme-ticket-163971 (1372540618194030624) in 1.8s by daveyisme. (1346616742067044403) 32
INFO        2025-05-15 07:47:42.314775 EST  enter_information_button : Sent the Questions modal to daveyisme. (1346616742067044403)
INFO        2025-05-15 07:47:47.056199 EST  wrapper         : Send Ticketlog completed in 0.87s
INFO        2025-05-15 07:47:51.868786 EST  on_submit       : daveyisme. (1346616742067044403) updated the embed with question answers in #daveyisme-ticket-163971 (1372540618194030624)
INFO        2025-05-15 08:02:27.148034 EST  wrapper         : Send Ticketlog completed in 2.15s
WARNING     2025-05-15 08:02:27.644965 EST  wrapper         : Close Command took a long time to complete and finished in 3.42s
INFO        2025-05-15 08:04:08.770425 EST  wrapper         : Send Ticketlog completed in 0.48s
INFO        2025-05-15 08:15:00.946010 EST  new_ticket      : Created #_5xs_-ticket-163972 (1372547814797742242) in 2.17s by _5xs_ (1077587206547460197) 30
INFO        2025-05-15 08:15:02.991835 EST  enter_information_button : Sent the Questions modal to _5xs_ (1077587206547460197)
INFO        2025-05-15 08:15:45.515479 EST  on_submit       : _5xs_ (1077587206547460197) updated the embed with question answers in #_5xs_-ticket-163972 (1372547814797742242)
INFO        2025-05-15 08:58:52.369795 EST  new_ticket      : Created #x_xdoor-ticket-163973 (1372558852356046929) in 2.17s by x_xdoor (1273785759408721933) 31
INFO        2025-05-15 08:58:54.783178 EST  enter_information_button : Sent the Questions modal to x_xdoor (1273785759408721933)
INFO        2025-05-15 08:58:55.573045 EST  wrapper         : Send Ticketlog completed in 0.6s
INFO        2025-05-15 08:59:18.942982 EST  on_submit       : x_xdoor (1273785759408721933) updated the embed with question answers in #x_xdoor-ticket-163973 (1372558852356046929)
INFO        2025-05-15 08:59:52.509327 EST  wrapper         : Ticket Logs Command completed in 0.71s
INFO        2025-05-15 09:00:17.737345 EST  new_ticket      : Created #koodamundra-ticket-163974 (1372559211220832327) in 2.1s by koodamundra (166127936422936576) 31
INFO        2025-05-15 09:00:21.589880 EST  enter_information_button : Sent the Questions modal to koodamundra (166127936422936576)
INFO        2025-05-15 09:00:24.527897 EST  wrapper         : Send Ticketlog completed in 0.44s
INFO        2025-05-15 09:01:58.732114 EST  on_submit       : koodamundra (166127936422936576) updated the embed with question answers in #koodamundra-ticket-163974 (1372559211220832327)
INFO        2025-05-15 09:02:53.899186 EST  new_ticket      : Created #ronron100-ticket-163975 (1372559865276403752) in 2.11s by ronron100 (182086495367200768) 31
INFO        2025-05-15 09:02:59.970240 EST  enter_information_button : Sent the Questions modal to ronron100 (182086495367200768)
INFO        2025-05-15 09:03:08.637283 EST  on_submit       : ronron100 (182086495367200768) updated the embed with question answers in #ronron100-ticket-163975 (1372559865276403752)
INFO        2025-05-15 09:03:47.553293 EST  wrapper         : Rename Command completed in 0.49s
INFO        2025-05-15 09:04:12.626457 EST  new_ticket      : Created #briitt-ticket-163976 (1372560191920410735) in 3.15s by briitt (560221074244239381) 32
WARNING     2025-05-15 09:04:12.626809 EST  wrapper         : New Ticket took a long time to complete and finished in 3.32s
INFO        2025-05-15 09:04:14.842051 EST  enter_information_button : Sent the Questions modal to briitt (560221074244239381)
INFO        2025-05-15 09:04:28.510860 EST  new_ticket      : Created #empirehangout-ticket-163977 (1372560260761653280) in 3.36s by empirehangout (1078428410637987910) 33
WARNING     2025-05-15 09:04:28.511268 EST  wrapper         : New Ticket took a long time to complete and finished in 3.55s
INFO        2025-05-15 09:04:29.609822 EST  on_submit       : briitt (560221074244239381) updated the embed with question answers in #briitt-ticket-163976 (1372560191920410735)
INFO        2025-05-15 09:04:47.350190 EST  enter_information_button : Sent the Questions modal to empirehangout (1078428410637987910)
INFO        2025-05-15 09:05:52.092351 EST  wrapper         : Send Ticketlog completed in 0.4s
INFO        2025-05-15 09:08:49.798800 EST  on_submit       : empirehangout (1078428410637987910) updated the embed with question answers in #empirehangout-ticket-163977 (1372560260761653280)
INFO        2025-05-15 09:13:02.056422 EST  wrapper         : Send Ticketlog completed in 0.39s
INFO        2025-05-15 09:17:51.550003 EST  new_ticket      : Created #walk3d-ticket-163978 (1372563630322749575) in 2.19s by walk3d (793081601197735936) 32
INFO        2025-05-15 09:17:53.554006 EST  enter_information_button : Sent the Questions modal to walk3d (793081601197735936)
INFO        2025-05-15 09:18:05.830997 EST  on_submit       : walk3d (793081601197735936) updated the embed with question answers in #walk3d-ticket-163978 (1372563630322749575)
INFO        2025-05-15 09:18:21.280054 EST  wrapper         : Rename Command completed in 0.54s
WARNING     2025-05-15 09:19:05.863746 EST  check_verified  : yrneh46 (287599595880448001) is not verified and tried to open a ticket
WARNING     2025-05-15 09:19:08.514894 EST  check_verified  : yrneh46 (287599595880448001) is not verified and tried to open a ticket
WARNING     2025-05-15 09:19:14.360198 EST  check_verified  : yrneh46 (287599595880448001) is not verified and tried to open a ticket
INFO        2025-05-15 09:20:53.411644 EST  wrapper         : Send Ticketlog completed in 0.53s
INFO        2025-05-15 09:25:09.505019 EST  wrapper         : Send Ticketlog completed in 0.47s
INFO        2025-05-15 09:27:24.605708 EST  new_ticket      : Created #suphello321-ticket-163979 (1372566033587634218) in 2.28s by suphello321 (1330099269176266776) 31
INFO        2025-05-15 09:27:27.603320 EST  enter_information_button : Sent the Questions modal to suphello321 (1330099269176266776)
INFO        2025-05-15 09:27:49.357967 EST  on_submit       : suphello321 (1330099269176266776) updated the embed with question answers in #suphello321-ticket-163979 (1372566033587634218)
INFO        2025-05-15 09:28:07.546523 EST  wrapper         : Rename Command completed in 0.54s
INFO        2025-05-15 09:29:53.085893 EST  wrapper         : Send Ticketlog completed in 0.47s
INFO        2025-05-15 09:30:02.142153 EST  wrapper         : Send Ticketlog completed in 0.56s
INFO        2025-05-15 09:30:56.134246 EST  new_ticket      : Created #seka2220-ticket-163980 (1372566921106686002) in 2.23s by seka2220 (332219181229670400) 30
INFO        2025-05-15 09:30:59.717635 EST  enter_information_button : Sent the Questions modal to seka2220 (332219181229670400)
INFO        2025-05-15 09:33:32.713120 EST  new_ticket      : Created #empirehangout-ticket-163981 (1372567576030478429) in 2.58s by empirehangout (1078428410637987910) 31
INFO        2025-05-15 09:34:57.795497 EST  on_submit       : seka2220 (332219181229670400) updated the embed with question answers in #seka2220-ticket-163980 (1372566921106686002)
INFO        2025-05-15 09:41:36.629275 EST  wrapper         : Send Ticketlog completed in 0.43s
INFO        2025-05-15 09:41:50.679026 EST  new_ticket      : Created #daddy0001-ticket-163982 (1372569665972211802) in 2.26s by daddy0001 (339415844411146251) 31
INFO        2025-05-15 09:41:53.342637 EST  enter_information_button : Sent the Questions modal to daddy0001 (339415844411146251)
INFO        2025-05-15 09:42:08.684159 EST  on_submit       : daddy0001 (339415844411146251) updated the embed with question answers in #daddy0001-ticket-163982 (1372569665972211802)
INFO        2025-05-15 09:43:04.163400 EST  wrapper         : Add Command completed in 0.46s
INFO        2025-05-15 09:44:51.301913 EST  wrapper         : Add Command completed in 0.64s
INFO        2025-05-15 09:45:59.122426 EST  wrapper         : Remove Command completed in 0.39s
INFO        2025-05-15 09:46:46.242261 EST  enter_information_button : Sent the Questions modal to empirehangout (1078428410637987910)
INFO        2025-05-15 09:47:50.497941 EST  on_submit       : empirehangout (1078428410637987910) updated the embed with question answers in #empirehangout-ticket-163981 (1372567576030478429)
WARNING     2025-05-15 09:48:03.889146 EST  wrapper         : Create Ticket took a long time to complete and finished in 3.39s
INFO        2025-05-15 09:48:03.962651 EST  new_ticket      : Created #stopdying-ticket-163983 (1372571226286850148) in 3.78s by stopdying (331526879569772544) 32
WARNING     2025-05-15 09:48:03.962977 EST  wrapper         : New Ticket took a long time to complete and finished in 3.94s
INFO        2025-05-15 09:48:06.640578 EST  enter_information_button : Sent the Questions modal to stopdying (331526879569772544)
INFO        2025-05-15 09:48:14.313738 EST  on_submit       : stopdying (331526879569772544) updated the embed with question answers in #stopdying-ticket-163983 (1372571226286850148)
INFO        2025-05-15 09:51:44.061249 EST  wrapper         : Send Ticketlog completed in 0.32s
INFO        2025-05-15 10:05:09.914910 EST  wrapper         : Send Ticketlog completed in 0.82s
INFO        2025-05-15 10:14:38.722309 EST  new_ticket      : Created #dedezz-ticket-163984 (1372577918840082435) in 2.75s by dedezz (377145471073779712) 31
INFO        2025-05-15 10:14:40.963887 EST  enter_information_button : Sent the Questions modal to dedezz (377145471073779712)
INFO        2025-05-15 10:14:48.862327 EST  on_submit       : dedezz (377145471073779712) updated the embed with question answers in #dedezz-ticket-163984 (1372577918840082435)
INFO        2025-05-15 10:16:11.324723 EST  new_ticket      : Created #criplin-ticket-163985 (1372578307798732902) in 3.08s by criplin (403561555247104023) 32
WARNING     2025-05-15 10:16:11.325282 EST  wrapper         : New Ticket took a long time to complete and finished in 3.31s
INFO        2025-05-15 10:16:14.266338 EST  enter_information_button : Sent the Questions modal to criplin (403561555247104023)
INFO        2025-05-15 10:16:27.922257 EST  on_submit       : criplin (403561555247104023) updated the embed with question answers in #criplin-ticket-163985 (1372578307798732902)
INFO        2025-05-15 10:16:49.375590 EST  new_ticket      : Created #empirehangout-ticket-163986 (1372578467081752718) in 2.8s by empirehangout (1078428410637987910) 33
WARNING     2025-05-15 10:16:49.376063 EST  wrapper         : New Ticket took a long time to complete and finished in 3.04s
INFO        2025-05-15 10:16:52.677561 EST  enter_information_button : Sent the Questions modal to empirehangout (1078428410637987910)
INFO        2025-05-15 10:17:49.452373 EST  on_submit       : empirehangout (1078428410637987910) updated the embed with question answers in #empirehangout-ticket-163986 (1372578467081752718)
INFO        2025-05-15 10:21:24.710739 EST  wrapper         : Rename Command completed in 0.51s
INFO        2025-05-15 10:23:57.472099 EST  wrapper         : Rename Command completed in 0.58s
INFO        2025-05-15 10:24:01.722291 EST  wrapper         : Remove Command completed in 0.36s
INFO        2025-05-15 10:32:26.298100 EST  new_ticket      : Created #1nexus_-ticket-163987 (1372582399673765959) in 1.96s by 1nexus_ (666048341607448616) 34
INFO        2025-05-15 10:32:33.055304 EST  enter_information_button : Sent the Questions modal to 1nexus_ (666048341607448616)
WARNING     2025-05-15 10:32:33.775473 EST  wrapper         : Create Ticket took a long time to complete and finished in 5.68s
INFO        2025-05-15 10:32:33.865758 EST  new_ticket      : Created #edilso-ticket-163988 (1372582413909360681) in 6.09s by edilso (691691503927689266) 35
WARNING     2025-05-15 10:32:33.866057 EST  wrapper         : New Ticket took a long time to complete and finished in 6.21s
INFO        2025-05-15 10:32:48.056323 EST  enter_information_button : Sent the Questions modal to edilso (691691503927689266)
INFO        2025-05-15 10:32:51.544549 EST  on_submit       : edilso (691691503927689266) updated the embed with question answers in #edilso-ticket-163988 (1372582413909360681)
INFO        2025-05-15 10:34:02.985214 EST  on_submit       : 1nexus_ (666048341607448616) updated the embed with question answers in #1nexus_-ticket-163987 (1372582399673765959)
INFO        2025-05-15 10:37:12.138056 EST  wrapper         : Rename Command completed in 1.56s
INFO        2025-05-15 10:38:46.650720 EST  wrapper         : Send Ticketlog completed in 0.37s
INFO        2025-05-15 10:38:51.200469 EST  new_ticket      : Created #stopdying-ticket-163989 (1372584010068394045) in 2.99s by stopdying (331526879569772544) 35
WARNING     2025-05-15 10:38:51.200970 EST  wrapper         : New Ticket took a long time to complete and finished in 3.2s
INFO        2025-05-15 10:38:53.820446 EST  enter_information_button : Sent the Questions modal to stopdying (331526879569772544)
INFO        2025-05-15 10:39:26.425108 EST  on_submit       : stopdying (331526879569772544) updated the embed with question answers in #stopdying-ticket-163989 (1372584010068394045)
WARNING     2025-05-15 10:46:12.944069 EST  wrapper         : Create Ticket took a long time to complete and finished in 3.21s
INFO        2025-05-15 10:46:13.014829 EST  new_ticket      : Created #briitt-ticket-163990 (1372585860788260986) in 3.53s by briitt (560221074244239381) 36
WARNING     2025-05-15 10:46:13.015130 EST  wrapper         : New Ticket took a long time to complete and finished in 3.73s
INFO        2025-05-15 10:46:14.436604 EST  enter_information_button : Sent the Questions modal to briitt (560221074244239381)
INFO        2025-05-15 10:47:17.219065 EST  on_submit       : briitt (560221074244239381) updated the embed with question answers in #briitt-ticket-163990 (1372585860788260986)
INFO        2025-05-15 10:57:23.849381 EST  wrapper         : Send Ticketlog completed in 0.51s
INFO        2025-05-15 11:01:16.554949 EST  wrapper         : Send Ticketlog completed in 0.4s
INFO        2025-05-15 11:02:34.423913 EST  wrapper         : Send Ticketlog completed in 0.4s
INFO        2025-05-15 11:02:44.528764 EST  new_ticket      : Created #cake2004-ticket-163991 (1372590023852953733) in 2.75s by cake2004 (327293581549109250) 34
INFO        2025-05-15 11:02:46.790638 EST  enter_information_button : Sent the Questions modal to cake2004 (327293581549109250)
INFO        2025-05-15 11:02:49.512173 EST  on_submit       : cake2004 (327293581549109250) updated the embed with question answers in #cake2004-ticket-163991 (1372590023852953733)
INFO        2025-05-15 11:03:07.291977 EST  wrapper         : Ticket Logs Command completed in 0.76s
INFO        2025-05-15 11:04:23.630513 EST  wrapper         : Rename Command completed in 0.53s
INFO        2025-05-15 11:04:47.701987 EST  wrapper         : Ticket Logs Command completed in 0.63s
INFO        2025-05-15 11:04:49.019908 EST  new_ticket      : Created #asta1541-ticket-163992 (1372590546270425179) in 2.28s by asta1541 (977208815944622081) 35
INFO        2025-05-15 11:04:50.625131 EST  enter_information_button : Sent the Questions modal to asta1541 (977208815944622081)
INFO        2025-05-15 11:04:56.968259 EST  on_submit       : asta1541 (977208815944622081) updated the embed with question answers in #asta1541-ticket-163992 (1372590546270425179)
INFO        2025-05-15 11:06:39.829755 EST  wrapper         : Rename Command completed in 1.79s
INFO        2025-05-15 11:06:49.868747 EST  wrapper         : Private Command completed in 2.12s
INFO        2025-05-15 11:12:00.748767 EST  wrapper         : Send Ticketlog completed in 0.54s
INFO        2025-05-15 11:24:17.281183 EST  wrapper         : Send Ticketlog completed in 0.38s
INFO        2025-05-15 11:31:30.148148 EST  new_ticket      : Created #criplin-ticket-163993 (1372597261200134305) in 2.48s by criplin (403561555247104023) 34
INFO        2025-05-15 11:31:31.504350 EST  enter_information_button : Sent the Questions modal to criplin (403561555247104023)
INFO        2025-05-15 11:31:36.911170 EST  on_submit       : criplin (403561555247104023) updated the embed with question answers in #criplin-ticket-163993 (1372597261200134305)
INFO        2025-05-15 11:31:45.655010 EST  wrapper         : Send Ticketlog completed in 0.6s
INFO        2025-05-15 11:32:13.863660 EST  new_ticket      : Created #briitt-ticket-163994 (1372597445166370827) in 2.37s by briitt (560221074244239381) 34
INFO        2025-05-15 11:32:15.943820 EST  enter_information_button : Sent the Questions modal to briitt (560221074244239381)
INFO        2025-05-15 11:32:21.545474 EST  on_submit       : briitt (560221074244239381) updated the embed with question answers in #briitt-ticket-163994 (1372597445166370827)
INFO        2025-05-15 11:37:50.332377 EST  wrapper         : Send Ticketlog completed in 0.34s
INFO        2025-05-15 11:44:13.743052 EST  wrapper         : Send Ticketlog completed in 0.35s
INFO        2025-05-15 12:01:04.833241 EST  new_ticket      : Created #walk3d-ticket-163995 (1372604704693026818) in 2.63s by walk3d (793081601197735936) 33
INFO        2025-05-15 12:01:11.967428 EST  enter_information_button : Sent the Questions modal to walk3d (793081601197735936)
INFO        2025-05-15 12:01:42.628682 EST  enter_information_button : Sent the Questions modal to walk3d (793081601197735936)
INFO        2025-05-15 12:02:06.759101 EST  on_submit       : walk3d (793081601197735936) updated the embed with question answers in #walk3d-ticket-163995 (1372604704693026818)
INFO        2025-05-15 12:05:48.853838 EST  wrapper         : Ticket Logs Command completed in 0.93s
WARNING     2025-05-15 12:07:25.559261 EST  check_verified  : sian.ak (262833309820780545) is not verified and tried to open a ticket
INFO        2025-05-15 12:07:44.284279 EST  new_ticket      : Created #chnke-ticket-163996 (1372606381949194362) in 2.06s by chnke. (844240622649999420) 34
INFO        2025-05-15 12:07:48.227025 EST  enter_information_button : Sent the Questions modal to chnke. (844240622649999420)
INFO        2025-05-15 12:09:15.420623 EST  wrapper         : Send Ticketlog completed in 0.51s
INFO        2025-05-15 12:09:34.870210 EST  wrapper         : Send Ticketlog completed in 0.41s
INFO        2025-05-15 12:09:52.394480 EST  on_submit       : chnke. (844240622649999420) updated the embed with question answers in #chnke-ticket-163996 (1372606381949194362)
INFO        2025-05-15 12:10:29.225645 EST  wrapper         : Send Ticketlog completed in 2.14s
WARNING     2025-05-15 12:10:29.674862 EST  wrapper         : Close Command took a long time to complete and finished in 3.42s
INFO        2025-05-15 12:10:51.949865 EST  wrapper         : Send Ticketlog completed in 0.59s
INFO        2025-05-15 12:14:51.915446 EST  wrapper         : Send Ticketlog completed in 0.52s
INFO        2025-05-15 12:21:07.561988 EST  wrapper         : Send Ticketlog completed in 0.42s
INFO        2025-05-15 12:22:59.452491 EST  new_ticket      : Created #peterb0b-ticket-163997 (1372610220647387318) in 1.99s by peterb0b (809818289664557066) 29
INFO        2025-05-15 12:23:01.261606 EST  enter_information_button : Sent the Questions modal to peterb0b (809818289664557066)
INFO        2025-05-15 12:23:05.579637 EST  on_submit       : peterb0b (809818289664557066) updated the embed with question answers in #peterb0b-ticket-163997 (1372610220647387318)
INFO        2025-05-15 12:25:59.553887 EST  new_ticket      : Created #revival2279-ticket-163998 (1372610976662425734) in 2.0s by revival2279 (312982872963284992) 30
INFO        2025-05-15 12:26:01.669826 EST  enter_information_button : Sent the Questions modal to revival2279 (312982872963284992)
INFO        2025-05-15 12:26:21.508488 EST  on_submit       : revival2279 (312982872963284992) updated the embed with question answers in #revival2279-ticket-163998 (1372610976662425734)
INFO        2025-05-15 12:26:59.940285 EST  wrapper         : Send Ticketlog completed in 0.6s
INFO        2025-05-15 12:33:21.497442 EST  wrapper         : Send Ticketlog completed in 0.43s
INFO        2025-05-15 12:33:33.839831 EST  wrapper         : Send Ticketlog completed in 0.53s
INFO        2025-05-15 12:39:11.871591 EST  new_ticket      : Created #hoodturtle-ticket-163999 (1372614298077106186) in 2.4s by hoodturtle (216705614783447041) 28
INFO        2025-05-15 12:39:15.516073 EST  enter_information_button : Sent the Questions modal to hoodturtle (216705614783447041)
INFO        2025-05-15 12:39:20.055826 EST  on_submit       : hoodturtle (216705614783447041) updated the embed with question answers in #hoodturtle-ticket-163999 (1372614298077106186)
INFO        2025-05-15 12:40:00.929021 EST  wrapper         : Rename Command completed in 0.79s
INFO        2025-05-15 12:40:07.441737 EST  new_ticket      : Created #gatonso-ticket-164000 (1372614532295426251) in 2.69s by gatonso (339905734160416768) 29
INFO        2025-05-15 12:40:11.317039 EST  enter_information_button : Sent the Questions modal to gatonso (339905734160416768)
INFO        2025-05-15 12:40:38.258581 EST  on_submit       : gatonso (339905734160416768) updated the embed with question answers in #gatonso-ticket-164000 (1372614532295426251)
INFO        2025-05-15 12:44:31.727117 EST  new_ticket      : Created #overworld5217-ticket-164001 (1372615640917086268) in 1.86s by overworld5217 (808326118779912242) 30
INFO        2025-05-15 12:44:51.709288 EST  enter_information_button : Sent the Questions modal to overworld5217 (808326118779912242)
INFO        2025-05-15 12:45:25.490725 EST  on_submit       : overworld5217 (808326118779912242) updated the embed with question answers in #overworld5217-ticket-164001 (1372615640917086268)
INFO        2025-05-15 12:45:33.857037 EST  new_ticket      : Created #96266-ticket-164002 (1372615900850819103) in 2.1s by 96266 (1188713879497363458) 31
INFO        2025-05-15 12:45:35.738856 EST  enter_information_button : Sent the Questions modal to 96266 (1188713879497363458)
INFO        2025-05-15 12:45:55.106922 EST  wrapper         : Rename Command completed in 0.64s
INFO        2025-05-15 12:46:24.931620 EST  on_submit       : 96266 (1188713879497363458) updated the embed with question answers in #96266-ticket-164002 (1372615900850819103)
INFO        2025-05-15 12:46:52.918510 EST  new_ticket      : Created #loggings-ticket-164003 (1372616229021286576) in 3.13s by loggings (676041307767963648) 32
WARNING     2025-05-15 12:46:52.918896 EST  wrapper         : New Ticket took a long time to complete and finished in 3.32s
INFO        2025-05-15 12:46:58.457817 EST  enter_information_button : Sent the Questions modal to loggings (676041307767963648)
INFO        2025-05-15 12:48:27.609347 EST  on_submit       : loggings (676041307767963648) updated the embed with question answers in #loggings-ticket-164003 (1372616229021286576)
WARNING     2025-05-15 12:49:20.128434 EST  wrapper         : Create Ticket took a long time to complete and finished in 3.06s
INFO        2025-05-15 12:49:20.199018 EST  new_ticket      : Created #briitt-ticket-164004 (1372616846330822707) in 4.54s by briitt (560221074244239381) 33
WARNING     2025-05-15 12:49:20.199354 EST  wrapper         : New Ticket took a long time to complete and finished in 4.71s
INFO        2025-05-15 12:49:22.589989 EST  enter_information_button : Sent the Questions modal to briitt (560221074244239381)
INFO        2025-05-15 12:49:47.804142 EST  on_submit       : briitt (560221074244239381) updated the embed with question answers in #briitt-ticket-164004 (1372616846330822707)
INFO        2025-05-15 12:49:49.926753 EST  wrapper         : Rename Command completed in 0.44s
INFO        2025-05-15 12:51:23.896826 EST  wrapper         : Rename Command completed in 0.89s
INFO        2025-05-15 13:00:10.492268 EST  wrapper         : Send Ticketlog completed in 0.35s
INFO        2025-05-15 13:04:14.220893 EST  new_ticket      : Created #goetta-ticket-164005 (1372620600849469500) in 1.92s by .goetta (549011125380055072) 33
INFO        2025-05-15 13:04:16.054922 EST  enter_information_button : Sent the Questions modal to .goetta (549011125380055072)
INFO        2025-05-15 13:04:22.287745 EST  on_submit       : .goetta (549011125380055072) updated the embed with question answers in #goetta-ticket-164005 (1372620600849469500)
INFO        2025-05-15 13:18:38.949873 EST  new_ticket      : Created #teoooo-ticket-164006 (1372624227307618404) in 2.24s by teooo.o (659883482599784448) 34
INFO        2025-05-15 13:18:40.826022 EST  enter_information_button : Sent the Questions modal to teooo.o (659883482599784448)
INFO        2025-05-15 13:18:44.672805 EST  on_submit       : teooo.o (659883482599784448) updated the embed with question answers in #teoooo-ticket-164006 (1372624227307618404)
WARNING     2025-05-15 13:20:26.722875 EST  check_verified  : toronto_demon (1192892077768445972) is not verified and tried to open a ticket
INFO        2025-05-15 13:20:35.047776 EST  wrapper         : Move Command completed in 2.68s
INFO        2025-05-15 13:21:19.610692 EST  new_ticket      : Created #toronto_demon-ticket-164007 (1372624901608833125) in 2.17s by toronto_demon (1192892077768445972) 35
INFO        2025-05-15 13:21:22.242288 EST  enter_information_button : Sent the Questions modal to toronto_demon (1192892077768445972)
INFO        2025-05-15 13:22:58.350314 EST  wrapper         : Send Ticketlog completed in 0.7s
INFO        2025-05-15 13:23:08.756546 EST  on_submit       : toronto_demon (1192892077768445972) updated the embed with question answers in #toronto_demon-ticket-164007 (1372624901608833125)
INFO        2025-05-15 13:28:17.638600 EST  wrapper         : Rename Command completed in 0.59s
INFO        2025-05-15 13:29:21.182771 EST  wrapper         : Send Ticketlog completed in 2.39s
WARNING     2025-05-15 13:29:22.794955 EST  wrapper         : Close Command took a long time to complete and finished in 4.83s
INFO        2025-05-15 13:30:18.406281 EST  wrapper         : Send Ticketlog completed in 0.68s
INFO        2025-05-15 13:31:25.140414 EST  new_ticket      : Created #restorable-ticket-164008 (1372627441859694704) in 1.9s by restorable (714687115514085473) 33
INFO        2025-05-15 13:31:29.501517 EST  enter_information_button : Sent the Questions modal to restorable (714687115514085473)
INFO        2025-05-15 13:31:49.776319 EST  on_submit       : restorable (714687115514085473) updated the embed with question answers in #restorable-ticket-164008 (1372627441859694704)
INFO        2025-05-15 13:43:53.456178 EST  wrapper         : Send Ticketlog completed in 0.49s
INFO        2025-05-15 13:51:40.081704 EST  wrapper         : Rename Command completed in 0.66s
INFO        2025-05-15 13:54:21.223176 EST  new_ticket      : Created #96266-ticket-164009 (1372633211892404265) in 2.46s by 96266 (1188713879497363458) 33
INFO        2025-05-15 13:54:23.540470 EST  enter_information_button : Sent the Questions modal to 96266 (1188713879497363458)
INFO        2025-05-15 13:55:32.252061 EST  on_submit       : 96266 (1188713879497363458) updated the embed with question answers in #96266-ticket-164009 (1372633211892404265)
INFO        2025-05-15 14:05:27.366193 EST  new_ticket      : Created #iamtufa-ticket-164010 (1372636006452297840) in 2.28s by iamtufa (763712598410526731) 34
INFO        2025-05-15 14:05:30.059344 EST  enter_information_button : Sent the Questions modal to iamtufa (763712598410526731)
INFO        2025-05-15 14:05:44.822488 EST  on_submit       : iamtufa (763712598410526731) updated the embed with question answers in #iamtufa-ticket-164010 (1372636006452297840)
INFO        2025-05-15 14:06:13.661398 EST  wrapper         : Rename Command completed in 0.62s
INFO        2025-05-15 14:10:42.225448 EST  new_ticket      : Created #tag1919-ticket-164011 (1372637327981019277) in 1.89s by tag1919. (729021593035997185) 35
INFO        2025-05-15 14:15:09.936531 EST  new_ticket      : Created #restorable-ticket-164012 (1372638450209263656) in 2.11s by restorable (714687115514085473) 36
INFO        2025-05-15 14:15:11.424579 EST  enter_information_button : Sent the Questions modal to restorable (714687115514085473)
INFO        2025-05-15 14:15:22.660084 EST  on_submit       : restorable (714687115514085473) updated the embed with question answers in #restorable-ticket-164012 (1372638450209263656)
WARNING     2025-05-15 14:16:35.863174 EST  check_verified  : asta1541 (977208815944622081) is not verified and tried to open a ticket
INFO        2025-05-15 14:18:29.074374 EST  new_ticket      : Created #teoooo-ticket-164013 (1372639282895786065) in 2.69s by teooo.o (659883482599784448) 37
INFO        2025-05-15 14:18:31.117993 EST  enter_information_button : Sent the Questions modal to teooo.o (659883482599784448)
INFO        2025-05-15 14:18:47.239695 EST  on_submit       : teooo.o (659883482599784448) updated the embed with question answers in #teoooo-ticket-164013 (1372639282895786065)
INFO        2025-05-15 14:20:14.876767 EST  enter_information_button : Sent the Questions modal to tag1919. (729021593035997185)
INFO        2025-05-15 14:21:17.585918 EST  on_submit       : tag1919. (729021593035997185) updated the embed with question answers in #tag1919-ticket-164011 (1372637327981019277)
INFO        2025-05-15 14:26:31.216685 EST  wrapper         : Send Ticketlog completed in 0.34s
INFO        2025-05-15 14:27:00.393440 EST  new_ticket      : Created #dedezz-ticket-164014 (1372641429427454034) in 2.27s by dedezz (377145471073779712) 37
INFO        2025-05-15 14:27:12.574429 EST  enter_information_button : Sent the Questions modal to dedezz (377145471073779712)
INFO        2025-05-15 14:27:43.134703 EST  on_submit       : dedezz (377145471073779712) updated the embed with question answers in #dedezz-ticket-164014 (1372641429427454034)
INFO        2025-05-15 14:28:48.807765 EST  new_ticket      : Created #omniscient667-ticket-164015 (1372641884823879710) in 2.15s by omniscient667 (670730668015353876) 38
INFO        2025-05-15 14:29:20.269447 EST  enter_information_button : Sent the Questions modal to omniscient667 (670730668015353876)
INFO        2025-05-15 14:30:24.988677 EST  on_submit       : omniscient667 (670730668015353876) updated the embed with question answers in #omniscient667-ticket-164015 (1372641884823879710)
INFO        2025-05-15 14:33:02.303135 EST  new_ticket      : Created #briitt-ticket-164016 (1372642947958313072) in 2.29s by briitt (560221074244239381) 39
INFO        2025-05-15 14:33:03.463093 EST  enter_information_button : Sent the Questions modal to briitt (560221074244239381)
INFO        2025-05-15 14:33:34.097963 EST  on_submit       : briitt (560221074244239381) updated the embed with question answers in #briitt-ticket-164016 (1372642947958313072)
INFO        2025-05-15 14:34:41.559370 EST  wrapper         : Send Ticketlog completed in 0.57s
INFO        2025-05-15 14:34:56.879385 EST  wrapper         : Send Ticketlog completed in 0.4s
INFO        2025-05-15 14:34:57.623296 EST  new_ticket      : Created #criplin-ticket-164017 (1372643429745692756) in 2.63s by criplin (403561555247104023) 38
INFO        2025-05-15 14:34:59.154416 EST  enter_information_button : Sent the Questions modal to criplin (403561555247104023)
INFO        2025-05-15 14:35:45.713310 EST  on_submit       : criplin (403561555247104023) updated the embed with question answers in #criplin-ticket-164017 (1372643429745692756)
INFO        2025-05-15 14:35:53.855114 EST  new_ticket      : Created #clearlol1235467-ticket-164018 (1372643667533234216) in 2.08s by clearlol1235467 (772548341921480714) 39
INFO        2025-05-15 14:35:55.469105 EST  enter_information_button : Sent the Questions modal to clearlol1235467 (772548341921480714)
INFO        2025-05-15 14:36:11.085450 EST  on_submit       : clearlol1235467 (772548341921480714) updated the embed with question answers in #clearlol1235467-ticket-164018 (1372643667533234216)
INFO        2025-05-15 14:36:37.777946 EST  new_ticket      : Created #miha1986-ticket-164019 (1372643851185164428) in 2.36s by miha.19.86 (590447400254963715) 40
INFO        2025-05-15 14:36:40.294378 EST  enter_information_button : Sent the Questions modal to miha.19.86 (590447400254963715)
INFO        2025-05-15 14:36:51.852475 EST  wrapper         : Send Ticketlog completed in 1.54s
INFO        2025-05-15 14:37:11.381222 EST  on_submit       : miha.19.86 (590447400254963715) updated the embed with question answers in #miha1986-ticket-164019 (1372643851185164428)
INFO        2025-05-15 14:37:20.151911 EST  wrapper         : Send Ticketlog completed in 0.44s
INFO        2025-05-15 14:37:40.139650 EST  wrapper         : Rename Command completed in 0.64s
INFO        2025-05-15 14:37:48.542801 EST  wrapper         : Rename Command completed in 0.69s
INFO        2025-05-15 14:37:54.897587 EST  new_ticket      : Created #shiverer-ticket-164020 (1372644174712672256) in 2.28s by shiverer (662716812164595732) 39
INFO        2025-05-15 14:37:56.636788 EST  enter_information_button : Sent the Questions modal to shiverer (662716812164595732)
INFO        2025-05-15 14:37:59.760814 EST  wrapper         : Send Ticketlog completed in 0.49s
INFO        2025-05-15 14:38:04.907382 EST  on_submit       : shiverer (662716812164595732) updated the embed with question answers in #shiverer-ticket-164020 (1372644174712672256)
INFO        2025-05-15 14:40:05.198825 EST  wrapper         : Send Ticketlog completed in 0.36s
INFO        2025-05-15 14:40:47.629330 EST  wrapper         : Send Ticketlog completed in 0.35s
INFO        2025-05-15 14:41:30.601519 EST  new_ticket      : Created #asta1541-ticket-164021 (1372645078136520765) in 2.64s by asta1541 (977208815944622081) 37
WARNING     2025-05-15 14:41:37.036027 EST  check_verified  : itsmetwizzy (1162494601093992539) is not verified and tried to open a ticket
WARNING     2025-05-15 14:42:00.905320 EST  check_verified  : itsmetwizzy (1162494601093992539) is not verified and tried to open a ticket
INFO        2025-05-15 14:42:03.704371 EST  wrapper         : Send Ticketlog completed in 0.49s
INFO        2025-05-15 14:42:31.155663 EST  wrapper         : Send Ticketlog completed in 0.58s
INFO        2025-05-15 14:43:01.637650 EST  wrapper         : Send Ticketlog completed in 0.79s
INFO        2025-05-15 14:43:19.101717 EST  wrapper         : Send Ticketlog completed in 0.46s
INFO        2025-05-15 14:43:48.711581 EST  wrapper         : Send Ticketlog completed in 0.5s
INFO        2025-05-15 14:57:53.806026 EST  wrapper         : Rename Command completed in 0.6s
INFO        2025-05-15 14:59:46.935416 EST  new_ticket      : Created #cromeey37-ticket-164022 (1372649677723271308) in 2.21s by cromeey37 (1278680219879997560) 33
INFO        2025-05-15 14:59:48.774309 EST  enter_information_button : Sent the Questions modal to cromeey37 (1278680219879997560)
INFO        2025-05-15 15:00:04.171724 EST  on_submit       : cromeey37 (1278680219879997560) updated the embed with question answers in #cromeey37-ticket-164022 (1372649677723271308)
INFO        2025-05-15 15:00:33.126055 EST  wrapper         : Send Ticketlog completed in 0.77s
INFO        2025-05-15 15:00:57.690460 EST  new_ticket      : Created #danielem42-ticket-164023 (1372649974969532456) in 2.18s by danielem42 (1008636422426742806) 33
INFO        2025-05-15 15:01:00.189078 EST  enter_information_button : Sent the Questions modal to danielem42 (1008636422426742806)
INFO        2025-05-15 15:02:41.482062 EST  on_submit       : danielem42 (1008636422426742806) updated the embed with question answers in #danielem42-ticket-164023 (1372649974969532456)
INFO        2025-05-15 15:09:39.358539 EST  new_ticket      : Created #clearlol1235467-ticket-164024 (1372652163301376051) in 2.12s by clearlol1235467 (772548341921480714) 34
INFO        2025-05-15 15:09:40.707632 EST  enter_information_button : Sent the Questions modal to clearlol1235467 (772548341921480714)
INFO        2025-05-15 15:09:56.293727 EST  on_submit       : clearlol1235467 (772548341921480714) updated the embed with question answers in #clearlol1235467-ticket-164024 (1372652163301376051)
INFO        2025-05-15 15:14:03.156907 EST  new_ticket      : Created #sarah_cameron_the_badest-ticket-164025 (1372653270278996089) in 1.93s by sarah_cameron_the_badest (1362540561906663454) 35
INFO        2025-05-15 15:14:08.265618 EST  enter_information_button : Sent the Questions modal to sarah_cameron_the_badest (1362540561906663454)
INFO        2025-05-15 15:15:12.538899 EST  on_submit       : sarah_cameron_the_badest (1362540561906663454) updated the embed with question answers in #sarah_cameron_the_badest-ticket-164025 (1372653270278996089)
WARNING     2025-05-15 15:15:54.538173 EST  wrapper         : Create Ticket took a long time to complete and finished in 3.67s
INFO        2025-05-15 15:15:54.613217 EST  new_ticket      : Created #briitt-ticket-164026 (1372653735490228355) in 3.97s by briitt (560221074244239381) 36
WARNING     2025-05-15 15:15:54.613641 EST  wrapper         : New Ticket took a long time to complete and finished in 4.13s
INFO        2025-05-15 15:16:00.036586 EST  enter_information_button : Sent the Questions modal to briitt (560221074244239381)
INFO        2025-05-15 15:17:07.975696 EST  on_submit       : briitt (560221074244239381) updated the embed with question answers in #briitt-ticket-164026 (1372653735490228355)
INFO        2025-05-15 15:20:47.400945 EST  new_ticket      : Created #mmareply-ticket-164027 (1372654965088194683) in 2.14s by mmareply (492028532428636162) 37
INFO        2025-05-15 15:20:58.185905 EST  enter_information_button : Sent the Questions modal to mmareply (492028532428636162)
INFO        2025-05-15 15:21:13.513657 EST  on_submit       : mmareply (492028532428636162) updated the embed with question answers in #mmareply-ticket-164027 (1372654965088194683)
WARNING     2025-05-15 15:30:09.747908 EST  wrapper         : Create Ticket took a long time to complete and finished in 5.12s
INFO        2025-05-15 15:30:09.830176 EST  new_ticket      : Created #payloy-ticket-164028 (1372657316943626340) in 5.55s by payloy (810233863287603200) 38
WARNING     2025-05-15 15:30:09.830449 EST  wrapper         : New Ticket took a long time to complete and finished in 5.74s
WARNING     2025-05-15 15:30:25.546042 EST  wrapper         : Set Permissions took a long time to complete and finished in 3.47s
WARNING     2025-05-15 15:30:26.080204 EST  wrapper         : Move Command took a long time to complete and finished in 4.78s
INFO        2025-05-15 15:30:26.740639 EST  enter_information_button : Sent the Questions modal to payloy (810233863287603200)
INFO        2025-05-15 15:32:29.321838 EST  on_submit       : payloy (810233863287603200) updated the embed with question answers in #payloy-ticket-164028 (1372657316943626340)
INFO        2025-05-15 15:36:58.266135 EST  wrapper         : Ticket Logs Command completed in 0.75s
INFO        2025-05-15 15:47:56.708177 EST  new_ticket      : Created #igbkotp-ticket-164029 (1372661798263849000) in 2.25s by igbkotp (687470171107098722) 39
INFO        2025-05-15 15:47:59.975215 EST  enter_information_button : Sent the Questions modal to igbkotp (687470171107098722)
INFO        2025-05-15 15:48:00.028214 EST  wrapper         : Send Ticketlog completed in 0.51s
INFO        2025-05-15 15:48:42.638029 EST  on_submit       : igbkotp (687470171107098722) updated the embed with question answers in #igbkotp-ticket-164029 (1372661798263849000)
INFO        2025-05-15 15:48:52.984764 EST  wrapper         : Send Ticketlog completed in 0.67s
INFO        2025-05-15 15:49:03.869564 EST  wrapper         : Send Ticketlog completed in 0.45s
INFO        2025-05-15 15:55:21.675276 EST  wrapper         : Send Ticketlog completed in 0.52s
INFO        2025-05-15 15:56:31.592207 EST  new_ticket      : Created #thegoat123458-ticket-164030 (1372663958519025674) in 2.36s by thegoat123458 (832663463167262780) 36
INFO        2025-05-15 15:56:34.529655 EST  enter_information_button : Sent the Questions modal to thegoat123458 (832663463167262780)
INFO        2025-05-15 15:56:56.603220 EST  wrapper         : Rename Command completed in 0.5s
WARNING     2025-05-15 15:57:01.904577 EST  wrapper         : Move Command took a long time to complete and finished in 3.17s
INFO        2025-05-15 15:57:13.917336 EST  wrapper         : Rename Command completed in 0.5s
INFO        2025-05-15 15:57:54.334438 EST  wrapper         : Send Ticketlog completed in 0.53s
INFO        2025-05-15 15:58:05.833022 EST  on_submit       : thegoat123458 (832663463167262780) updated the embed with question answers in #thegoat123458-ticket-164030 (1372663958519025674)
INFO        2025-05-15 15:58:58.158112 EST  wrapper         : Send Ticketlog completed in 0.51s
INFO        2025-05-15 15:59:16.983909 EST  wrapper         : Send Ticketlog completed in 0.48s
INFO        2025-05-15 16:02:25.984908 EST  wrapper         : Send Ticketlog completed in 0.71s
INFO        2025-05-15 16:02:44.579861 EST  wrapper         : Send Ticketlog completed in 0.34s
INFO        2025-05-15 16:08:34.862029 EST  new_ticket      : Created #vinix__1-ticket-164031 (1372666989105123509) in 2.74s by vinix__1 (1101136988612087909) 32
INFO        2025-05-15 16:08:36.651864 EST  enter_information_button : Sent the Questions modal to vinix__1 (1101136988612087909)
INFO        2025-05-15 16:10:16.776515 EST  on_submit       : vinix__1 (1101136988612087909) updated the embed with question answers in #vinix__1-ticket-164031 (1372666989105123509)
INFO        2025-05-15 16:10:32.070346 EST  wrapper         : Send Ticketlog completed in 0.49s
INFO        2025-05-15 16:10:57.824692 EST  wrapper         : Send Ticketlog completed in 0.54s
INFO        2025-05-15 16:11:27.925787 EST  wrapper         : Send Ticketlog completed in 0.7s
INFO        2025-05-15 16:12:56.519071 EST  new_ticket      : Created #chnke-ticket-164032 (1372668090642337823) in 1.78s by chnke. (844240622649999420) 30
INFO        2025-05-15 16:12:58.594851 EST  enter_information_button : Sent the Questions modal to chnke. (844240622649999420)
INFO        2025-05-15 16:13:17.507748 EST  new_ticket      : Created #oxy7z-ticket-164033 (1372668177367957598) in 2.24s by oxy7z (830083206362431489) 31
INFO        2025-05-15 16:13:18.702952 EST  enter_information_button : Sent the Questions modal to oxy7z (830083206362431489)
INFO        2025-05-15 16:13:19.623952 EST  on_submit       : chnke. (844240622649999420) updated the embed with question answers in #chnke-ticket-164032 (1372668090642337823)
INFO        2025-05-15 16:13:35.806928 EST  enter_information_button : Sent the Questions modal to oxy7z (830083206362431489)
INFO        2025-05-15 16:13:50.941823 EST  on_submit       : oxy7z (830083206362431489) updated the embed with question answers in #oxy7z-ticket-164033 (1372668177367957598)
INFO        2025-05-15 16:14:39.622347 EST  wrapper         : Send Ticketlog completed in 0.5s
INFO        2025-05-15 16:17:25.272855 EST  new_ticket      : Created #futurelegacy-ticket-164034 (1372669215894667354) in 2.51s by futurelegacy (953281733640482858) 31
INFO        2025-05-15 16:17:28.123851 EST  enter_information_button : Sent the Questions modal to futurelegacy (953281733640482858)
INFO        2025-05-15 16:17:42.967014 EST  on_submit       : futurelegacy (953281733640482858) updated the embed with question answers in #futurelegacy-ticket-164034 (1372669215894667354)
INFO        2025-05-15 16:19:33.266713 EST  request_tickets : Sent the 📨 button to payloy (810233863287603200)
INFO        2025-05-15 16:20:37.866627 EST  new_ticket      : Created #cromeey37-ticket-164035 (1372670023524417576) in 2.54s by cromeey37 (1278680219879997560) 32
INFO        2025-05-15 16:20:40.060465 EST  enter_information_button : Sent the Questions modal to cromeey37 (1278680219879997560)
INFO        2025-05-15 16:20:43.022819 EST  on_submit       : cromeey37 (1278680219879997560) updated the embed with question answers in #cromeey37-ticket-164035 (1372670023524417576)
INFO        2025-05-15 16:21:24.756254 EST  wrapper         : Send Ticketlog completed in 0.49s
INFO        2025-05-15 16:22:13.553782 EST  new_ticket      : Created #hoodturtle-ticket-164036 (1372670425678483627) in 2.2s by hoodturtle (216705614783447041) 32
INFO        2025-05-15 16:22:15.410020 EST  enter_information_button : Sent the Questions modal to hoodturtle (216705614783447041)
INFO        2025-05-15 16:22:20.370603 EST  on_submit       : hoodturtle (216705614783447041) updated the embed with question answers in #hoodturtle-ticket-164036 (1372670425678483627)
INFO        2025-05-15 16:22:54.172205 EST  wrapper         : Send Ticketlog completed in 0.49s
INFO        2025-05-15 16:25:38.013675 EST  new_ticket      : Created #ronron100-ticket-164037 (1372671282407145505) in 2.26s by ronron100 (182086495367200768) 32
INFO        2025-05-15 16:25:41.472693 EST  enter_information_button : Sent the Questions modal to ronron100 (182086495367200768)
INFO        2025-05-15 16:25:46.921959 EST  on_submit       : ronron100 (182086495367200768) updated the embed with question answers in #ronron100-ticket-164037 (1372671282407145505)
INFO        2025-05-15 16:26:55.146755 EST  new_ticket      : Created #loosin-ticket-164038 (1372671606035320965) in 2.57s by loosin (347473773613809684) 33
INFO        2025-05-15 16:26:56.849832 EST  enter_information_button : Sent the Questions modal to loosin (347473773613809684)
INFO        2025-05-15 16:27:06.282268 EST  on_submit       : loosin (347473773613809684) updated the embed with question answers in #loosin-ticket-164038 (1372671606035320965)
INFO        2025-05-15 16:28:46.650466 EST  new_ticket      : Created #thegoat123458-ticket-164039 (1372672074879078466) in 2.16s by thegoat123458 (832663463167262780) 34
INFO        2025-05-15 16:28:49.049854 EST  enter_information_button : Sent the Questions modal to thegoat123458 (832663463167262780)
INFO        2025-05-15 16:29:36.002934 EST  on_submit       : thegoat123458 (832663463167262780) updated the embed with question answers in #thegoat123458-ticket-164039 (1372672074879078466)
INFO        2025-05-15 16:31:01.594960 EST  wrapper         : Send Ticketlog completed in 0.69s
INFO        2025-05-15 16:37:14.611309 EST  new_ticket      : Created #peppa1565-ticket-164040 (1372674204209512539) in 2.43s by peppa1565 (684272529195401217) 34
INFO        2025-05-15 16:37:16.126705 EST  enter_information_button : Sent the Questions modal to peppa1565 (684272529195401217)
INFO        2025-05-15 16:37:30.818216 EST  wrapper         : Send Ticketlog completed in 1.64s
INFO        2025-05-15 16:39:07.122952 EST  on_submit       : peppa1565 (684272529195401217) updated the embed with question answers in #peppa1565-ticket-164040 (1372674204209512539)
INFO        2025-05-15 16:43:07.369970 EST  wrapper         : Send Ticketlog completed in 0.54s
INFO        2025-05-15 16:44:38.134151 EST  wrapper         : Send Ticketlog completed in 0.46s
INFO        2025-05-15 16:45:05.365125 EST  wrapper         : Rename Command completed in 0.49s
INFO        2025-05-15 16:45:18.747043 EST  wrapper         : Send Ticketlog completed in 0.7s
INFO        2025-05-15 16:46:43.303314 EST  wrapper         : Send Ticketlog completed in 0.62s
INFO        2025-05-15 17:00:28.416927 EST  wrapper         : Send Ticketlog completed in 0.75s
INFO        2025-05-15 17:00:34.102517 EST  wrapper         : Rename Command completed in 0.67s
INFO        2025-05-15 17:00:37.985977 EST  wrapper         : Move Command completed in 2.89s
INFO        2025-05-15 17:00:50.689044 EST  wrapper         : Send Ticketlog completed in 0.42s
INFO        2025-05-15 17:01:01.354874 EST  wrapper         : Send Ticketlog completed in 0.61s
WARNING     2025-05-15 17:01:05.347768 EST  send_ticket_log : Failed to send ticket log: 403 Forbidden (error code: 50007): Cannot send messages to this user
INFO        2025-05-15 17:01:05.348109 EST  wrapper         : Send Ticketlog completed in 0.67s
WARNING     2025-05-15 17:01:39.236371 EST  send_ticket_log : Failed to send ticket log: 403 Forbidden (error code: 50007): Cannot send messages to this user
INFO        2025-05-15 17:01:39.236999 EST  wrapper         : Send Ticketlog completed in 0.33s
INFO        2025-05-15 17:03:33.351260 EST  wrapper         : Send Ticketlog completed in 0.4s
INFO        2025-05-15 17:04:00.077884 EST  new_ticket      : Created #blue1885-ticket-164041 (1372680939829985341) in 1.95s by blue1885 (460966144304611329) 24
INFO        2025-05-15 17:04:05.345819 EST  new_ticket      : Created #blue1885-ticket-164042 (1372680960281149631) in 2.31s by blue1885 (460966144304611329) 25
INFO        2025-05-15 17:04:09.093726 EST  enter_information_button : Sent the Questions modal to blue1885 (460966144304611329)
INFO        2025-05-15 17:06:49.240443 EST  on_submit       : blue1885 (460966144304611329) updated the embed with question answers in #blue1885-ticket-164042 (1372680960281149631)
INFO        2025-05-15 17:09:45.599779 EST  new_ticket      : Created #hoodturtle-ticket-164043 (1372682385841192991) in 2.86s by hoodturtle (216705614783447041) 26
WARNING     2025-05-15 17:09:45.600517 EST  wrapper         : New Ticket took a long time to complete and finished in 3.08s
INFO        2025-05-15 17:09:47.122991 EST  enter_information_button : Sent the Questions modal to hoodturtle (216705614783447041)
INFO        2025-05-15 17:09:51.292133 EST  on_submit       : hoodturtle (216705614783447041) updated the embed with question answers in #hoodturtle-ticket-164043 (1372682385841192991)
WARNING     2025-05-15 17:10:54.270045 EST  check_disabled  : stopdying (331526879569772544) tried to open a KitMap Support ticket when it is disabled
WARNING     2025-05-15 17:11:06.070412 EST  check_disabled  : stopdying (331526879569772544) tried to open a KitMap Support ticket when it is disabled
WARNING     2025-05-15 17:11:08.878890 EST  check_disabled  : stopdying (331526879569772544) tried to open a KitMap Support ticket when it is disabled
WARNING     2025-05-15 17:11:16.834569 EST  wrapper         : Create Ticket took a long time to complete and finished in 3.14s
INFO        2025-05-15 17:11:16.909064 EST  new_ticket      : Created #stopdying-ticket-164044 (1372682765773836408) in 3.47s by stopdying (331526879569772544) 27
WARNING     2025-05-15 17:11:16.909368 EST  wrapper         : New Ticket took a long time to complete and finished in 3.79s
INFO        2025-05-15 17:11:17.802068 EST  enter_information_button : Sent the Questions modal to stopdying (331526879569772544)
INFO        2025-05-15 17:11:22.714799 EST  on_submit       : stopdying (331526879569772544) updated the embed with question answers in #stopdying-ticket-164044 (1372682765773836408)
WARNING     2025-05-15 17:13:07.519743 EST  check_disabled  : o.walah (747546502884360233) tried to open a KitMap Support ticket when it is disabled
WARNING     2025-05-15 17:20:20.312315 EST  check_disabled  : ronron100 (182086495367200768) tried to open a KitMap Support ticket when it is disabled
INFO        2025-05-15 17:20:31.939442 EST  request_tickets : Sent the 📨 button to restorable (714687115514085473)
INFO        2025-05-15 17:20:56.125500 EST  request_tickets : Sent the 📨 button to restorable (714687115514085473)
INFO        2025-05-15 17:21:17.871605 EST  wrapper         : Rename Command completed in 0.53s
INFO        2025-05-15 17:21:22.030904 EST  wrapper         : Send Ticketlog completed in 0.3s
INFO        2025-05-15 17:21:24.587641 EST  wrapper         : Send Ticketlog completed in 0.53s
WARNING     2025-05-15 17:21:55.946073 EST  check_disabled  : ronron100 (182086495367200768) tried to open a KitMap Support ticket when it is disabled
INFO        2025-05-15 17:23:07.754283 EST  wrapper         : Rename Command completed in 0.6s
INFO        2025-05-15 17:30:51.153190 EST  new_ticket      : Created #owalah-ticket-164045 (1372687695087796295) in 2.58s by o.walah (747546502884360233) 26
INFO        2025-05-15 17:30:56.157197 EST  enter_information_button : Sent the Questions modal to o.walah (747546502884360233)
INFO        2025-05-15 17:31:04.831748 EST  on_submit       : o.walah (747546502884360233) updated the embed with question answers in #owalah-ticket-164045 (1372687695087796295)
INFO        2025-05-15 17:36:14.687308 EST  new_ticket      : Created #ericzx-ticket-164046 (1372689053262282822) in 2.16s by .ericzx (380157369176555542) 27
INFO        2025-05-15 17:36:26.573693 EST  enter_information_button : Sent the Questions modal to .ericzx (380157369176555542)
INFO        2025-05-15 17:36:30.285691 EST  new_ticket      : Created #khaos5298-ticket-164047 (1372689118336913434) in 2.24s by khaos5298 (778752099683926037) 28
INFO        2025-05-15 17:36:30.330418 EST  on_submit       : .ericzx (380157369176555542) updated the embed with question answers in #ericzx-ticket-164046 (1372689053262282822)
INFO        2025-05-15 17:36:32.500386 EST  enter_information_button : Sent the Questions modal to khaos5298 (778752099683926037)
INFO        2025-05-15 17:37:45.870851 EST  request_tickets : Sent the 📨 button to imponent (257170133724692480)
INFO        2025-05-15 17:42:28.512234 EST  on_submit       : khaos5298 (778752099683926037) updated the embed with question answers in #khaos5298-ticket-164047 (1372689118336913434)
INFO        2025-05-15 17:44:39.452673 EST  wrapper         : Rename Command completed in 0.62s
WARNING     2025-05-15 17:45:26.867480 EST  check_disabled  : demarkess (885515550556553316) tried to open a KitMap Support ticket when it is disabled
WARNING     2025-05-15 17:45:50.083124 EST  check_disabled  : demarkess (885515550556553316) tried to open a KitMap Support ticket when it is disabled
WARNING     2025-05-15 17:50:56.737513 EST  check_disabled  : demarkess (885515550556553316) tried to open a KitMap Support ticket when it is disabled
INFO        2025-05-15 17:57:14.286965 EST  new_ticket      : Created #angel_183737911-ticket-164048 (1372694337221165129) in 1.89s by angel_183737911 (1175303111422775318) 29
INFO        2025-05-15 17:57:18.684444 EST  enter_information_button : Sent the Questions modal to angel_183737911 (1175303111422775318)
INFO        2025-05-15 17:57:39.080368 EST  on_submit       : angel_183737911 (1175303111422775318) updated the embed with question answers in #angel_183737911-ticket-164048 (1372694337221165129)
INFO        2025-05-15 18:04:07.791420 EST  new_ticket      : Created #xclnuser-ticket-164049 (1372696071092043816) in 2.18s by xclnuser (1048671485671264426) 30
INFO        2025-05-15 18:04:13.864624 EST  enter_information_button : Sent the Questions modal to xclnuser (1048671485671264426)
INFO        2025-05-15 18:05:03.731047 EST  new_ticket      : Created #tbkouko-ticket-164050 (1372696306157621339) in 1.87s by tbkouko (285518527564218368) 31
INFO        2025-05-15 18:05:06.359054 EST  enter_information_button : Sent the Questions modal to tbkouko (285518527564218368)
INFO        2025-05-15 18:05:21.129462 EST  on_submit       : xclnuser (1048671485671264426) updated the embed with question answers in #xclnuser-ticket-164049 (1372696071092043816)
INFO        2025-05-15 18:05:22.974193 EST  on_submit       : tbkouko (285518527564218368) updated the embed with question answers in #tbkouko-ticket-164050 (1372696306157621339)
WARNING     2025-05-15 18:12:00.498163 EST  check_disabled  : sanamo (837793755838939157) tried to open a KitMap Support ticket when it is disabled
WARNING     2025-05-15 18:13:22.093645 EST  check_disabled  : demarkess (885515550556553316) tried to open a KitMap Support ticket when it is disabled
INFO        2025-05-15 18:25:23.118276 EST  new_ticket      : Created #dedezz-ticket-164051 (1372701420045733969) in 2.1s by dedezz (377145471073779712) 32
INFO        2025-05-15 18:25:24.998869 EST  enter_information_button : Sent the Questions modal to dedezz (377145471073779712)
INFO        2025-05-15 18:25:30.651669 EST  on_submit       : dedezz (377145471073779712) updated the embed with question answers in #dedezz-ticket-164051 (1372701420045733969)
INFO        2025-05-15 18:41:30.504386 EST  new_ticket      : Created #44kdd-ticket-164052 (1372705478382981251) in 1.81s by 44kdd (753440314076954634) 33
INFO        2025-05-15 18:41:35.242711 EST  enter_information_button : Sent the Questions modal to 44kdd (753440314076954634)
INFO        2025-05-15 18:42:18.441737 EST  on_submit       : 44kdd (753440314076954634) updated the embed with question answers in #44kdd-ticket-164052 (1372705478382981251)
INFO        2025-05-15 18:44:59.629230 EST  new_ticket      : Created #wtmike-ticket-164053 (1372706355647090708) in 1.75s by wtmike. (793301572557864980) 34
INFO        2025-05-15 18:45:01.786041 EST  enter_information_button : Sent the Questions modal to wtmike. (793301572557864980)
INFO        2025-05-15 18:46:19.337745 EST  on_submit       : wtmike. (793301572557864980) updated the embed with question answers in #wtmike-ticket-164053 (1372706355647090708)
INFO        2025-05-15 18:50:53.129930 EST  new_ticket      : Created #sweatybomb-ticket-164054 (1372707835892465744) in 2.65s by sweatybomb (223949506989916170) 35
INFO        2025-05-15 18:51:32.255158 EST  wrapper         : Send Ticketlog completed in 0.49s
INFO        2025-05-15 18:51:53.608764 EST  enter_information_button : Sent the Questions modal to sweatybomb (223949506989916170)
INFO        2025-05-15 18:51:59.447068 EST  on_submit       : sweatybomb (223949506989916170) updated the embed with question answers in #sweatybomb-ticket-164054 (1372707835892465744)
INFO        2025-05-15 18:52:05.908696 EST  wrapper         : Rename Command completed in 0.43s
INFO        2025-05-15 18:53:15.601776 EST  new_ticket      : Created #sweatybomb-ticket-164055 (1372708434591617115) in 2.16s by sweatybomb (223949506989916170) 35
INFO        2025-05-15 18:53:22.767694 EST  enter_information_button : Sent the Questions modal to sweatybomb (223949506989916170)
INFO        2025-05-15 18:53:25.356269 EST  wrapper         : Send Ticketlog completed in 0.66s
INFO        2025-05-15 18:53:32.340740 EST  on_submit       : sweatybomb (223949506989916170) updated the embed with question answers in #sweatybomb-ticket-164055 (1372708434591617115)
INFO        2025-05-15 18:54:00.152242 EST  wrapper         : Send Ticketlog completed in 0.64s
WARNING     2025-05-15 18:54:07.055240 EST  check_disabled  : tag1919. (729021593035997185) tried to open a KitMap Support ticket when it is disabled
INFO        2025-05-15 19:07:18.199283 EST  new_ticket      : Created #xclnuser-ticket-164056 (1372711968468766850) in 2.26s by xclnuser (1048671485671264426) 34
INFO        2025-05-15 19:07:31.645945 EST  enter_information_button : Sent the Questions modal to xclnuser (1048671485671264426)
INFO        2025-05-15 19:08:11.342796 EST  on_submit       : xclnuser (1048671485671264426) updated the embed with question answers in #xclnuser-ticket-164056 (1372711968468766850)
INFO        2025-05-15 19:10:56.351388 EST  wrapper         : Send Ticketlog completed in 0.44s
INFO        2025-05-15 19:12:34.756478 EST  new_ticket      : Created #xxthfrostxx_26077-ticket-164057 (1372713296624615505) in 2.13s by xxthfrostxx_26077 (1308291506578391042) 34
INFO        2025-05-15 19:12:55.345795 EST  enter_information_button : Sent the Questions modal to xxthfrostxx_26077 (1308291506578391042)
INFO        2025-05-15 19:13:40.433010 EST  on_submit       : xxthfrostxx_26077 (1308291506578391042) updated the embed with question answers in #xxthfrostxx_26077-ticket-164057 (1372713296624615505)
INFO        2025-05-15 19:23:21.971349 EST  new_ticket      : Created #gokaln-ticket-164058 (1372716010062217287) in 2.46s by gokaln (564074182435012611) 35
INFO        2025-05-15 19:23:23.924904 EST  enter_information_button : Sent the Questions modal to gokaln (564074182435012611)
INFO        2025-05-15 19:24:07.485292 EST  on_submit       : gokaln (564074182435012611) updated the embed with question answers in #gokaln-ticket-164058 (1372716010062217287)
INFO        2025-05-15 19:29:24.078037 EST  new_ticket      : Created #sweatybomb-ticket-164059 (1372717529692377161) in 2.14s by sweatybomb (223949506989916170) 36
INFO        2025-05-15 19:29:26.685501 EST  enter_information_button : Sent the Questions modal to sweatybomb (223949506989916170)
INFO        2025-05-15 19:30:44.551722 EST  on_submit       : sweatybomb (223949506989916170) updated the embed with question answers in #sweatybomb-ticket-164059 (1372717529692377161)
INFO        2025-05-15 19:31:49.418264 EST  new_ticket      : Created #xnv280-ticket-164060 (1372718138424168543) in 2.62s by xnv280 (1027886117506265091) 37
INFO        2025-05-15 19:31:51.885500 EST  enter_information_button : Sent the Questions modal to xnv280 (1027886117506265091)
INFO        2025-05-15 19:32:14.911444 EST  on_submit       : xnv280 (1027886117506265091) updated the embed with question answers in #xnv280-ticket-164060 (1372718138424168543)
INFO        2025-05-15 19:34:10.281491 EST  new_ticket      : Created #96266-ticket-164061 (1372718730571677798) in 2.07s by 96266 (1188713879497363458) 38
INFO        2025-05-15 19:34:16.241199 EST  enter_information_button : Sent the Questions modal to 96266 (1188713879497363458)
INFO        2025-05-15 19:34:23.972626 EST  on_submit       : 96266 (1188713879497363458) updated the embed with question answers in #96266-ticket-164061 (1372718730571677798)
INFO        2025-05-15 19:44:04.759222 EST  new_ticket      : Created #noemmijmaarpiet-ticket-164062 (1372721222437179489) in 2.67s by noemmijmaarpiet (303555101094707200) 39
INFO        2025-05-15 19:44:08.736468 EST  enter_information_button : Sent the Questions modal to noemmijmaarpiet (303555101094707200)
INFO        2025-05-15 19:44:46.818211 EST  on_submit       : noemmijmaarpiet (303555101094707200) updated the embed with question answers in #noemmijmaarpiet-ticket-164062 (1372721222437179489)
WARNING     2025-05-15 19:52:27.415244 EST  check_disabled  : ivarklugt (614178616280088576) tried to open a KitMap Support ticket when it is disabled
INFO        2025-05-15 19:53:10.964894 EST  new_ticket      : Created #noob4848484-ticket-164063 (1372723515723223143) in 1.89s by noob4848484 (607979172291411999) 40
INFO        2025-05-15 19:53:14.501523 EST  enter_information_button : Sent the Questions modal to noob4848484 (607979172291411999)
INFO        2025-05-15 19:53:32.225229 EST  on_submit       : noob4848484 (607979172291411999) updated the embed with question answers in #noob4848484-ticket-164063 (1372723515723223143)
INFO        2025-05-15 19:55:59.379373 EST  new_ticket      : Created #jajajjaajajaa-ticket-164064 (1372724220706033735) in 2.23s by jajajjaajajaa (424331691230887938) 41
INFO        2025-05-15 19:56:18.915664 EST  enter_information_button : Sent the Questions modal to jajajjaajajaa (424331691230887938)
INFO        2025-05-15 19:56:26.259375 EST  on_submit       : jajajjaajajaa (424331691230887938) updated the embed with question answers in #jajajjaajajaa-ticket-164064 (1372724220706033735)
INFO        2025-05-15 19:58:52.913095 EST  wrapper         : Send Ticketlog completed in 0.77s
WARNING     2025-05-15 19:59:55.065168 EST  check_disabled  : ivarklugt (614178616280088576) tried to open a KitMap Support ticket when it is disabled
WARNING     2025-05-15 20:02:45.823047 EST  check_disabled  : ivarklugt (614178616280088576) tried to open a KitMap Support ticket when it is disabled
WARNING     2025-05-15 20:12:06.729419 EST  check_3_tickets : sweatybomb (223949506989916170) has 3 tickets open and tried to open a ticket
WARNING     2025-05-15 20:12:30.321522 EST  check_disabled  : ivarklugt (614178616280088576) tried to open a KitMap Support ticket when it is disabled
INFO        2025-05-15 20:13:34.368587 EST  wrapper         : Rename Command completed in 0.56s
INFO        2025-05-15 20:13:37.342592 EST  wrapper         : Private Command completed in 2.59s
INFO        2025-05-15 20:14:15.434659 EST  new_ticket      : Created #ivarklugt-ticket-164065 (1372728813099683860) in 3.31s by ivarklugt (614178616280088576) 41
WARNING     2025-05-15 20:14:15.435312 EST  wrapper         : New Ticket took a long time to complete and finished in 3.57s
INFO        2025-05-15 20:14:20.495262 EST  enter_information_button : Sent the Questions modal to ivarklugt (614178616280088576)
INFO        2025-05-15 20:14:56.312729 EST  on_submit       : ivarklugt (614178616280088576) updated the embed with question answers in #ivarklugt-ticket-164065 (1372728813099683860)
INFO        2025-05-15 20:19:49.627652 EST  wrapper         : Move Command completed in 2.85s
INFO        2025-05-15 20:39:34.745925 EST  new_ticket      : Created #geneticpanic04-ticket-164066 (1372735191092822098) in 2.18s by geneticpanic04 (495718323246596127) 42
INFO        2025-05-15 20:39:36.746750 EST  enter_information_button : Sent the Questions modal to geneticpanic04 (495718323246596127)
INFO        2025-05-15 20:41:30.098258 EST  on_submit       : geneticpanic04 (495718323246596127) updated the embed with question answers in #geneticpanic04-ticket-164066 (1372735191092822098)
INFO        2025-05-15 20:46:15.516607 EST  new_ticket      : Created #kos4ever-ticket-164067 (1372736871364300890) in 2.42s by kos4ever (1086791650992476241) 43
INFO        2025-05-15 20:46:36.672679 EST  enter_information_button : Sent the Questions modal to kos4ever (1086791650992476241)
INFO        2025-05-15 20:47:07.247285 EST  enter_information_button : Sent the Questions modal to kos4ever (1086791650992476241)
INFO        2025-05-15 20:47:25.554804 EST  on_submit       : kos4ever (1086791650992476241) updated the embed with question answers in #kos4ever-ticket-164067 (1372736871364300890)
INFO        2025-05-15 21:02:59.667283 EST  wrapper         : Send Ticketlog completed in 0.39s
INFO        2025-05-15 21:05:40.130125 EST  new_ticket      : Created #dla300-ticket-164068 (1372741757149646879) in 1.9s by dla300 (913831450154008588) 43
INFO        2025-05-15 21:05:41.314411 EST  enter_information_button : Sent the Questions modal to dla300 (913831450154008588)
INFO        2025-05-15 21:06:07.364501 EST  on_submit       : dla300 (913831450154008588) updated the embed with question answers in #dla300-ticket-164068 (1372741757149646879)
INFO        2025-05-15 21:16:14.107347 EST  wrapper         : Send Ticketlog completed in 1.06s
INFO        2025-05-15 21:25:09.335593 EST  wrapper         : Send Ticketlog completed in 0.41s
INFO        2025-05-15 21:27:19.245168 EST  wrapper         : Rename Command completed in 0.79s
WARNING     2025-05-15 21:27:49.553602 EST  wrapper         : Send Ticketlog took a long time to complete and finished in 3.02s
WARNING     2025-05-15 21:27:50.141120 EST  wrapper         : Close Command took a long time to complete and finished in 4.56s
INFO        2025-05-15 21:41:04.508184 EST  new_ticket      : Created #dracothe-ticket-164069 (1372750666878947368) in 2.19s by dracothe (770364845505511454) 41
INFO        2025-05-15 21:41:08.117143 EST  enter_information_button : Sent the Questions modal to dracothe (770364845505511454)
INFO        2025-05-15 21:41:35.002382 EST  on_submit       : dracothe (770364845505511454) updated the embed with question answers in #dracothe-ticket-164069 (1372750666878947368)
INFO        2025-05-15 22:24:45.522943 EST  new_ticket      : Created #alexrcasi-ticket-164070 (1372761659956793404) in 2.37s by alexrcasi (554303102564696075) 42
INFO        2025-05-15 22:24:47.770905 EST  enter_information_button : Sent the Questions modal to alexrcasi (554303102564696075)
INFO        2025-05-15 22:25:36.825215 EST  new_ticket      : Created #extinctman1-ticket-164071 (1372761875972096040) in 1.8s by extinctman1 (348733938656608257) 43
INFO        2025-05-15 22:25:44.092967 EST  enter_information_button : Sent the Questions modal to extinctman1 (348733938656608257)
INFO        2025-05-15 22:26:14.922440 EST  on_submit       : extinctman1 (348733938656608257) updated the embed with question answers in #extinctman1-ticket-164071 (1372761875972096040)
INFO        2025-05-15 22:27:10.347775 EST  on_submit       : alexrcasi (554303102564696075) updated the embed with question answers in #alexrcasi-ticket-164070 (1372761659956793404)
WARNING     2025-05-15 22:43:47.340048 EST  check_disabled  : .goetta (549011125380055072) tried to open a KitMap Support ticket when it is disabled
INFO        2025-05-15 22:43:53.896935 EST  new_ticket      : Created #goetta-ticket-164072 (1372766476322213951) in 2.2s by .goetta (549011125380055072) 44
INFO        2025-05-15 22:43:55.771640 EST  enter_information_button : Sent the Questions modal to .goetta (549011125380055072)
INFO        2025-05-15 22:44:28.131873 EST  on_submit       : .goetta (549011125380055072) updated the embed with question answers in #goetta-ticket-164072 (1372766476322213951)
INFO        2025-05-15 22:47:36.706837 EST  new_ticket      : Created #founderitems-ticket-164073 (1372767411790680157) in 2.1s by founderitems (846175590771326988) 45
INFO        2025-05-15 22:48:30.244497 EST  enter_information_button : Sent the Questions modal to founderitems (846175590771326988)
INFO        2025-05-15 22:49:56.661222 EST  new_ticket      : Created #sweatybomb-ticket-164074 (1372767996346503200) in 2.53s by sweatybomb (223949506989916170) 46
INFO        2025-05-15 22:50:05.630590 EST  enter_information_button : Sent the Questions modal to sweatybomb (223949506989916170)
INFO        2025-05-15 22:50:47.067785 EST  on_submit       : sweatybomb (223949506989916170) updated the embed with question answers in #sweatybomb-ticket-164074 (1372767996346503200)
INFO        2025-05-15 22:53:06.265269 EST  on_submit       : founderitems (846175590771326988) updated the embed with question answers in #founderitems-ticket-164073 (1372767411790680157)
INFO        2025-05-15 22:58:46.366356 EST  wrapper         : Send Ticketlog completed in 0.36s
INFO        2025-05-15 23:00:17.314385 EST  wrapper         : Send Ticketlog completed in 0.51s
WARNING     2025-05-15 23:14:43.321523 EST  check_verified  : ronladoo. (1028853212964462692) is not verified and tried to open a ticket
INFO        2025-05-15 23:20:56.512923 EST  new_ticket      : Created #slymel-ticket-164075 (1372775800042029249) in 1.97s by slymel (199046561790033921) 45
INFO        2025-05-15 23:20:58.731447 EST  enter_information_button : Sent the Questions modal to slymel (199046561790033921)
INFO        2025-05-15 23:21:30.148780 EST  on_submit       : slymel (199046561790033921) updated the embed with question answers in #slymel-ticket-164075 (1372775800042029249)
INFO        2025-05-15 23:33:38.962530 EST  new_ticket      : Created #danny1566-ticket-164076 (1372778997213167728) in 2.13s by danny1566 (325367908572332032) 46
INFO        2025-05-15 23:33:39.036570 EST  new_ticket      : Created #awkjaimdlemdqkqmj-ticket-164076 (1372778996974092321) in 2.33s by awkjaimdlemdqkqmj (1028144898391670825) 47
INFO        2025-05-15 23:33:40.433586 EST  enter_information_button : Sent the Questions modal to awkjaimdlemdqkqmj (1028144898391670825)
INFO        2025-05-15 23:33:41.692995 EST  enter_information_button : Sent the Questions modal to danny1566 (325367908572332032)
INFO        2025-05-15 23:33:43.898329 EST  on_submit       : awkjaimdlemdqkqmj (1028144898391670825) updated the embed with question answers in #awkjaimdlemdqkqmj-ticket-164076 (1372778996974092321)
INFO        2025-05-15 23:34:42.700307 EST  on_submit       : danny1566 (325367908572332032) updated the embed with question answers in #danny1566-ticket-164076 (1372778997213167728)
INFO        2025-05-15 23:35:21.299747 EST  wrapper         : Rename Command completed in 0.57s
WARNING     2025-05-15 23:42:52.335315 EST  send_ticket_log : Failed to send ticket log: 403 Forbidden (error code: 50007): Cannot send messages to this user
INFO        2025-05-15 23:42:52.335906 EST  wrapper         : Send Ticketlog completed in 0.48s
INFO        2025-05-15 23:43:51.298592 EST  wrapper         : Send Ticketlog completed in 0.37s
INFO        2025-05-15 23:44:20.290788 EST  wrapper         : Send Ticketlog completed in 0.54s
INFO        2025-05-15 23:46:59.499977 EST  wrapper         : Send Ticketlog completed in 1.7s
INFO        2025-05-15 23:47:13.721709 EST  wrapper         : Send Ticketlog completed in 0.46s
INFO        2025-05-15 23:49:23.355867 EST  wrapper         : Send Ticketlog completed in 0.44s
INFO        2025-05-15 23:49:35.425519 EST  wrapper         : Send Ticketlog completed in 0.29s
INFO        2025-05-15 23:50:33.450030 EST  wrapper         : Send Ticketlog completed in 0.83s
INFO        2025-05-15 23:50:41.320280 EST  new_ticket      : Created #sweatybomb-ticket-164078 (1372783285272313917) in 2.02s by sweatybomb (223949506989916170) 40
INFO        2025-05-15 23:50:42.481119 EST  enter_information_button : Sent the Questions modal to sweatybomb (223949506989916170)
INFO        2025-05-15 23:50:48.993032 EST  on_submit       : sweatybomb (223949506989916170) updated the embed with question answers in #sweatybomb-ticket-164078 (1372783285272313917)
INFO        2025-05-15 23:51:17.086327 EST  wrapper         : Send Ticketlog completed in 0.74s
INFO        2025-05-15 23:51:39.820504 EST  wrapper         : Send Ticketlog completed in 0.31s
INFO        2025-05-15 23:52:24.349644 EST  wrapper         : Send Ticketlog completed in 0.69s
INFO        2025-05-15 23:56:49.768553 EST  wrapper         : Send Ticketlog completed in 0.29s
INFO        2025-05-16 00:01:56.931443 EST  wrapper         : Send Ticketlog completed in 0.35s
INFO        2025-05-16 00:04:55.643094 EST  wrapper         : Rename Command completed in 0.45s
WARNING     2025-05-16 00:07:54.720318 EST  check_disabled  : tag1919. (729021593035997185) tried to open a KitMap Support ticket when it is disabled
INFO        2025-05-16 00:09:57.219151 EST  wrapper         : Send Ticketlog completed in 0.51s
WARNING     2025-05-16 00:09:58.658532 EST  check_verified  : triggaplays (260099272022687754) is not verified and tried to open a ticket
WARNING     2025-05-16 00:10:52.289828 EST  wrapper         : Create Ticket took a long time to complete and finished in 3.56s
INFO        2025-05-16 00:10:52.384101 EST  new_ticket      : Created #triggaplays-ticket-164079 (1372788357717033022) in 3.9s by triggaplays (260099272022687754) 35
WARNING     2025-05-16 00:10:52.384578 EST  wrapper         : New Ticket took a long time to complete and finished in 4.06s
INFO        2025-05-16 00:10:55.393101 EST  wrapper         : Send Ticketlog completed in 0.42s
INFO        2025-05-16 00:11:02.107254 EST  enter_information_button : Sent the Questions modal to triggaplays (260099272022687754)
INFO        2025-05-16 00:11:18.260157 EST  wrapper         : Send Ticketlog completed in 0.59s
INFO        2025-05-16 00:11:48.906940 EST  on_submit       : triggaplays (260099272022687754) updated the embed with question answers in #triggaplays-ticket-164079 (1372788357717033022)
INFO        2025-05-16 00:13:16.859625 EST  wrapper         : Send Ticketlog completed in 0.92s
WARNING     2025-05-16 00:14:09.670792 EST  wrapper         : Create Ticket took a long time to complete and finished in 3.23s
INFO        2025-05-16 00:14:09.791343 EST  new_ticket      : Created #reapa1-ticket-164080 (1372789187886977055) in 3.59s by reapa1 (318449044659765250) 33
WARNING     2025-05-16 00:14:09.791643 EST  wrapper         : New Ticket took a long time to complete and finished in 3.78s
INFO        2025-05-16 00:14:11.520259 EST  enter_information_button : Sent the Questions modal to reapa1 (318449044659765250)
INFO        2025-05-16 00:14:14.898494 EST  on_submit       : reapa1 (318449044659765250) updated the embed with question answers in #reapa1-ticket-164080 (1372789187886977055)
INFO        2025-05-16 00:14:45.156766 EST  wrapper         : Send Ticketlog completed in 0.41s
INFO        2025-05-16 00:17:23.354743 EST  wrapper         : Send Ticketlog completed in 0.33s
INFO        2025-05-16 00:18:13.994411 EST  wrapper         : Send Ticketlog completed in 0.62s
INFO        2025-05-16 00:19:37.890600 EST  new_ticket      : Created #briitt-ticket-164081 (1372790567351619616) in 2.32s by briitt (560221074244239381) 31
INFO        2025-05-16 00:19:38.386191 EST  wrapper         : Send Ticketlog completed in 0.91s
INFO        2025-05-16 00:19:42.599041 EST  enter_information_button : Sent the Questions modal to briitt (560221074244239381)
INFO        2025-05-16 00:20:26.016968 EST  new_ticket      : Created #thegoat123458-ticket-164082 (1372790770586620046) in 2.1s by thegoat123458 (832663463167262780) 31
INFO        2025-05-16 00:20:27.664945 EST  enter_information_button : Sent the Questions modal to thegoat123458 (832663463167262780)
INFO        2025-05-16 00:20:39.001244 EST  on_submit       : thegoat123458 (832663463167262780) updated the embed with question answers in #thegoat123458-ticket-164082 (1372790770586620046)
WARNING     2025-05-16 00:21:23.387625 EST  wrapper         : Create Ticket took a long time to complete and finished in 3.39s
INFO        2025-05-16 00:21:23.468576 EST  new_ticket      : Created #hoodturtle-ticket-164083 (1372791010467254332) in 3.91s by hoodturtle (216705614783447041) 32
WARNING     2025-05-16 00:21:23.468920 EST  wrapper         : New Ticket took a long time to complete and finished in 4.07s
INFO        2025-05-16 00:21:25.476895 EST  enter_information_button : Sent the Questions modal to hoodturtle (216705614783447041)
INFO        2025-05-16 00:21:30.221967 EST  on_submit       : hoodturtle (216705614783447041) updated the embed with question answers in #hoodturtle-ticket-164083 (1372791010467254332)
INFO        2025-05-16 00:24:09.964598 EST  on_submit       : briitt (560221074244239381) updated the embed with question answers in #briitt-ticket-164081 (1372790567351619616)
INFO        2025-05-16 00:27:45.127298 EST  request_tickets : Sent the 📨 button to khaos5298 (778752099683926037)
WARNING     2025-05-16 00:43:45.638079 EST  wrapper         : Create Ticket took a long time to complete and finished in 3.83s
INFO        2025-05-16 00:43:45.711146 EST  new_ticket      : Created #teoooo-ticket-164084 (1372796635041632357) in 4.16s by teooo.o (659883482599784448) 33
WARNING     2025-05-16 00:43:45.711419 EST  wrapper         : New Ticket took a long time to complete and finished in 4.33s
INFO        2025-05-16 00:43:47.649839 EST  enter_information_button : Sent the Questions modal to teooo.o (659883482599784448)
INFO        2025-05-16 00:43:51.636606 EST  on_submit       : teooo.o (659883482599784448) updated the embed with question answers in #teoooo-ticket-164084 (1372796635041632357)
INFO        2025-05-16 00:43:51.870680 EST  wrapper         : Send Ticketlog completed in 0.52s
INFO        2025-05-16 00:44:52.140859 EST  wrapper         : Send Ticketlog completed in 0.57s
INFO        2025-05-16 00:45:03.140287 EST  wrapper         : Send Ticketlog completed in 0.37s
INFO        2025-05-16 00:45:21.635033 EST  wrapper         : Send Ticketlog completed in 0.43s
INFO        2025-05-16 00:51:28.137034 EST  wrapper         : Send Ticketlog completed in 0.49s
INFO        2025-05-16 00:54:06.629302 EST  new_ticket      : Created #slacko-ticket-164085 (1372799244481724476) in 2.97s by s.lacko (1348795635700338709) 29
WARNING     2025-05-16 00:54:06.630035 EST  wrapper         : New Ticket took a long time to complete and finished in 3.14s
INFO        2025-05-16 00:54:11.397825 EST  enter_information_button : Sent the Questions modal to s.lacko (1348795635700338709)
INFO        2025-05-16 00:54:32.550818 EST  on_submit       : s.lacko (1348795635700338709) updated the embed with question answers in #slacko-ticket-164085 (1372799244481724476)
WARNING     2025-05-16 00:59:16.251906 EST  wrapper         : Create Ticket took a long time to complete and finished in 3.69s
INFO        2025-05-16 00:59:16.324428 EST  new_ticket      : Created #x76r-ticket-164086 (1372800544523026473) in 3.99s by x76r (1262434996149551167) 30
WARNING     2025-05-16 00:59:16.324803 EST  wrapper         : New Ticket took a long time to complete and finished in 4.15s
INFO        2025-05-16 01:00:10.198451 EST  enter_information_button : Sent the Questions modal to x76r (1262434996149551167)
INFO        2025-05-16 01:00:18.967474 EST  wrapper         : Rename Command completed in 0.54s
INFO        2025-05-16 01:01:01.505570 EST  new_ticket      : Created #hoodturtle-ticket-164087 (1372800983008149635) in 2.72s by hoodturtle (216705614783447041) 31
INFO        2025-05-16 01:01:09.005930 EST  new_ticket      : Created #vangelinamutias-ticket-164088 (1372801016059400245) in 2.24s by vangelinamutias (806065734483968010) 32
INFO        2025-05-16 01:01:11.327096 EST  enter_information_button : Sent the Questions modal to vangelinamutias (806065734483968010)
INFO        2025-05-16 01:01:32.716782 EST  on_submit       : vangelinamutias (806065734483968010) updated the embed with question answers in #vangelinamutias-ticket-164088 (1372801016059400245)
INFO        2025-05-16 01:01:46.591152 EST  enter_information_button : Sent the Questions modal to hoodturtle (216705614783447041)
INFO        2025-05-16 01:01:51.338418 EST  on_submit       : hoodturtle (216705614783447041) updated the embed with question answers in #hoodturtle-ticket-164087 (1372800983008149635)
INFO        2025-05-16 01:02:15.281343 EST  on_submit       : x76r (1262434996149551167) updated the embed with question answers in #x76r-ticket-164086 (1372800544523026473)
INFO        2025-05-16 01:02:55.178670 EST  new_ticket      : Created #topsuuu13-ticket-164089 (1372801462983458846) in 1.96s by topsuuu13 (932191135407955998) 33
INFO        2025-05-16 01:03:00.182354 EST  enter_information_button : Sent the Questions modal to topsuuu13 (932191135407955998)
INFO        2025-05-16 01:04:14.250371 EST  on_submit       : topsuuu13 (932191135407955998) updated the embed with question answers in #topsuuu13-ticket-164089 (1372801462983458846)
INFO        2025-05-16 01:05:03.451343 EST  new_ticket      : Created #hoodturtle-ticket-164090 (1372801999900246037) in 2.65s by hoodturtle (216705614783447041) 34
INFO        2025-05-16 01:05:04.773950 EST  enter_information_button : Sent the Questions modal to hoodturtle (216705614783447041)
INFO        2025-05-16 01:05:09.788054 EST  on_submit       : hoodturtle (216705614783447041) updated the embed with question answers in #hoodturtle-ticket-164090 (1372801999900246037)
INFO        2025-05-16 01:05:28.580466 EST  wrapper         : Send Ticketlog completed in 0.62s
INFO        2025-05-16 01:08:35.906428 EST  wrapper         : Send Ticketlog completed in 0.45s
INFO        2025-05-16 01:08:39.099924 EST  wrapper         : Send Ticketlog completed in 0.43s
INFO        2025-05-16 01:10:43.190336 EST  new_ticket      : Created #jaygozo8338-ticket-164091 (1372803424843857980) in 2.34s by jaygozo8338. (1132943377374130176) 32
INFO        2025-05-16 01:10:50.700006 EST  enter_information_button : Sent the Questions modal to jaygozo8338. (1132943377374130176)
INFO        2025-05-16 01:11:22.111183 EST  wrapper         : Send Ticketlog completed in 0.41s
WARNING     2025-05-16 01:11:35.464816 EST  wrapper         : Create Ticket took a long time to complete and finished in 4.35s
INFO        2025-05-16 01:11:35.534244 EST  new_ticket      : Created #18babyl-ticket-164092 (1372803635947503656) in 4.65s by 18babyl (194215125199093762) 32
WARNING     2025-05-16 01:11:35.534572 EST  wrapper         : New Ticket took a long time to complete and finished in 4.86s
INFO        2025-05-16 01:12:41.404211 EST  enter_information_button : Sent the Questions modal to 18babyl (194215125199093762)
INFO        2025-05-16 01:13:05.714076 EST  on_submit       : 18babyl (194215125199093762) updated the embed with question answers in #18babyl-ticket-164092 (1372803635947503656)
INFO        2025-05-16 01:13:28.826142 EST  wrapper         : Send Ticketlog completed in 0.43s
INFO        2025-05-16 01:14:05.024676 EST  wrapper         : Send Ticketlog completed in 0.46s
INFO        2025-05-16 01:16:53.204896 EST  wrapper         : Send Ticketlog completed in 0.32s
INFO        2025-05-16 01:31:57.480518 EST  new_ticket      : Created #shikamar-ticket-164093 (1372808768806588517) in 2.47s by shikamar (162083940906041344) 30
INFO        2025-05-16 01:31:59.301178 EST  enter_information_button : Sent the Questions modal to shikamar (162083940906041344)
INFO        2025-05-16 01:32:23.586273 EST  on_submit       : shikamar (162083940906041344) updated the embed with question answers in #shikamar-ticket-164093 (1372808768806588517)
INFO        2025-05-16 01:34:00.744614 EST  wrapper         : Send Ticketlog completed in 0.57s
WARNING     2025-05-16 01:48:59.850098 EST  wrapper         : Create Ticket took a long time to complete and finished in 3.06s
INFO        2025-05-16 01:48:59.918238 EST  new_ticket      : Created #usrz-ticket-164094 (1372813053074214953) in 3.41s by usrz (501036858151796787) 30
WARNING     2025-05-16 01:48:59.918534 EST  wrapper         : New Ticket took a long time to complete and finished in 3.63s
INFO        2025-05-16 01:49:03.528869 EST  enter_information_button : Sent the Questions modal to usrz (501036858151796787)
INFO        2025-05-16 01:49:42.105182 EST  on_submit       : usrz (501036858151796787) updated the embed with question answers in #usrz-ticket-164094 (1372813053074214953)
INFO        2025-05-16 02:25:38.082395 EST  new_ticket      : Created #reapa1-ticket-164095 (1372822277703335968) in 2.35s by reapa1 (318449044659765250) 31
INFO        2025-05-16 02:25:39.449893 EST  enter_information_button : Sent the Questions modal to reapa1 (318449044659765250)
INFO        2025-05-16 02:25:47.529626 EST  on_submit       : reapa1 (318449044659765250) updated the embed with question answers in #reapa1-ticket-164095 (1372822277703335968)
INFO        2025-05-16 02:25:59.394470 EST  wrapper         : Rename Command completed in 0.52s
INFO        2025-05-16 02:28:38.367102 EST  wrapper         : Send Ticketlog completed in 0.5s
INFO        2025-05-16 03:02:39.270379 EST  wrapper         : Send Ticketlog completed in 0.8s
INFO        2025-05-16 03:03:31.101321 EST  enter_information_button : Sent the Questions modal to jaygozo8338. (1132943377374130176)
INFO        2025-05-16 03:05:16.259465 EST  on_submit       : jaygozo8338. (1132943377374130176) updated the embed with question answers in #jaygozo8338-ticket-164091 (1372803424843857980)
WARNING     2025-05-16 03:54:13.410433 EST  check_disabled  : tag1919. (729021593035997185) tried to open a KitMap Support ticket when it is disabled
INFO        2025-05-16 03:57:57.361432 EST  new_ticket      : Created #ah9k-ticket-164096 (1372845511761068092) in 2.25s by ah9k (1132615766726938685) 30
INFO        2025-05-16 03:58:08.748533 EST  enter_information_button : Sent the Questions modal to ah9k (1132615766726938685)
INFO        2025-05-16 04:02:56.015250 EST  on_submit       : ah9k (1132615766726938685) updated the embed with question answers in #ah9k-ticket-164096 (1372845511761068092)
INFO        2025-05-16 04:18:20.438046 EST  new_ticket      : Created #iamtufa-ticket-164097 (1372850642208559185) in 2.48s by iamtufa (763712598410526731) 31
INFO        2025-05-16 04:18:23.046877 EST  enter_information_button : Sent the Questions modal to iamtufa (763712598410526731)
INFO        2025-05-16 04:19:25.219128 EST  on_submit       : iamtufa (763712598410526731) updated the embed with question answers in #iamtufa-ticket-164097 (1372850642208559185)
WARNING     2025-05-16 04:29:50.296911 EST  check_disabled  : sipx (542834884683497472) tried to open a KitMap Support ticket when it is disabled
WARNING     2025-05-16 04:29:57.690823 EST  wrapper         : Create Ticket took a long time to complete and finished in 3.22s
INFO        2025-05-16 04:29:57.765682 EST  new_ticket      : Created #sipx-ticket-164098 (1372853567702040586) in 3.54s by sipx (542834884683497472) 32
WARNING     2025-05-16 04:29:57.766209 EST  wrapper         : New Ticket took a long time to complete and finished in 3.67s
WARNING     2025-05-16 04:30:04.806072 EST  send_ticket_log : Failed to send ticket log: 403 Forbidden (error code: 50007): Cannot send messages to this user
INFO        2025-05-16 04:30:04.806734 EST  wrapper         : Send Ticketlog completed in 0.42s
WARNING     2025-05-16 04:34:38.917074 EST  check_disabled  : ronron100 (182086495367200768) tried to open a KitMap Support ticket when it is disabled
WARNING     2025-05-16 05:07:28.876645 EST  check_verified  : wuunder (683948159365546064) is not verified and tried to open a ticket
INFO        2025-05-16 05:51:50.048256 EST  new_ticket      : Created #viebsko-ticket-164099 (1372874169569644575) in 2.65s by viebsko (173735852101468160) 32
INFO        2025-05-16 05:51:51.607786 EST  enter_information_button : Sent the Questions modal to viebsko (173735852101468160)
INFO        2025-05-16 05:52:10.301801 EST  on_submit       : viebsko (173735852101468160) updated the embed with question answers in #viebsko-ticket-164099 (1372874169569644575)
INFO        2025-05-16 06:11:42.740928 EST  wrapper         : Send Ticketlog completed in 0.47s
INFO        2025-05-16 06:13:22.209891 EST  new_ticket      : Created #empirehangout-ticket-164100 (1372879589826625590) in 2.35s by empirehangout (1078428410637987910) 32
INFO        2025-05-16 06:13:25.269586 EST  enter_information_button : Sent the Questions modal to empirehangout (1078428410637987910)
INFO        2025-05-16 06:15:09.837069 EST  on_submit       : empirehangout (1078428410637987910) updated the embed with question answers in #empirehangout-ticket-164100 (1372879589826625590)
INFO        2025-05-16 06:32:08.764891 EST  wrapper         : Move Command completed in 2.29s
INFO        2025-05-16 06:32:15.441230 EST  wrapper         : Rename Command completed in 0.44s
INFO        2025-05-16 06:43:57.429256 EST  new_ticket      : Created #empirehangout-ticket-164101 (1372887283828789259) in 2.88s by empirehangout (1078428410637987910) 33
WARNING     2025-05-16 06:43:57.429853 EST  wrapper         : New Ticket took a long time to complete and finished in 3.05s
INFO        2025-05-16 06:44:00.075547 EST  enter_information_button : Sent the Questions modal to empirehangout (1078428410637987910)
INFO        2025-05-16 06:45:50.748875 EST  on_submit       : empirehangout (1078428410637987910) updated the embed with question answers in #empirehangout-ticket-164101 (1372887283828789259)
INFO        2025-05-16 06:46:15.843628 EST  new_ticket      : Created #noemmijmaarpiet-ticket-164102 (1372887868560642058) in 1.85s by noemmijmaarpiet (303555101094707200) 34
INFO        2025-05-16 06:47:05.168226 EST  enter_information_button : Sent the Questions modal to noemmijmaarpiet (303555101094707200)
INFO        2025-05-16 06:50:18.647445 EST  on_submit       : noemmijmaarpiet (303555101094707200) updated the embed with question answers in #noemmijmaarpiet-ticket-164102 (1372887868560642058)
INFO        2025-05-16 07:19:45.137871 EST  wrapper         : Send Ticketlog completed in 0.56s
WARNING     2025-05-16 07:36:37.779542 EST  wrapper         : Create Ticket took a long time to complete and finished in 4.33s
INFO        2025-05-16 07:36:37.856812 EST  new_ticket      : Created #dedezz-ticket-164103 (1372900532946997410) in 4.66s by dedezz (377145471073779712) 34
WARNING     2025-05-16 07:36:37.857215 EST  wrapper         : New Ticket took a long time to complete and finished in 4.87s
INFO        2025-05-16 07:36:38.895692 EST  enter_information_button : Sent the Questions modal to dedezz (377145471073779712)
INFO        2025-05-16 07:36:47.459378 EST  on_submit       : dedezz (377145471073779712) updated the embed with question answers in #dedezz-ticket-164103 (1372900532946997410)
INFO        2025-05-16 07:45:31.520892 EST  new_ticket      : Created #wuunder-ticket-164104 (1372902782977441873) in 2.01s by wuunder (683948159365546064) 35
INFO        2025-05-16 07:45:47.230317 EST  enter_information_button : Sent the Questions modal to wuunder (683948159365546064)
INFO        2025-05-16 07:47:32.559480 EST  on_submit       : wuunder (683948159365546064) updated the embed with question answers in #wuunder-ticket-164104 (1372902782977441873)
INFO        2025-05-16 07:50:59.667890 EST  new_ticket      : Created #wasabi_32-ticket-164105 (1372904158037803098) in 2.04s by wasabi_32 (376790887193378816) 36
INFO        2025-05-16 07:51:32.963462 EST  enter_information_button : Sent the Questions modal to wasabi_32 (376790887193378816)
INFO        2025-05-16 07:52:09.628720 EST  on_submit       : wasabi_32 (376790887193378816) updated the embed with question answers in #wasabi_32-ticket-164105 (1372904158037803098)
WARNING     2025-05-16 08:00:54.638676 EST  check_disabled  : ivarklugt (614178616280088576) tried to open a KitMap Support ticket when it is disabled
INFO        2025-05-16 08:01:33.674690 EST  new_ticket      : Created #ivarklugt-ticket-164106 (1372906816563974176) in 2.3s by ivarklugt (614178616280088576) 37
INFO        2025-05-16 08:01:36.265470 EST  enter_information_button : Sent the Questions modal to ivarklugt (614178616280088576)
INFO        2025-05-16 08:03:28.007026 EST  on_submit       : ivarklugt (614178616280088576) updated the embed with question answers in #ivarklugt-ticket-164106 (1372906816563974176)
INFO        2025-05-16 08:12:25.401011 EST  new_ticket      : Created #hazza1841-ticket-164107 (1372909551417954326) in 1.91s by hazza1841 (935021711156445214) 38
INFO        2025-05-16 08:12:31.101909 EST  enter_information_button : Sent the Questions modal to hazza1841 (935021711156445214)
INFO        2025-05-16 08:13:03.823404 EST  wrapper         : Send Ticketlog completed in 0.78s
INFO        2025-05-16 08:14:05.227555 EST  on_submit       : hazza1841 (935021711156445214) updated the embed with question answers in #hazza1841-ticket-164107 (1372909551417954326)
INFO        2025-05-16 08:14:27.495285 EST  new_ticket      : Created #topsuuu13-ticket-164108 (1372910061961216130) in 2.34s by topsuuu13 (932191135407955998) 38
INFO        2025-05-16 08:14:28.188435 EST  wrapper         : Send Ticketlog completed in 0.4s
INFO        2025-05-16 08:14:33.506153 EST  enter_information_button : Sent the Questions modal to topsuuu13 (932191135407955998)
INFO        2025-05-16 08:14:50.705545 EST  on_submit       : topsuuu13 (932191135407955998) updated the embed with question answers in #topsuuu13-ticket-164108 (1372910061961216130)
WARNING     2025-05-16 08:17:37.862224 EST  check_verified  : rechecked (642104942940913734) is not verified and tried to open a ticket
INFO        2025-05-16 08:18:17.991154 EST  new_ticket      : Created #rechecked-ticket-164109 (1372911027842449468) in 2.57s by rechecked (642104942940913734) 38
INFO        2025-05-16 08:18:27.709887 EST  enter_information_button : Sent the Questions modal to rechecked (642104942940913734)
INFO        2025-05-16 08:19:05.344513 EST  on_submit       : rechecked (642104942940913734) updated the embed with question answers in #rechecked-ticket-164109 (1372911027842449468)
WARNING     2025-05-16 08:22:06.517863 EST  wrapper         : Create Ticket took a long time to complete and finished in 3.04s
INFO        2025-05-16 08:22:06.590734 EST  new_ticket      : Created #empirehangout-ticket-164110 (1372911982591742035) in 3.44s by empirehangout (1078428410637987910) 39
WARNING     2025-05-16 08:22:06.591225 EST  wrapper         : New Ticket took a long time to complete and finished in 3.59s
INFO        2025-05-16 08:22:10.628033 EST  enter_information_button : Sent the Questions modal to empirehangout (1078428410637987910)
INFO        2025-05-16 08:24:52.718711 EST  new_ticket      : Created #96266-ticket-164111 (1372912685200707655) in 2.1s by 96266 (1188713879497363458) 40
INFO        2025-05-16 08:24:55.414657 EST  enter_information_button : Sent the Questions modal to 96266 (1188713879497363458)
INFO        2025-05-16 08:25:55.901975 EST  on_submit       : empirehangout (1078428410637987910) updated the embed with question answers in #empirehangout-ticket-164110 (1372911982591742035)
INFO        2025-05-16 08:26:04.090887 EST  on_submit       : 96266 (1188713879497363458) updated the embed with question answers in #96266-ticket-164111 (1372912685200707655)
INFO        2025-05-16 08:32:01.748565 EST  wrapper         : Send Ticketlog completed in 0.53s
INFO        2025-05-16 08:34:39.992505 EST  wrapper         : Send Ticketlog completed in 1.23s
WARNING     2025-05-16 08:38:48.623052 EST  check_disabled  : ronron100 (182086495367200768) tried to open a KitMap Support ticket when it is disabled
WARNING     2025-05-16 08:43:58.702659 EST  check_verified  : cheeeky (252959459779936258) is not verified and tried to open a ticket
INFO        2025-05-16 08:46:22.427057 EST  new_ticket      : Created #cheeeky-ticket-164112 (1372918094468612247) in 2.3s by cheeeky (252959459779936258) 39
WARNING     2025-05-16 08:48:11.310626 EST  wrapper         : Create Ticket took a long time to complete and finished in 4.79s
INFO        2025-05-16 08:48:11.385790 EST  new_ticket      : Created #ronron100-ticket-164113 (1372918547784798209) in 5.15s by ronron100 (182086495367200768) 40
WARNING     2025-05-16 08:48:11.386088 EST  wrapper         : New Ticket took a long time to complete and finished in 5.32s
INFO        2025-05-16 08:48:31.277117 EST  enter_information_button : Sent the Questions modal to ronron100 (182086495367200768)
INFO        2025-05-16 08:48:39.892263 EST  on_submit       : ronron100 (182086495367200768) updated the embed with question answers in #ronron100-ticket-164113 (1372918547784798209)
INFO        2025-05-16 08:51:48.920195 EST  enter_information_button : Sent the Questions modal to cheeeky (252959459779936258)
INFO        2025-05-16 08:52:27.880279 EST  on_submit       : cheeeky (252959459779936258) updated the embed with question answers in #cheeeky-ticket-164112 (1372918094468612247)
INFO        2025-05-16 08:53:49.033927 EST  new_ticket      : Created #fl3deyy-ticket-164114 (1372919968789958676) in 1.9s by fl3deyy (1331008825398132797) 41
INFO        2025-05-16 08:53:51.094855 EST  enter_information_button : Sent the Questions modal to fl3deyy (1331008825398132797)
INFO        2025-05-16 08:55:01.636338 EST  on_submit       : fl3deyy (1331008825398132797) updated the embed with question answers in #fl3deyy-ticket-164114 (1372919968789958676)
INFO        2025-05-16 08:57:03.998602 EST  new_ticket      : Created #bogibatina-ticket-164115 (1372920785966203011) in 2.07s by bogibatina (324142892291588106) 42
INFO        2025-05-16 08:57:08.412390 EST  enter_information_button : Sent the Questions modal to bogibatina (324142892291588106)
INFO        2025-05-16 08:57:29.798012 EST  on_submit       : bogibatina (324142892291588106) updated the embed with question answers in #bogibatina-ticket-164115 (1372920785966203011)
WARNING     2025-05-16 09:08:52.557447 EST  wrapper         : Create Ticket took a long time to complete and finished in 4.43s
INFO        2025-05-16 09:08:52.626602 EST  new_ticket      : Created #hoodturtle-ticket-164116 (1372923747039838209) in 4.8s by hoodturtle (216705614783447041) 43
WARNING     2025-05-16 09:08:52.626896 EST  wrapper         : New Ticket took a long time to complete and finished in 4.97s
INFO        2025-05-16 09:08:58.314135 EST  enter_information_button : Sent the Questions modal to hoodturtle (216705614783447041)
INFO        2025-05-16 09:09:03.313579 EST  on_submit       : hoodturtle (216705614783447041) updated the embed with question answers in #hoodturtle-ticket-164116 (1372923747039838209)
INFO        2025-05-16 09:09:52.321989 EST  wrapper         : Send Ticketlog completed in 0.71s
INFO        2025-05-16 09:44:36.416194 EST  new_ticket      : Created #ericzx-ticket-164117 (1372932749471780936) in 2.19s by .ericzx (380157369176555542) 43
INFO        2025-05-16 09:44:42.000498 EST  new_ticket      : Created #ericzx-ticket-164118 (1372932773404344463) in 1.84s by .ericzx (380157369176555542) 44
INFO        2025-05-16 09:44:47.996972 EST  enter_information_button : Sent the Questions modal to .ericzx (380157369176555542)
INFO        2025-05-16 09:44:50.780301 EST  on_submit       : .ericzx (380157369176555542) updated the embed with question answers in #ericzx-ticket-164118 (1372932773404344463)
INFO        2025-05-16 09:44:56.019491 EST  enter_information_button : Sent the Questions modal to .ericzx (380157369176555542)
INFO        2025-05-16 09:44:59.351155 EST  on_submit       : .ericzx (380157369176555542) updated the embed with question answers in #ericzx-ticket-164117 (1372932749471780936)
INFO        2025-05-16 09:47:39.041376 EST  wrapper         : Send Ticketlog completed in 0.38s
INFO        2025-05-16 09:47:43.152343 EST  wrapper         : Rename Command completed in 0.53s
INFO        2025-05-16 10:13:02.920418 EST  new_ticket      : Created #growhl-ticket-164119 (1372939908024373329) in 2.09s by growhl (473192768018186255) 44
INFO        2025-05-16 10:13:04.696345 EST  enter_information_button : Sent the Questions modal to growhl (473192768018186255)
INFO        2025-05-16 10:13:51.360628 EST  on_submit       : growhl (473192768018186255) updated the embed with question answers in #growhl-ticket-164119 (1372939908024373329)
INFO        2025-05-16 10:21:33.287150 EST  new_ticket      : Created #96266-ticket-164120 (1372942045941076181) in 2.63s by 96266 (1188713879497363458) 45
INFO        2025-05-16 10:21:36.504960 EST  enter_information_button : Sent the Questions modal to 96266 (1188713879497363458)
INFO        2025-05-16 10:21:40.447082 EST  on_submit       : 96266 (1188713879497363458) updated the embed with question answers in #96266-ticket-164120 (1372942045941076181)
WARNING     2025-05-16 10:22:13.267371 EST  wrapper         : Move Command took a long time to complete and finished in 3.81s
INFO        2025-05-16 10:24:23.049513 EST  wrapper         : Send Ticketlog completed in 1.9s
WARNING     2025-05-16 10:24:23.564372 EST  wrapper         : Close Command took a long time to complete and finished in 3.14s
INFO        2025-05-16 10:26:05.913893 EST  wrapper         : Send Ticketlog completed in 1.36s
WARNING     2025-05-16 10:48:24.590448 EST  wrapper         : Create Ticket took a long time to complete and finished in 4.19s
INFO        2025-05-16 10:48:24.663963 EST  new_ticket      : Created #ronron100-ticket-164121 (1372948796203335754) in 4.63s by ronron100 (182086495367200768) 44
WARNING     2025-05-16 10:48:24.664481 EST  wrapper         : New Ticket took a long time to complete and finished in 4.81s
INFO        2025-05-16 10:48:36.649543 EST  enter_information_button : Sent the Questions modal to ronron100 (182086495367200768)
INFO        2025-05-16 10:48:45.941547 EST  new_ticket      : Created #hefesdgfdg4-ticket-164122 (1372948894962679968) in 2.52s by hefesdgfdg4 (1151527658824400998) 45
INFO        2025-05-16 10:48:48.564932 EST  on_submit       : ronron100 (182086495367200768) updated the embed with question answers in #ronron100-ticket-164121 (1372948796203335754)
INFO        2025-05-16 10:48:50.557368 EST  enter_information_button : Sent the Questions modal to hefesdgfdg4 (1151527658824400998)
INFO        2025-05-16 10:49:41.303900 EST  on_submit       : hefesdgfdg4 (1151527658824400998) updated the embed with question answers in #hefesdgfdg4-ticket-164122 (1372948894962679968)
INFO        2025-05-16 10:51:22.469629 EST  wrapper         : Rename Command completed in 0.48s
INFO        2025-05-16 10:53:33.744157 EST  wrapper         : Send Ticketlog completed in 0.36s
INFO        2025-05-16 11:02:07.700917 EST  new_ticket      : Created #nrri123-ticket-164123 (1372952258005958698) in 2.39s by nrri123 (1358869934020493606) 45
INFO        2025-05-16 11:02:09.385650 EST  enter_information_button : Sent the Questions modal to nrri123 (1358869934020493606)
INFO        2025-05-16 11:02:15.298068 EST  on_submit       : nrri123 (1358869934020493606) updated the embed with question answers in #nrri123-ticket-164123 (1372952258005958698)
INFO        2025-05-16 11:16:22.004962 EST  wrapper         : Rename Command completed in 0.49s
INFO        2025-05-16 11:16:35.644958 EST  wrapper         : Rename Command completed in 0.56s
INFO        2025-05-16 11:16:44.310207 EST  wrapper         : Move Command completed in 2.52s
INFO        2025-05-16 11:16:58.904092 EST  wrapper         : Send Ticketlog completed in 0.42s
INFO        2025-05-16 11:21:43.277586 EST  wrapper         : Rename Command completed in 0.56s
INFO        2025-05-16 11:21:53.180359 EST  wrapper         : Send Ticketlog completed in 2.25s
WARNING     2025-05-16 11:21:53.691422 EST  wrapper         : Close Command took a long time to complete and finished in 3.37s
INFO        2025-05-16 11:26:29.396807 EST  wrapper         : Send Ticketlog completed in 0.44s
WARNING     2025-05-16 11:26:31.378555 EST  wrapper         : Close Command took a long time to complete and finished in 3.19s
INFO        2025-05-16 11:33:08.165675 EST  wrapper         : Send Ticketlog completed in 0.36s
WARNING     2025-05-16 11:43:24.255349 EST  wrapper         : Set Permissions took a long time to complete and finished in 3.68s
WARNING     2025-05-16 11:43:24.415130 EST  wrapper         : Move Command took a long time to complete and finished in 4.6s
INFO        2025-05-16 11:44:00.575969 EST  wrapper         : Add Command completed in 0.97s
INFO        2025-05-16 11:44:28.710759 EST  wrapper         : Ticket Logs Command completed in 0.85s
INFO        2025-05-16 11:45:31.110755 EST  wrapper         : Send Ticketlog completed in 0.89s
WARNING     2025-05-16 11:45:33.372873 EST  wrapper         : Close Command took a long time to complete and finished in 3.85s
INFO        2025-05-16 11:45:42.641162 EST  wrapper         : Send Ticketlog completed in 0.37s
INFO        2025-05-16 11:45:55.381351 EST  wrapper         : Ticket Logs Command completed in 0.55s
INFO        2025-05-16 11:46:34.203257 EST  wrapper         : Send Ticketlog completed in 1.2s
WARNING     2025-05-16 11:48:39.434615 EST  wrapper         : Create Ticket took a long time to complete and finished in 3.18s
INFO        2025-05-16 11:48:39.510652 EST  new_ticket      : Created #revival2279-ticket-164124 (1372963962139705406) in 3.94s by revival2279 (312982872963284992) 39
WARNING     2025-05-16 11:48:39.511015 EST  wrapper         : New Ticket took a long time to complete and finished in 4.12s
INFO        2025-05-16 11:48:43.095459 EST  enter_information_button : Sent the Questions modal to revival2279 (312982872963284992)
INFO        2025-05-16 11:50:22.444737 EST  on_submit       : revival2279 (312982872963284992) updated the embed with question answers in #revival2279-ticket-164124 (1372963962139705406)
INFO        2025-05-16 11:55:11.103007 EST  new_ticket      : Created #eupm-ticket-164125 (1372965611260477530) in 2.73s by eupm. (1223384750698532925) 40
INFO        2025-05-16 11:55:14.088228 EST  enter_information_button : Sent the Questions modal to eupm. (1223384750698532925)
INFO        2025-05-16 11:55:17.456775 EST  wrapper         : Send Ticketlog completed in 0.52s
INFO        2025-05-16 11:55:29.884825 EST  on_submit       : eupm. (1223384750698532925) updated the embed with question answers in #eupm-ticket-164125 (1372965611260477530)
WARNING     2025-05-16 12:11:50.163761 EST  check_disabled  : shawnraj (307748062690934784) tried to open a KitMap Support ticket when it is disabled
INFO        2025-05-16 12:13:16.147728 EST  new_ticket      : Created #revival2279-ticket-164126 (1372970161258107051) in 2.42s by revival2279 (312982872963284992) 40
INFO        2025-05-16 12:13:19.583918 EST  enter_information_button : Sent the Questions modal to revival2279 (312982872963284992)
INFO        2025-05-16 12:13:43.866095 EST  on_submit       : revival2279 (312982872963284992) updated the embed with question answers in #revival2279-ticket-164126 (1372970161258107051)
INFO        2025-05-16 12:26:01.229899 EST  new_ticket      : Created #overworld5217-ticket-164127 (1372973370840186910) in 2.28s by overworld5217 (808326118779912242) 41
INFO        2025-05-16 12:26:04.117579 EST  enter_information_button : Sent the Questions modal to overworld5217 (808326118779912242)
INFO        2025-05-16 12:27:26.783771 EST  enter_information_button : Sent the Questions modal to overworld5217 (808326118779912242)
INFO        2025-05-16 12:27:44.043830 EST  on_submit       : overworld5217 (808326118779912242) updated the embed with question answers in #overworld5217-ticket-164127 (1372973370840186910)
INFO        2025-05-16 12:30:15.047057 EST  wrapper         : Send Ticketlog completed in 0.63s
INFO        2025-05-16 12:33:09.344791 EST  new_ticket      : Created #growhl-ticket-164128 (1372975165406711899) in 2.43s by growhl (473192768018186255) 41
INFO        2025-05-16 12:33:11.121510 EST  enter_information_button : Sent the Questions modal to growhl (473192768018186255)
INFO        2025-05-16 12:33:29.190301 EST  on_submit       : growhl (473192768018186255) updated the embed with question answers in #growhl-ticket-164128 (1372975165406711899)
INFO        2025-05-16 12:36:19.233664 EST  new_ticket      : Created #jackl2667-ticket-164129 (1372975963444351027) in 3.35s by jackl2667 (553443259972845568) 42
WARNING     2025-05-16 12:36:19.234665 EST  wrapper         : New Ticket took a long time to complete and finished in 3.51s
INFO        2025-05-16 12:36:24.728180 EST  enter_information_button : Sent the Questions modal to jackl2667 (553443259972845568)
INFO        2025-05-16 12:37:35.233314 EST  on_submit       : jackl2667 (553443259972845568) updated the embed with question answers in #jackl2667-ticket-164129 (1372975963444351027)
WARNING     2025-05-16 12:48:17.066921 EST  check_disabled  : ivarklugt (614178616280088576) tried to open a KitMap Support ticket when it is disabled
INFO        2025-05-16 12:48:34.500810 EST  new_ticket      : Created #ivarklugt-ticket-164130 (1372979044701966471) in 2.7s by ivarklugt (614178616280088576) 43
INFO        2025-05-16 12:48:36.102137 EST  enter_information_button : Sent the Questions modal to ivarklugt (614178616280088576)
INFO        2025-05-16 12:49:36.937141 EST  on_submit       : ivarklugt (614178616280088576) updated the embed with question answers in #ivarklugt-ticket-164130 (1372979044701966471)
INFO        2025-05-16 12:49:49.878166 EST  wrapper         : Send Ticketlog completed in 0.65s
INFO        2025-05-16 12:52:10.591749 EST  wrapper         : Move Command completed in 2.59s
INFO        2025-05-16 12:54:26.776157 EST  new_ticket      : Created #ltmgeeb-ticket-164131 (1372980524448088186) in 2.12s by ltmgeeb (1246377194389897272) 43
INFO        2025-05-16 12:54:33.908052 EST  enter_information_button : Sent the Questions modal to ltmgeeb (1246377194389897272)
INFO        2025-05-16 12:55:05.493004 EST  on_submit       : ltmgeeb (1246377194389897272) updated the embed with question answers in #ltmgeeb-ticket-164131 (1372980524448088186)
WARNING     2025-05-16 12:55:06.182426 EST  check_disabled  : tag1919. (729021593035997185) tried to open a KitMap Support ticket when it is disabled
INFO        2025-05-16 12:55:13.990424 EST  wrapper         : Send Ticketlog completed in 0.61s
INFO        2025-05-16 12:55:50.018038 EST  new_ticket      : Created #x76r-ticket-164132 (1372980872717799594) in 2.38s by x76r (1262434996149551167) 43
INFO        2025-05-16 12:55:52.316562 EST  enter_information_button : Sent the Questions modal to x76r (1262434996149551167)
INFO        2025-05-16 12:56:36.692369 EST  on_submit       : x76r (1262434996149551167) updated the embed with question answers in #x76r-ticket-164132 (1372980872717799594)
INFO        2025-05-16 12:59:34.404741 EST  wrapper         : Send Ticketlog completed in 1.06s
INFO        2025-05-16 12:59:53.756591 EST  wrapper         : Move Command completed in 2.41s
WARNING     2025-05-16 13:00:14.154591 EST  wrapper         : Move Command took a long time to complete and finished in 3.1s
INFO        2025-05-16 13:00:24.976301 EST  wrapper         : Rename Command completed in 0.54s
INFO        2025-05-16 13:00:58.867877 EST  wrapper         : Send Ticketlog completed in 0.36s
INFO        2025-05-16 13:01:55.461844 EST  wrapper         : Send Ticketlog completed in 0.47s
INFO        2025-05-16 13:02:01.992042 EST  wrapper         : Send Ticketlog completed in 0.39s
INFO        2025-05-16 13:06:27.987341 EST  wrapper         : Rename Command completed in 0.56s
INFO        2025-05-16 13:07:07.252983 EST  new_ticket      : Created #balentinojiji-ticket-164133 (1372983714530721983) in 1.89s by balentinojiji (1061510474455326760) 40
INFO        2025-05-16 13:07:09.107912 EST  enter_information_button : Sent the Questions modal to balentinojiji (1061510474455326760)
INFO        2025-05-16 13:07:29.526330 EST  new_ticket      : Created #balentinojiji-ticket-164134 (1372983807292215356) in 2.16s by balentinojiji (1061510474455326760) 41
INFO        2025-05-16 13:07:35.367628 EST  enter_information_button : Sent the Questions modal to balentinojiji (1061510474455326760)
INFO        2025-05-16 13:07:46.455732 EST  wrapper         : Send Ticketlog completed in 1.26s
INFO        2025-05-16 13:08:08.870196 EST  enter_information_button : Sent the Questions modal to balentinojiji (1061510474455326760)
INFO        2025-05-16 13:09:16.768348 EST  on_submit       : balentinojiji (1061510474455326760) updated the embed with question answers in #balentinojiji-ticket-164134 (1372983807292215356)
INFO        2025-05-16 13:09:35.906889 EST  wrapper         : Send Ticketlog completed in 0.56s
INFO        2025-05-16 13:10:29.488255 EST  wrapper         : Rename Command completed in 0.52s
INFO        2025-05-16 13:10:41.271700 EST  wrapper         : Send Ticketlog completed in 0.41s
INFO        2025-05-16 13:11:48.244583 EST  wrapper         : Send Ticketlog completed in 0.35s
INFO        2025-05-16 13:12:51.132042 EST  wrapper         : Send Ticketlog completed in 0.6s
INFO        2025-05-16 13:13:43.185819 EST  wrapper         : Send Ticketlog completed in 0.41s
INFO        2025-05-16 13:16:59.933336 EST  wrapper         : Send Ticketlog completed in 0.62s
INFO        2025-05-16 13:18:57.948601 EST  new_ticket      : Created #pickthevision-ticket-164135 (1372986693660971139) in 2.45s by pickthevision (852708029790027846) 35
INFO        2025-05-16 13:19:00.768291 EST  enter_information_button : Sent the Questions modal to pickthevision (852708029790027846)
INFO        2025-05-16 13:19:08.033775 EST  on_submit       : pickthevision (852708029790027846) updated the embed with question answers in #pickthevision-ticket-164135 (1372986693660971139)
INFO        2025-05-16 13:49:25.218134 EST  wrapper         : Ticket Logs Command completed in 0.73s
INFO        2025-05-16 13:50:35.669044 EST  wrapper         : Send Ticketlog completed in 0.84s
INFO        2025-05-16 13:53:52.516123 EST  wrapper         : Rename Command completed in 2.3s
INFO        2025-05-16 14:11:55.937888 EST  new_ticket      : Created #shovtz-ticket-164136 (1373000024329420843) in 2.07s by shovtz (1063059206527275038) 35
INFO        2025-05-16 14:11:58.906903 EST  enter_information_button : Sent the Questions modal to shovtz (1063059206527275038)
INFO        2025-05-16 14:12:00.591826 EST  wrapper         : Send Ticketlog completed in 1.06s
WARNING     2025-05-16 14:12:02.734055 EST  wrapper         : Close Command took a long time to complete and finished in 3.97s
INFO        2025-05-16 14:12:44.605363 EST  on_submit       : shovtz (1063059206527275038) updated the embed with question answers in #shovtz-ticket-164136 (1373000024329420843)
INFO        2025-05-16 14:12:50.379568 EST  wrapper         : Send Ticketlog completed in 0.43s
INFO        2025-05-16 14:14:39.558601 EST  wrapper         : Send Ticketlog completed in 0.57s
INFO        2025-05-16 14:21:51.604751 EST  wrapper         : Send Ticketlog completed in 0.66s
INFO        2025-05-16 14:22:36.465138 EST  new_ticket      : Created #jaygozo8338-ticket-164137 (1373002710806298794) in 2.16s by jaygozo8338. (1132943377374130176) 32
INFO        2025-05-16 14:22:40.402281 EST  enter_information_button : Sent the Questions modal to jaygozo8338. (1132943377374130176)
INFO        2025-05-16 14:24:20.157285 EST  new_ticket      : Created #asta1541-ticket-164138 (1373003145080471664) in 2.07s by asta1541 (977208815944622081) 33
INFO        2025-05-16 14:24:22.180981 EST  enter_information_button : Sent the Questions modal to asta1541 (977208815944622081)
INFO        2025-05-16 14:24:26.236923 EST  on_submit       : asta1541 (977208815944622081) updated the embed with question answers in #asta1541-ticket-164138 (1373003145080471664)
INFO        2025-05-16 14:24:32.820028 EST  new_ticket      : Created #asta1541-ticket-164139 (1373003199161696326) in 2.17s by asta1541 (977208815944622081) 34
INFO        2025-05-16 14:24:34.257488 EST  enter_information_button : Sent the Questions modal to asta1541 (977208815944622081)
INFO        2025-05-16 14:24:55.192140 EST  on_submit       : asta1541 (977208815944622081) updated the embed with question answers in #asta1541-ticket-164139 (1373003199161696326)
INFO        2025-05-16 14:26:02.201143 EST  on_submit       : jaygozo8338. (1132943377374130176) updated the embed with question answers in #jaygozo8338-ticket-164137 (1373002710806298794)
INFO        2025-05-16 14:29:06.291415 EST  wrapper         : Send Ticketlog completed in 1.22s
INFO        2025-05-16 14:29:12.033471 EST  wrapper         : Add Command completed in 0.45s
INFO        2025-05-16 14:29:22.563911 EST  new_ticket      : Created #zwenh-ticket-164140 (1373004412276183180) in 2.47s by zwenh (903343054621122610) 34
INFO        2025-05-16 14:29:24.267861 EST  enter_information_button : Sent the Questions modal to zwenh (903343054621122610)
INFO        2025-05-16 14:29:27.077690 EST  on_submit       : zwenh (903343054621122610) updated the embed with question answers in #zwenh-ticket-164140 (1373004412276183180)
INFO        2025-05-16 14:29:29.120120 EST  new_ticket      : Created #balentinojiji-ticket-164141 (1373004441761878090) in 1.98s by balentinojiji (1061510474455326760) 35
INFO        2025-05-16 14:29:42.847408 EST  enter_information_button : Sent the Questions modal to balentinojiji (1061510474455326760)
INFO        2025-05-16 14:30:02.022164 EST  on_submit       : balentinojiji (1061510474455326760) updated the embed with question answers in #balentinojiji-ticket-164141 (1373004441761878090)
INFO        2025-05-16 14:30:06.202893 EST  new_ticket      : Created #criplin-ticket-164142 (1373004597404373063) in 2.08s by criplin (403561555247104023) 36
INFO        2025-05-16 14:30:19.587951 EST  enter_information_button : Sent the Questions modal to criplin (403561555247104023)
INFO        2025-05-16 14:30:37.514749 EST  on_submit       : criplin (403561555247104023) updated the embed with question answers in #criplin-ticket-164142 (1373004597404373063)
WARNING     2025-05-16 14:30:49.395357 EST  wrapper         : Create Ticket took a long time to complete and finished in 4.28s
INFO        2025-05-16 14:30:49.466689 EST  new_ticket      : Created #xental_-ticket-164143 (1373004769655783546) in 4.59s by xental_ (296575153540825088) 37
WARNING     2025-05-16 14:30:49.467015 EST  wrapper         : New Ticket took a long time to complete and finished in 4.75s
INFO        2025-05-16 14:30:51.025612 EST  wrapper         : Send Ticketlog completed in 0.5s
WARNING     2025-05-16 14:30:51.481599 EST  wrapper         : Close Command took a long time to complete and finished in 3.31s
INFO        2025-05-16 14:30:53.625524 EST  enter_information_button : Sent the Questions modal to xental_ (296575153540825088)
INFO        2025-05-16 14:31:01.370514 EST  on_submit       : xental_ (296575153540825088) updated the embed with question answers in #xental_-ticket-164143 (1373004769655783546)
INFO        2025-05-16 14:31:13.394381 EST  new_ticket      : Created #thewinner12-ticket-164144 (1373004879693479969) in 1.9s by thewinner12 (331563886530789376) 37
INFO        2025-05-16 14:31:17.166947 EST  wrapper         : Send Ticketlog completed in 0.77s
INFO        2025-05-16 14:31:20.414521 EST  enter_information_button : Sent the Questions modal to thewinner12 (331563886530789376)
INFO        2025-05-16 14:31:38.064964 EST  wrapper         : Rename Command completed in 0.49s
INFO        2025-05-16 14:32:20.039680 EST  enter_information_button : Sent the Questions modal to thewinner12 (331563886530789376)
INFO        2025-05-16 14:33:27.176886 EST  on_submit       : thewinner12 (331563886530789376) updated the embed with question answers in #thewinner12-ticket-164144 (1373004879693479969)
INFO        2025-05-16 14:33:55.821933 EST  wrapper         : Rename Command completed in 0.52s
WARNING     2025-05-16 14:34:58.203247 EST  check_disabled  : cloundown0001 (509484089158664204) tried to open a KitMap Support ticket when it is disabled
WARNING     2025-05-16 14:35:06.456970 EST  check_disabled  : cloundown0001 (509484089158664204) tried to open a KitMap Support ticket when it is disabled
WARNING     2025-05-16 14:35:12.075283 EST  check_disabled  : cloundown0001 (509484089158664204) tried to open a KitMap Support ticket when it is disabled
INFO        2025-05-16 15:19:48.604495 EST  new_ticket      : Created #harcka-ticket-164145 (1373017102058786877) in 3.01s by harcka (724346845467508746) 37
WARNING     2025-05-16 15:19:48.605193 EST  wrapper         : New Ticket took a long time to complete and finished in 3.19s
INFO        2025-05-16 15:19:52.902993 EST  enter_information_button : Sent the Questions modal to harcka (724346845467508746)
INFO        2025-05-16 15:20:04.403432 EST  on_submit       : harcka (724346845467508746) updated the embed with question answers in #harcka-ticket-164145 (1373017102058786877)
INFO        2025-05-16 15:22:28.266058 EST  new_ticket      : Created #eupm-ticket-164146 (1373017774691061782) in 2.49s by eupm. (1223384750698532925) 38
INFO        2025-05-16 15:22:38.698653 EST  enter_information_button : Sent the Questions modal to eupm. (1223384750698532925)
INFO        2025-05-16 15:22:44.919261 EST  enter_information_button : Sent the Questions modal to eupm. (1223384750698532925)
INFO        2025-05-16 15:23:13.218035 EST  enter_information_button : Sent the Questions modal to eupm. (1223384750698532925)
INFO        2025-05-16 15:23:19.941539 EST  enter_information_button : Sent the Questions modal to eupm. (1223384750698532925)
INFO        2025-05-16 15:24:48.795642 EST  enter_information_button : Sent the Questions modal to eupm. (1223384750698532925)
INFO        2025-05-16 15:24:52.752750 EST  on_submit       : eupm. (1223384750698532925) updated the embed with question answers in #eupm-ticket-164146 (1373017774691061782)
INFO        2025-05-16 15:24:53.193237 EST  wrapper         : Oldest Command completed in 0.72s
INFO        2025-05-16 15:24:58.004137 EST  wrapper         : Oldest Command completed in 0.89s
WARNING     2025-05-16 15:25:12.000822 EST  wrapper         : Private Command took a long time to complete and finished in 3.02s
INFO        2025-05-16 15:28:59.665611 EST  new_ticket      : Created #walk3d-ticket-164147 (1373019416844828703) in 2.23s by walk3d (793081601197735936) 39
INFO        2025-05-16 15:29:01.955041 EST  enter_information_button : Sent the Questions modal to walk3d (793081601197735936)
INFO        2025-05-16 15:29:15.588492 EST  on_submit       : walk3d (793081601197735936) updated the embed with question answers in #walk3d-ticket-164147 (1373019416844828703)
INFO        2025-05-16 15:29:53.840631 EST  new_ticket      : Created #fahadytttt-ticket-164148 (1373019643509215392) in 2.36s by fahadytttt (1149756365431132222) 40
INFO        2025-05-16 15:30:00.240707 EST  enter_information_button : Sent the Questions modal to fahadytttt (1149756365431132222)
INFO        2025-05-16 15:33:38.160330 EST  enter_information_button : Sent the Questions modal to fahadytttt (1149756365431132222)
INFO        2025-05-16 15:33:42.480024 EST  enter_information_button : Sent the Questions modal to fahadytttt (1149756365431132222)
INFO        2025-05-16 15:34:02.042958 EST  new_ticket      : Created #teoooo-ticket-164149 (1373020685185716244) in 2.32s by teooo.o (659883482599784448) 41
INFO        2025-05-16 15:34:05.001292 EST  enter_information_button : Sent the Questions modal to teooo.o (659883482599784448)
INFO        2025-05-16 15:34:25.013791 EST  on_submit       : teooo.o (659883482599784448) updated the embed with question answers in #teoooo-ticket-164149 (1373020685185716244)
INFO        2025-05-16 15:34:40.401208 EST  on_submit       : fahadytttt (1149756365431132222) updated the embed with question answers in #fahadytttt-ticket-164148 (1373019643509215392)
INFO        2025-05-16 15:36:34.111409 EST  new_ticket      : Created #maav-ticket-164150 (1373021324678660218) in 1.87s by maav (235085848507449346) 42
INFO        2025-05-16 15:36:39.252402 EST  enter_information_button : Sent the Questions modal to maav (235085848507449346)
INFO        2025-05-16 15:37:17.987618 EST  on_submit       : maav (235085848507449346) updated the embed with question answers in #maav-ticket-164150 (1373021324678660218)
INFO        2025-05-16 15:39:06.675306 EST  new_ticket      : Created #eupm-ticket-164151 (1373021963785867334) in 2.04s by eupm. (1223384750698532925) 43
INFO        2025-05-16 15:39:11.598491 EST  enter_information_button : Sent the Questions modal to eupm. (1223384750698532925)
INFO        2025-05-16 15:39:17.499375 EST  on_submit       : eupm. (1223384750698532925) updated the embed with question answers in #eupm-ticket-164151 (1373021963785867334)
INFO        2025-05-16 15:43:51.576622 EST  wrapper         : Send Ticketlog completed in 0.41s
INFO        2025-05-16 15:53:16.902017 EST  new_ticket      : Created #pickthevision-ticket-164152 (1373025529074290719) in 2.34s by pickthevision (852708029790027846) 43
INFO        2025-05-16 15:53:18.571926 EST  enter_information_button : Sent the Questions modal to pickthevision (852708029790027846)
INFO        2025-05-16 15:53:21.360480 EST  on_submit       : pickthevision (852708029790027846) updated the embed with question answers in #pickthevision-ticket-164152 (1373025529074290719)
WARNING     2025-05-16 16:01:48.902172 EST  check_verified  : j4ke25 (1331408566833381488) is not verified and tried to open a ticket
INFO        2025-05-16 16:02:13.028502 EST  new_ticket      : Created #crashtrading69-ticket-164153 (1373027777707507764) in 2.45s by crashtrading69 (1191309731927703693) 44
INFO        2025-05-16 16:03:11.633608 EST  enter_information_button : Sent the Questions modal to burgerboylmao (1191309731927703693)
INFO        2025-05-16 16:03:33.322845 EST  on_submit       : burgerboylmao (1191309731927703693) updated the embed with question answers in #crashtrading69-ticket-164153 (1373027777707507764)
WARNING     2025-05-16 16:03:38.433360 EST  wrapper         : Set Permissions took a long time to complete and finished in 3.55s
WARNING     2025-05-16 16:03:38.963403 EST  wrapper         : Move Command took a long time to complete and finished in 4.96s
INFO        2025-05-16 16:07:53.102385 EST  new_ticket      : Created #wavetrubble-ticket-164154 (1373029204370919590) in 2.12s by wavetrubble. (286059947127472128) 45
INFO        2025-05-16 16:07:56.096966 EST  enter_information_button : Sent the Questions modal to wavetrubble. (286059947127472128)
INFO        2025-05-16 16:08:15.525582 EST  on_submit       : wavetrubble. (286059947127472128) updated the embed with question answers in #wavetrubble-ticket-164154 (1373029204370919590)
INFO        2025-05-16 16:08:34.686855 EST  wrapper         : Rename Command completed in 0.73s
WARNING     2025-05-16 16:08:47.304275 EST  wrapper         : Private Command took a long time to complete and finished in 3.76s
INFO        2025-05-16 16:10:08.868159 EST  wrapper         : Send Ticketlog completed in 0.51s
INFO        2025-05-16 16:10:32.850194 EST  wrapper         : Send Ticketlog completed in 0.81s
INFO        2025-05-16 16:10:37.893215 EST  new_ticket      : Created #empirehangout-ticket-164155 (1373029896363970591) in 2.02s by empirehangout (1078428410637987910) 44
INFO        2025-05-16 16:10:42.703739 EST  enter_information_button : Sent the Questions modal to empirehangout (1078428410637987910)
INFO        2025-05-16 16:11:29.990620 EST  wrapper         : Send Ticketlog completed in 0.87s
INFO        2025-05-16 16:12:24.766962 EST  wrapper         : Send Ticketlog completed in 0.31s
INFO        2025-05-16 16:13:20.080526 EST  wrapper         : Send Ticketlog completed in 0.87s
WARNING     2025-05-16 16:13:20.815385 EST  wrapper         : Close Command took a long time to complete and finished in 3.46s
INFO        2025-05-16 16:14:25.267484 EST  wrapper         : Send Ticketlog completed in 0.77s
INFO        2025-05-16 16:16:19.308502 EST  enter_information_button : Sent the Questions modal to empirehangout (1078428410637987910)
INFO        2025-05-16 16:18:22.195319 EST  on_submit       : empirehangout (1078428410637987910) updated the embed with question answers in #empirehangout-ticket-164155 (1373029896363970591)
WARNING     2025-05-16 16:19:01.889203 EST  wrapper         : Send Embed took a long time to complete and finished in 3.25s
WARNING     2025-05-16 16:19:01.889526 EST  wrapper         : Move Command took a long time to complete and finished in 5.45s
INFO        2025-05-16 16:19:40.761879 EST  wrapper         : Send Ticketlog completed in 0.39s
INFO        2025-05-16 16:26:43.192331 EST  new_ticket      : Created #dracothe-ticket-164156 (1373033944139960441) in 2.21s by dracothe (770364845505511454) 40
INFO        2025-05-16 16:26:45.410060 EST  enter_information_button : Sent the Questions modal to dracothe (770364845505511454)
INFO        2025-05-16 16:27:13.932815 EST  on_submit       : dracothe (770364845505511454) updated the embed with question answers in #dracothe-ticket-164156 (1373033944139960441)
INFO        2025-05-16 16:32:22.592012 EST  new_ticket      : Created #isa4u_98662-ticket-164157 (1373035369133510757) in 1.88s by isa4u_98662 (1201507183678984242) 41
INFO        2025-05-16 16:32:25.141120 EST  enter_information_button : Sent the Questions modal to isa4u_98662 (1201507183678984242)
INFO        2025-05-16 16:33:09.444238 EST  on_submit       : isa4u_98662 (1201507183678984242) updated the embed with question answers in #isa4u_98662-ticket-164157 (1373035369133510757)
WARNING     2025-05-16 16:50:03.786130 EST  wrapper         : Create Ticket took a long time to complete and finished in 3.24s
INFO        2025-05-16 16:50:03.856261 EST  new_ticket      : Created #gokaln-ticket-164158 (1373039818975612968) in 3.63s by gokaln (564074182435012611) 42
WARNING     2025-05-16 16:50:03.856804 EST  wrapper         : New Ticket took a long time to complete and finished in 3.82s
INFO        2025-05-16 16:50:05.215815 EST  enter_information_button : Sent the Questions modal to gokaln (564074182435012611)
INFO        2025-05-16 16:50:50.819358 EST  on_submit       : gokaln (564074182435012611) updated the embed with question answers in #gokaln-ticket-164158 (1373039818975612968)
INFO        2025-05-16 17:02:40.437626 EST  new_ticket      : Created #pengveen-ticket-164159 (1373042991572451348) in 2.32s by pengveen (1155238381584908448) 43
INFO        2025-05-16 17:02:43.224625 EST  enter_information_button : Sent the Questions modal to pengveen (1155238381584908448)
INFO        2025-05-16 17:02:49.666669 EST  on_submit       : pengveen (1155238381584908448) updated the embed with question answers in #pengveen-ticket-164159 (1373042991572451348)
INFO        2025-05-16 17:04:00.930100 EST  wrapper         : Private Command completed in 2.21s
INFO        2025-05-16 17:05:33.047284 EST  wrapper         : Send Ticketlog completed in 0.36s
INFO        2025-05-16 17:16:22.257716 EST  new_ticket      : Created #overworld5217-ticket-164160 (1373046439659442196) in 2.28s by overworld5217 (808326118779912242) 43
INFO        2025-05-16 17:16:25.753124 EST  enter_information_button : Sent the Questions modal to overworld5217 (808326118779912242)
INFO        2025-05-16 17:17:17.888043 EST  on_submit       : overworld5217 (808326118779912242) updated the embed with question answers in #overworld5217-ticket-164160 (1373046439659442196)
INFO        2025-05-16 17:17:20.017441 EST  new_ticket      : Created #wubblelydubbly-ticket-164161 (1373046679988731925) in 2.59s by wubblelydubbly (216661945380503552) 44
INFO        2025-05-16 17:17:21.150680 EST  enter_information_button : Sent the Questions modal to wubblelydubbly (216661945380503552)
INFO        2025-05-16 17:17:25.508440 EST  on_submit       : wubblelydubbly (216661945380503552) updated the embed with question answers in #wubblelydubbly-ticket-164161 (1373046679988731925)
INFO        2025-05-16 17:20:13.763697 EST  new_ticket      : Created #ericzx-ticket-164162 (1373047410380509355) in 2.16s by .ericzx (380157369176555542) 45
INFO        2025-05-16 17:20:15.950065 EST  enter_information_button : Sent the Questions modal to .ericzx (380157369176555542)
INFO        2025-05-16 17:20:18.515558 EST  on_submit       : .ericzx (380157369176555542) updated the embed with question answers in #ericzx-ticket-164162 (1373047410380509355)
INFO        2025-05-16 17:21:53.406643 EST  wrapper         : Rename Command completed in 0.81s
INFO        2025-05-16 17:23:03.401232 EST  new_ticket      : Created #criplin-ticket-164163 (1373048120052813896) in 2.53s by criplin (403561555247104023) 46
INFO        2025-05-16 17:23:05.406020 EST  enter_information_button : Sent the Questions modal to criplin (403561555247104023)
INFO        2025-05-16 17:23:20.375045 EST  on_submit       : criplin (403561555247104023) updated the embed with question answers in #criplin-ticket-164163 (1373048120052813896)
INFO        2025-05-16 17:37:41.156311 EST  new_ticket      : Created #desktopmist2089-ticket-164164 (1373051801812730016) in 2.56s by desktopmist2089 (977960007326892142) 47
INFO        2025-05-16 17:37:42.534211 EST  enter_information_button : Sent the Questions modal to desktopmist2089 (977960007326892142)
INFO        2025-05-16 17:37:50.926850 EST  on_submit       : desktopmist2089 (977960007326892142) updated the embed with question answers in #desktopmist2089-ticket-164164 (1373051801812730016)
WARNING     2025-05-16 17:48:16.538691 EST  check_verified  : frank2152312 (831260891558969374) is not verified and tried to open a ticket
WARNING     2025-05-16 17:49:16.109205 EST  check_disabled  : frank2152312 (831260891558969374) tried to open a KitMap Support ticket when it is disabled
INFO        2025-05-16 17:49:25.292227 EST  new_ticket      : Created #frank2152312-ticket-164165 (1373054757710856193) in 2.19s by frank2152312 (831260891558969374) 48
INFO        2025-05-16 17:49:28.027012 EST  enter_information_button : Sent the Questions modal to frank2152312 (831260891558969374)
INFO        2025-05-16 17:49:42.436625 EST  on_submit       : frank2152312 (831260891558969374) updated the embed with question answers in #frank2152312-ticket-164165 (1373054757710856193)
INFO        2025-05-16 17:50:10.657640 EST  new_ticket      : Created #noemmijmaarpiet-ticket-164166 (1373054945062031511) in 2.61s by noemmijmaarpiet (303555101094707200) 49
INFO        2025-05-16 17:50:12.081298 EST  enter_information_button : Sent the Questions modal to noemmijmaarpiet (303555101094707200)
INFO        2025-05-16 17:50:48.928590 EST  on_submit       : noemmijmaarpiet (303555101094707200) updated the embed with question answers in #noemmijmaarpiet-ticket-164166 (1373054945062031511)
INFO        2025-05-16 17:54:10.246024 EST  new_ticket      : Created #helloniez-ticket-164167 (1373055952122548334) in 2.15s by helloniez (140134090040016897) 50
INFO        2025-05-16 17:54:11.986740 EST  enter_information_button : Sent the Questions modal to helloniez (140134090040016897)
INFO        2025-05-16 17:54:27.090419 EST  enter_information_button : Sent the Questions modal to helloniez (140134090040016897)
WARNING     2025-05-16 17:54:34.264173 EST  wrapper         : Create Ticket took a long time to complete and finished in 3.52s
INFO        2025-05-16 17:54:34.333919 EST  new_ticket      : Created #joelee1508-ticket-164168 (1373056046213369859) in 3.88s by joelee1508 (947580702315122779) 51
WARNING     2025-05-16 17:54:34.334215 EST  wrapper         : New Ticket took a long time to complete and finished in 4.04s
INFO        2025-05-16 17:54:48.100692 EST  enter_information_button : Sent the Questions modal to joelee1508 (947580702315122779)
INFO        2025-05-16 17:54:58.807480 EST  on_submit       : helloniez (140134090040016897) updated the embed with question answers in #helloniez-ticket-164167 (1373055952122548334)
ERROR       2025-05-16 17:55:00.977060 EST  on_submit       : joelee1508 (947580702315122779) failed to add question answers into embed 503 Service Unavailable (error code: 0): upstream connect error or disconnect/reset before headers. reset reason: connection termination
WARNING     2025-05-16 17:58:33.764773 EST  wrapper         : Create Ticket took a long time to complete and finished in 3.6s
INFO        2025-05-16 17:58:33.839541 EST  new_ticket      : Created #kadubb-ticket-164169 (1373057051407814671) in 3.98s by kadubb (733371257139101770) 52
WARNING     2025-05-16 17:58:33.839848 EST  wrapper         : New Ticket took a long time to complete and finished in 4.18s
INFO        2025-05-16 17:58:35.508963 EST  enter_information_button : Sent the Questions modal to kadubb (733371257139101770)
INFO        2025-05-16 17:59:06.172897 EST  on_submit       : kadubb (733371257139101770) updated the embed with question answers in #kadubb-ticket-164169 (1373057051407814671)
INFO        2025-05-16 18:08:26.934675 EST  new_ticket      : Created #derekking-ticket-164170 (1373059546595196928) in 2.97s by derek.king (1060628909445615726) 53
WARNING     2025-05-16 18:08:26.935393 EST  wrapper         : New Ticket took a long time to complete and finished in 3.17s
INFO        2025-05-16 18:08:28.866508 EST  enter_information_button : Sent the Questions modal to derek.king (1060628909445615726)
WARNING     2025-05-16 18:10:07.760972 EST  send_ticket_log : Failed to send ticket log: 403 Forbidden (error code: 50007): Cannot send messages to this user
INFO        2025-05-16 18:10:07.761374 EST  wrapper         : Send Ticketlog completed in 0.47s
WARNING     2025-05-16 18:10:24.091378 EST  wrapper         : Move Command took a long time to complete and finished in 3.34s
INFO        2025-05-16 18:10:26.106296 EST  wrapper         : Rename Command completed in 0.59s
INFO        2025-05-16 18:10:35.939360 EST  on_submit       : derek.king (1060628909445615726) updated the embed with question answers in #derekking-ticket-164170 (1373059546595196928)
INFO        2025-05-16 18:10:38.601534 EST  new_ticket      : Created #hefesdgfdg4-ticket-164171 (1373060097294471200) in 2.2s by hefesdgfdg4 (1151527658824400998) 53
INFO        2025-05-16 18:10:40.227906 EST  enter_information_button : Sent the Questions modal to hefesdgfdg4 (1151527658824400998)
INFO        2025-05-16 18:11:24.378784 EST  on_submit       : hefesdgfdg4 (1151527658824400998) updated the embed with question answers in #hefesdgfdg4-ticket-164171 (1373060097294471200)
INFO        2025-05-16 18:22:01.479848 EST  wrapper         : Send Ticketlog completed in 0.73s
INFO        2025-05-16 18:25:45.644605 EST  new_ticket      : Created #yourraidable-ticket-164172 (1373063903491395675) in 1.75s by yourraidable (190257109701623808) 53
INFO        2025-05-16 18:25:58.231102 EST  enter_information_button : Sent the Questions modal to yourraidable (190257109701623808)
INFO        2025-05-16 18:26:11.544982 EST  new_ticket      : Created #m0rocco-ticket-164173 (1373064007375917066) in 3.0s by m0rocco (805408212853063690) 54
WARNING     2025-05-16 18:26:11.545368 EST  wrapper         : New Ticket took a long time to complete and finished in 3.13s
INFO        2025-05-16 18:26:13.565214 EST  enter_information_button : Sent the Questions modal to m0rocco (805408212853063690)
INFO        2025-05-16 18:26:38.482322 EST  on_submit       : m0rocco (805408212853063690) updated the embed with question answers in #m0rocco-ticket-164173 (1373064007375917066)
INFO        2025-05-16 18:27:57.328094 EST  on_submit       : yourraidable (190257109701623808) updated the embed with question answers in #yourraidable-ticket-164172 (1373063903491395675)
WARNING     2025-05-16 18:28:33.136058 EST  check_verified  : 00009990000 (1098632662098378762) is not verified and tried to open a ticket
INFO        2025-05-16 18:28:37.811985 EST  wrapper         : Send Ticketlog completed in 2.44s
WARNING     2025-05-16 18:28:38.189138 EST  wrapper         : Close Command took a long time to complete and finished in 3.6s
INFO        2025-05-16 18:29:04.043556 EST  wrapper         : Send Ticketlog completed in 0.75s
WARNING     2025-05-16 18:35:42.335410 EST  check_verified  : 00009990000 (1098632662098378762) is not verified and tried to open a ticket
INFO        2025-05-16 18:37:05.503761 EST  new_ticket      : Created #00009990000-ticket-164174 (1373066752241434665) in 2.57s by 00009990000 (1098632662098378762) 53
INFO        2025-05-16 18:37:11.750190 EST  enter_information_button : Sent the Questions modal to 00009990000 (1098632662098378762)
INFO        2025-05-16 18:38:39.621430 EST  enter_information_button : Sent the Questions modal to 00009990000 (1098632662098378762)
INFO        2025-05-16 18:38:51.734676 EST  on_submit       : 00009990000 (1098632662098378762) updated the embed with question answers in #00009990000-ticket-164174 (1373066752241434665)
INFO        2025-05-16 18:39:36.528606 EST  new_ticket      : Created #wtmike-ticket-164175 (1373067386772521042) in 2.34s by wtmike. (793301572557864980) 54
INFO        2025-05-16 18:40:59.498688 EST  enter_information_button : Sent the Questions modal to wtmike. (793301572557864980)
INFO        2025-05-16 18:41:18.820410 EST  on_submit       : wtmike. (793301572557864980) updated the embed with question answers in #wtmike-ticket-164175 (1373067386772521042)
INFO        2025-05-16 18:50:09.229852 EST  new_ticket      : Created #3v1me-ticket-164176 (1373070040802529352) in 2.57s by 3v1me (750520011340382238) 55
INFO        2025-05-16 18:50:11.237431 EST  enter_information_button : Sent the Questions modal to 3v1me (750520011340382238)
INFO        2025-05-16 18:50:33.033789 EST  on_submit       : 3v1me (750520011340382238) updated the embed with question answers in #3v1me-ticket-164176 (1373070040802529352)
INFO        2025-05-16 18:56:39.242311 EST  new_ticket      : Created #zwenh-ticket-164177 (1373071676899590154) in 2.03s by zwenh (903343054621122610) 56
INFO        2025-05-16 18:56:40.615638 EST  enter_information_button : Sent the Questions modal to zwenh (903343054621122610)
INFO        2025-05-16 18:56:43.530896 EST  on_submit       : zwenh (903343054621122610) updated the embed with question answers in #zwenh-ticket-164177 (1373071676899590154)
INFO        2025-05-16 19:00:26.300080 EST  wrapper         : Rename Command completed in 0.52s
INFO        2025-05-16 19:00:29.669901 EST  new_ticket      : Created #main9772-ticket-164178 (1373072643674079273) in 2.39s by main9772 (760265055303893002) 57
INFO        2025-05-16 19:00:37.267093 EST  enter_information_button : Sent the Questions modal to main9772 (760265055303893002)
INFO        2025-05-16 19:01:07.608538 EST  new_ticket      : Created #cromeey37-ticket-164179 (1373072802340540457) in 2.08s by cromeey37 (1278680219879997560) 58
INFO        2025-05-16 19:01:14.689822 EST  enter_information_button : Sent the Questions modal to cromeey37 (1278680219879997560)
INFO        2025-05-16 19:01:31.561521 EST  on_submit       : cromeey37 (1278680219879997560) updated the embed with question answers in #cromeey37-ticket-164179 (1373072802340540457)
INFO        2025-05-16 19:02:35.731631 EST  on_submit       : main9772 (760265055303893002) updated the embed with question answers in #main9772-ticket-164178 (1373072643674079273)
INFO        2025-05-16 19:04:22.256473 EST  new_ticket      : Created #hazza1841-ticket-164180 (1373073619420315658) in 1.93s by hazza1841 (935021711156445214) 59
INFO        2025-05-16 19:04:27.327886 EST  enter_information_button : Sent the Questions modal to hazza1841 (935021711156445214)
INFO        2025-05-16 19:04:35.979615 EST  wrapper         : Send Ticketlog completed in 0.61s
INFO        2025-05-16 19:05:43.676538 EST  on_submit       : hazza1841 (935021711156445214) updated the embed with question answers in #hazza1841-ticket-164180 (1373073619420315658)
INFO        2025-05-16 19:06:57.187055 EST  wrapper         : Send Ticketlog completed in 0.41s
INFO        2025-05-16 19:07:23.867182 EST  wrapper         : Send Ticketlog completed in 0.54s
INFO        2025-05-16 19:10:14.747383 EST  wrapper         : Send Ticketlog completed in 0.57s
INFO        2025-05-16 19:10:30.450122 EST  wrapper         : Send Ticketlog completed in 0.42s
INFO        2025-05-16 19:11:11.753939 EST  wrapper         : Send Ticketlog completed in 0.55s
INFO        2025-05-16 19:11:54.786140 EST  wrapper         : Send Ticketlog completed in 0.76s
WARNING     2025-05-16 19:11:56.730175 EST  wrapper         : Close Command took a long time to complete and finished in 3.33s
WARNING     2025-05-16 19:24:05.875726 EST  wrapper         : Create Ticket took a long time to complete and finished in 4.27s
INFO        2025-05-16 19:24:05.944801 EST  new_ticket      : Created #cottage-ticket-164181 (1373078573920944181) in 4.78s by cottage. (282383443491291138) 53
WARNING     2025-05-16 19:24:05.945134 EST  wrapper         : New Ticket took a long time to complete and finished in 4.95s
INFO        2025-05-16 19:24:40.693945 EST  enter_information_button : Sent the Questions modal to cottage. (282383443491291138)
INFO        2025-05-16 19:25:04.207904 EST  on_submit       : cottage. (282383443491291138) updated the embed with question answers in #cottage-ticket-164181 (1373078573920944181)
INFO        2025-05-16 19:26:41.598554 EST  new_ticket      : Created #xallington-ticket-164182 (1373079236549808288) in 2.11s by xallington (1274464944385036429) 54
INFO        2025-05-16 19:26:44.204131 EST  enter_information_button : Sent the Questions modal to xallington (1274464944385036429)
INFO        2025-05-16 19:27:41.993563 EST  on_submit       : xallington (1274464944385036429) updated the embed with question answers in #xallington-ticket-164182 (1373079236549808288)
INFO        2025-05-16 19:31:35.797426 EST  new_ticket      : Created #zb0ss7-ticket-164183 (1373080469448687636) in 2.5s by zb0ss7 (1321272774219665408) 55
INFO        2025-05-16 19:31:38.518214 EST  enter_information_button : Sent the Questions modal to zb0ss7 (1321272774219665408)
INFO        2025-05-16 19:34:41.201930 EST  on_submit       : zb0ss7 (1321272774219665408) updated the embed with question answers in #zb0ss7-ticket-164183 (1373080469448687636)
INFO        2025-05-16 19:38:45.936954 EST  wrapper         : Send Ticketlog completed in 1.53s
INFO        2025-05-16 19:41:26.221599 EST  new_ticket      : Created #hoodturtle-ticket-164184 (1373082943592857620) in 2.88s by hoodturtle (216705614783447041) 55
WARNING     2025-05-16 19:41:26.222203 EST  wrapper         : New Ticket took a long time to complete and finished in 3.05s
INFO        2025-05-16 19:41:28.300491 EST  enter_information_button : Sent the Questions modal to hoodturtle (216705614783447041)
INFO        2025-05-16 19:41:33.566877 EST  on_submit       : hoodturtle (216705614783447041) updated the embed with question answers in #hoodturtle-ticket-164184 (1373082943592857620)
INFO        2025-05-16 19:41:55.527977 EST  wrapper         : Rename Command completed in 0.44s
INFO        2025-05-16 20:00:37.673665 EST  new_ticket      : Created #11joao111-ticket-164185 (1373087776785956874) in 2.04s by 11joao111 (925511332931960873) 56
INFO        2025-05-16 20:00:39.822850 EST  enter_information_button : Sent the Questions modal to 11joao111 (925511332931960873)
INFO        2025-05-16 20:01:24.866273 EST  on_submit       : 11joao111 (925511332931960873) updated the embed with question answers in #11joao111-ticket-164185 (1373087776785956874)
INFO        2025-05-16 20:18:00.000409 EST  new_ticket      : Created #slymel-ticket-164186 (1373092148517535754) in 1.94s by slymel (199046561790033921) 57
INFO        2025-05-16 20:18:01.812967 EST  enter_information_button : Sent the Questions modal to slymel (199046561790033921)
INFO        2025-05-16 20:18:14.685550 EST  enter_information_button : Sent the Questions modal to slymel (199046561790033921)
INFO        2025-05-16 20:18:28.526604 EST  on_submit       : slymel (199046561790033921) updated the embed with question answers in #slymel-ticket-164186 (1373092148517535754)
INFO        2025-05-16 20:20:15.478099 EST  wrapper         : Rename Command completed in 0.68s
INFO        2025-05-16 20:20:20.399387 EST  wrapper         : Private Command completed in 2.01s
INFO        2025-05-16 20:23:33.222396 EST  new_ticket      : Created #hoodturtle-ticket-164187 (1373093545266647181) in 2.31s by hoodturtle (216705614783447041) 58
INFO        2025-05-16 20:23:34.610587 EST  enter_information_button : Sent the Questions modal to hoodturtle (216705614783447041)
INFO        2025-05-16 20:23:39.165057 EST  on_submit       : hoodturtle (216705614783447041) updated the embed with question answers in #hoodturtle-ticket-164187 (1373093545266647181)
INFO        2025-05-16 20:28:24.714583 EST  new_ticket      : Created #cake2004-ticket-164188 (1373094768250327110) in 2.15s by cake2004 (327293581549109250) 59
INFO        2025-05-16 20:28:26.976634 EST  enter_information_button : Sent the Questions modal to cake2004 (327293581549109250)
INFO        2025-05-16 20:28:29.884359 EST  on_submit       : cake2004 (327293581549109250) updated the embed with question answers in #cake2004-ticket-164188 (1373094768250327110)
INFO        2025-05-16 20:28:43.587996 EST  wrapper         : Rename Command completed in 0.52s
INFO        2025-05-16 20:28:51.659695 EST  wrapper         : Rename Command completed in 0.64s
INFO        2025-05-16 20:29:29.870722 EST  wrapper         : Rename Command completed in 0.6s
INFO        2025-05-16 20:29:51.355794 EST  wrapper         : Rename Command completed in 0.52s
INFO        2025-05-16 20:30:31.443871 EST  wrapper         : Rename Command completed in 0.62s
INFO        2025-05-16 20:30:55.312984 EST  wrapper         : Rename Command completed in 1.05s
INFO        2025-05-16 20:31:14.049260 EST  wrapper         : Rename Command completed in 0.56s
INFO        2025-05-16 20:38:20.994321 EST  new_ticket      : Created #derekking-ticket-164189 (1373097270303522897) in 1.96s by derek.king (1060628909445615726) 60
INFO        2025-05-16 20:38:23.133463 EST  enter_information_button : Sent the Questions modal to derek.king (1060628909445615726)
INFO        2025-05-16 20:38:36.327364 EST  on_submit       : derek.king (1060628909445615726) updated the embed with question answers in #derekking-ticket-164189 (1373097270303522897)
INFO        2025-05-16 20:43:41.577632 EST  wrapper         : Send Ticketlog completed in 0.41s
WARNING     2025-05-16 20:51:04.787990 EST  check_disabled  : cloundown0001 (509484089158664204) tried to open a KitMap Support ticket when it is disabled
INFO        2025-05-16 20:51:45.357332 EST  wrapper         : Move Command completed in 2.01s
WARNING     2025-05-16 21:03:14.433475 EST  check_verified  : dylan_dy (709445234454691953) is not verified and tried to open a ticket
INFO        2025-05-16 21:03:53.030107 EST  new_ticket      : Created #dylan_dy-ticket-164190 (1373103696631697438) in 1.72s by dylan_dy (709445234454691953) 60
INFO        2025-05-16 21:03:56.047780 EST  enter_information_button : Sent the Questions modal to dylan_dy (709445234454691953)
INFO        2025-05-16 21:04:34.754491 EST  on_submit       : dylan_dy (709445234454691953) updated the embed with question answers in #dylan_dy-ticket-164190 (1373103696631697438)
INFO        2025-05-16 21:04:36.410730 EST  new_ticket      : Created #pro_wombat-ticket-164191 (1373103875900575825) in 2.37s by pro_wombat (250708897571143681) 61
INFO        2025-05-16 21:04:38.996676 EST  enter_information_button : Sent the Questions modal to pro_wombat (250708897571143681)
INFO        2025-05-16 21:04:42.300729 EST  on_submit       : pro_wombat (250708897571143681) updated the embed with question answers in #pro_wombat-ticket-164191 (1373103875900575825)
INFO        2025-05-16 21:05:03.080112 EST  wrapper         : Rename Command completed in 0.53s
INFO        2025-05-16 21:09:36.661525 EST  new_ticket      : Created #96266-ticket-164192 (1373105135714046022) in 2.25s by 96266 (1188713879497363458) 62
INFO        2025-05-16 21:12:39.225079 EST  wrapper         : Ticket Logs Command completed in 0.82s
INFO        2025-05-16 21:16:02.943610 EST  wrapper         : Ticket Logs Command completed in 0.89s
INFO        2025-05-16 21:16:07.199837 EST  enter_information_button : Sent the Questions modal to 96266 (1188713879497363458)
INFO        2025-05-16 21:16:32.614677 EST  enter_information_button : Sent the Questions modal to 96266 (1188713879497363458)
WARNING     2025-05-16 21:16:36.748648 EST  wrapper         : Create Ticket took a long time to complete and finished in 3.72s
INFO        2025-05-16 21:16:36.817253 EST  new_ticket      : Created #crazy948194092-ticket-164193 (1373106891206426645) in 4.05s by crazy948194092 (925548826243264563) 63
WARNING     2025-05-16 21:16:36.817561 EST  wrapper         : New Ticket took a long time to complete and finished in 4.18s
INFO        2025-05-16 21:16:37.054701 EST  on_submit       : 96266 (1188713879497363458) updated the embed with question answers in #96266-ticket-164192 (1373105135714046022)
INFO        2025-05-16 21:16:38.294243 EST  enter_information_button : Sent the Questions modal to crazy948194092 (925548826243264563)
INFO        2025-05-16 21:16:58.032053 EST  wrapper         : Send Ticketlog completed in 0.88s
INFO        2025-05-16 21:17:11.959341 EST  wrapper         : Send Ticketlog completed in 1.24s
INFO        2025-05-16 21:17:38.089428 EST  on_submit       : crazy948194092 (925548826243264563) updated the embed with question answers in #crazy948194092-ticket-164193 (1373106891206426645)
INFO        2025-05-16 21:17:38.558173 EST  wrapper         : Send Ticketlog completed in 0.63s
INFO        2025-05-16 21:18:55.423608 EST  wrapper         : Send Ticketlog completed in 0.52s
INFO        2025-05-16 21:24:32.848957 EST  new_ticket      : Created #briitt-ticket-164194 (1373108893864951879) in 2.56s by briitt (560221074244239381) 60
INFO        2025-05-16 21:24:34.145637 EST  enter_information_button : Sent the Questions modal to briitt (560221074244239381)
INFO        2025-05-16 21:24:50.227169 EST  on_submit       : briitt (560221074244239381) updated the embed with question answers in #briitt-ticket-164194 (1373108893864951879)
INFO        2025-05-16 21:25:13.958923 EST  new_ticket      : Created #dsadasdsadadaaa-ticket-164195 (1373109067513331722) in 2.2s by dsadasdsadadaaa (1237530057573142601) 61
INFO        2025-05-16 21:25:21.635430 EST  enter_information_button : Sent the Questions modal to dsadasdsadadaaa (1237530057573142601)
INFO        2025-05-16 21:25:24.812544 EST  on_submit       : dsadasdsadadaaa (1237530057573142601) updated the embed with question answers in #dsadasdsadadaaa-ticket-164195 (1373109067513331722)
INFO        2025-05-16 21:25:55.177993 EST  new_ticket      : Created #cheeeky-ticket-164196 (1373109241237340170) in 1.93s by cheeeky (252959459779936258) 62
INFO        2025-05-16 21:26:36.714133 EST  enter_information_button : Sent the Questions modal to cheeeky (252959459779936258)
INFO        2025-05-16 21:27:04.534826 EST  new_ticket      : Created #vodkalol69-ticket-164197 (1373109531290112112) in 2.35s by vodkalol69 (496021347550625792) 63
INFO        2025-05-16 21:27:07.852952 EST  enter_information_button : Sent the Questions modal to vodkalol69 (496021347550625792)
INFO        2025-05-16 21:27:11.552435 EST  on_submit       : vodkalol69 (496021347550625792) updated the embed with question answers in #vodkalol69-ticket-164197 (1373109531290112112)
INFO        2025-05-16 21:27:44.184668 EST  on_submit       : cheeeky (252959459779936258) updated the embed with question answers in #cheeeky-ticket-164196 (1373109241237340170)
INFO        2025-05-16 21:29:09.011698 EST  wrapper         : Rename Command completed in 0.87s
INFO        2025-05-16 21:29:25.509310 EST  wrapper         : Rename Command completed in 0.44s
INFO        2025-05-16 21:29:39.635951 EST  wrapper         : Rename Command completed in 0.42s
INFO        2025-05-16 21:36:17.719437 EST  new_ticket      : Created #congram-ticket-164198 (1373111851335811142) in 2.3s by congram. (1187910213852991538) 64
INFO        2025-05-16 21:36:19.586192 EST  enter_information_button : Sent the Questions modal to congram. (1187910213852991538)
INFO        2025-05-16 21:36:55.255134 EST  on_submit       : congram. (1187910213852991538) updated the embed with question answers in #congram-ticket-164198 (1373111851335811142)
INFO        2025-05-16 21:41:55.169329 EST  wrapper         : Ticket Count Command completed in 0.8s
INFO        2025-05-16 21:43:01.210563 EST  wrapper         : Send Ticketlog completed in 0.52s
INFO        2025-05-16 21:43:13.536924 EST  wrapper         : Send Ticketlog completed in 0.5s
INFO        2025-05-16 21:48:21.272318 EST  wrapper         : Send Ticketlog completed in 0.58s
INFO        2025-05-16 21:48:38.009146 EST  wrapper         : Send Ticketlog completed in 0.48s
INFO        2025-05-16 21:48:53.790689 EST  wrapper         : Send Ticketlog completed in 0.38s
INFO        2025-05-16 21:49:16.188948 EST  new_ticket      : Created #yourraidable-ticket-164199 (1373115115423006761) in 2.44s by yourraidable (190257109701623808) 60
INFO        2025-05-16 21:49:19.078552 EST  enter_information_button : Sent the Questions modal to yourraidable (190257109701623808)
INFO        2025-05-16 21:51:15.610865 EST  on_submit       : yourraidable (190257109701623808) updated the embed with question answers in #yourraidable-ticket-164199 (1373115115423006761)
INFO        2025-05-16 21:54:12.378582 EST  wrapper         : Send Ticketlog completed in 0.51s
INFO        2025-05-16 21:54:52.572181 EST  new_ticket      : Created #kuratongx089-ticket-164200 (1373116528274182275) in 1.91s by kuratongx089 (1253760855531720837) 60
INFO        2025-05-16 21:54:55.847173 EST  enter_information_button : Sent the Questions modal to kuratongx089 (1253760855531720837)
INFO        2025-05-16 21:56:07.946978 EST  on_submit       : kuratongx089 (1253760855531720837) updated the embed with question answers in #kuratongx089-ticket-164200 (1373116528274182275)
WARNING     2025-05-16 21:56:25.166742 EST  send_ticket_log : Failed to send ticket log: 403 Forbidden (error code: 50007): Cannot send messages to this user
INFO        2025-05-16 21:56:25.167549 EST  wrapper         : Send Ticketlog completed in 0.57s
WARNING     2025-05-16 21:57:00.258744 EST  send_ticket_log : Failed to send ticket log: 403 Forbidden (error code: 50007): Cannot send messages to this user
INFO        2025-05-16 21:57:00.259380 EST  wrapper         : Send Ticketlog completed in 0.38s
INFO        2025-05-16 21:58:04.529525 EST  wrapper         : Send Ticketlog completed in 0.55s
INFO        2025-05-16 21:59:06.201702 EST  wrapper         : Send Ticketlog completed in 0.34s
INFO        2025-05-16 21:59:16.646034 EST  wrapper         : Send Ticketlog completed in 0.32s
INFO        2025-05-16 22:00:09.406558 EST  wrapper         : Send Ticketlog completed in 0.67s
INFO        2025-05-16 22:00:45.534166 EST  wrapper         : Send Ticketlog completed in 0.87s
INFO        2025-05-16 22:01:02.223736 EST  wrapper         : Send Ticketlog completed in 0.42s
