ERROR       2025-04-25 00:23:40.867959 EST  on_command_error : Ignoring exception in command None
discord.ext.commands.errors.CommandNotFound: Command "BLIZZARD" is not found
INFO        2025-04-25 01:15:36.406915 EST  received_message : Shard ID None has successfully RESUMED session 6ccf17990d30712705db2bcc69255c92.
INFO        2025-04-25 02:28:30.654308 EST  received_message : Shard ID None has successfully RESUMED session 6ccf17990d30712705db2bcc69255c92.
INFO        2025-04-25 05:07:13.323245 EST  received_message : Shard ID None has successfully RESUMED session 6ccf17990d30712705db2bcc69255c92.
ERROR       2025-04-25 06:33:56.210480 EST  connect         : Attempting a reconnect in 1.21s
Traceback (most recent call last):
  File "/usr/local/lib/python3.9/dist-packages/discord/client.py", line 667, in connect
    await self.ws.poll_event()
  File "/usr/local/lib/python3.9/dist-packages/discord/gateway.py", line 648, in poll_event
    raise ConnectionClosed(self.socket, shard_id=self.shard_id, code=code) from None
discord.errors.ConnectionClosed: Shard ID None WebSocket closed with 1000
INFO        2025-04-25 06:33:57.566643 EST  received_message : Shard ID None has successfully RESUMED session 6ccf17990d30712705db2bcc69255c92.
ERROR       2025-04-25 07:45:16.696058 EST  connect         : Attempting a reconnect in 1.12s
Traceback (most recent call last):
  File "/usr/local/lib/python3.9/dist-packages/discord/client.py", line 667, in connect
    await self.ws.poll_event()
  File "/usr/local/lib/python3.9/dist-packages/discord/gateway.py", line 648, in poll_event
    raise ConnectionClosed(self.socket, shard_id=self.shard_id, code=code) from None
discord.errors.ConnectionClosed: Shard ID None WebSocket closed with 1000
INFO        2025-04-25 07:45:17.957846 EST  received_message : Shard ID None has successfully RESUMED session 6ccf17990d30712705db2bcc69255c92.
ERROR       2025-04-25 07:51:33.718635 EST  on_command_error : Ignoring exception in command None
discord.ext.commands.errors.CommandNotFound: Command "ilnotrepeat" is not found
INFO        2025-04-25 09:57:04.763116 EST  received_message : Shard ID None has successfully RESUMED session 6ccf17990d30712705db2bcc69255c92.
INFO        2025-04-25 10:48:01.393769 EST  received_message : Shard ID None has successfully RESUMED session 6ccf17990d30712705db2bcc69255c92.
ERROR       2025-04-25 11:03:34.470345 EST  on_command_error : Ignoring exception in command None
discord.ext.commands.errors.CommandNotFound: Command "ilnotrepeat" is not found
ERROR       2025-04-25 11:19:14.366170 EST  connect         : Attempting a reconnect in 0.45s
Traceback (most recent call last):
  File "/usr/local/lib/python3.9/dist-packages/discord/client.py", line 667, in connect
    await self.ws.poll_event()
  File "/usr/local/lib/python3.9/dist-packages/discord/gateway.py", line 648, in poll_event
    raise ConnectionClosed(self.socket, shard_id=self.shard_id, code=code) from None
discord.errors.ConnectionClosed: Shard ID None WebSocket closed with 1000
INFO        2025-04-25 11:19:14.963463 EST  received_message : Shard ID None has successfully RESUMED session 6ccf17990d30712705db2bcc69255c92.
ERROR       2025-04-25 11:21:41.290177 EST  on_command_error : Ignoring exception in command None
discord.ext.commands.errors.CommandNotFound: Command "...." is not found
ERROR       2025-04-25 11:26:25.106316 EST  connect         : Attempting a reconnect in 2.02s
Traceback (most recent call last):
  File "/usr/local/lib/python3.9/dist-packages/discord/client.py", line 667, in connect
    await self.ws.poll_event()
  File "/usr/local/lib/python3.9/dist-packages/discord/gateway.py", line 648, in poll_event
    raise ConnectionClosed(self.socket, shard_id=self.shard_id, code=code) from None
discord.errors.ConnectionClosed: Shard ID None WebSocket closed with 1000
INFO        2025-04-25 11:26:27.273925 EST  received_message : Shard ID None has successfully RESUMED session 6ccf17990d30712705db2bcc69255c92.
INFO        2025-04-25 12:31:47.385089 EST  received_message : Shard ID None has successfully RESUMED session 6ccf17990d30712705db2bcc69255c92.
ERROR       2025-04-25 14:15:02.079094 EST  on_command_error : Ignoring exception in command None
discord.ext.commands.errors.CommandNotFound: Command "blizard1yt" is not found
INFO        2025-04-25 15:54:29.592054 EST  received_message : Shard ID None has successfully RESUMED session 6ccf17990d30712705db2bcc69255c92.
ERROR       2025-04-25 16:27:54.449883 EST  connect         : Attempting a reconnect in 0.75s
Traceback (most recent call last):
  File "/usr/local/lib/python3.9/dist-packages/discord/client.py", line 667, in connect
    await self.ws.poll_event()
  File "/usr/local/lib/python3.9/dist-packages/discord/gateway.py", line 648, in poll_event
    raise ConnectionClosed(self.socket, shard_id=self.shard_id, code=code) from None
discord.errors.ConnectionClosed: Shard ID None WebSocket closed with 1000
INFO        2025-04-25 16:27:55.355708 EST  received_message : Shard ID None has successfully RESUMED session 6ccf17990d30712705db2bcc69255c92.
ERROR       2025-04-25 17:09:53.416360 EST  on_command_error : Ignoring exception in command None
discord.ext.commands.errors.CommandNotFound: Command ".." is not found
ERROR       2025-04-25 18:04:10.943712 EST  on_command_error : Ignoring exception in command None
discord.ext.commands.errors.CommandNotFound: Command "-." is not found
INFO        2025-04-25 19:15:51.263669 EST  received_message : Shard ID None has successfully RESUMED session 6ccf17990d30712705db2bcc69255c92.
INFO        2025-04-25 20:00:24.329331 EST  received_message : Shard ID None has successfully RESUMED session 6ccf17990d30712705db2bcc69255c92.
INFO        2025-04-25 23:29:34.481838 EST  received_message : Shard ID None has successfully RESUMED session 6ccf17990d30712705db2bcc69255c92.
ERROR       2025-04-26 00:36:36.253859 EST  on_command_error : Ignoring exception in command None
discord.ext.commands.errors.CommandNotFound: Command ".." is not found
INFO        2025-04-26 00:53:13.770921 EST  received_message : Shard ID None has successfully RESUMED session 6ccf17990d30712705db2bcc69255c92.
INFO        2025-04-26 03:54:29.521813 EST  received_message : Shard ID None has successfully RESUMED session 6ccf17990d30712705db2bcc69255c92.
INFO        2025-04-26 04:10:13.198875 EST  received_message : Shard ID None has successfully RESUMED session 6ccf17990d30712705db2bcc69255c92.
INFO        2025-04-26 06:54:35.723978 EST  received_message : Shard ID None has successfully RESUMED session 6ccf17990d30712705db2bcc69255c92.
INFO        2025-04-26 08:59:31.483201 EST  received_message : Shard ID None has successfully RESUMED session 6ccf17990d30712705db2bcc69255c92.
INFO        2025-04-26 10:00:16.263492 EST  received_message : Shard ID None has successfully RESUMED session 6ccf17990d30712705db2bcc69255c92.
INFO        2025-04-26 12:03:31.077367 EST  received_message : Shard ID None has successfully RESUMED session 6ccf17990d30712705db2bcc69255c92.
ERROR       2025-04-26 12:17:09.164434 EST  on_command_error : Ignoring exception in command None
discord.ext.commands.errors.CommandNotFound: Command ".." is not found
ERROR       2025-04-26 12:27:46.333375 EST  on_command_error : Ignoring exception in command None
discord.ext.commands.errors.CommandNotFound: Command "." is not found
ERROR       2025-04-26 13:18:48.301637 EST  on_command_error : Ignoring exception in command None
discord.ext.commands.errors.CommandNotFound: Command "/goldshop" is not found
INFO        2025-04-26 15:01:06.703653 EST  received_message : Shard ID None has successfully RESUMED session 6ccf17990d30712705db2bcc69255c92.
INFO        2025-04-26 15:31:44.558367 EST  received_message : Shard ID None has successfully RESUMED session 6ccf17990d30712705db2bcc69255c92.
INFO        2025-04-26 16:01:27.930496 EST  received_message : Shard ID None has successfully RESUMED session 6ccf17990d30712705db2bcc69255c92.
INFO        2025-04-26 17:48:55.939516 EST  received_message : Shard ID None has successfully RESUMED session 6ccf17990d30712705db2bcc69255c92.
INFO        2025-04-26 19:09:22.990939 EST  received_message : Shard ID None has successfully RESUMED session 6ccf17990d30712705db2bcc69255c92.
INFO        2025-04-26 22:04:57.947292 EST  received_message : Shard ID None has successfully RESUMED session 6ccf17990d30712705db2bcc69255c92.
ERROR       2025-04-26 22:12:59.046885 EST  on_command_error : Ignoring exception in command None
discord.ext.commands.errors.CommandNotFound: Command ".." is not found
INFO        2025-04-26 22:33:52.679119 EST  received_message : Shard ID None has successfully RESUMED session 6ccf17990d30712705db2bcc69255c92.
ERROR       2025-04-26 23:02:24.572372 EST  on_command_error : Ignoring exception in command None
discord.ext.commands.errors.CommandNotFound: Command ".." is not found
ERROR       2025-04-26 23:57:20.332091 EST  on_command_error : Ignoring exception in command None
discord.ext.commands.errors.CommandNotFound: Command ".." is not found
INFO        2025-04-27 02:31:18.217592 EST  received_message : Shard ID None has successfully RESUMED session 6ccf17990d30712705db2bcc69255c92.
INFO        2025-04-27 06:04:20.828875 EST  received_message : Shard ID None has successfully RESUMED session 6ccf17990d30712705db2bcc69255c92.
INFO        2025-04-27 06:22:33.297645 EST  received_message : Shard ID None has successfully RESUMED session 6ccf17990d30712705db2bcc69255c92.
INFO        2025-04-27 07:12:01.002577 EST  received_message : Shard ID None has successfully RESUMED session 6ccf17990d30712705db2bcc69255c92.
INFO        2025-04-27 09:25:02.706246 EST  received_message : Shard ID None has successfully RESUMED session 6ccf17990d30712705db2bcc69255c92.
ERROR       2025-04-27 10:21:41.590002 EST  on_command_error : Ignoring exception in command None
discord.ext.commands.errors.CommandNotFound: Command "FahadMC1" is not found
INFO        2025-04-27 11:09:44.808372 EST  received_message : Shard ID None has successfully RESUMED session 6ccf17990d30712705db2bcc69255c92.
INFO        2025-04-27 12:43:19.281226 EST  received_message : Shard ID None has successfully RESUMED session 6ccf17990d30712705db2bcc69255c92.
93204242759680) 62
INFO        2025-04-25 06:41:22.149039 EST  on_interaction  : kesloo (170493204242759680) ran /close reason:'denied blatantly cheating' in #doggiedaggoe-ticket-160892 (1365228772109848576) True
INFO        2025-04-25 06:41:23.924158 EST  close_command   : Closed #doggiedaggoe-ticket-160892 (1365228772109848576) in 1.6s by kesloo (170493204242759680) 61
INFO        2025-04-25 06:45:39.110769 EST  on_interaction  : kesloo (170493204242759680) ran /close reason:'denied' in #leader-transfer (1365106788877467720) True
INFO        2025-04-25 06:45:40.877985 EST  close_command   : Closed #leader-transfer (1365106788877467720) in 1.58s by kesloo (170493204242759680) 61
INFO        2025-04-25 06:47:49.232307 EST  on_interaction  : kesloo (170493204242759680) ran /close reason:'muted' in #yhh3-ticket-160895 (1365236808773800006) True
INFO        2025-04-25 06:47:51.722483 EST  close_command   : Closed #yhh3-ticket-160895 (1365236808773800006) in 2.32s by kesloo (170493204242759680) 60
INFO        2025-04-25 06:49:10.461691 EST  on_interaction  : kesloo (170493204242759680) ran /close reason:'dealt with' in #kdrtop-ticket-160860 (1365116828162199553) True
INFO        2025-04-25 06:49:12.210019 EST  close_command   : Closed #kdrtop-ticket-160860 (1365116828162199553) in 1.57s by kesloo (170493204242759680) 59
INFO        2025-04-25 06:49:48.766418 EST  blacklist_user  : Ticket blacklisted shido__21 (956953240430329916) for 1d
INFO        2025-04-25 06:49:48.768442 EST  on_interaction  : kesloo (170493204242759680) ran /blacklist user:'956953240430329916' length:'1d' reason:'ticket recreation after denial' in #shido__21-ticket-160868 (1365131171930836992) True
INFO        2025-04-25 06:49:51.406043 EST  on_interaction  : kesloo (170493204242759680) ran /close reason:'denied already' in #shido__21-ticket-160868 (1365131171930836992) True
INFO        2025-04-25 06:49:52.948959 EST  close_command   : Closed #shido__21-ticket-160868 (1365131171930836992) in 1.4s by kesloo (170493204242759680) 58
INFO        2025-04-25 06:54:00.641006 EST  on_interaction  : kesloo (170493204242759680) ran /close reason:'requested' in #saup-ticket-160911 (1365279262734815254) True
INFO        2025-04-25 06:54:02.157044 EST  close_command   : Closed #saup-ticket-160911 (1365279262734815254) in 1.36s by kesloo (170493204242759680) 61
INFO        2025-04-25 06:54:04.584296 EST  on_interaction  : kesloo (170493204242759680) ran /close reason:'requested' in #saup-ticket-160911 (1365279251644813385) True
INFO        2025-04-25 06:54:05.984875 EST  close_command   : Closed #saup-ticket-160911 (1365279251644813385) in 1.26s by kesloo (170493204242759680) 60
INFO        2025-04-25 06:55:57.669602 EST  on_interaction  : kesloo (170493204242759680) ran /close reason:'gave leader' in #saup-ticket-160910 (1365279152294330368) True
INFO        2025-04-25 06:55:59.294049 EST  close_command   : Closed #saup-ticket-160910 (1365279152294330368) in 1.45s by kesloo (170493204242759680) 59
INFO        2025-04-25 06:57:50.241660 EST  on_interaction  : kesloo (170493204242759680) ran /close reason:'answered' in #eagle119-ticket-160908 (1365277077254836326) True
INFO        2025-04-25 06:57:51.873679 EST  close_command   : Closed #eagle119-ticket-160908 (1365277077254836326) in 1.45s by kesloo (170493204242759680) 58
INFO        2025-04-25 07:12:45.968433 EST  on_interaction  : llama_xd (200543436749668352) ran /close reason:'denied' in #velvet132_-ticket-160913 (1365283192864772177) True
INFO        2025-04-25 07:12:47.958595 EST  close_command   : Closed #velvet132_-ticket-160913 (1365283192864772177) in 1.81s by llama_xd (200543436749668352) 58
INFO        2025-04-25 07:22:56.886493 EST  on_interaction  : mochamoat (1079983420337303552) ran /move category:'1051564251657027585' in #ken2tuff2-ticket-160898 (1365256461818793996) True
INFO        2025-04-25 07:25:27.562375 EST  blacklist_user  : Ticket blacklisted ken2tuff2 (534433200932388906) for 3d
INFO        2025-04-25 07:25:27.564220 EST  on_interaction  : keksmc (1193224557826412624) ran /blacklist user:'534433200932388906' length:'3d' reason:'Appeal spam' in #ken2tuff2-ticket-160898 (1365256461818793996) True
INFO        2025-04-25 07:25:36.715480 EST  on_interaction  : keksmc (1193224557826412624) ran /close reason:'read transcript' in #ken2tuff2-ticket-160898 (1365256461818793996) True
INFO        2025-04-25 07:25:38.628110 EST  close_command   : Closed #ken2tuff2-ticket-160898 (1365256461818793996) in 1.73s by keksmc (1193224557826412624) 57
INFO        2025-04-25 07:26:06.546880 EST  on_interaction  : mochamoat (1079983420337303552) ran /move category:'1051564251657027585' in #medical_26885-ticket-160902 (1365261318684278805) True
INFO        2025-04-25 07:27:41.004996 EST  on_interaction  : keksmc (1193224557826412624) ran /rename name:'admin' in #shovtz-ticket-160901 (1365259874551988305) True
INFO        2025-04-25 07:29:15.892190 EST  on_interaction  : keksmc (1193224557826412624) ran /close reason:'denied' in #vinix__1-ticket-160899 (1365256739934703668) True
INFO        2025-04-25 07:29:17.337465 EST  close_command   : Closed #vinix__1-ticket-160899 (1365256739934703668) in 1.26s by keksmc (1193224557826412624) 56
INFO        2025-04-25 07:32:41.183638 EST  on_interaction  : keksmc (1193224557826412624) ran /close reason:'denied' in #poblo1234__-ticket-160909 (1365279034011025462) True
INFO        2025-04-25 07:32:42.710093 EST  close_command   : Closed #poblo1234__-ticket-160909 (1365279034011025462) in 1.32s by keksmc (1193224557826412624) 55
INFO        2025-04-25 07:34:37.356753 EST  on_interaction  : keksmc (1193224557826412624) ran /rename name:'combat bug' in #dimi12345678-ticket-160907 (1365270745516867654) True
INFO        2025-04-25 07:36:55.706840 EST  on_interaction  : keksmc (1193224557826412624) ran /close reason:'answered' in #vinix__1-ticket-160900 (1365257220199022664) True
INFO        2025-04-25 07:36:57.337236 EST  close_command   : Closed #vinix__1-ticket-160900 (1365257220199022664) in 1.41s by keksmc (1193224557826412624) 55
INFO        2025-04-25 07:38:24.930220 EST  on_interaction  : keksmc (1193224557826412624) ran /close reason:'unbanned' in #medical_26885-ticket-160902 (1365261318684278805) True
INFO        2025-04-25 07:38:26.787567 EST  close_command   : Closed #medical_26885-ticket-160902 (1365261318684278805) in 1.67s by keksmc (1193224557826412624) 54
INFO        2025-04-25 07:38:53.204053 EST  on_interaction  : keksmc (1193224557826412624) ran /close reason:'denied' in #cronaldo3658-ticket-160876 (1365146957454245968) True
INFO        2025-04-25 07:38:54.881592 EST  close_command   : Closed #cronaldo3658-ticket-160876 (1365146957454245968) in 1.47s by keksmc (1193224557826412624) 53
INFO        2025-04-25 07:41:24.002063 EST  on_interaction  : keksmc (1193224557826412624) ran /close reason:'players punished' in #vinix__1-ticket-160914 (1365290151311311010) True
INFO        2025-04-25 07:41:26.082059 EST  close_command   : Closed #vinix__1-ticket-160914 (1365290151311311010) in 1.85s by keksmc (1193224557826412624) 54
INFO        2025-04-25 07:45:18.514580 EST  on_interaction  : thegenerous (198263506313805824) ran /rename name:'vpn-bypass' in #peterb0b-ticket-160906 (1365270293559513160) True
INFO        2025-04-25 07:45:22.447450 EST  on_interaction  : thegenerous (198263506313805824) ran /private in #vpn-bypass (1365270293559513160) True
INFO        2025-04-25 07:48:24.427827 EST  on_interaction  : keksmc (1193224557826412624) ran /close reason:'unbanned, make sure to clip it next time' in #thebagman_89-ticket-160791 (1364989426593435808) True
INFO        2025-04-25 07:48:26.321816 EST  close_command   : Closed #thebagman_89-ticket-160791 (1364989426593435808) in 1.63s by keksmc (1193224557826412624) 54
INFO        2025-04-25 07:49:11.799209 EST  on_interaction  : mochamoat (1079983420337303552) ran /ticket-logs user:'1079983420337303552' in #𝖲𝗍𝖺𝖿𝖿-𝖢𝗈𝗆𝗆𝖺𝗇𝖽𝗌 (918905638464127016) True
INFO        2025-04-25 08:02:08.184253 EST  on_interaction  : mochamoat (1079983420337303552) ran /add user:'1314229760288755812' in #mochamoat-ticket-160918 (1365296555623710821) True
INFO        2025-04-25 08:10:25.204128 EST  on_interaction  : legendsarising (958225180604370945) ran /ticket-logs user:'579541361888460811' in #hello14142-ticket-160905 (1365267953687203880) True
INFO        2025-04-25 08:11:13.347069 EST  on_interaction  : legendsarising (958225180604370945) ran /close reason:'denied' in #hello14142-ticket-160905 (1365267953687203880) True
INFO        2025-04-25 08:11:14.999300 EST  close_command   : Closed #hello14142-ticket-160905 (1365267953687203880) in 1.47s by legendsarising (958225180604370945) 54
INFO        2025-04-25 08:14:45.516440 EST  on_interaction  : legendsarising (958225180604370945) ran /close reason:'already denied' in #hello14142-ticket-160919 (1365299374535475252) True
INFO        2025-04-25 08:14:46.860084 EST  close_command   : Closed #hello14142-ticket-160919 (1365299374535475252) in 1.21s by legendsarising (958225180604370945) 55
INFO        2025-04-25 08:39:45.245753 EST  on_interaction  : thegenerous (198263506313805824) ran /rename name:'strike-team' in #mattayy-ticket-160921 (1365303853939167272) True
INFO        2025-04-25 08:42:37.556001 EST  on_interaction  : confrontable (544952418178301974) ran /rename name:'leader transfer' in #tbkouko-ticket-160920 (1365299697572642907) True
INFO        2025-04-25 09:38:54.698789 EST  on_interaction  : snack6133 (637766719095439380) ran /close reason:'answered' in #dertotetyp-ticket-160922 (1365305713848615053) True
INFO        2025-04-25 09:38:56.912924 EST  close_command   : Closed #dertotetyp-ticket-160922 (1365305713848615053) in 2.02s by snack6133 (637766719095439380) 58
INFO        2025-04-25 09:44:13.695139 EST  on_interaction  : snack6133 (637766719095439380) ran /close reason:'answered' in #hodgerup-ticket-160866 (1365127391336464465) True
INFO        2025-04-25 09:44:15.313923 EST  close_command   : Closed #hodgerup-ticket-160866 (1365127391336464465) in 1.45s by snack6133 (637766719095439380) 58
INFO        2025-04-25 09:53:46.974722 EST  on_interaction  : exitiummm (750077826874736770) ran /close reason:'done' in #vpn-bypass (1365270293559513160) True
INFO        2025-04-25 09:53:49.165070 EST  close_command   : Closed #vpn-bypass (1365270293559513160) in 2.02s by exitiummm (750077826874736770) 58
INFO        2025-04-25 09:54:19.923187 EST  on_interaction  : exitiummm (750077826874736770) ran /close reason:'pv 1' in #hypebox-battle-during-reboot (1365176603516338322) True
INFO        2025-04-25 09:54:21.506995 EST  close_command   : Closed #hypebox-battle-during-reboot (1365176603516338322) in 1.4s by exitiummm (750077826874736770) 57
INFO        2025-04-25 09:55:05.488367 EST  on_interaction  : exitiummm (750077826874736770) ran /close reason:'unfortunately we would need a video as I dont see anything in the logs' in #dropped-item-at-spawn (1365203293587902485) True
INFO        2025-04-25 09:55:08.300011 EST  close_command   : Closed #dropped-item-at-spawn (1365203293587902485) in 2.57s by exitiummm (750077826874736770) 56
INFO        2025-04-25 09:56:10.865213 EST  on_interaction  : rolith (399760511706726400) ran /close reason:'no response' in #staff-report (1363660802762211507) True
INFO        2025-04-25 09:56:12.948691 EST  close_command   : Closed #staff-report (1363660802762211507) in 1.87s by rolith (399760511706726400) 55
INFO        2025-04-25 09:56:39.472191 EST  on_interaction  : exitiummm (750077826874736770) ran /close reason:'removed' in #cromeey37-ticket-160916 (1365291360667566132) True
INFO        2025-04-25 09:56:41.206773 EST  close_command   : Closed #cromeey37-ticket-160916 (1365291360667566132) in 1.53s by exitiummm (750077826874736770) 54
INFO        2025-04-25 09:58:19.408237 EST  on_interaction  : exitiummm (750077826874736770) ran /close reason:'bb tier roll in pv 12' in #dertotetyp-ticket-160924 (1365319008819085322) True
INFO        2025-04-25 09:58:20.940470 EST  close_command   : Closed #dertotetyp-ticket-160924 (1365319008819085322) in 1.31s by exitiummm (750077826874736770) 53
INFO        2025-04-25 09:59:11.232939 EST  on_interaction  : exitiummm (750077826874736770) ran /close reason:'answered' in #kieran4977-ticket-160926 (1365324700544405504) True
INFO        2025-04-25 09:59:12.922359 EST  close_command   : Closed #kieran4977-ticket-160926 (1365324700544405504) in 1.51s by exitiummm (750077826874736770) 52
INFO        2025-04-25 10:07:12.997542 EST  on_interaction  : ttvlilrolls123_ (776423109317361714) ran /rename name:'leader transfer' in #hoodturtle-ticket-160929 (1365327443912822894) True
INFO        2025-04-25 10:07:26.194075 EST  on_interaction  : ttvlilrolls123_ (776423109317361714) ran /rename name:'missing items' in #kieran4977-ticket-160927 (1365326455772549253) True
INFO        2025-04-25 10:13:15.787757 EST  on_interaction  : sipx (542834884683497472) ran /close reason:'answered' in #thegoat123458-ticket-160800 (1365002981245718619) True
INFO        2025-04-25 10:13:17.542223 EST  close_command   : Closed #thegoat123458-ticket-160800 (1365002981245718619) in 1.57s by sipx (542834884683497472) 54
INFO        2025-04-25 10:30:50.248396 EST  on_interaction  : rolith (399760511706726400) ran /close reason:'done' in #leader-transfer (1365327443912822894) True
INFO        2025-04-25 10:30:53.006326 EST  close_command   : Closed #leader-transfer (1365327443912822894) in 2.56s by rolith (399760511706726400) 54
INFO        2025-04-25 10:31:08.830767 EST  on_interaction  : rolith (399760511706726400) ran /close reason:'done' in #criplin-ticket-160930 (1365333355213623367) True
INFO        2025-04-25 10:31:10.406208 EST  close_command   : Closed #criplin-ticket-160930 (1365333355213623367) in 1.37s by rolith (399760511706726400) 53
INFO        2025-04-25 10:31:57.391562 EST  on_interaction  : rolith (399760511706726400) ran /close reason:'fixed' in #mythich-ticket-160928 (1365327206536188146) True
INFO        2025-04-25 10:31:59.387353 EST  close_command   : Closed #mythich-ticket-160928 (1365327206536188146) in 1.78s by rolith (399760511706726400) 52
INFO        2025-04-25 10:32:41.258848 EST  on_interaction  : rolith (399760511706726400) ran /close reason:'done' in #leader-transfer (1365299697572642907) True
INFO        2025-04-25 10:32:43.049325 EST  close_command   : Closed #leader-transfer (1365299697572642907) in 1.51s by rolith (399760511706726400) 51
INFO        2025-04-25 10:40:46.474228 EST  on_interaction  : daddy0001 (339415844411146251) ran /rename name:'expo loottable buff query' in #epsaaa-ticket-160931 (1365336057876451400) True
INFO        2025-04-25 10:49:11.726787 EST  on_interaction  : thegenerous (198263506313805824) ran /close reason:'requested' in #missing-items (1365326455772549253) True
INFO        2025-04-25 10:49:13.476356 EST  close_command   : Closed #missing-items (1365326455772549253) in 1.56s by thegenerous (198263506313805824) 53
INFO        2025-04-25 11:28:14.797594 EST  on_interaction  : rolith (399760511706726400) ran /close reason:'later today' in #expo-loottable-buff-query (1365336057876451400) True
INFO        2025-04-25 11:28:16.652193 EST  close_command   : Closed #expo-loottable-buff-query (1365336057876451400) in 1.67s by rolith (399760511706726400) 53
INFO        2025-04-25 11:32:22.508362 EST  on_interaction  : pizzamuncher2132 (1066050892203315342) ran /close reason:'items in EC' in #admin (1365056585092694177) True
INFO        2025-04-25 11:32:24.273957 EST  close_command   : Closed #admin (1365056585092694177) in 1.57s by pizzamuncher2132 (1066050892203315342) 52
INFO        2025-04-25 11:33:22.727484 EST  on_interaction  : pizzamuncher2132 (1066050892203315342) ran /close reason:'Appeal denied' in #mochamoat-ticket-160918 (1365296555623710821) True
INFO        2025-04-25 11:33:25.505438 EST  close_command   : Closed #mochamoat-ticket-160918 (1365296555623710821) in 2.59s by pizzamuncher2132 (1066050892203315342) 51
INFO        2025-04-25 11:34:03.994105 EST  on_interaction  : pizzamuncher2132 (1066050892203315342) ran /close reason:'already unbanned' in #applesonmcadia-ticket-160851 (1365096585112977488) True
INFO        2025-04-25 11:34:05.487296 EST  close_command   : Closed #applesonmcadia-ticket-160851 (1365096585112977488) in 1.3s by pizzamuncher2132 (1066050892203315342) 50
INFO        2025-04-25 11:36:14.773762 EST  on_interaction  : pizzamuncher2132 (1066050892203315342) ran /close reason:'answered' in #chaseoce-ticket-160896 (1365252308719501362) True
INFO        2025-04-25 11:36:16.307088 EST  close_command   : Closed #chaseoce-ticket-160896 (1365252308719501362) in 1.34s by pizzamuncher2132 (1066050892203315342) 50
INFO        2025-04-25 11:44:44.427073 EST  on_interaction  : pizzamuncher2132 (1066050892203315342) ran /close reason:'Player punished + t points dealt with' in #admin (1365259874551988305) True
INFO        2025-04-25 11:44:46.050890 EST  close_command   : Closed #admin (1365259874551988305) in 1.43s by pizzamuncher2132 (1066050892203315342) 49
INFO        2025-04-25 11:45:41.327906 EST  on_interaction  : pizzamuncher2132 (1066050892203315342) ran /close reason:'Rewards given' in #f-top-2 (1362183830374711357) True
INFO        2025-04-25 11:45:43.228466 EST  close_command   : Closed #f-top-2 (1362183830374711357) in 1.68s by pizzamuncher2132 (1066050892203315342) 48
INFO        2025-04-25 11:59:45.630446 EST  on_interaction  : pizzamuncher2132 (1066050892203315342) ran /close reason:'Answered' in #vinix__1-ticket-160917 (1365292307741675642) True
INFO        2025-04-25 11:59:47.706066 EST  close_command   : Closed #vinix__1-ticket-160917 (1365292307741675642) in 1.87s by pizzamuncher2132 (1066050892203315342) 48
INFO        2025-04-25 12:02:34.112979 EST  on_interaction  : ttvlilrolls123_ (776423109317361714) ran /rename name:'vpn whitelist' in #ichmussmal-ticket-160938 (1365357063206866994) True
INFO        2025-04-25 12:02:35.824965 EST  on_interaction  : ttvlilrolls123_ (776423109317361714) ran /private in #vpn-whitelist (1365357063206866994) True
INFO        2025-04-25 12:06:55.580533 EST  on_interaction  : llama_xd (200543436749668352) ran /close reason:'accepted' in #strike-team (1364942338446725222) True
INFO        2025-04-25 12:06:57.358922 EST  close_command   : Closed #strike-team (1364942338446725222) in 1.6s by llama_xd (200543436749668352) 50
INFO        2025-04-25 12:08:57.395357 EST  on_interaction  : llama_xd (200543436749668352) ran /close reason:'denied' in #strike-team (1365303853939167272) True
INFO        2025-04-25 12:08:59.241476 EST  close_command   : Closed #strike-team (1365303853939167272) in 1.62s by llama_xd (200543436749668352) 50
INFO        2025-04-25 12:09:37.967957 EST  on_interaction  : _matiass. (638734404402806815) ran /close reason:'Denied' in #helloniez-ticket-160933 (1365338776213262408) True
INFO        2025-04-25 12:09:39.857145 EST  close_command   : Closed #helloniez-ticket-160933 (1365338776213262408) in 1.63s by _matiass. (638734404402806815) 49
INFO        2025-04-25 12:09:48.474664 EST  on_interaction  : llama_xd (200543436749668352) ran /close reason:'already muted thx for report' in #3uqn-ticket-160937 (1365357010102784071) True
INFO        2025-04-25 12:09:50.217811 EST  close_command   : Closed #3uqn-ticket-160937 (1365357010102784071) in 1.59s by llama_xd (200543436749668352) 48
INFO        2025-04-25 12:14:29.990918 EST  on_interaction  : snack6133 (637766719095439380) ran /close reason:'answered' in #walk3d-ticket-160939 (1365357391545368797) True
INFO        2025-04-25 12:14:31.972130 EST  close_command   : Closed #walk3d-ticket-160939 (1365357391545368797) in 1.81s by snack6133 (637766719095439380) 47
INFO        2025-04-25 12:18:47.171517 EST  on_interaction  : kesloo (170493204242759680) ran /close reason:'ss list' in #123uj8ik12oads-ticket-160923 (1365306079713431592) True
INFO        2025-04-25 12:18:49.089519 EST  close_command   : Closed #123uj8ik12oads-ticket-160923 (1365306079713431592) in 1.74s by kesloo (170493204242759680) 46
INFO        2025-04-25 12:19:27.675725 EST  on_interaction  : dev_ggs (1314229760288755812) ran /tickets-reload cog:'Blacklistlist' in #Direct Message with Minecadia Tickets#0315 (1365349986593800233) True
INFO        2025-04-25 12:29:12.678752 EST  on_interaction  : _matiass. (638734404402806815) ran /close reason:'Denied' in #peterb0b-ticket-160943 (1365363569784524942) True
INFO        2025-04-25 12:29:14.858342 EST  close_command   : Closed #peterb0b-ticket-160943 (1365363569784524942) in 1.58s by _matiass. (638734404402806815) 48
INFO        2025-04-25 12:32:01.062364 EST  on_interaction  : rolith (399760511706726400) ran /close reason:'done' in #vpn-whitelist (1365357063206866994) True
INFO        2025-04-25 12:32:03.168624 EST  close_command   : Closed #vpn-whitelist (1365357063206866994) in 1.88s by rolith (399760511706726400) 47
INFO        2025-04-25 12:34:22.158049 EST  on_interaction  : rolith (399760511706726400) ran /close reason:'only applies to the warzone area. so you will need a chroma' in #sylific-ticket-160935 (1365350585443811393) True
INFO        2025-04-25 12:34:24.766095 EST  close_command   : Closed #sylific-ticket-160935 (1365350585443811393) in 2.4s by rolith (399760511706726400) 46
INFO        2025-04-25 12:34:30.177990 EST  on_interaction  : _matiass. (638734404402806815) ran /close reason:'Denied' in #wasabi_32-ticket-160940 (1365358680089821287) True
INFO        2025-04-25 12:34:32.036426 EST  close_command   : Closed #wasabi_32-ticket-160940 (1365358680089821287) in 1.66s by _matiass. (638734404402806815) 45
INFO        2025-04-25 12:37:48.537110 EST  on_interaction  : pizzamuncher2132 (1066050892203315342) ran /close reason:'duplicate' in #blizard1yt-ticket-160941 (1365361613972181153) True
INFO        2025-04-25 12:37:50.792266 EST  close_command   : Closed #blizard1yt-ticket-160941 (1365361613972181153) in 2.01s by pizzamuncher2132 (1066050892203315342) 46
INFO        2025-04-25 12:39:31.249795 EST  on_interaction  : llama_xd (200543436749668352) ran /close reason:'already denied' in #wasabi_32-ticket-160944 (1365365615128346734) True
INFO        2025-04-25 12:39:33.014843 EST  close_command   : Closed #wasabi_32-ticket-160944 (1365365615128346734) in 1.59s by llama_xd (200543436749668352) 45
INFO        2025-04-25 13:21:10.891676 EST  on_interaction  : confrontable (544952418178301974) ran /rename name:'tourney winner' in #kanker62-ticket-160947 (1365374279566491648) True
INFO        2025-04-25 13:48:38.786019 EST  on_interaction  : reheat (409915081317679104) ran /close reason:'emptyt' in #merudev-ticket-160951 (1365380117890596874) True
INFO        2025-04-25 13:48:40.307973 EST  close_command   : Closed #merudev-ticket-160951 (1365380117890596874) in 1.39s by reheat (409915081317679104) 53
INFO        2025-04-25 13:49:47.682781 EST  on_interaction  : reheat (409915081317679104) ran /close reason:'pv1' in #h2026-ticket-160949 (1365376630347923499) True
INFO        2025-04-25 13:49:49.329961 EST  close_command   : Closed #h2026-ticket-160949 (1365376630347923499) in 1.48s by reheat (409915081317679104) 52
INFO        2025-04-25 13:50:03.495061 EST  on_interaction  : reheat (409915081317679104) ran /close reason:'fixed' in #wavetrubble-ticket-160953 (1365381863098810398) True
INFO        2025-04-25 13:50:05.354744 EST  close_command   : Closed #wavetrubble-ticket-160953 (1365381863098810398) in 1.57s by reheat (409915081317679104) 52
INFO        2025-04-25 13:51:15.514063 EST  on_interaction  : xinkuu (901608730452426782) ran /close reason:'answere' in #niggyboos-ticket-160950 (1365377500569407612) True
INFO        2025-04-25 13:51:17.219520 EST  close_command   : Closed #niggyboos-ticket-160950 (1365377500569407612) in 1.47s by xinkuu (901608730452426782) 51
INFO        2025-04-25 13:51:24.903499 EST  on_interaction  : reheat (409915081317679104) ran /close reason:'enderchest' in #tourney-winner (1365374279566491648) True
INFO        2025-04-25 13:51:26.949826 EST  close_command   : Closed #tourney-winner (1365374279566491648) in 1.83s by reheat (409915081317679104) 50
INFO        2025-04-25 13:51:50.181202 EST  on_interaction  : reheat (409915081317679104) ran /close reason:'The server wasn't lagging around this time so it was most likely on your end' in #mgvintage-ticket-160948 (1365376186913525865) True
INFO        2025-04-25 13:51:52.128423 EST  close_command   : Closed #mgvintage-ticket-160948 (1365376186913525865) in 1.77s by reheat (409915081317679104) 49
INFO        2025-04-25 14:05:43.371981 EST  on_interaction  : thegenerous (198263506313805824) ran /rename name:'missing-points' in #lostem-ticket-160945 (1365365710775128125) True
INFO        2025-04-25 14:06:49.434067 EST  on_interaction  : thegenerous (198263506313805824) ran /rename name:'hit-reg' in #goatrobin-ticket-160934 (1365347877974704280) True
INFO        2025-04-25 14:16:49.521991 EST  on_interaction  : keksmc (1193224557826412624) ran /ticket-logs user:'1193224557826412624' in #𝖲𝗍𝖺𝖿𝖿-𝖢𝗈𝗆𝗆𝖺𝗇𝖽𝗌 (918905638464127016) True
INFO        2025-04-25 14:30:30.863982 EST  on_interaction  : rolith (399760511706726400) ran /move category:'1051564251657027585' in #dev_ggs-ticket-160957 (1365390413933842483) True
INFO        2025-04-25 15:13:05.422786 EST  on_interaction  : pizzamuncher2132 (1066050892203315342) ran /close reason:'answered' in #dev_ggs-ticket-160957 (1365390413933842483) True
INFO        2025-04-25 15:13:07.443611 EST  close_command   : Closed #dev_ggs-ticket-160957 (1365390413933842483) in 1.84s by pizzamuncher2132 (1066050892203315342) 53
INFO        2025-04-25 15:49:05.732917 EST  on_interaction  : legendsarising (958225180604370945) ran /close reason:'answered' in #cole30-ticket-160965 (1365412455244894239) True
INFO        2025-04-25 15:49:07.725757 EST  close_command   : Closed #cole30-ticket-160965 (1365412455244894239) in 1.77s by legendsarising (958225180604370945) 57
INFO        2025-04-25 15:49:43.138945 EST  on_interaction  : legendsarising (958225180604370945) ran /close reason:'requeste' in #wavelex-ticket-160946 (1365371013092606042) True
INFO        2025-04-25 15:49:44.873701 EST  close_command   : Closed #wavelex-ticket-160946 (1365371013092606042) in 1.54s by legendsarising (958225180604370945) 56
INFO        2025-04-25 15:50:27.580405 EST  on_interaction  : legendsarising (958225180604370945) ran /close reason:'answered' in #merudev-ticket-160952 (1365380785338581072) True
INFO        2025-04-25 15:50:29.255883 EST  close_command   : Closed #merudev-ticket-160952 (1365380785338581072) in 1.51s by legendsarising (958225180604370945) 55
INFO        2025-04-25 15:51:13.704873 EST  on_interaction  : legendsarising (958225180604370945) ran /close reason:'Denied, insufficient evidence' in #ivarklugt-ticket-160956 (1365389827343908865) True
INFO        2025-04-25 15:51:15.751700 EST  close_command   : Closed #ivarklugt-ticket-160956 (1365389827343908865) in 1.88s by legendsarising (958225180604370945) 54
INFO        2025-04-25 15:51:58.754138 EST  on_interaction  : reheat (409915081317679104) ran /close reason:'empty' in #akulla_-ticket-160964 (1365412037202673797) True
INFO        2025-04-25 15:52:01.688176 EST  close_command   : Closed #akulla_-ticket-160964 (1365412037202673797) in 2.76s by reheat (409915081317679104) 53
INFO        2025-04-25 15:52:02.905524 EST  on_interaction  : legendsarising (958225180604370945) ran /close reason:'already denied' in #mgvintage-ticket-160960 (1365398659864199208) True
INFO        2025-04-25 15:52:04.547070 EST  close_command   : Closed #mgvintage-ticket-160960 (1365398659864199208) in 1.5s by legendsarising (958225180604370945) 52
INFO        2025-04-25 15:53:40.409846 EST  on_interaction  : reheat (409915081317679104) ran /close reason:'given' in #calls_-ticket-160958 (1365391978539520112) True
INFO        2025-04-25 15:53:42.052226 EST  close_command   : Closed #calls_-ticket-160958 (1365391978539520112) in 1.37s by reheat (409915081317679104) 51
INFO        2025-04-25 16:00:50.253730 EST  on_interaction  : thegenerous (198263506313805824) ran /close reason:'denied (read transcript !)' in #futurelegacy-ticket-160925 (1365321625439834266) True
INFO        2025-04-25 16:00:52.210190 EST  close_command   : Closed #futurelegacy-ticket-160925 (1365321625439834266) in 1.75s by thegenerous (198263506313805824) 50
INFO        2025-04-25 16:16:39.421936 EST  on_interaction  : thegenerous (198263506313805824) ran /rename name:'kick-and-kill' in #xental_-ticket-160954 (1365383647980425328) True
INFO        2025-04-25 16:43:41.596736 EST  on_interaction  : thegenerous (198263506313805824) ran /rename name:'start-ferocity' in #joelee1508-ticket-160968 (1365420224198869044) True
INFO        2025-04-25 16:43:54.169038 EST  on_interaction  : thegenerous (198263506313805824) ran /rename name:'start-ferocity' in #briitt-ticket-160973 (1365425585056124949) True
INFO        2025-04-25 16:44:08.575346 EST  on_interaction  : thegenerous (198263506313805824) ran /rename name:'gk-at-ferocity-question' in #empirehangout-ticket-160963 (1365409085155053578) True
INFO        2025-04-25 16:50:26.775326 EST  on_interaction  : thegenerous (198263506313805824) ran /rename name:'start-ferocity' in #niggyboos-ticket-160977 (1365429633830486086) True
INFO        2025-04-25 16:50:58.972583 EST  on_interaction  : thegenerous (198263506313805824) ran /close reason:'empty ticket' in #wittery0578-ticket-160972 (1365424947652198441) True
INFO        2025-04-25 16:51:02.630201 EST  close_command   : Closed #wittery0578-ticket-160972 (1365424947652198441) in 3.4s by thegenerous (198263506313805824) 61
INFO        2025-04-25 16:58:02.457283 EST  on_interaction  : reheat (409915081317679104) ran /close reason:'given' in #blue1885-ticket-160974 (1365425861628657664) True
INFO        2025-04-25 16:58:04.096315 EST  close_command   : Closed #blue1885-ticket-160974 (1365425861628657664) in 1.46s by reheat (409915081317679104) 61
INFO        2025-04-25 16:58:54.736741 EST  on_interaction  : reheat (409915081317679104) ran /close reason:'done' in #start-ferocity (1365420224198869044) True
INFO        2025-04-25 16:58:56.226777 EST  close_command   : Closed #start-ferocity (1365420224198869044) in 1.33s by reheat (409915081317679104) 60
INFO        2025-04-25 16:58:59.410926 EST  on_interaction  : reheat (409915081317679104) ran /close reason:'done' in #start-ferocity (1365425585056124949) True
INFO        2025-04-25 16:59:01.019861 EST  close_command   : Closed #start-ferocity (1365425585056124949) in 1.46s by reheat (409915081317679104) 59
INFO        2025-04-25 16:59:01.899412 EST  on_interaction  : reheat (409915081317679104) ran /close reason:'done' in #start-ferocity (1365429633830486086) True
INFO        2025-04-25 16:59:03.545103 EST  close_command   : Closed #start-ferocity (1365429633830486086) in 1.44s by reheat (409915081317679104) 58
INFO        2025-04-25 16:59:45.466018 EST  on_interaction  : thegenerous (198263506313805824) ran /rename name:'trade-logs' in #asta1541-ticket-160979 (1365431947064639629) True
INFO        2025-04-25 17:01:52.563726 EST  on_interaction  : thegenerous (198263506313805824) ran /rename name:'leader-transfer' in #sweatybomb-ticket-160981 (1365432372392235018) True
INFO        2025-04-25 17:08:11.675492 EST  on_interaction  : reheat (409915081317679104) ran /close reason:'empty' in #ariole-ticket-160978 (1365431195252428830) True
INFO        2025-04-25 17:08:13.901626 EST  close_command   : Closed #ariole-ticket-160978 (1365431195252428830) in 1.98s by reheat (409915081317679104) 61
INFO        2025-04-25 17:08:37.122126 EST  on_interaction  : reheat (409915081317679104) ran /close reason:'done' in #leader-transfer (1365432372392235018) True
INFO        2025-04-25 17:08:38.785068 EST  close_command   : Closed #leader-transfer (1365432372392235018) in 1.33s by reheat (409915081317679104) 60
INFO        2025-04-25 17:09:14.109583 EST  on_interaction  : reheat (409915081317679104) ran /close reason:'deied' in #trubnayr-ticket-160971 (1365423801315229808) True
INFO        2025-04-25 17:09:15.818614 EST  close_command   : Closed #trubnayr-ticket-160971 (1365423801315229808) in 1.51s by reheat (409915081317679104) 59
INFO        2025-04-25 17:09:53.942443 EST  on_interaction  : reheat (409915081317679104) ran /close reason:'denied' in #halalalawalalala-ticket-160942 (1365362196061622292) True
INFO        2025-04-25 17:09:55.751728 EST  close_command   : Closed #halalalawalalala-ticket-160942 (1365362196061622292) in 1.63s by reheat (409915081317679104) 59
INFO        2025-04-25 17:10:17.016691 EST  on_interaction  : reheat (409915081317679104) ran /close reason:'pv1' in #lavaz-ticket-160983 (1365434514070831135) True
INFO        2025-04-25 17:10:19.204920 EST  close_command   : Closed #lavaz-ticket-160983 (1365434514070831135) in 1.97s by reheat (409915081317679104) 58
INFO        2025-04-25 17:16:02.511244 EST  on_interaction  : reheat (409915081317679104) ran /move category:'948592775669121034' in #reheat-ticket-160985 (1365436176504324197) True
INFO        2025-04-25 17:16:08.005320 EST  on_interaction  : reheat (409915081317679104) ran /add user:'805752592511926333' in #reheat-ticket-160985 (1365436176504324197) True
INFO        2025-04-25 17:17:36.721248 EST  on_interaction  : thegenerous (198263506313805824) ran /rename name:'expo-koth-no-reward' in #lostem-ticket-160984 (1365435748152508470) True
INFO        2025-04-25 17:23:07.159508 EST  on_interaction  : rolith (399760511706726400) ran /close reason:'answered' in #gk-at-ferocity-question (1365409085155053578) True
INFO        2025-04-25 17:23:08.895103 EST  close_command   : Closed #gk-at-ferocity-question (1365409085155053578) in 1.57s by rolith (399760511706726400) 59
INFO        2025-04-25 17:24:02.698881 EST  on_interaction  : _matiass. (638734404402806815) ran /close reason:'Denied' in #msgmelol123-ticket-160975 (1365426715928563834) True
INFO        2025-04-25 17:24:04.675614 EST  close_command   : Closed #msgmelol123-ticket-160975 (1365426715928563834) in 1.79s by _matiass. (638734404402806815) 58
INFO        2025-04-25 17:26:14.431199 EST  on_interaction  : _matiass. (638734404402806815) ran /close reason:'Already denied' in #cottage-ticket-160987 (1365438487410643035) True
INFO        2025-04-25 17:26:16.601042 EST  close_command   : Closed #cottage-ticket-160987 (1365438487410643035) in 1.99s by _matiass. (638734404402806815) 59
INFO        2025-04-25 17:29:51.793929 EST  on_interaction  : rolith (399760511706726400) ran /ticket-logs user:'282383443491291138' in #Rolith's Hair Salon (1199525793710211202) True
INFO        2025-04-25 17:35:11.826885 EST  on_interaction  : thegenerous (198263506313805824) ran /close reason:'requested' in #sweatybomb-ticket-160988 (1365439599584870511) True
INFO        2025-04-25 17:35:13.345715 EST  close_command   : Closed #sweatybomb-ticket-160988 (1365439599584870511) in 1.34s by thegenerous (198263506313805824) 60
INFO        2025-04-25 17:36:40.120937 EST  on_interaction  : exitiummm (750077826874736770) ran /close reason:'answered' in #missing-points (1365365710775128125) True
INFO        2025-04-25 17:36:42.079796 EST  close_command   : Closed #missing-points (1365365710775128125) in 1.78s by exitiummm (750077826874736770) 59
INFO        2025-04-25 17:37:05.968181 EST  on_interaction  : exitiummm (750077826874736770) ran /close reason:'resolved' in #trade-logs (1365431947064639629) True
INFO        2025-04-25 17:37:08.232313 EST  close_command   : Closed #trade-logs (1365431947064639629) in 2.07s by exitiummm (750077826874736770) 58
INFO        2025-04-25 17:38:48.206044 EST  on_interaction  : exitiummm (750077826874736770) ran /close reason:'pv 1' in #expo-koth-no-reward (1365435748152508470) True
INFO        2025-04-25 17:38:49.589349 EST  close_command   : Closed #expo-koth-no-reward (1365435748152508470) in 1.23s by exitiummm (750077826874736770) 58
INFO        2025-04-25 17:39:22.246421 EST  on_interaction  : thegenerous (198263506313805824) ran /rename name:'mining-value' in #21312211-ticket-160989 (1365439617893011588) True
INFO        2025-04-25 17:39:24.002346 EST  on_interaction  : exitiummm (750077826874736770) ran /close reason:'we need video proof' in #kick-and-kill (1365383647980425328) True
INFO        2025-04-25 17:39:25.676889 EST  close_command   : Closed #kick-and-kill (1365383647980425328) in 1.49s by exitiummm (750077826874736770) 58
INFO        2025-04-25 17:39:27.321809 EST  on_interaction  : thegenerous (198263506313805824) ran /move category:'1009574363915370620' in #mining-value (1365439617893011588) True
INFO        2025-04-25 17:40:02.251872 EST  on_interaction  : exitiummm (750077826874736770) ran /close reason:'accepted' in #userss-ticket-160980 (1365431983382986813) True
INFO        2025-04-25 17:40:03.675720 EST  close_command   : Closed #userss-ticket-160980 (1365431983382986813) in 1.24s by exitiummm (750077826874736770) 57
INFO        2025-04-25 17:41:08.411936 EST  blacklist_user  : Ticket blacklisted hello14142 (579541361888460811) for 3d
INFO        2025-04-25 17:41:08.413931 EST  on_interaction  : legendsarising (958225180604370945) ran /blacklist user:'579541361888460811' length:'3d' reason:'continuous revives' in #hello14142-ticket-160967 (1365419931918794763) True
INFO        2025-04-25 17:41:18.572770 EST  on_interaction  : legendsarising (958225180604370945) ran /close reason:'already denied multiple times' in #hello14142-ticket-160967 (1365419931918794763) True
INFO        2025-04-25 17:41:20.176041 EST  close_command   : Closed #hello14142-ticket-160967 (1365419931918794763) in 1.46s by legendsarising (958225180604370945) 56
INFO        2025-04-25 17:41:55.708899 EST  on_interaction  : exitiummm (750077826874736770) ran /close reason:'accepted' in #x_xdoor-ticket-160982 (1365432871170478221) True
INFO        2025-04-25 17:41:57.721751 EST  close_command   : Closed #x_xdoor-ticket-160982 (1365432871170478221) in 1.8s by exitiummm (750077826874736770) 55
INFO        2025-04-25 17:42:21.778831 EST  on_interaction  : thegenerous (198263506313805824) ran /close reason:'no longer needed' in #friendlynoob-ticket-160986 (1365438441692856360) True
INFO        2025-04-25 17:42:23.593180 EST  close_command   : Closed #friendlynoob-ticket-160986 (1365438441692856360) in 1.64s by thegenerous (198263506313805824) 54
INFO        2025-04-25 17:42:59.022161 EST  on_interaction  : exitiummm (750077826874736770) ran /close reason:'denied' in #dla300-ticket-160880 (1365164313760891010) True
INFO        2025-04-25 17:43:00.831712 EST  close_command   : Closed #dla300-ticket-160880 (1365164313760891010) in 1.62s by exitiummm (750077826874736770) 53
INFO        2025-04-25 17:52:26.504075 EST  on_interaction  : exitiummm (750077826874736770) ran /close reason:'pv 1' in #grubmaster69-ticket-160891 (1365227569821122561) True
INFO        2025-04-25 17:52:28.170739 EST  close_command   : Closed #grubmaster69-ticket-160891 (1365227569821122561) in 1.5s by exitiummm (750077826874736770) 53
INFO        2025-04-25 17:52:51.713592 EST  on_interaction  : exitiummm (750077826874736770) ran /close reason:'upload to a proper streaming site' in #x_xdoor-ticket-160966 (1365417418352099428) True
INFO        2025-04-25 17:52:53.218338 EST  close_command   : Closed #x_xdoor-ticket-160966 (1365417418352099428) in 1.34s by exitiummm (750077826874736770) 52
INFO        2025-04-25 17:54:12.004776 EST  on_interaction  : exitiummm (750077826874736770) ran /close reason:'for pet related revives we need  key strokes' in #overworld5217-ticket-160970 (1365422157647188069) True
INFO        2025-04-25 17:54:13.809922 EST  close_command   : Closed #overworld5217-ticket-160970 (1365422157647188069) in 1.59s by exitiummm (750077826874736770) 51
INFO        2025-04-25 17:54:32.822649 EST  on_interaction  : thegenerous (198263506313805824) ran /close reason:'answered' in #imluckytoo-ticket-160992 (1365443575516758088) True
INFO        2025-04-25 17:54:34.294752 EST  close_command   : Closed #imluckytoo-ticket-160992 (1365443575516758088) in 1.31s by thegenerous (198263506313805824) 50
INFO        2025-04-25 17:55:21.257931 EST  on_interaction  : thegenerous (198263506313805824) ran /close reason:'answered' in #congram-ticket-160993 (1365445908480655531) True
INFO        2025-04-25 17:55:23.072086 EST  close_command   : Closed #congram-ticket-160993 (1365445908480655531) in 1.63s by thegenerous (198263506313805824) 51
INFO        2025-04-25 17:55:45.086540 EST  on_interaction  : exitiummm (750077826874736770) ran /close reason:'denied' in #otfdavy-ticket-160976 (1365427590701256775) True
INFO        2025-04-25 17:55:47.315276 EST  close_command   : Closed #otfdavy-ticket-160976 (1365427590701256775) in 1.98s by exitiummm (750077826874736770) 50
INFO        2025-04-25 17:56:24.180536 EST  on_interaction  : exitiummm (750077826874736770) ran /close reason:'denied' in #3uqn-ticket-160990 (1365441836201545739) True
INFO        2025-04-25 17:56:26.181033 EST  close_command   : Closed #3uqn-ticket-160990 (1365441836201545739) in 1.83s by exitiummm (750077826874736770) 49
INFO        2025-04-25 18:00:32.574734 EST  on_interaction  : thegenerous (198263506313805824) ran /move category:'1010777747456524338' in #thegoat123458-ticket-160995 (1365447064229642270) True
INFO        2025-04-25 18:09:16.263868 EST  on_interaction  : thegenerous (198263506313805824) ran /rename name:'revive-dispute' in #asta1541-ticket-160997 (1365449378701119539) True
INFO        2025-04-25 18:11:47.828094 EST  on_interaction  : rolith (399760511706726400) ran /close reason:'pv 1' in #x_xdoor-ticket-160994 (1365445999966945341) True
INFO        2025-04-25 18:11:49.869635 EST  close_command   : Closed #x_xdoor-ticket-160994 (1365445999966945341) in 1.9s by rolith (399760511706726400) 53
INFO        2025-04-25 18:11:56.447201 EST  on_interaction  : thegenerous (198263506313805824) ran /move category:'1010777747456524338' in #awkjaimdlemdqkqmj-ticket-160999 (1365450206061265107) True
INFO        2025-04-25 18:12:35.633419 EST  on_interaction  : rolith (399760511706726400) ran /close reason:'pv 1' in #lostem-ticket-160991 (1365442043555614790) True
INFO        2025-04-25 18:12:37.166583 EST  close_command   : Closed #lostem-ticket-160991 (1365442043555614790) in 1.33s by rolith (399760511706726400) 52
INFO        2025-04-25 18:13:51.324923 EST  on_interaction  : rolith (399760511706726400) ran /close reason:'brother we aren't doing this when you were legit complaining about getting denied for cheating in your revive and making an appeal about it, only kingflexing and legends deny people for that as you know. plus you legit have a staff report complaining aboutit. It was a legit 1 shot a valid revive vs like their pearl not working' in #revive-dispute (1365449378701119539) True
INFO        2025-04-25 18:13:53.073821 EST  close_command   : Closed #revive-dispute (1365449378701119539) in 1.58s by rolith (399760511706726400) 51
INFO        2025-04-25 18:13:56.590757 EST  on_interaction  : llama_xd (200543436749668352) ran /close reason:'denied' in #thegoat123458-ticket-160995 (1365447064229642270) True
INFO        2025-04-25 18:13:58.403134 EST  close_command   : Closed #thegoat123458-ticket-160995 (1365447064229642270) in 1.64s by llama_xd (200543436749668352) 50
INFO        2025-04-25 18:14:05.324330 EST  on_interaction  : rolith (399760511706726400) ran /close reason:'answered in gpts ticket' in #x_xdoor-ticket-160998 (1365449389581140008) True
INFO        2025-04-25 18:14:06.982921 EST  close_command   : Closed #x_xdoor-ticket-160998 (1365449389581140008) in 1.47s by rolith (399760511706726400) 49
INFO        2025-04-25 18:16:18.645770 EST  on_interaction  : llama_xd (200543436749668352) ran /close reason:'denied' in #awkjaimdlemdqkqmj-ticket-160999 (1365450206061265107) True
INFO        2025-04-25 18:16:20.473814 EST  close_command   : Closed #awkjaimdlemdqkqmj-ticket-160999 (1365450206061265107) in 1.66s by llama_xd (200543436749668352) 49
INFO        2025-04-25 18:48:37.008854 EST  on_interaction  : thegenerous (198263506313805824) ran /close reason:'no response, make another ticket with evidence if you have it.' in #mining-value (1365439617893011588) True
INFO        2025-04-25 18:48:38.478067 EST  close_command   : Closed #mining-value (1365439617893011588) in 1.31s by thegenerous (198263506313805824) 51
INFO        2025-04-25 18:57:58.986765 EST  on_interaction  : _matiass. (638734404402806815) ran /close reason:'Wrong ticket' in #niggyboos-ticket-161003 (1365454460910043236) True
INFO        2025-04-25 18:58:00.824633 EST  close_command   : Closed #niggyboos-ticket-161003 (1365454460910043236) in 1.67s by _matiass. (638734404402806815) 51
INFO        2025-04-25 19:19:24.191919 EST  on_interaction  : itssfearless (469543931533852684) ran /close reason:'accidental open' in #ebkmabu-ticket-161006 (1365466395780845619) True
INFO        2025-04-25 19:19:26.583326 EST  close_command   : Closed #ebkmabu-ticket-161006 (1365466395780845619) in 2.18s by itssfearless (469543931533852684) 53
INFO        2025-04-25 19:35:21.446618 EST  on_interaction  : _matiass. (638734404402806815) ran /add user:'277253030833815552' in #_matiass-ticket-161009 (1365471144546668544) True
INFO        2025-04-25 19:56:59.996228 EST  on_interaction  : m6rk (229691828650246145) ran /close reason:'revived' in #odeadpoolo8307-ticket-160961 (1365408206448496711) True
INFO        2025-04-25 19:57:01.815054 EST  close_command   : Closed #odeadpoolo8307-ticket-160961 (1365408206448496711) in 1.63s by m6rk (229691828650246145) 58
INFO        2025-04-25 19:59:46.721879 EST  on_interaction  : rolith (399760511706726400) ran /close reason:'resolved' in #briitt-ticket-161012 (1365476042298622086) True
INFO        2025-04-25 19:59:48.256554 EST  close_command   : Closed #briitt-ticket-161012 (1365476042298622086) in 1.38s by rolith (399760511706726400) 57
INFO        2025-04-25 20:02:26.176604 EST  on_interaction  : itssfearless (469543931533852684) ran /rename name:'vpn bypass' in #z0rky-ticket-161015 (1365477751192158349) True
INFO        2025-04-25 20:02:29.195687 EST  on_interaction  : itssfearless (469543931533852684) ran /private in #vpn-bypass (1365477751192158349) True
INFO        2025-04-25 20:28:43.887331 EST  on_interaction  : reheat (409915081317679104) ran /close reason:'fixed' in #reheat-ticket-160985 (1365436176504324197) True
INFO        2025-04-25 20:28:45.374487 EST  close_command   : Closed #reheat-ticket-160985 (1365436176504324197) in 1.3s by reheat (409915081317679104) 63
INFO        2025-04-25 20:29:00.308244 EST  on_interaction  : reheat (409915081317679104) ran /close reason:'given' in #vpn-bypass (1365477751192158349) True
INFO        2025-04-25 20:29:02.210958 EST  close_command   : Closed #vpn-bypass (1365477751192158349) in 1.76s by reheat (409915081317679104) 62
INFO        2025-04-25 20:29:33.236895 EST  on_interaction  : reheat (409915081317679104) ran /move category:'1003465142018768897' in #elite5k4274-ticket-161014 (1365477707386851348) True
INFO        2025-04-25 20:32:10.709052 EST  on_interaction  : m6rk (229691828650246145) ran /close reason:'requested' in #loosin-ticket-160959 (1365396458177826867) True
INFO        2025-04-25 20:32:12.342018 EST  close_command   : Closed #loosin-ticket-160959 (1365396458177826867) in 1.46s by m6rk (229691828650246145) 61
INFO        2025-04-25 20:33:05.088036 EST  on_interaction  : confrontable (544952418178301974) ran /private in #loosin-ticket-161021 (1365485687834542173) True
INFO        2025-04-25 20:47:02.786862 EST  on_interaction  : snack6133 (637766719095439380) ran /rename name:'strike team' in #imad8822-ticket-161008 (1365468776866250815) True
INFO        2025-04-25 20:47:08.857079 EST  on_interaction  : snack6133 (637766719095439380) ran /move category:'1009574363915370620' in #strike-team (1365468776866250815) True
INFO        2025-04-25 20:49:10.709848 EST  on_interaction  : snack6133 (637766719095439380) ran /add user:'216661945380503552' in #juliextt-ticket-161024 (1365487181086589010) True
INFO        2025-04-25 20:49:33.606599 EST  on_interaction  : snack6133 (637766719095439380) ran /remove user:'216661945380503552' in #juliextt-ticket-161024 (1365487181086589010) True
INFO        2025-04-25 20:49:47.092172 EST  on_interaction  : snack6133 (637766719095439380) ran /add user:'1051684401446142202' in #wubblelydubbly-ticket-161025 (1365488309463289908) True
INFO        2025-04-25 20:50:11.984647 EST  on_interaction  : snack6133 (637766719095439380) ran /rename name:'event rewards' in #juliextt-ticket-161024 (1365487181086589010) True
INFO        2025-04-25 20:57:15.390293 EST  on_interaction  : totallydone127 (515520968777793536) ran /rename name:'unscheduled reboot mid voyage' in #0uake-ticket-161026 (1365491578386382939) True
INFO        2025-04-25 20:58:01.377873 EST  on_interaction  : totallydone127 (515520968777793536) ran /rename name:'unscheduled reboot mid voyage' in #otfdavy-ticket-161027 (1365491712583139328) True
INFO        2025-04-25 21:00:31.815557 EST  on_interaction  : legendsarising (958225180604370945) ran /close reason:'dupe ticket, 2 tickets for this' in #elite5k4274-ticket-161014 (1365477707386851348) True
INFO        2025-04-25 21:00:34.179533 EST  close_command   : Closed #elite5k4274-ticket-161014 (1365477707386851348) in 2.07s by legendsarising (958225180604370945) 71
INFO        2025-04-25 21:03:20.574039 EST  on_interaction  : reheat (409915081317679104) ran /close reason:'empty' in #cmccarty3-ticket-161023 (1365486990002491422) True
INFO        2025-04-25 21:03:23.135589 EST  close_command   : Closed #cmccarty3-ticket-161023 (1365486990002491422) in 2.36s by reheat (409915081317679104) 70
INFO        2025-04-25 21:07:21.332209 EST  on_interaction  : thegenerous (198263506313805824) ran /close reason:'requested' in #l122111-ticket-161030 (1365492431520399450) True
INFO        2025-04-25 21:07:22.845665 EST  close_command   : Closed #l122111-ticket-161030 (1365492431520399450) in 1.33s by thegenerous (198263506313805824) 73
INFO        2025-04-25 21:07:40.002731 EST  on_interaction  : thegenerous (198263506313805824) ran /rename name:'combine-masks' in #96266-ticket-161035 (1365494255992438824) True
INFO        2025-04-25 21:10:11.557432 EST  on_interaction  : ttvlilrolls123_ (776423109317361714) ran /rename name:'expo bp loot' in #overworld5217-ticket-161033 (1365493573629382706) True
INFO        2025-04-25 21:10:38.336962 EST  on_interaction  : thegenerous (198263506313805824) ran /rename name:'lost-expo-loot' in #lostem-ticket-161034 (1365493754424852541) True
INFO        2025-04-25 21:10:51.707337 EST  on_interaction  : ttvlilrolls123_ (776423109317361714) ran /rename name:'expo bp loot' in #18ping-ticket-161032 (1365493484160684113) True
INFO        2025-04-25 21:11:00.156693 EST  on_interaction  : ttvlilrolls123_ (776423109317361714) ran /rename name:'expo bp loot' in #psychtaz3-ticket-161031 (1365492559748796416) True
INFO        2025-04-25 21:11:32.389537 EST  on_interaction  : ttvlilrolls123_ (776423109317361714) ran /rename name:'reboot mid voyage' in #z0rky-ticket-161018 (1365481737555279942) True
INFO        2025-04-25 21:11:46.532175 EST  on_interaction  : ttvlilrolls123_ (776423109317361714) ran /rename name:'missing hypeboxs' in #96266-ticket-161016 (1365480742964035654) True
INFO        2025-04-25 21:11:53.775120 EST  on_interaction  : ttvlilrolls123_ (776423109317361714) ran /close reason:'requested' in #spedbas69-ticket-161011 (1365473491155157012) True
INFO        2025-04-25 21:11:55.548675 EST  close_command   : Closed #spedbas69-ticket-161011 (1365473491155157012) in 1.63s by ttvlilrolls123_ (776423109317361714) 74
INFO        2025-04-25 21:12:23.665861 EST  on_interaction  : ttvlilrolls123_ (776423109317361714) ran /rename name:'expo bp loot' in #l122111-ticket-161036 (1365494680518922250) True
INFO        2025-04-25 21:40:19.339219 EST  on_interaction  : exitiummm (750077826874736770) ran /close reason:'fixed' in #jajajalolroflxdxdxd-ticket-161039 (1365496782695436418) True
INFO        2025-04-25 21:40:22.697522 EST  close_command   : Closed #jajajalolroflxdxdxd-ticket-161039 (1365496782695436418) in 3.17s by exitiummm (750077826874736770) 77
INFO        2025-04-25 21:41:12.235970 EST  on_interaction  : exitiummm (750077826874736770) ran /close reason:'done' in #otfdavy-ticket-161002 (1365454114754003075) True
INFO        2025-04-25 21:41:14.013634 EST  close_command   : Closed #otfdavy-ticket-161002 (1365454114754003075) in 1.6s by exitiummm (750077826874736770) 76
INFO        2025-04-25 21:41:57.059315 EST  on_interaction  : exitiummm (750077826874736770) ran /close reason:'done' in #moreli600-ticket-161040 (1365498107525201961) True
INFO        2025-04-25 21:41:58.590512 EST  close_command   : Closed #moreli600-ticket-161040 (1365498107525201961) in 1.37s by exitiummm (750077826874736770) 75
INFO        2025-04-25 21:42:49.982680 EST  on_interaction  : exitiummm (750077826874736770) ran /close reason:'denied' in #ebkmabu-ticket-161007 (1365466544234168482) True
INFO        2025-04-25 21:42:51.508990 EST  close_command   : Closed #ebkmabu-ticket-161007 (1365466544234168482) in 1.34s by exitiummm (750077826874736770) 75
INFO        2025-04-25 21:42:55.702997 EST  on_interaction  : exitiummm (750077826874736770) ran /close reason:'closing this' in #asta1541-ticket-161000 (1365451166246244433) True
INFO        2025-04-25 21:42:57.195189 EST  close_command   : Closed #asta1541-ticket-161000 (1365451166246244433) in 1.29s by exitiummm (750077826874736770) 74
INFO        2025-04-25 21:46:47.723940 EST  on_interaction  : exitiummm (750077826874736770) ran /close reason:'pv 1' in #missing-hypeboxs (1365480742964035654) True
INFO        2025-04-25 21:46:49.601247 EST  close_command   : Closed #missing-hypeboxs (1365480742964035654) in 1.72s by exitiummm (750077826874736770) 73
INFO        2025-04-25 21:48:45.396415 EST  on_interaction  : exitiummm (750077826874736770) ran /close reason:'blackbeards tier roll in pv 1' in #deathstorm5219-ticket-161017 (1365481284683432036) True
INFO        2025-04-25 21:48:47.207672 EST  close_command   : Closed #deathstorm5219-ticket-161017 (1365481284683432036) in 1.62s by exitiummm (750077826874736770) 72
INFO        2025-04-25 21:49:58.083466 EST  on_interaction  : exitiummm (750077826874736770) ran /close reason:'pv 1' in #reboot-mid-voyage (1365481737555279942) True
INFO        2025-04-25 21:50:00.744550 EST  close_command   : Closed #reboot-mid-voyage (1365481737555279942) in 1.38s by exitiummm (750077826874736770) 71
INFO        2025-04-25 21:50:16.235682 EST  on_interaction  : exitiummm (750077826874736770) ran /close reason:'closing this as you have one open with swating' in #event-rewards (1365487181086589010) True
INFO        2025-04-25 21:50:18.001807 EST  close_command   : Closed #event-rewards (1365487181086589010) in 1.58s by exitiummm (750077826874736770) 70
INFO        2025-04-25 21:50:37.307522 EST  on_interaction  : exitiummm (750077826874736770) ran /move category:'1003465142018768897' in #jreggie_-ticket-161042 (1365503231400087613) True
INFO        2025-04-25 21:51:11.191561 EST  on_interaction  : exitiummm (750077826874736770) ran /close reason:'done' in #combine-masks (1365494255992438824) True
INFO        2025-04-25 21:51:13.030047 EST  close_command   : Closed #combine-masks (1365494255992438824) in 1.49s by exitiummm (750077826874736770) 69
INFO        2025-04-25 21:51:56.926421 EST  on_interaction  : exitiummm (750077826874736770) ran /close reason:'unforunately we can only give a bb tier roll, its in your pv 3' in #unscheduled-reboot-mid-voyage (1365491712583139328) True
INFO        2025-04-25 21:51:58.518101 EST  close_command   : Closed #unscheduled-reboot-mid-voyage (1365491712583139328) in 1.42s by exitiummm (750077826874736770) 68
INFO        2025-04-25 21:52:32.691489 EST  on_interaction  : exitiummm (750077826874736770) ran /close reason:'unfortunately we can only give a bb tier roll, its in your pv 2' in #unscheduled-reboot-mid-voyage (1365491578386382939) True
INFO        2025-04-25 21:52:34.366587 EST  close_command   : Closed #unscheduled-reboot-mid-voyage (1365491578386382939) in 1.41s by exitiummm (750077826874736770) 67
INFO        2025-04-25 21:53:22.665150 EST  on_interaction  : exitiummm (750077826874736770) ran /close reason:'unbanned' in #ognfgodsbr23bekwjb235-ticket-161041 (1365502053832724511) True
INFO        2025-04-25 21:53:24.265672 EST  close_command   : Closed #ognfgodsbr23bekwjb235-ticket-161041 (1365502053832724511) in 1.42s by exitiummm (750077826874736770) 66
INFO        2025-04-25 21:54:01.021360 EST  on_interaction  : exitiummm (750077826874736770) ran /close reason:'player request' in #lostem-ticket-161028 (1365491850059710615) True
INFO        2025-04-25 21:54:02.694228 EST  close_command   : Closed #lostem-ticket-161028 (1365491850059710615) in 1.47s by exitiummm (750077826874736770) 65
INFO        2025-04-25 21:55:00.334594 EST  on_interaction  : exitiummm (750077826874736770) ran /close reason:'pv 3' in #imluckytoo-ticket-161037 (1365494689830142074) True
INFO        2025-04-25 21:55:01.774365 EST  close_command   : Closed #imluckytoo-ticket-161037 (1365494689830142074) in 1.28s by exitiummm (750077826874736770) 64
INFO        2025-04-25 21:55:19.622671 EST  on_interaction  : exitiummm (750077826874736770) ran /close reason:'sadly we do need a video' in #bahts-ticket-161019 (1365482403870674985) True
INFO        2025-04-25 21:55:21.457805 EST  close_command   : Closed #bahts-ticket-161019 (1365482403870674985) in 1.61s by exitiummm (750077826874736770) 63
INFO        2025-04-25 22:28:32.286270 EST  on_interaction  : rolith (399760511706726400) ran /close reason:'fixed' in #jreggie_-ticket-161042 (1365503231400087613) True
INFO        2025-04-25 22:28:35.851814 EST  close_command   : Closed #jreggie_-ticket-161042 (1365503231400087613) in 3.42s by rolith (399760511706726400) 68
INFO        2025-04-25 22:45:49.426100 EST  on_interaction  : snack6133 (637766719095439380) ran /rename name:'console check' in #emilsunden-ticket-161046 (1365509666817310750) True
INFO        2025-04-25 22:50:14.473944 EST  on_interaction  : thegenerous (198263506313805824) ran /rename name:'watered-spawners' in #mattayy-ticket-161050 (1365518524839366719) True
INFO        2025-04-25 23:33:43.820902 EST  on_interaction  : rolith (399760511706726400) ran /oldest in #test-bot (935016733033525328) True
INFO        2025-04-26 00:24:42.459098 EST  on_interaction  : reheat (409915081317679104) ran /close reason:'If you’re inquiring for a counter revive, no there’s nothing' in #sweatybomb-ticket-161052 (1365521388626247720) True
INFO        2025-04-26 00:24:43.964534 EST  close_command   : Closed #sweatybomb-ticket-161052 (1365521388626247720) in 1.32s by reheat (409915081317679104) 80
INFO        2025-04-26 00:29:00.470028 EST  on_interaction  : mochamoat (1079983420337303552) ran /rename name:'admin' in #lets_get_jiggy-ticket-161060 (1365539974421807155) True
INFO        2025-04-26 00:31:12.473089 EST  on_interaction  : mochamoat (1079983420337303552) ran /close reason:'.' in #craked8620-ticket-161038 (1365496764068528209) True
INFO        2025-04-26 00:31:14.455810 EST  close_command   : Closed #craked8620-ticket-161038 (1365496764068528209) in 1.75s by mochamoat (1079983420337303552) 79
INFO        2025-04-26 00:44:07.749814 EST  on_interaction  : rolith (399760511706726400) ran /close reason:'unfortunately there is no way to recover your bp' in #expo-bp-loot (1365492559748796416) True
INFO        2025-04-26 00:44:09.390789 EST  close_command   : Closed #expo-bp-loot (1365492559748796416) in 1.48s by rolith (399760511706726400) 81
INFO        2025-04-26 00:44:12.464255 EST  on_interaction  : rolith (399760511706726400) ran /close reason:'unfortunately there is no way to recover your bp' in #expo-bp-loot (1365493484160684113) True
INFO        2025-04-26 00:44:14.213116 EST  close_command   : Closed #expo-bp-loot (1365493484160684113) in 1.59s by rolith (399760511706726400) 80
INFO        2025-04-26 00:44:16.367747 EST  on_interaction  : rolith (399760511706726400) ran /close reason:'unfortunately there is no way to recover your bp' in #expo-bp-loot (1365493573629382706) True
INFO        2025-04-26 00:44:17.823015 EST  close_command   : Closed #expo-bp-loot (1365493573629382706) in 1.24s by rolith (399760511706726400) 79
INFO        2025-04-26 00:44:19.928615 EST  on_interaction  : rolith (399760511706726400) ran /close reason:'unfortunately there is no way to recover your bp' in #lost-expo-loot (1365493754424852541) True
INFO        2025-04-26 00:44:21.229435 EST  close_command   : Closed #lost-expo-loot (1365493754424852541) in 1.15s by rolith (399760511706726400) 78
INFO        2025-04-26 00:44:23.713798 EST  on_interaction  : rolith (399760511706726400) ran /close reason:'unfortunately there is no way to recover your bp' in #expo-bp-loot (1365494680518922250) True
INFO        2025-04-26 00:44:25.268265 EST  close_command   : Closed #expo-bp-loot (1365494680518922250) in 1.41s by rolith (399760511706726400) 77
INFO        2025-04-26 00:44:35.061033 EST  on_interaction  : rolith (399760511706726400) ran /oldest in #test-bot (935016733033525328) True
INFO        2025-04-26 00:46:53.328607 EST  on_interaction  : exitiummm (750077826874736770) ran /close reason:'unfortunately we would need your pov for this' in #console-check (1365509666817310750) True
INFO        2025-04-26 00:46:58.786076 EST  close_command   : Closed #console-check (1365509666817310750) in 5.32s by exitiummm (750077826874736770) 77
INFO        2025-04-26 00:47:43.442917 EST  on_interaction  : exitiummm (750077826874736770) ran /close reason:'unbanned, we will be ssing you randomly' in #ebkmabu-ticket-161057 (1365528335589052477) True
INFO        2025-04-26 00:47:44.850542 EST  close_command   : Closed #ebkmabu-ticket-161057 (1365528335589052477) in 1.23s by exitiummm (750077826874736770) 76
INFO        2025-04-26 00:48:39.619996 EST  on_interaction  : exitiummm (750077826874736770) ran /close reason:'unfortunately we wouldnt be able to give the loot as we have no way to track what you got exactly in all your rooms' in #voyage-bug (1363894581510406184) True
INFO        2025-04-26 00:48:42.404129 EST  close_command   : Closed #voyage-bug (1363894581510406184) in 2.64s by exitiummm (750077826874736770) 75
INFO        2025-04-26 00:49:09.573030 EST  on_interaction  : exitiummm (750077826874736770) ran /close reason:'having dev look into, make sure you aren't cheating though as that effects hit reg' in #hit-reg-issue (1364716069499043981) True
INFO        2025-04-26 00:49:11.243510 EST  close_command   : Closed #hit-reg-issue (1364716069499043981) in 1.47s by exitiummm (750077826874736770) 74
INFO        2025-04-26 00:49:20.331215 EST  on_interaction  : trojanfile (386288345304793089) ran /close reason:'denied' in #vilkku0858-ticket-160955 (1365384330469314602) True
INFO        2025-04-26 00:49:21.996571 EST  close_command   : Closed #vilkku0858-ticket-160955 (1365384330469314602) in 1.54s by trojanfile (386288345304793089) 73
INFO        2025-04-26 00:49:52.827127 EST  on_interaction  : trojanfile (386288345304793089) ran /rename name:'pizza' in #solacen1234-ticket-161010 (1365471627705319426) True
INFO        2025-04-26 00:49:59.992639 EST  on_interaction  : exitiummm (750077826874736770) ran /close reason:'pv 1' in #elite5k4274-ticket-161064 (1365547634412228628) True
INFO        2025-04-26 00:50:01.420296 EST  close_command   : Closed #elite5k4274-ticket-161064 (1365547634412228628) in 1.27s by exitiummm (750077826874736770) 72
INFO        2025-04-26 00:50:24.131318 EST  on_interaction  : trojanfile (386288345304793089) ran /close reason:'User bought an unban' in #chaseoce-ticket-161013 (1365476134401216613) True
INFO        2025-04-26 00:50:25.620829 EST  close_command   : Closed #chaseoce-ticket-161013 (1365476134401216613) in 1.32s by trojanfile (386288345304793089) 71
INFO        2025-04-26 00:50:33.440634 EST  on_interaction  : exitiummm (750077826874736770) ran /close reason:'we need the unedited one as the other staff members told you' in #niggyboos-ticket-161004 (1365461457604706396) True
INFO        2025-04-26 00:50:35.173905 EST  close_command   : Closed #niggyboos-ticket-161004 (1365461457604706396) in 1.47s by exitiummm (750077826874736770) 70
INFO        2025-04-26 00:50:57.878051 EST  on_interaction  : trojanfile (386288345304793089) ran /close reason:'read transcript' in #dev_ggs-ticket-161047 (1365510042677153913) True
INFO        2025-04-26 00:50:59.647452 EST  close_command   : Closed #dev_ggs-ticket-161047 (1365510042677153913) in 1.57s by trojanfile (386288345304793089) 69
INFO        2025-04-26 00:51:29.709076 EST  on_interaction  : exitiummm (750077826874736770) ran /close reason:'answered' in #strike-team (1365468776866250815) True
INFO        2025-04-26 00:51:31.207012 EST  close_command   : Closed #strike-team (1365468776866250815) in 1.37s by exitiummm (750077826874736770) 69
INFO        2025-04-26 00:52:20.790551 EST  on_interaction  : exitiummm (750077826874736770) ran /close reason:'answered' in #tiplee_-ticket-161045 (1365508434786517052) True
INFO        2025-04-26 00:52:25.025200 EST  close_command   : Closed #tiplee_-ticket-161045 (1365508434786517052) in 4.06s by exitiummm (750077826874736770) 68
INFO        2025-04-26 00:52:49.259709 EST  on_interaction  : exitiummm (750077826874736770) ran /close reason:'no video sent' in #21312211-ticket-161049 (1365517798004101133) True
INFO        2025-04-26 00:52:50.572992 EST  close_command   : Closed #21312211-ticket-161049 (1365517798004101133) in 1.15s by exitiummm (750077826874736770) 67
INFO        2025-04-26 00:53:53.121436 EST  on_interaction  : exitiummm (750077826874736770) ran /close reason:'pv 2' in #watered-spawners (1365518524839366719) True
INFO        2025-04-26 00:53:56.124670 EST  close_command   : Closed #watered-spawners (1365518524839366719) in 2.83s by exitiummm (750077826874736770) 67
INFO        2025-04-26 00:54:01.965585 EST  on_interaction  : trojanfile (386288345304793089) ran /close reason:'put a portal in your EC' in #item-disappear (1363668860061876405) True
INFO        2025-04-26 00:54:03.827037 EST  close_command   : Closed #item-disappear (1363668860061876405) in 1.72s by trojanfile (386288345304793089) 66
INFO        2025-04-26 00:54:51.276630 EST  on_interaction  : exitiummm (750077826874736770) ran /close reason:'accepted' in #jokeralex1234-ticket-161063 (1365547622164729947) True
INFO        2025-04-26 00:54:53.114162 EST  close_command   : Closed #jokeralex1234-ticket-161063 (1365547622164729947) in 1.65s by exitiummm (750077826874736770) 65
INFO        2025-04-26 00:55:49.117262 EST  on_interaction  : exitiummm (750077826874736770) ran /close reason:'unbanned' in #imponent-ticket-160932 (1365336096116051968) True
INFO        2025-04-26 00:55:50.703335 EST  close_command   : Closed #imponent-ticket-160932 (1365336096116051968) in 1.41s by exitiummm (750077826874736770) 64
INFO        2025-04-26 00:56:12.438498 EST  on_interaction  : exitiummm (750077826874736770) ran /close reason:'denied' in #loggings-ticket-161022 (1365486158242644110) True
INFO        2025-04-26 00:56:14.095922 EST  close_command   : Closed #loggings-ticket-161022 (1365486158242644110) in 1.49s by exitiummm (750077826874736770) 63
INFO        2025-04-26 00:56:51.688218 EST  on_interaction  : trojanfile (386288345304793089) ran /rename name:'Void Bedrock Issue' in #gungame-noweapons (1364553014920347750) True
INFO        2025-04-26 00:58:16.992066 EST  on_interaction  : trojanfile (386288345304793089) ran /close reason:'duplicate ticket' in #vote-rewards (1365082635717574727) True
INFO        2025-04-26 00:58:18.721603 EST  close_command   : Closed #vote-rewards (1365082635717574727) in 1.55s by trojanfile (386288345304793089) 62
INFO        2025-04-26 00:58:21.290563 EST  on_interaction  : trojanfile (386288345304793089) ran /rename name:'vote reward issue' in #astroripper-ticket-160962 (1365408801355862017) True
INFO        2025-04-26 01:00:42.019713 EST  on_interaction  : exitiummm (750077826874736770) ran /close reason:'denied' in #asadadawfasfg-ticket-161043 (1365507745414905896) True
INFO        2025-04-26 01:00:43.809085 EST  close_command   : Closed #asadadawfasfg-ticket-161043 (1365507745414905896) in 1.6s by exitiummm (750077826874736770) 61
INFO        2025-04-26 01:02:19.221186 EST  on_interaction  : exitiummm (750077826874736770) ran /close reason:'sent for testing' in #restorable-ticket-159492 (1362311030838923344) True
INFO        2025-04-26 01:02:20.927234 EST  close_command   : Closed #restorable-ticket-159492 (1362311030838923344) in 1.51s by exitiummm (750077826874736770) 60
INFO        2025-04-26 01:04:34.146177 EST  on_interaction  : rolith (399760511706726400) ran /move category:'1238913372435775550' in #epsaaa-ticket-161055 (1365525486016663573) True
INFO        2025-04-26 01:05:29.870467 EST  on_interaction  : rolith (399760511706726400) ran /close reason:'added' in #psychtaz3-ticket-161065 (1365549628782673920) True
INFO        2025-04-26 01:05:31.729890 EST  close_command   : Closed #psychtaz3-ticket-161065 (1365549628782673920) in 1.69s by rolith (399760511706726400) 59
INFO        2025-04-26 01:05:53.640667 EST  on_interaction  : rolith (399760511706726400) ran /close reason:'gold given back' in #l122111-ticket-161066 (1365550794170040470) True
INFO        2025-04-26 01:05:55.169590 EST  close_command   : Closed #l122111-ticket-161066 (1365550794170040470) in 1.38s by rolith (399760511706726400) 58
INFO        2025-04-26 01:07:08.580524 EST  on_interaction  : rolith (399760511706726400) ran /close reason:'pv 3' in #imluckytoo-ticket-161044 (1365507993097207878) True
INFO        2025-04-26 01:07:10.233243 EST  close_command   : Closed #imluckytoo-ticket-161044 (1365507993097207878) in 1.47s by rolith (399760511706726400) 57
INFO        2025-04-26 01:09:04.148982 EST  on_interaction  : rolith (399760511706726400) ran /close reason:'pv 1' in #klashofklans-ticket-161051 (1365520749011402938) True
INFO        2025-04-26 01:09:06.023720 EST  close_command   : Closed #klashofklans-ticket-161051 (1365520749011402938) in 1.55s by rolith (399760511706726400) 56
INFO        2025-04-26 01:09:58.877975 EST  on_interaction  : rolith (399760511706726400) ran /close reason:'pv 1' in #yourlocaltyler-ticket-161054 (1365523781736468490) True
INFO        2025-04-26 01:10:00.557698 EST  close_command   : Closed #yourlocaltyler-ticket-161054 (1365523781736468490) in 1.47s by rolith (399760511706726400) 55
INFO        2025-04-26 01:10:47.934612 EST  on_interaction  : rolith (399760511706726400) ran /close reason:'pv 3 Digitizes' in #imluckytoo-ticket-161058 (1365532988385001612) True
INFO        2025-04-26 01:10:49.534910 EST  close_command   : Closed #imluckytoo-ticket-161058 (1365532988385001612) in 1.42s by rolith (399760511706726400) 54
INFO        2025-04-26 01:13:05.086427 EST  on_interaction  : rolith (399760511706726400) ran /close reason:'I can see it was server end, pv 1' in #5_h5-ticket-161062 (1365546053025271879) True
INFO        2025-04-26 01:13:07.196739 EST  close_command   : Closed #5_h5-ticket-161062 (1365546053025271879) in 1.95s by rolith (399760511706726400) 53
INFO        2025-04-26 01:18:19.444166 EST  on_interaction  : rolith (399760511706726400) ran /close reason:'sent to devs and pv 1' in #restorable-ticket-161020 (1365483848816918538) True
INFO        2025-04-26 01:18:20.899493 EST  close_command   : Closed #restorable-ticket-161020 (1365483848816918538) in 1.28s by rolith (399760511706726400) 52
INFO        2025-04-26 01:20:16.351223 EST  on_interaction  : rolith (399760511706726400) ran /close reason:'denied' in #loosin-ticket-161005 (1365465563962413097) True
INFO        2025-04-26 01:20:18.049211 EST  close_command   : Closed #loosin-ticket-161005 (1365465563962413097) in 1.52s by rolith (399760511706726400) 51
INFO        2025-04-26 01:21:41.802999 EST  on_interaction  : rolith (399760511706726400) ran /close reason:'rolled back' in #quickywuicky-ticket-160432 (1364075637299740703) True
INFO        2025-04-26 01:21:43.555596 EST  close_command   : Closed #quickywuicky-ticket-160432 (1364075637299740703) in 1.59s by rolith (399760511706726400) 50
INFO        2025-04-26 01:22:13.699424 EST  on_interaction  : rolith (399760511706726400) ran /close reason:'denied' in #odeadpoolo8307-ticket-160725 (1364772131627466753) True
INFO        2025-04-26 01:22:15.259622 EST  close_command   : Closed #odeadpoolo8307-ticket-160725 (1364772131627466753) in 1.36s by rolith (399760511706726400) 49
INFO        2025-04-26 01:23:16.216227 EST  on_interaction  : rolith (399760511706726400) ran /close reason:'I can see this was server end, pv 1' in #odeadpoolo8307-ticket-161053 (1365523155900432404) True
INFO        2025-04-26 01:23:17.820897 EST  close_command   : Closed #odeadpoolo8307-ticket-161053 (1365523155900432404) in 1.39s by rolith (399760511706726400) 48
INFO        2025-04-26 01:24:30.490743 EST  on_interaction  : rolith (399760511706726400) ran /oldest in #test-bot (935016733033525328) True
INFO        2025-04-26 01:24:54.893804 EST  on_interaction  : rolith (399760511706726400) ran /ticket-count debug:'Yes' in #test-bot (935016733033525328) True
INFO        2025-04-26 01:32:51.496303 EST  on_interaction  : rolith (399760511706726400) ran /close reason:'answered' in #pvmn-ticket-161068 (1365561011880329356) True
INFO        2025-04-26 01:32:53.100824 EST  close_command   : Closed #pvmn-ticket-161068 (1365561011880329356) in 1.39s by rolith (399760511706726400) 48
INFO        2025-04-26 02:28:26.469425 EST  on_interaction  : mochamoat (1079983420337303552) ran /close reason:'Isnt ally' in #craked8620-ticket-161056 (1365527198135750788) True
INFO        2025-04-26 02:28:28.049048 EST  close_command   : Closed #craked8620-ticket-161056 (1365527198135750788) in 1.43s by mochamoat (1079983420337303552) 52
INFO        2025-04-26 02:29:10.770896 EST  on_interaction  : mochamoat (1079983420337303552) ran /close reason:'unlucky' in #craked8620-ticket-161073 (1365569249497841694) True
INFO        2025-04-26 02:29:12.366898 EST  close_command   : Closed #craked8620-ticket-161073 (1365569249497841694) in 1.45s by mochamoat (1079983420337303552) 51
INFO        2025-04-26 02:36:42.339713 EST  on_interaction  : keksmc (1193224557826412624) ran /close reason:'denied' in #vinix__1-ticket-160915 (1365291046581436476) True
INFO        2025-04-26 02:36:43.864487 EST  close_command   : Closed #vinix__1-ticket-160915 (1365291046581436476) in 1.35s by keksmc (1193224557826412624) 51
INFO        2025-04-26 02:58:50.978890 EST  on_interaction  : pizzamuncher2132 (1066050892203315342) ran /close reason:'Format not filled out' in #s2mrfishy-ticket-161059 (1365537133489553549) True
INFO        2025-04-26 02:58:52.443499 EST  close_command   : Closed #s2mrfishy-ticket-161059 (1365537133489553549) in 1.3s by pizzamuncher2132 (1066050892203315342) 50
INFO        2025-04-26 03:29:28.746631 EST  on_interaction  : pizzamuncher2132 (1066050892203315342) ran /rename name:'rank upgrade issue' in #44kdd-ticket-161069 (1365563069132181535) True
INFO        2025-04-26 05:22:59.674553 EST  on_interaction  : keksmc (1193224557826412624) ran /rename name:'admin' in #topsuuu13-ticket-161078 (1365605880267280466) True
INFO        2025-04-26 05:23:16.327360 EST  on_interaction  : keksmc (1193224557826412624) ran /rename name:'admin' in #miguellavens1_76712-ticket-161079 (1365607876793729165) True
INFO        2025-04-26 05:23:39.718919 EST  on_interaction  : _matiass. (638734404402806815) ran /close reason:'Given' in #desktopmist2089-ticket-161081 (1365618510642024529) True
INFO        2025-04-26 05:23:41.300778 EST  close_command   : Closed #desktopmist2089-ticket-161081 (1365618510642024529) in 1.42s by _matiass. (638734404402806815) 56
INFO        2025-04-26 05:56:45.132626 EST  on_interaction  : pizzamuncher2132 (1066050892203315342) ran /ticket-logs user:'1140794537984413706' in #pizza (1365471627705319426) True
INFO        2025-04-26 06:02:19.342019 EST  on_interaction  : pizzamuncher2132 (1066050892203315342) ran /close reason:'Appeal denied' in #vilkku0858-ticket-161076 (1365588520709783552) True
INFO        2025-04-26 06:02:21.615333 EST  close_command   : Closed #vilkku0858-ticket-161076 (1365588520709783552) in 2.04s by pizzamuncher2132 (1066050892203315342) 58
INFO        2025-04-26 06:07:22.251739 EST  on_interaction  : pizzamuncher2132 (1066050892203315342) ran /close reason:'replaced' in #admin (1365607876793729165) True
INFO        2025-04-26 06:07:24.250498 EST  close_command   : Closed #admin (1365607876793729165) in 1.85s by pizzamuncher2132 (1066050892203315342) 57
INFO        2025-04-26 06:08:02.693339 EST  on_interaction  : pizzamuncher2132 (1066050892203315342) ran /close reason:'replaced' in #admin (1365605880267280466) True
INFO        2025-04-26 06:08:04.293776 EST  close_command   : Closed #admin (1365605880267280466) in 1.45s by pizzamuncher2132 (1066050892203315342) 56
INFO        2025-04-26 06:09:31.125848 EST  on_interaction  : pizzamuncher2132 (1066050892203315342) ran /close reason:'unbanned' in #thebagman_89-ticket-161082 (1365624436207652884) True
INFO        2025-04-26 06:09:32.638685 EST  close_command   : Closed #thebagman_89-ticket-161082 (1365624436207652884) in 1.33s by pizzamuncher2132 (1066050892203315342) 55
INFO        2025-04-26 06:19:16.443675 EST  on_interaction  : pizzamuncher2132 (1066050892203315342) ran /close reason:'items in EC' in #admin (1365539974421807155) True
INFO        2025-04-26 06:19:17.941583 EST  close_command   : Closed #admin (1365539974421807155) in 1.33s by pizzamuncher2132 (1066050892203315342) 55
INFO        2025-04-26 06:33:16.729815 EST  on_interaction  : gcrazyy (934805715510517850) ran /rename name:'leader transfer request' in #yesno9369-ticket-161088 (1365635026904940635) True
INFO        2025-04-26 06:33:22.849636 EST  on_interaction  : gcrazyy (934805715510517850) ran /rename name:'vpn whitelist request' in #cadiarolls-ticket-161083 (1365625443008647259) True
INFO        2025-04-26 06:33:24.556440 EST  on_interaction  : gcrazyy (934805715510517850) ran /private in #vpn-whitelist-request (1365625443008647259) True
INFO        2025-04-26 06:33:28.111008 EST  on_interaction  : gcrazyy (934805715510517850) ran /rename name:'vpn whitelist request' in #kuratongx089-ticket-161084 (1365626137119555624) True
INFO        2025-04-26 06:33:30.854560 EST  on_interaction  : gcrazyy (934805715510517850) ran /private in #vpn-whitelist-request (1365626137119555624) True
INFO        2025-04-26 08:17:07.026246 EST  on_interaction  : confrontable (544952418178301974) ran /rename name:'refund request' in #mattayy-ticket-161074 (1365576713567735879) True
INFO        2025-04-26 08:28:40.016191 EST  on_interaction  : confrontable (544952418178301974) ran /rename name:'leader transfer' in #asta1541-ticket-161100 (1365665796596170893) True
INFO        2025-04-26 08:43:15.127389 EST  on_interaction  : reheat (409915081317679104) ran /close reason:'Without proof we can’t do much regarding the situation' in #euroodollar-ticket-161099 (1365665373826842676) True
INFO        2025-04-26 08:43:16.781742 EST  close_command   : Closed #euroodollar-ticket-161099 (1365665373826842676) in 1.47s by reheat (409915081317679104) 74
INFO        2025-04-26 08:45:01.625906 EST  on_interaction  : reheat (409915081317679104) ran /close reason:'Have a different report open on them, will handle it in the other one' in #desktopmist2089-ticket-161085 (1365633242883035176) True
INFO        2025-04-26 08:45:03.203186 EST  close_command   : Closed #desktopmist2089-ticket-161085 (1365633242883035176) in 1.34s by reheat (409915081317679104) 73
INFO        2025-04-26 08:46:46.606276 EST  on_interaction  : reheat (409915081317679104) ran /close reason:'denied' in #shxd121-ticket-161096 (1365660290057900052) True
INFO        2025-04-26 08:46:48.808599 EST  close_command   : Closed #shxd121-ticket-161096 (1365660290057900052) in 2.03s by reheat (409915081317679104) 72
INFO        2025-04-26 08:47:33.506872 EST  on_interaction  : reheat (409915081317679104) ran /close reason:'Reopen if you can provide proof' in #phattie2024-ticket-161075 (1365588373401763921) True
INFO        2025-04-26 08:47:35.328250 EST  close_command   : Closed #phattie2024-ticket-161075 (1365588373401763921) in 1.63s by reheat (409915081317679104) 71
INFO        2025-04-26 09:21:34.477078 EST  on_interaction  : reheat (409915081317679104) ran /close reason:'they can't get anyones rank removed so just ignore them' in #mikeyhehexd-ticket-161102 (1365666551675752591) True
INFO        2025-04-26 09:21:36.193511 EST  close_command   : Closed #mikeyhehexd-ticket-161102 (1365666551675752591) in 1.52s by reheat (409915081317679104) 71
INFO        2025-04-26 09:23:03.435978 EST  on_interaction  : reheat (409915081317679104) ran /close reason:'banned' in #x_xdoor-ticket-161089 (1365635427310243860) True
INFO        2025-04-26 09:23:04.790214 EST  close_command   : Closed #x_xdoor-ticket-161089 (1365635427310243860) in 1.19s by reheat (409915081317679104) 72
INFO        2025-04-26 09:23:40.009918 EST  on_interaction  : confrontable (544952418178301974) ran /rename name:'temprank question' in #ionlygank-ticket-161107 (1365679462712348752) True
INFO        2025-04-26 09:24:02.475591 EST  on_interaction  : reheat (409915081317679104) ran /close reason:'banned' in #x_xdoor-ticket-161087 (1365634848504676383) True
INFO        2025-04-26 09:24:04.066802 EST  close_command   : Closed #x_xdoor-ticket-161087 (1365634848504676383) in 1.43s by reheat (409915081317679104) 72
INFO        2025-04-26 09:24:17.618473 EST  on_interaction  : ttvlilrolls123_ (776423109317361714) ran /rename name:'chat logs' in #slymel-ticket-161080 (1365610724482744401) True
INFO        2025-04-26 09:24:40.224807 EST  on_interaction  : reheat (409915081317679104) ran /close reason:'link doesn't work, reopen if you can fix' in #bigwilly654-ticket-161103 (1365668076946980996) True
INFO        2025-04-26 09:24:42.344073 EST  close_command   : Closed #bigwilly654-ticket-161103 (1365668076946980996) in 1.94s by reheat (409915081317679104) 71
INFO        2025-04-26 09:25:24.640069 EST  on_interaction  : ttvlilrolls123_ (776423109317361714) ran /rename name:'strike team' in #mattayy-ticket-161108 (1365679543356231732) True
INFO        2025-04-26 09:27:31.708361 EST  on_interaction  : ttvlilrolls123_ (776423109317361714) ran /rename name:'missing gk' in #euroodollar-ticket-161092 (1365647517089533953) True
INFO        2025-04-26 09:28:04.572003 EST  on_interaction  : ttvlilrolls123_ (776423109317361714) ran /move category:'1009740448128045149' in #nhui0mwoad-ticket-161077 (1365590715677151303) True
INFO        2025-04-26 09:32:15.918941 EST  on_interaction  : ttvlilrolls123_ (776423109317361714) ran /close reason:'answered' in #temprank-question (1365679462712348752) True
INFO        2025-04-26 09:32:19.126144 EST  close_command   : Closed #temprank-question (1365679462712348752) in 2.91s by ttvlilrolls123_ (776423109317361714) 72
INFO        2025-04-26 09:33:16.422973 EST  on_interaction  : reheat (409915081317679104) ran /close reason:'user will need to be ssed as some of these spins looked like half spins' in #niggyboos-ticket-161106 (1365676890089586811) True
INFO        2025-04-26 09:33:17.736482 EST  close_command   : Closed #niggyboos-ticket-161106 (1365676890089586811) in 1.15s by reheat (409915081317679104) 72
INFO        2025-04-26 09:34:15.856214 EST  on_interaction  : reheat (409915081317679104) ran /close reason:'video doesn't work, reopen when fixed' in #nhui0mwoad-ticket-161077 (1365590715677151303) True
INFO        2025-04-26 09:34:18.710580 EST  close_command   : Closed #nhui0mwoad-ticket-161077 (1365590715677151303) in 2.69s by reheat (409915081317679104) 71
INFO        2025-04-26 09:35:37.032726 EST  on_interaction  : reheat (409915081317679104) ran /close reason:'we can't revive for this' in #jacomaa-ticket-161090 (1365637560986243104) True
INFO        2025-04-26 09:35:38.679560 EST  close_command   : Closed #jacomaa-ticket-161090 (1365637560986243104) in 1.48s by reheat (409915081317679104) 70
INFO        2025-04-26 09:38:12.720762 EST  on_interaction  : reheat (409915081317679104) ran /close reason:'We'd need a longer clip from the start of you pvping without any issues' in #asadadawfasfg-ticket-161070 (1365566014594613289) True
INFO        2025-04-26 09:38:15.017063 EST  close_command   : Closed #asadadawfasfg-ticket-161070 (1365566014594613289) in 2.1s by reheat (409915081317679104) 69
INFO        2025-04-26 09:40:46.180922 EST  on_interaction  : ttvlilrolls123_ (776423109317361714) ran /close reason:'accepted' in #hoodturtle-ticket-161105 (1365669180086554664) True
INFO        2025-04-26 09:40:47.727021 EST  close_command   : Closed #hoodturtle-ticket-161105 (1365669180086554664) in 1.3s by ttvlilrolls123_ (776423109317361714) 68
INFO        2025-04-26 09:44:07.011573 EST  on_interaction  : reheat (409915081317679104) ran /close reason:'pv1' in #edilso-ticket-161111 (1365680813802389606) True
INFO        2025-04-26 09:44:08.673644 EST  close_command   : Closed #edilso-ticket-161111 (1365680813802389606) in 1.54s by reheat (409915081317679104) 69
INFO        2025-04-26 09:49:19.955293 EST  on_interaction  : gcrazyy (934805715510517850) ran /rename name:'heists accepting bug' in #beheldop-ticket-161093 (1365648885829337088) True
INFO        2025-04-26 09:58:44.809726 EST  on_interaction  : reheat (409915081317679104) ran /close reason:'you're in no faction' in #leader-transfer-request (1365635026904940635) True
INFO        2025-04-26 09:58:46.340502 EST  close_command   : Closed #leader-transfer-request (1365635026904940635) in 1.36s by reheat (409915081317679104) 71
INFO        2025-04-26 09:59:05.824100 EST  on_interaction  : reheat (409915081317679104) ran /close reason:'done' in #leader-transfer (1365665796596170893) True
INFO        2025-04-26 09:59:07.413098 EST  close_command   : Closed #leader-transfer (1365665796596170893) in 1.39s by reheat (409915081317679104) 70
INFO        2025-04-26 10:28:35.882306 EST  on_interaction  : ttvlilrolls123_ (776423109317361714) ran /rename name:'strike team' in #friendlynoob-ticket-161118 (1365690538917101675) True
INFO        2025-04-26 10:33:54.121469 EST  on_interaction  : confrontable (544952418178301974) ran /close reason:'Answered' in #epsaaa-ticket-161117 (1365687235810426993) True
INFO        2025-04-26 10:33:56.020320 EST  close_command   : Closed #epsaaa-ticket-161117 (1365687235810426993) in 1.66s by confrontable (544952418178301974) 72
INFO        2025-04-26 10:41:35.457503 EST  on_interaction  : confrontable (544952418178301974) ran /rename name:'vpn whitelist' in #renan_br-ticket-161122 (1365698510086737960) True
INFO        2025-04-26 10:41:37.286879 EST  on_interaction  : confrontable (544952418178301974) ran /private in #vpn-whitelist (1365698510086737960) True
INFO        2025-04-26 10:49:02.493242 EST  on_interaction  : llama_xd (200543436749668352) ran /close reason:'accepted' in #chat-logs (1365610724482744401) True
INFO        2025-04-26 10:49:04.551066 EST  close_command   : Closed #chat-logs (1365610724482744401) in 1.85s by llama_xd (200543436749668352) 74
INFO        2025-04-26 11:10:37.493654 EST  on_interaction  : reheat (409915081317679104) ran /close reason:'given' in #vpn-whitelist-request (1365625443008647259) True
INFO        2025-04-26 11:10:39.415053 EST  close_command   : Closed #vpn-whitelist-request (1365625443008647259) in 1.69s by reheat (409915081317679104) 73
INFO        2025-04-26 11:11:38.725684 EST  on_interaction  : reheat (409915081317679104) ran /close reason:'given' in #vpn-whitelist-request (1365626137119555624) True
INFO        2025-04-26 11:11:40.779085 EST  close_command   : Closed #vpn-whitelist-request (1365626137119555624) in 1.82s by reheat (409915081317679104) 72
INFO        2025-04-26 11:12:05.560757 EST  on_interaction  : reheat (409915081317679104) ran /close reason:'given' in #vpn-whitelist (1365698510086737960) True
INFO        2025-04-26 11:12:07.665868 EST  close_command   : Closed #vpn-whitelist (1365698510086737960) in 1.85s by reheat (409915081317679104) 71
INFO        2025-04-26 11:14:17.784667 EST  on_interaction  : reheat (409915081317679104) ran /close reason:'banned' in #hoodturtle-ticket-161116 (1365686864832368783) True
INFO        2025-04-26 11:14:19.270828 EST  close_command   : Closed #hoodturtle-ticket-161116 (1365686864832368783) in 1.28s by reheat (409915081317679104) 71
INFO        2025-04-26 11:15:29.805964 EST  on_interaction  : confrontable (544952418178301974) ran /rename name:'vpn whitelist' in #krisloy-ticket-161124 (1365707288651894804) True
INFO        2025-04-26 11:15:31.809321 EST  on_interaction  : confrontable (544952418178301974) ran /private in #vpn-whitelist (1365707288651894804) True
INFO        2025-04-26 11:18:15.147768 EST  on_interaction  : legendsarising (958225180604370945) ran /close reason:'denied' in #lostem-ticket-161113 (1365684674386722890) True
INFO        2025-04-26 11:18:16.657326 EST  close_command   : Closed #lostem-ticket-161113 (1365684674386722890) in 1.31s by legendsarising (958225180604370945) 70
INFO        2025-04-26 11:19:30.990581 EST  on_interaction  : legendsarising (958225180604370945) ran /close reason:'answered' in #missing-gk (1365647517089533953) True
INFO        2025-04-26 11:19:32.705274 EST  close_command   : Closed #missing-gk (1365647517089533953) in 1.55s by legendsarising (958225180604370945) 69
INFO        2025-04-26 11:20:01.996168 EST  on_interaction  : reheat (409915081317679104) ran /close reason:'given' in #vpn-whitelist (1365707288651894804) True
INFO        2025-04-26 11:20:03.860914 EST  close_command   : Closed #vpn-whitelist (1365707288651894804) in 1.63s by reheat (409915081317679104) 68
INFO        2025-04-26 11:20:26.861112 EST  on_interaction  : legendsarising (958225180604370945) ran /close reason:'answered' in #niggyboos-ticket-161115 (1365685202076045513) True
INFO        2025-04-26 11:20:28.827697 EST  close_command   : Closed #niggyboos-ticket-161115 (1365685202076045513) in 1.71s by legendsarising (958225180604370945) 67
INFO        2025-04-26 11:22:34.052294 EST  on_interaction  : legendsarising (958225180604370945) ran /close reason:'answered' in #desktopmist2089-ticket-161086 (1365633712330637343) True
INFO        2025-04-26 11:22:35.529480 EST  close_command   : Closed #desktopmist2089-ticket-161086 (1365633712330637343) in 1.29s by legendsarising (958225180604370945) 66
INFO        2025-04-26 11:23:46.998794 EST  on_interaction  : llama_xd (200543436749668352) ran /close reason:'denied please change your regens' in #strike-team (1365690538917101675) True
INFO        2025-04-26 11:23:48.744131 EST  close_command   : Closed #strike-team (1365690538917101675) in 1.45s by llama_xd (200543436749668352) 65
INFO        2025-04-26 11:24:34.558033 EST  on_interaction  : reheat (409915081317679104) ran /close reason:'dupe' in #goatrobin-ticket-161119 (1365691065994186902) True
INFO        2025-04-26 11:24:36.065181 EST  close_command   : Closed #goatrobin-ticket-161119 (1365691065994186902) in 1.35s by reheat (409915081317679104) 65
INFO        2025-04-26 11:28:22.773860 EST  on_interaction  : keksmc (1193224557826412624) ran /add user:'1193224557826412624' in #chaseoce-ticket-161094 (1365656897780449302) True
INFO        2025-04-26 11:28:26.846595 EST  on_interaction  : keksmc (1193224557826412624) ran /private in #chaseoce-ticket-161094 (1365656897780449302) True
INFO        2025-04-26 11:28:41.509422 EST  on_interaction  : llama_xd (200543436749668352) ran /rename name:'connection issues' in #totallydone127-ticket-161126 (1365710511664267367) True
INFO        2025-04-26 11:30:11.565551 EST  on_interaction  : llama_xd (200543436749668352) ran /rename name:'linked mute' in #kissingkasen-ticket-161125 (1365710086495797280) True
INFO        2025-04-26 11:36:06.071699 EST  on_interaction  : legendsarising (958225180604370945) ran /close reason:'requested' in #jacomaa-ticket-161127 (1365712881483776121) True
INFO        2025-04-26 11:36:07.686329 EST  close_command   : Closed #jacomaa-ticket-161127 (1365712881483776121) in 1.41s by legendsarising (958225180604370945) 66
INFO        2025-04-26 11:42:17.138787 EST  on_interaction  : pizzamuncher2132 (1066050892203315342) ran /close reason:'don’t make duplicate tickets' in #blizard1yt-ticket-161123 (1365698579829751858) True
INFO        2025-04-26 11:42:18.753247 EST  close_command   : Closed #blizard1yt-ticket-161123 (1365698579829751858) in 1.35s by pizzamuncher2132 (1066050892203315342) 67
INFO        2025-04-26 11:46:30.775105 EST  on_interaction  : snack6133 (637766719095439380) ran /close reason:'denied' in #goatrobin-ticket-161120 (1365695399985418314) True
INFO        2025-04-26 11:46:32.307279 EST  close_command   : Closed #goatrobin-ticket-161120 (1365695399985418314) in 1.29s by snack6133 (637766719095439380) 67
INFO        2025-04-26 11:49:42.110644 EST  on_interaction  : snack6133 (637766719095439380) ran /close reason:'accepted' in #erno91-ticket-161112 (1365682036857245707) True
INFO        2025-04-26 11:49:44.340194 EST  close_command   : Closed #erno91-ticket-161112 (1365682036857245707) in 2.06s by snack6133 (637766719095439380) 66
INFO        2025-04-26 11:59:13.161193 EST  on_interaction  : d2_rappy (318403043102294027) ran /rename name:'previous-ticket' in #loosin-ticket-161131 (1365717248911736892) True
INFO        2025-04-26 12:01:51.564937 EST  on_interaction  : snack6133 (637766719095439380) ran /close reason:'banned' in #____a17-ticket-161095 (1365658788589211679) True
INFO        2025-04-26 12:01:53.465938 EST  close_command   : Closed #____a17-ticket-161095 (1365658788589211679) in 1.6s by snack6133 (637766719095439380) 67
INFO        2025-04-26 12:04:34.470133 EST  on_interaction  : snack6133 (637766719095439380) ran /close reason:'denied' in #ariole-ticket-161110 (1365680197143101520) True
INFO        2025-04-26 12:04:36.107497 EST  close_command   : Closed #ariole-ticket-161110 (1365680197143101520) in 1.42s by snack6133 (637766719095439380) 67
INFO        2025-04-26 12:06:58.720213 EST  on_interaction  : confrontable (544952418178301974) ran /rename name:'vpn issue' in #3v1me-ticket-161134 (1365720356354129971) True
INFO        2025-04-26 12:07:02.853247 EST  on_interaction  : confrontable (544952418178301974) ran /move category:'1238913372435775550' in #vpn-issue (1365720356354129971) True
INFO        2025-04-26 12:19:01.385031 EST  on_interaction  : snack6133 (637766719095439380) ran /add user:'182086495367200768' in #imponent-ticket-161109 (1365679692027269161) True
INFO        2025-04-26 12:23:17.226490 EST  on_interaction  : snack6133 (637766719095439380) ran /close reason:'answered' in #hoodturtle-ticket-161136 (1365724025917018234) True
INFO        2025-04-26 12:23:18.923254 EST  close_command   : Closed #hoodturtle-ticket-161136 (1365724025917018234) in 1.51s by snack6133 (637766719095439380) 69
INFO        2025-04-26 12:34:05.614543 EST  on_interaction  : snack6133 (637766719095439380) ran /rename name:'strike team' in #blue1885-ticket-161121 (1365697966257602611) True
INFO        2025-04-26 13:15:10.818605 EST  on_interaction  : kos4ever (1086791650992476241) ran /close reason:'Answered.' in #kos4ever-ticket-161137 (1365729955895574681) True
INFO        2025-04-26 13:15:12.456123 EST  close_command   : Closed #kos4ever-ticket-161137 (1365729955895574681) in 1.49s by kos4ever (1086791650992476241) 75
INFO        2025-04-26 13:16:02.500488 EST  on_interaction  : snack6133 (637766719095439380) ran /rename name:'tourney winners' in #938747-ticket-161142 (1365737834824339546) True
INFO        2025-04-26 13:17:30.913500 EST  on_interaction  : confrontable (544952418178301974) ran /rename name:'tourney winner' in #wh25_-ticket-161141 (1365737032923484250) True
INFO        2025-04-26 13:17:37.292474 EST  on_interaction  : confrontable (544952418178301974) ran /rename name:'vpn whitelist' in #adsdsadasdasd-ticket-161143 (1365737934413889587) True
INFO        2025-04-26 13:17:40.295838 EST  on_interaction  : confrontable (544952418178301974) ran /private in #vpn-whitelist (1365737934413889587) True
INFO        2025-04-26 13:18:51.462537 EST  on_interaction  : pizzamuncher2132 (1066050892203315342) ran /close reason:'Rollback denied - Full screen not presented' in #vinix__1-ticket-160936 (1365354718959898768) True
INFO        2025-04-26 13:18:53.271662 EST  close_command   : Closed #vinix__1-ticket-160936 (1365354718959898768) in 1.51s by pizzamuncher2132 (1066050892203315342) 74
INFO        2025-04-26 13:21:00.951608 EST  on_interaction  : pizzamuncher2132 (1066050892203315342) ran /close reason:'answered' in #applesonmcadia-ticket-161061 (1365541275234861160) True
INFO        2025-04-26 13:21:02.757004 EST  close_command   : Closed #applesonmcadia-ticket-161061 (1365541275234861160) in 1.6s by pizzamuncher2132 (1066050892203315342) 73
INFO        2025-04-26 13:22:49.663482 EST  on_interaction  : daddy0001 (339415844411146251) ran /rename name:'heroic armour upgrade error' in #jacomaa-ticket-161101 (1365666078360993804) True
INFO        2025-04-26 13:32:25.622197 EST  on_interaction  : pizzamuncher2132 (1066050892203315342) ran /close reason:'unbanned' in #pizza (1365471627705319426) True
INFO        2025-04-26 13:32:28.088145 EST  close_command   : Closed #pizza (1365471627705319426) in 2.3s by pizzamuncher2132 (1066050892203315342) 73
INFO        2025-04-26 13:34:50.812431 EST  on_interaction  : legendsarising (958225180604370945) ran /close reason:'blank' in #2tapp-ticket-161129 (1365713874325733448) True
INFO        2025-04-26 13:34:52.376493 EST  close_command   : Closed #2tapp-ticket-161129 (1365713874325733448) in 1.39s by legendsarising (958225180604370945) 72
INFO        2025-04-26 13:36:15.389879 EST  on_interaction  : legendsarising (958225180604370945) ran /close reason:'denied' in #wristhax-ticket-161135 (1365722867790250055) True
INFO        2025-04-26 13:36:17.186838 EST  close_command   : Closed #wristhax-ticket-161135 (1365722867790250055) in 1.57s by legendsarising (958225180604370945) 71
INFO        2025-04-26 13:38:01.593897 EST  on_interaction  : legendsarising (958225180604370945) ran /close reason:'requested' in #hit-reg (1365347877974704280) True
INFO        2025-04-26 13:38:04.427075 EST  close_command   : Closed #hit-reg (1365347877974704280) in 2.58s by legendsarising (958225180604370945) 70
INFO        2025-04-26 13:38:30.158008 EST  on_interaction  : llama_xd (200543436749668352) ran /close reason:'resolved' in #connection-issues (1365710511664267367) True
INFO        2025-04-26 13:38:31.967582 EST  close_command   : Closed #connection-issues (1365710511664267367) in 1.61s by llama_xd (200543436749668352) 69
INFO        2025-04-26 13:38:54.037080 EST  on_interaction  : legendsarising (958225180604370945) ran /close reason:'denied' in #alexrcasi-ticket-160996 (1365449253618454629) True
INFO        2025-04-26 13:38:55.572388 EST  close_command   : Closed #alexrcasi-ticket-160996 (1365449253618454629) in 1.29s by legendsarising (958225180604370945) 68
INFO        2025-04-26 13:39:16.304504 EST  on_interaction  : legendsarising (958225180604370945) ran /close reason:'answered' in #timxdlol-ticket-161001 (1365451523764785216) True
INFO        2025-04-26 13:39:18.559934 EST  close_command   : Closed #timxdlol-ticket-161001 (1365451523764785216) in 2.08s by legendsarising (958225180604370945) 67
INFO        2025-04-26 13:39:55.675295 EST  on_interaction  : legendsarising (958225180604370945) ran /close reason:'answered' in #yhh3-ticket-161091 (1365645173467643914) True
INFO        2025-04-26 13:39:57.330625 EST  close_command   : Closed #yhh3-ticket-161091 (1365645173467643914) in 1.4s by legendsarising (958225180604370945) 66
INFO        2025-04-26 13:48:13.690280 EST  on_interaction  : confrontable (544952418178301974) ran /rename name:'perk cancelled by reboot' in #walk3d-ticket-161146 (1365745290585440316) True
INFO        2025-04-26 13:51:02.133033 EST  on_interaction  : confrontable (544952418178301974) ran /rename name:'base rules' in #caleb1836875-ticket-161147 (1365745613970608262) True
INFO        2025-04-26 13:58:27.636025 EST  on_interaction  : confrontable (544952418178301974) ran /rename name:'disconnected immediately' in #blobistic-ticket-161148 (1365748096662900776) True
INFO        2025-04-26 13:58:30.989784 EST  on_interaction  : confrontable (544952418178301974) ran /move category:'1238913372435775550' in #disconnected-immediately (1365748096662900776) True
INFO        2025-04-26 13:59:27.442006 EST  on_interaction  : keksmc (1193224557826412624) ran /close reason:'answered' in #vinix__1-ticket-160969 (1365421110035746867) True
INFO        2025-04-26 13:59:29.292365 EST  close_command   : Closed #vinix__1-ticket-160969 (1365421110035746867) in 1.66s by keksmc (1193224557826412624) 69
INFO        2025-04-26 13:59:33.037167 EST  on_interaction  : keksmc (1193224557826412624) ran /close reason:'answered' in #lets_get_jiggy-ticket-161029 (1365492019870568560) True
INFO        2025-04-26 13:59:34.733369 EST  close_command   : Closed #lets_get_jiggy-ticket-161029 (1365492019870568560) in 1.55s by keksmc (1193224557826412624) 68
INFO        2025-04-26 14:00:52.750236 EST  on_interaction  : confrontable (544952418178301974) ran /rename name:'lootbox despawned' in #pvmn-ticket-161071 (1365566735582761000) True
INFO        2025-04-26 14:03:51.899186 EST  on_interaction  : keksmc (1193224557826412624) ran /close reason:'denied' in #notfakewws-ticket-161133 (1365720131329593344) True
INFO        2025-04-26 14:03:53.547204 EST  close_command   : Closed #notfakewws-ticket-161133 (1365720131329593344) in 1.28s by keksmc (1193224557826412624) 68
INFO        2025-04-26 14:05:55.306219 EST  on_interaction  : keksmc (1193224557826412624) ran /close reason:'duplicate' in #topsuuu13-ticket-161130 (1365714913367949332) True
INFO        2025-04-26 14:05:56.755036 EST  close_command   : Closed #topsuuu13-ticket-161130 (1365714913367949332) in 1.27s by keksmc (1193224557826412624) 67
INFO        2025-04-26 14:06:37.278512 EST  on_interaction  : keksmc (1193224557826412624) ran /close reason:'self report' in #topsuuu13-ticket-161132 (1365717671697584320) True
INFO        2025-04-26 14:06:38.721663 EST  close_command   : Closed #topsuuu13-ticket-161132 (1365717671697584320) in 1.25s by keksmc (1193224557826412624) 67
INFO        2025-04-26 14:11:18.162735 EST  on_interaction  : confrontable (544952418178301974) ran /rename name:'tourney winner' in #yesno9369-ticket-161151 (1365751142126190622) True
INFO        2025-04-26 14:13:27.623463 EST  on_interaction  : snack6133 (637766719095439380) ran /close reason:'answered see transcript' in #base-rules (1365745613970608262) True
INFO        2025-04-26 14:13:29.796376 EST  close_command   : Closed #base-rules (1365745613970608262) in 2.0s by snack6133 (637766719095439380) 69
INFO        2025-04-26 14:14:14.675303 EST  on_interaction  : legendsarising (958225180604370945) ran /close reason:'denied' in #alexrcasi-ticket-161149 (1365749754251706509) True
INFO        2025-04-26 14:14:16.137869 EST  close_command   : Closed #alexrcasi-ticket-161149 (1365749754251706509) in 1.28s by legendsarising (958225180604370945) 68
INFO        2025-04-26 14:14:38.025919 EST  on_interaction  : confrontable (544952418178301974) ran /rename name:'tourney winner' in #mmareply-ticket-161152 (1365751191426043915) True
INFO        2025-04-26 14:26:46.048200 EST  on_interaction  : legendsarising (958225180604370945) ran /close reason:'answered' in #2tapp-ticket-161155 (1365754330094768240) True
INFO        2025-04-26 14:26:47.822142 EST  close_command   : Closed #2tapp-ticket-161155 (1365754330094768240) in 1.6s by legendsarising (958225180604370945) 70
INFO        2025-04-26 14:29:31.610618 EST  on_interaction  : snack6133 (637766719095439380) ran /close reason:'Player has been added to the SS list' in #iamuberdriver-ticket-161150 (1365750846167715840) True
INFO        2025-04-26 14:29:33.296441 EST  close_command   : Closed #iamuberdriver-ticket-161150 (1365750846167715840) in 1.49s by snack6133 (637766719095439380) 70
INFO        2025-04-26 14:32:13.591758 EST  on_interaction  : snack6133 (637766719095439380) ran /close reason:'answered see transcript' in #niggyboos-ticket-161156 (1365755841315209247) True
INFO        2025-04-26 14:32:15.056261 EST  close_command   : Closed #niggyboos-ticket-161156 (1365755841315209247) in 1.28s by snack6133 (637766719095439380) 69
INFO        2025-04-26 14:32:26.979753 EST  on_interaction  : snack6133 (637766719095439380) ran /rename name:'insiding' in #b_kim-ticket-161152 (1365751185881170012) True
INFO        2025-04-26 14:35:16.556861 EST  on_interaction  : daddy0001 (339415844411146251) ran /rename name:'chat game loot error' in #viebsko-ticket-161145 (1365744687574417470) True
INFO        2025-04-26 14:35:39.639518 EST  on_interaction  : daddy0001 (339415844411146251) ran /rename name:'f shield issue' in #toxicair__-ticket-161139 (1365735803749273713) True
INFO        2025-04-26 14:37:05.934502 EST  on_interaction  : reheat (409915081317679104) ran /close reason:'using one ticket' in #tourney-winner (1365751191426043915) True
INFO        2025-04-26 14:37:07.773131 EST  close_command   : Closed #tourney-winner (1365751191426043915) in 1.7s by reheat (409915081317679104) 69
INFO        2025-04-26 14:38:05.989557 EST  on_interaction  : reheat (409915081317679104) ran /close reason:'dnerchest' in #tourney-winner (1365737032923484250) True
INFO        2025-04-26 14:38:07.853283 EST  close_command   : Closed #tourney-winner (1365737032923484250) in 1.68s by reheat (409915081317679104) 68
INFO        2025-04-26 14:38:31.125539 EST  on_interaction  : reheat (409915081317679104) ran /close reason:'denied' in #tourney-winner (1365751142126190622) True
INFO        2025-04-26 14:38:32.958733 EST  close_command   : Closed #tourney-winner (1365751142126190622) in 1.67s by reheat (409915081317679104) 67
INFO        2025-04-26 14:39:41.812236 EST  on_interaction  : reheat (409915081317679104) ran /close reason:'given' in #vpn-whitelist (1365737934413889587) True
INFO        2025-04-26 14:39:43.541578 EST  close_command   : Closed #vpn-whitelist (1365737934413889587) in 1.57s by reheat (409915081317679104) 67
INFO        2025-04-26 14:40:05.600142 EST  on_interaction  : reheat (409915081317679104) ran /close reason:'given' in #vpn-issue (1365720356354129971) True
INFO        2025-04-26 14:40:07.564178 EST  close_command   : Closed #vpn-issue (1365720356354129971) in 1.8s by reheat (409915081317679104) 66
INFO        2025-04-26 14:40:32.332621 EST  on_interaction  : reheat (409915081317679104) ran /close reason:'fixed' in #roach490-ticket-161157 (1365756524248698991) True
INFO        2025-04-26 14:40:34.162574 EST  close_command   : Closed #roach490-ticket-161157 (1365756524248698991) in 1.68s by reheat (409915081317679104) 66
INFO        2025-04-26 14:40:49.238854 EST  on_interaction  : reheat (409915081317679104) ran /close reason:'denied' in #linked-mute (1365710086495797280) True
INFO        2025-04-26 14:40:51.282321 EST  close_command   : Closed #linked-mute (1365710086495797280) in 1.82s by reheat (409915081317679104) 65
INFO        2025-04-26 14:41:54.001564 EST  on_interaction  : reheat (409915081317679104) ran /close reason:'ec and pv1' in #tourney-winners (1365737834824339546) True
INFO        2025-04-26 14:41:55.687568 EST  close_command   : Closed #tourney-winners (1365737834824339546) in 1.47s by reheat (409915081317679104) 64
INFO        2025-04-26 14:42:44.043850 EST  on_interaction  : reheat (409915081317679104) ran /close reason:'you have the perk already' in #perk-cancelled-by-reboot (1365745290585440316) True
INFO        2025-04-26 14:42:45.874430 EST  close_command   : Closed #perk-cancelled-by-reboot (1365745290585440316) in 1.62s by reheat (409915081317679104) 63
INFO        2025-04-26 14:42:46.863972 EST  on_interaction  : thegenerous (198263506313805824) ran /close reason:'it has not been added yet, it will be shown in changelog when it’s added.' in #slymel-ticket-161158 (1365758529012633663) True
INFO        2025-04-26 14:42:49.193547 EST  close_command   : Closed #slymel-ticket-161158 (1365758529012633663) in 2.18s by thegenerous (198263506313805824) 62
INFO        2025-04-26 14:45:37.717056 EST  on_interaction  : snack6133 (637766719095439380) ran /close reason:'denied' in #guuh9784-ticket-161160 (1365759420742500474) True
INFO        2025-04-26 14:45:39.466203 EST  close_command   : Closed #guuh9784-ticket-161160 (1365759420742500474) in 1.6s by snack6133 (637766719095439380) 62
INFO        2025-04-26 14:49:39.466123 EST  on_interaction  : exitiummm (750077826874736770) ran /close reason:'regarding your report on the ss team targetting players we will bring up in our management meeting' in #staff-complaint-ticket (1365004944947679303) True
INFO        2025-04-26 14:49:41.204012 EST  close_command   : Closed #staff-complaint-ticket (1365004944947679303) in 1.54s by exitiummm (750077826874736770) 61
INFO        2025-04-26 14:51:18.882587 EST  on_interaction  : exitiummm (750077826874736770) ran /close reason:'resolved' in #topfloor_yn_12342-ticket-161048 (1365512404741394452) True
INFO        2025-04-26 14:51:20.521995 EST  close_command   : Closed #topfloor_yn_12342-ticket-161048 (1365512404741394452) in 1.47s by exitiummm (750077826874736770) 61
INFO        2025-04-26 14:52:20.665315 EST  on_interaction  : exitiummm (750077826874736770) ran /close reason:'unbanned' in #jacomaa-ticket-161128 (1365713160165658664) True
INFO        2025-04-26 14:52:22.113627 EST  close_command   : Closed #jacomaa-ticket-161128 (1365713160165658664) in 1.28s by exitiummm (750077826874736770) 60
INFO        2025-04-26 14:53:05.271292 EST  on_interaction  : exitiummm (750077826874736770) ran /close reason:'unbanned' in #guuh9784-ticket-161162 (1365761829682548797) True
INFO        2025-04-26 14:53:06.663061 EST  close_command   : Closed #guuh9784-ticket-161162 (1365761829682548797) in 1.24s by exitiummm (750077826874736770) 59
INFO        2025-04-26 14:53:44.928594 EST  on_interaction  : confrontable (544952418178301974) ran /rename name:'rule question' in #ppuggy-ticket-161161 (1365760703000084521) True
INFO        2025-04-26 14:53:53.986043 EST  on_interaction  : snack6133 (637766719095439380) ran /move category:'1010777747456524338' in #yesno9369-ticket-161159 (1365759068987326645) True
INFO        2025-04-26 14:54:13.262262 EST  on_interaction  : exitiummm (750077826874736770) ran /close reason:'pv 1' in #refund-request (1365576713567735879) True
INFO        2025-04-26 14:54:15.274756 EST  close_command   : Closed #refund-request (1365576713567735879) in 1.84s by exitiummm (750077826874736770) 59
INFO        2025-04-26 14:55:25.890575 EST  on_interaction  : exitiummm (750077826874736770) ran /close reason:'answered' in #__mitch__-ticket-161138 (1365734520996892684) True
INFO        2025-04-26 14:55:28.489414 EST  close_command   : Closed #__mitch__-ticket-161138 (1365734520996892684) in 2.34s by exitiummm (750077826874736770) 58
INFO        2025-04-26 14:56:21.660793 EST  on_interaction  : exitiummm (750077826874736770) ran /close reason:'answered' in #f-shield-issue (1365735803749273713) True
INFO        2025-04-26 14:56:23.638654 EST  close_command   : Closed #f-shield-issue (1365735803749273713) in 1.72s by exitiummm (750077826874736770) 57
INFO        2025-04-26 14:56:42.665400 EST  on_interaction  : exitiummm (750077826874736770) ran /close reason:'answered' in #rule-question (1365760703000084521) True
INFO        2025-04-26 14:56:44.728804 EST  close_command   : Closed #rule-question (1365760703000084521) in 1.87s by exitiummm (750077826874736770) 56
INFO        2025-04-26 14:58:51.990032 EST  on_interaction  : snack6133 (637766719095439380) ran /remove user:'515520968777793536' in #beheldop-ticket-161165 (1365763815014400180) True
INFO        2025-04-26 14:58:59.206933 EST  on_interaction  : snack6133 (637766719095439380) ran /rename name:'staff report' in #beheldop-ticket-161165 (1365763815014400180) True
INFO        2025-04-26 14:59:04.605056 EST  on_interaction  : snack6133 (637766719095439380) ran /private in #staff-report (1365763815014400180) True
INFO        2025-04-26 15:00:47.674152 EST  on_interaction  : exitiummm (750077826874736770) ran /close reason:'answered' in #imad8822-ticket-161067 (1365551259850899456) True
INFO        2025-04-26 15:00:50.557080 EST  close_command   : Closed #imad8822-ticket-161067 (1365551259850899456) in 1.33s by exitiummm (750077826874736770) 58
INFO        2025-04-26 15:01:17.559755 EST  on_interaction  : exitiummm (750077826874736770) ran /close reason:'still yes cause they paid you you would still need to refund em' in #ppuggy-ticket-161164 (1365763642670186527) True
INFO        2025-04-26 15:01:19.408958 EST  close_command   : Closed #ppuggy-ticket-161164 (1365763642670186527) in 1.62s by exitiummm (750077826874736770) 57
INFO        2025-04-26 15:02:43.683269 EST  on_interaction  : exitiummm (750077826874736770) ran /close reason:'pv 1' in #heists-accepting-bug (1365648885829337088) True
INFO        2025-04-26 15:02:45.410016 EST  close_command   : Closed #heists-accepting-bug (1365648885829337088) in 1.5s by exitiummm (750077826874736770) 56
INFO        2025-04-26 15:04:21.096684 EST  on_interaction  : exitiummm (750077826874736770) ran /close reason:'pv 1' in #chat-game-loot-error (1365744687574417470) True
INFO        2025-04-26 15:04:23.064357 EST  close_command   : Closed #chat-game-loot-error (1365744687574417470) in 1.75s by exitiummm (750077826874736770) 55
INFO        2025-04-26 15:05:30.518936 EST  on_interaction  : pizzamuncher2132 (1066050892203315342) ran /close reason:'Answered' in #poblo1234__-ticket-161144 (1365741605566550097) True
INFO        2025-04-26 15:05:32.938082 EST  close_command   : Closed #poblo1234__-ticket-161144 (1365741605566550097) in 2.24s by pizzamuncher2132 (1066050892203315342) 54
INFO        2025-04-26 15:05:45.011235 EST  on_interaction  : exitiummm (750077826874736770) ran /close reason:'denied' in #airacle-ticket-161072 (1365566817350979705) True
INFO        2025-04-26 15:05:48.974056 EST  close_command   : Closed #airacle-ticket-161072 (1365566817350979705) in 3.82s by exitiummm (750077826874736770) 54
INFO        2025-04-26 15:07:30.842328 EST  on_interaction  : exitiummm (750077826874736770) ran /close reason:'started' in #ronron100-ticket-161168 (1365766092588580884) True
INFO        2025-04-26 15:07:32.931280 EST  close_command   : Closed #ronron100-ticket-161168 (1365766092588580884) in 1.66s by exitiummm (750077826874736770) 54
INFO        2025-04-26 15:07:36.156885 EST  on_interaction  : exitiummm (750077826874736770) ran /close reason:'started' in #restorable-ticket-161166 (1365764449453215836) True
INFO        2025-04-26 15:07:37.847601 EST  close_command   : Closed #restorable-ticket-161166 (1365764449453215836) in 1.52s by exitiummm (750077826874736770) 53
INFO        2025-04-26 15:08:35.088095 EST  on_interaction  : rolith (399760511706726400) ran /close reason:'denied' in #previous-ticket (1365717248911736892) True
INFO        2025-04-26 15:08:36.611305 EST  close_command   : Closed #previous-ticket (1365717248911736892) in 1.33s by rolith (399760511706726400) 52
INFO        2025-04-26 15:15:08.068120 EST  on_interaction  : confrontable (544952418178301974) ran /rename name:'citadel winners' in #ronron100-ticket-161169 (1365768020974243921) True
INFO        2025-04-26 15:20:35.900040 EST  on_interaction  : totallydone127 (515520968777793536) ran /rename name:'unable to go into citadel' in #mmareply-ticket-161170 (1365768299811704852) True
INFO        2025-04-26 15:23:30.562800 EST  on_interaction  : snack6133 (637766719095439380) ran /move category:'1009740448128045149' in #deathstorm5219-ticket-161171 (1365768393755594823) True
INFO        2025-04-26 16:06:53.331759 EST  on_interaction  : snack6133 (637766719095439380) ran /close reason:'requested' in #finnesin-ticket-161173 (1365774526108926033) True
INFO        2025-04-26 16:06:55.357615 EST  close_command   : Closed #finnesin-ticket-161173 (1365774526108926033) in 1.85s by snack6133 (637766719095439380) 57
INFO        2025-04-26 16:12:31.510901 EST  on_interaction  : legendsarising (958225180604370945) ran /close reason:'requested' in #odeadpoolo8307-ticket-161172 (1365770149818536031) True
INFO        2025-04-26 16:12:33.153021 EST  close_command   : Closed #odeadpoolo8307-ticket-161172 (1365770149818536031) in 1.48s by legendsarising (958225180604370945) 56
INFO        2025-04-26 16:13:11.791945 EST  on_interaction  : snack6133 (637766719095439380) ran /close reason:'requested' in #unable-to-go-into-citadel (1365768299811704852) True
INFO        2025-04-26 16:13:13.759398 EST  close_command   : Closed #unable-to-go-into-citadel (1365768299811704852) in 1.75s by snack6133 (637766719095439380) 55
INFO        2025-04-26 16:20:26.082727 EST  on_interaction  : confrontable (544952418178301974) ran /rename name:'leader transfer' in #criplin-ticket-161176 (1365783791817330880) True
INFO        2025-04-26 16:21:34.212707 EST  on_interaction  : confrontable (544952418178301974) ran /rename name:'lost item' in #odeadpoolo8307-ticket-161175 (1365783780752883792) True
INFO        2025-04-26 16:31:10.444008 EST  on_interaction  : snack6133 (637766719095439380) ran /move category:'1009740448128045149' in #zxsnm-ticket-161179 (1365785838142623834) True
INFO        2025-04-26 16:33:37.729290 EST  on_interaction  : legendsarising (958225180604370945) ran /close reason:'answered' in #jake2001-ticket-161178 (1365784082696372294) True
INFO        2025-04-26 16:33:39.296759 EST  close_command   : Closed #jake2001-ticket-161178 (1365784082696372294) in 1.4s by legendsarising (958225180604370945) 60
INFO        2025-04-26 16:40:42.557719 EST  on_interaction  : snack6133 (637766719095439380) ran /close reason:'accepted' in #overworld5217-ticket-161180 (1365786986173960243) True
INFO        2025-04-26 16:40:44.081512 EST  close_command   : Closed #overworld5217-ticket-161180 (1365786986173960243) in 1.34s by snack6133 (637766719095439380) 59
INFO        2025-04-26 16:47:05.036284 EST  on_interaction  : reheat (409915081317679104) ran /close reason:'empty' in #snack6133-ticket-161177 (1365784041118371851) True
INFO        2025-04-26 16:47:06.760185 EST  close_command   : Closed #snack6133-ticket-161177 (1365784041118371851) in 1.5s by reheat (409915081317679104) 60
INFO        2025-04-26 16:52:31.744915 EST  on_interaction  : legendsarising (958225180604370945) ran /close reason:'denied' in #overworld5217-ticket-161183 (1365791388112781372) True
INFO        2025-04-26 16:52:33.317438 EST  close_command   : Closed #overworld5217-ticket-161183 (1365791388112781372) in 1.38s by legendsarising (958225180604370945) 60
INFO        2025-04-26 17:00:34.728922 EST  on_interaction  : snack6133 (637766719095439380) ran /rename name:'bedrock removal' in #evonygaming-ticket-161185 (1365794164767457337) True
INFO        2025-04-26 17:01:59.130426 EST  on_interaction  : thegenerous (198263506313805824) ran /rename name:'core-inspect' in #desktopmist2089-ticket-161186 (1365794938171818004) True
INFO        2025-04-26 17:06:05.820016 EST  on_interaction  : snack6133 (637766719095439380) ran /close reason:'answered see transcript' in #core-inspect (1365794938171818004) True
INFO        2025-04-26 17:06:07.561444 EST  close_command   : Closed #core-inspect (1365794938171818004) in 1.52s by snack6133 (637766719095439380) 62
INFO        2025-04-26 17:07:04.507319 EST  on_interaction  : snack6133 (637766719095439380) ran /move category:'1009740448128045149' in #spedbas69-ticket-161167 (1365765764912648274) True
INFO        2025-04-26 17:10:42.093549 EST  on_interaction  : xinkuu (901608730452426782) ran /close reason:'denied' in #jokeralex1234-ticket-161184 (1365793508438446231) True
INFO        2025-04-26 17:10:43.681942 EST  close_command   : Closed #jokeralex1234-ticket-161184 (1365793508438446231) in 1.33s by xinkuu (901608730452426782) 61
INFO        2025-04-26 17:13:04.008467 EST  on_interaction  : xinkuu (901608730452426782) ran /close reason:'denied' in #deathstorm5219-ticket-161171 (1365768393755594823) True
INFO        2025-04-26 17:13:05.549560 EST  close_command   : Closed #deathstorm5219-ticket-161171 (1365768393755594823) in 1.33s by xinkuu (901608730452426782) 60
INFO        2025-04-26 17:13:28.744191 EST  on_interaction  : xinkuu (901608730452426782) ran /close reason:'denied' in #spedbas69-ticket-161167 (1365765764912648274) True
INFO        2025-04-26 17:13:30.704538 EST  close_command   : Closed #spedbas69-ticket-161167 (1365765764912648274) in 1.8s by xinkuu (901608730452426782) 59
INFO        2025-04-26 17:13:52.500718 EST  on_interaction  : xinkuu (901608730452426782) ran /close reason:'double ticket' in #bargans123-ticket-161181 (1365789895163121674) True
INFO        2025-04-26 17:13:54.384196 EST  close_command   : Closed #bargans123-ticket-161181 (1365789895163121674) in 1.74s by xinkuu (901608730452426782) 59
INFO        2025-04-26 17:16:24.269930 EST  on_interaction  : xinkuu (901608730452426782) ran /close reason:'fixed' in #bedrock-removal (1365794164767457337) True
INFO        2025-04-26 17:16:25.834783 EST  close_command   : Closed #bedrock-removal (1365794164767457337) in 1.43s by xinkuu (901608730452426782) 60
INFO        2025-04-26 17:17:00.229135 EST  on_interaction  : xinkuu (901608730452426782) ran /close reason:'done' in #leader-transfer (1365783791817330880) True
INFO        2025-04-26 17:17:01.964760 EST  close_command   : Closed #leader-transfer (1365783791817330880) in 1.5s by xinkuu (901608730452426782) 59
INFO        2025-04-26 17:18:30.802722 EST  on_interaction  : confrontable (544952418178301974) ran /rename name:'tourney winner' in #kanker62-ticket-161190 (1365798990599295068) True
INFO        2025-04-26 17:19:13.166514 EST  on_interaction  : legendsarising (958225180604370945) ran /close reason:'answered' in #qruzzy-ticket-161188 (1365798561035452536) True
INFO        2025-04-26 17:19:14.938355 EST  close_command   : Closed #qruzzy-ticket-161188 (1365798561035452536) in 1.61s by legendsarising (958225180604370945) 59
INFO        2025-04-26 17:20:34.884071 EST  on_interaction  : xinkuu (901608730452426782) ran /close reason:'in ec' in #tourney-winner (1365798990599295068) True
INFO        2025-04-26 17:20:36.382030 EST  close_command   : Closed #tourney-winner (1365798990599295068) in 1.33s by xinkuu (901608730452426782) 58
INFO        2025-04-26 17:21:02.266432 EST  on_interaction  : xinkuu (901608730452426782) ran /close reason:'in ec' in #lost-item (1365783780752883792) True
INFO        2025-04-26 17:21:04.417927 EST  close_command   : Closed #lost-item (1365783780752883792) in 1.93s by xinkuu (901608730452426782) 57
INFO        2025-04-26 17:29:12.577704 EST  on_interaction  : d2_rappy (318403043102294027) ran /rename name:'Previous-Ticket-boots' in #odeadpoolo8307-ticket-161194 (1365801342634954856) True
INFO        2025-04-26 17:30:19.814349 EST  on_interaction  : legendsarising (958225180604370945) ran /close reason:'answered' in #asta1541-ticket-161187 (1365797969143533608) True
INFO        2025-04-26 17:30:21.327121 EST  close_command   : Closed #asta1541-ticket-161187 (1365797969143533608) in 1.32s by legendsarising (958225180604370945) 60
INFO        2025-04-26 17:33:14.520788 EST  on_interaction  : snack6133 (637766719095439380) ran /close reason:'denied' in #afcu-ticket-161192 (1365799977087008789) True
INFO        2025-04-26 17:33:16.453351 EST  close_command   : Closed #afcu-ticket-161192 (1365799977087008789) in 1.69s by snack6133 (637766719095439380) 59
INFO        2025-04-26 17:38:06.939896 EST  on_interaction  : snack6133 (637766719095439380) ran /close reason:'denied' in #cromeey37-ticket-161193 (1365801326902116484) True
INFO        2025-04-26 17:38:08.645197 EST  close_command   : Closed #cromeey37-ticket-161193 (1365801326902116484) in 1.52s by snack6133 (637766719095439380) 59
INFO        2025-04-26 17:46:09.662578 EST  on_interaction  : snack6133 (637766719095439380) ran /close reason:'unbanned' in #revival2279-ticket-161195 (1365803979853791262) True
INFO        2025-04-26 17:46:11.448390 EST  close_command   : Closed #revival2279-ticket-161195 (1365803979853791262) in 1.53s by snack6133 (637766719095439380) 64
INFO        2025-04-26 17:49:21.214687 EST  on_interaction  : legendsarising (958225180604370945) ran /close reason:'dupe ticket' in #asadadawfasfg-ticket-161202 (1365806602120335420) True
INFO        2025-04-26 17:49:22.715487 EST  close_command   : Closed #asadadawfasfg-ticket-161202 (1365806602120335420) in 1.34s by legendsarising (958225180604370945) 65
INFO        2025-04-26 17:51:42.666023 EST  on_interaction  : snack6133 (637766719095439380) ran /close reason:'denied' in #ownaxd-ticket-161198 (1365805181563961384) True
INFO        2025-04-26 17:51:44.580023 EST  close_command   : Closed #ownaxd-ticket-161198 (1365805181563961384) in 1.69s by snack6133 (637766719095439380) 64
INFO        2025-04-26 17:59:52.618600 EST  on_interaction  : reheat (409915081317679104) ran /close reason:'fixed' in #asadadawfasfg-ticket-161203 (1365806685708484698) True
INFO        2025-04-26 17:59:54.336667 EST  close_command   : Closed #asadadawfasfg-ticket-161203 (1365806685708484698) in 1.54s by reheat (409915081317679104) 65
INFO        2025-04-26 17:59:55.903434 EST  on_interaction  : snack6133 (637766719095439380) ran /close reason:'denied' in #pengveen-ticket-161199 (1365805215634165770) True
INFO        2025-04-26 17:59:57.838266 EST  close_command   : Closed #pengveen-ticket-161199 (1365805215634165770) in 1.79s by snack6133 (637766719095439380) 64
INFO        2025-04-26 18:00:12.098784 EST  on_interaction  : reheat (409915081317679104) ran /close reason:'denied' in #cromeey37-ticket-161200 (1365805296248688753) True
INFO        2025-04-26 18:00:14.088054 EST  close_command   : Closed #cromeey37-ticket-161200 (1365805296248688753) in 1.84s by reheat (409915081317679104) 63
INFO        2025-04-26 18:00:27.778680 EST  on_interaction  : reheat (409915081317679104) ran /close reason:'denied' in #afcu-ticket-161201 (1365805886303633510) True
INFO        2025-04-26 18:00:29.471826 EST  close_command   : Closed #afcu-ticket-161201 (1365805886303633510) in 1.5s by reheat (409915081317679104) 62
INFO        2025-04-26 18:00:59.366757 EST  on_interaction  : reheat (409915081317679104) ran /close reason:'denied' in #trubnayr-ticket-161204 (1365808034630336572) True
INFO        2025-04-26 18:01:01.047391 EST  close_command   : Closed #trubnayr-ticket-161204 (1365808034630336572) in 1.51s by reheat (409915081317679104) 61
INFO        2025-04-26 18:02:38.492118 EST  on_interaction  : legendsarising (958225180604370945) ran /close reason:'answered' in #vodkalol69-ticket-161197 (1365805059014922241) True
INFO        2025-04-26 18:02:41.068329 EST  close_command   : Closed #vodkalol69-ticket-161197 (1365805059014922241) in 2.41s by legendsarising (958225180604370945) 60
INFO        2025-04-26 18:06:49.212940 EST  on_interaction  : snack6133 (637766719095439380) ran /close reason:'answered' in #3uqn-ticket-161205 (1365808350817685665) True
INFO        2025-04-26 18:06:52.315114 EST  close_command   : Closed #3uqn-ticket-161205 (1365808350817685665) in 2.89s by snack6133 (637766719095439380) 59
INFO        2025-04-26 18:10:24.265964 EST  on_interaction  : thegenerous (198263506313805824) ran /rename name:'tourney-winner' in #mmareply-ticket-161207 (1365811668092846161) True
INFO        2025-04-26 18:11:42.733088 EST  on_interaction  : legendsarising (958225180604370945) ran /close reason:'denied' in #xnv280-ticket-161206 (1365811470683738357) True
INFO        2025-04-26 18:11:44.442362 EST  close_command   : Closed #xnv280-ticket-161206 (1365811470683738357) in 1.52s by legendsarising (958225180604370945) 60
INFO        2025-04-26 18:16:11.926310 EST  on_interaction  : snack6133 (637766719095439380) ran /rename name:'insiding' in #blaka47-ticket-161209 (1365813392106983584) True
INFO        2025-04-26 18:21:05.832485 EST  on_interaction  : legendsarising (958225180604370945) ran /close reason:'answered' in #asadadawfasfg-ticket-161208 (1365812776366243880) True
INFO        2025-04-26 18:21:07.484538 EST  close_command   : Closed #asadadawfasfg-ticket-161208 (1365812776366243880) in 1.49s by legendsarising (958225180604370945) 61
INFO        2025-04-26 18:27:24.138519 EST  on_interaction  : _matiass. (638734404402806815) ran /close reason:'Denied' in #jokeralex1234-ticket-161189 (1365798649745113301) True
INFO        2025-04-26 18:27:25.804113 EST  close_command   : Closed #jokeralex1234-ticket-161189 (1365798649745113301) in 1.48s by _matiass. (638734404402806815) 63
INFO        2025-04-26 18:29:24.533314 EST  on_interaction  : legendsarising (958225180604370945) ran /close reason:'answered' in #desktopmist2089-ticket-161211 (1365815598004830268) True
INFO        2025-04-26 18:29:26.140113 EST  close_command   : Closed #desktopmist2089-ticket-161211 (1365815598004830268) in 1.43s by legendsarising (958225180604370945) 62
INFO        2025-04-26 18:43:33.848438 EST  on_interaction  : _matiass. (638734404402806815) ran /close reason:'Accepted' in #imponent-ticket-161109 (1365679692027269161) True
INFO        2025-04-26 18:43:35.553295 EST  close_command   : Closed #imponent-ticket-161109 (1365679692027269161) in 1.52s by _matiass. (638734404402806815) 62
INFO        2025-04-26 18:53:20.744408 EST  on_interaction  : snack6133 (637766719095439380) ran /close reason:'already on the SS list' in #iamuberdriver-ticket-161214 (1365822666790928474) True
INFO        2025-04-26 18:53:22.452862 EST  close_command   : Closed #iamuberdriver-ticket-161214 (1365822666790928474) in 1.47s by snack6133 (637766719095439380) 62
INFO        2025-04-26 18:57:42.324826 EST  on_interaction  : snack6133 (637766719095439380) ran /close reason:'answered' in #iamuberdriver-ticket-161215 (1365823231231262802) True
INFO        2025-04-26 18:57:43.771267 EST  close_command   : Closed #iamuberdriver-ticket-161215 (1365823231231262802) in 1.28s by snack6133 (637766719095439380) 62
INFO        2025-04-26 19:00:56.323588 EST  on_interaction  : keksmc (1193224557826412624) ran /close reason:'resolved' in #fl3deyy-ticket-161163 (1365762802526195722) True
INFO        2025-04-26 19:00:58.130929 EST  close_command   : Closed #fl3deyy-ticket-161163 (1365762802526195722) in 1.61s by keksmc (1193224557826412624) 61
INFO        2025-04-26 19:05:27.812741 EST  on_interaction  : thegenerous (198263506313805824) ran /rename name:'tourney-winner' in #sevdali2309-ticket-161216 (1365825897399058452) True
INFO        2025-04-26 19:28:09.110295 EST  on_interaction  : thegenerous (198263506313805824) ran /rename name:'expo-expired-loot' in #superdi6-ticket-161217 (1365831510153891912) True
INFO        2025-04-26 19:29:47.992881 EST  on_interaction  : ttvlilrolls123_ (776423109317361714) ran /rename name:'tourny winner' in #l122111-ticket-161218 (1365832129555992596) True
INFO        2025-04-26 19:57:09.421862 EST  on_interaction  : confrontable (544952418178301974) ran /rename name:'stronghold reset' in #snaggyfool-ticket-161220 (1365838678445920338) True
INFO        2025-04-26 20:05:20.662880 EST  on_interaction  : thegenerous (198263506313805824) ran /rename name:'chat-logs' in #narcoses-ticket-161221 (1365841031102468166) True
INFO        2025-04-26 20:19:58.527128 EST  on_interaction  : reheat (409915081317679104) ran /close reason:'fixed' in #asadadawfasfg-ticket-161219 (1365836885615837306) True
INFO        2025-04-26 20:19:59.991556 EST  close_command   : Closed #asadadawfasfg-ticket-161219 (1365836885615837306) in 1.3s by reheat (409915081317679104) 68
INFO        2025-04-26 20:21:11.335659 EST  on_interaction  : snack6133 (637766719095439380) ran /close reason:'denied' in #mmareply-ticket-161222 (1365842831427768411) True
INFO        2025-04-26 20:21:13.976001 EST  close_command   : Closed #mmareply-ticket-161222 (1365842831427768411) in 1.4s by snack6133 (637766719095439380) 67
INFO        2025-04-26 20:21:26.876251 EST  on_interaction  : reheat (409915081317679104) ran /close reason:'pv1' in #tourney-winner (1365825897399058452) True
INFO        2025-04-26 20:21:30.393612 EST  on_interaction  : reheat (409915081317679104) ran /close reason:'pv1' in #tourny-winner (1365832129555992596) True
INFO        2025-04-26 20:21:31.050857 EST  close_command   : Closed #tourney-winner (1365825897399058452) in 3.98s by reheat (409915081317679104) 66
INFO        2025-04-26 20:21:31.909000 EST  close_command   : Closed #tourny-winner (1365832129555992596) in 1.35s by reheat (409915081317679104) 65
INFO        2025-04-26 20:21:54.846425 EST  on_interaction  : reheat (409915081317679104) ran /close reason:'pv1' in #tourney-winner (1365811668092846161) True
INFO        2025-04-26 20:21:56.673547 EST  close_command   : Closed #tourney-winner (1365811668092846161) in 1.55s by reheat (409915081317679104) 64
INFO        2025-04-26 20:25:32.852379 EST  on_interaction  : totallydone127 (515520968777793536) ran /close reason:'asked to be closed' in #snaggyfool-ticket-161224 (1365845853788442747) True
INFO        2025-04-26 20:25:34.460078 EST  close_command   : Closed #snaggyfool-ticket-161224 (1365845853788442747) in 1.43s by totallydone127 (515520968777793536) 64
INFO        2025-04-26 20:34:08.946467 EST  on_interaction  : thegenerous (198263506313805824) ran /rename name:'vpn-whitelist' in #draxxcyl-ticket-161225 (1365848268541526067) True
INFO        2025-04-26 20:34:11.378961 EST  on_interaction  : thegenerous (198263506313805824) ran /private in #vpn-whitelist (1365848268541526067) True
INFO        2025-04-26 20:48:46.453151 EST  on_interaction  : snack6133 (637766719095439380) ran /close reason:'muted' in #chat-logs (1365841031102468166) True
INFO        2025-04-26 20:48:48.208373 EST  close_command   : Closed #chat-logs (1365841031102468166) in 1.52s by snack6133 (637766719095439380) 65
INFO        2025-04-26 21:30:14.145427 EST  on_interaction  : snack6133 (637766719095439380) ran /close reason:'answered' in #wittery0578-ticket-161228 (1365860098605453414) True
INFO        2025-04-26 21:30:16.213834 EST  close_command   : Closed #wittery0578-ticket-161228 (1365860098605453414) in 1.9s by snack6133 (637766719095439380) 66
INFO        2025-04-26 21:37:13.231061 EST  on_interaction  : exitiummm (750077826874736770) ran /close reason:'we will keep this noted thank you' in #staff-report (1365763815014400180) True
INFO        2025-04-26 21:37:14.788387 EST  close_command   : Closed #staff-report (1365763815014400180) in 1.33s by exitiummm (750077826874736770) 66
INFO        2025-04-26 21:39:36.938550 EST  on_interaction  : _matiass. (638734404402806815) ran /close reason:'Denied' in #burgasontrinjonesjr-ticket-161226 (1365848807673303042) True
INFO        2025-04-26 21:39:39.811102 EST  close_command   : Closed #burgasontrinjonesjr-ticket-161226 (1365848807673303042) in 2.68s by _matiass. (638734404402806815) 66
INFO        2025-04-26 21:40:01.620007 EST  on_interaction  : exitiummm (750077826874736770) ran /close reason:'done' in #vpn-whitelist (1365848268541526067) True
INFO        2025-04-26 21:40:03.548228 EST  close_command   : Closed #vpn-whitelist (1365848268541526067) in 1.7s by exitiummm (750077826874736770) 65
INFO        2025-04-26 21:40:24.637312 EST  on_interaction  : exitiummm (750077826874736770) ran /close reason:'guessing this is resolved' in #_matiass-ticket-161009 (1365471144546668544) True
INFO        2025-04-26 21:40:26.614532 EST  close_command   : Closed #_matiass-ticket-161009 (1365471144546668544) in 1.77s by exitiummm (750077826874736770) 64
INFO        2025-04-26 21:42:42.849782 EST  on_interaction  : _matiass. (638734404402806815) ran /close reason:'Denied, check transcript' in #toxicair__-ticket-161213 (1365817156155215902) True
INFO        2025-04-26 21:42:44.552393 EST  close_command   : Closed #toxicair__-ticket-161213 (1365817156155215902) in 1.46s by _matiass. (638734404402806815) 64
INFO        2025-04-26 21:43:50.989244 EST  on_interaction  : ttvlilrolls123_ (776423109317361714) ran /add user:'132593987662905345' in #ttvlilrolls123_-ticket-161232 (1365865868109807729) True
INFO        2025-04-26 21:44:17.082335 EST  on_interaction  : exitiummm (750077826874736770) ran /close reason:'unbanned' in #yesno9369-ticket-161159 (1365759068987326645) True
INFO        2025-04-26 21:44:18.608810 EST  close_command   : Closed #yesno9369-ticket-161159 (1365759068987326645) in 1.35s by exitiummm (750077826874736770) 64
INFO        2025-04-26 21:44:19.587704 EST  on_interaction  : ttvlilrolls123_ (776423109317361714) ran /rename name:'vkit swap' in #ziggler123-ticket-161231 (1365865251807166564) True
INFO        2025-04-26 21:45:15.772377 EST  on_interaction  : ttvlilrolls123_ (776423109317361714) ran /rename name:'chargeback appeal' in #ttvlilrolls123_-ticket-161232 (1365865868109807729) True
INFO        2025-04-26 21:45:16.595518 EST  on_interaction  : exitiummm (750077826874736770) ran /close reason:'answered' in #lootbox-despawned (1365566735582761000) True
INFO        2025-04-26 21:45:18.342576 EST  close_command   : Closed #lootbox-despawned (1365566735582761000) in 1.56s by exitiummm (750077826874736770) 63
INFO        2025-04-26 21:45:37.391064 EST  on_interaction  : _matiass. (638734404402806815) ran /move category:'1003465142018768897' in #chargeback-appeal (1365865868109807729) True
INFO        2025-04-26 21:49:49.698066 EST  on_interaction  : llama_xd (200543436749668352) ran /rename name:'store query' in #wittery0578-ticket-161230 (1365864352384684123) True
INFO        2025-04-26 21:51:08.081950 EST  on_interaction  : llama_xd (200543436749668352) ran /move category:'1003465142018768897' in #store-query (1365864352384684123) True
INFO        2025-04-26 21:54:27.884125 EST  on_interaction  : exitiummm (750077826874736770) ran /close reason:'pv 1' in #stronghold-reset (1365838678445920338) True
INFO        2025-04-26 21:54:29.506860 EST  close_command   : Closed #stronghold-reset (1365838678445920338) in 1.4s by exitiummm (750077826874736770) 63
INFO        2025-04-26 21:54:54.596786 EST  on_interaction  : exitiummm (750077826874736770) ran /move category:'1003465142018768897' in #vkit-swap (1365865251807166564) True
INFO        2025-04-26 21:55:14.888927 EST  on_interaction  : exitiummm (750077826874736770) ran /close reason:'pv 1' in #pvmn-ticket-161233 (1365866575923642470) True
INFO        2025-04-26 21:55:16.867701 EST  close_command   : Closed #pvmn-ticket-161233 (1365866575923642470) in 1.78s by exitiummm (750077826874736770) 62
INFO        2025-04-26 21:59:55.263603 EST  on_interaction  : exitiummm (750077826874736770) ran /close reason:'your crew is reset' in #bargans123-ticket-161174 (1365780626267045958) True
INFO        2025-04-26 21:59:57.133672 EST  close_command   : Closed #bargans123-ticket-161174 (1365780626267045958) in 1.64s by exitiummm (750077826874736770) 61
INFO        2025-04-26 22:00:25.439385 EST  on_interaction  : exitiummm (750077826874736770) ran /close reason:'unfortunately this is something that is yet to be added that the owners and devs didn't do yet' in #expo-expired-loot (1365831510153891912) True
INFO        2025-04-26 22:00:27.267971 EST  close_command   : Closed #expo-expired-loot (1365831510153891912) in 1.53s by exitiummm (750077826874736770) 60
INFO        2025-04-26 22:05:13.914508 EST  on_interaction  : exitiummm (750077826874736770) ran /close reason:'accepted' in #strike-team (1365697966257602611) True
INFO        2025-04-26 22:05:15.581151 EST  close_command   : Closed #strike-team (1365697966257602611) in 1.5s by exitiummm (750077826874736770) 61
INFO        2025-04-26 22:29:49.585001 EST  on_interaction  : exitiummm (750077826874736770) ran /close reason:'pv 1' in #bargans123-ticket-161235 (1365870757540007956) True
INFO        2025-04-26 22:29:51.086447 EST  close_command   : Closed #bargans123-ticket-161235 (1365870757540007956) in 1.32s by exitiummm (750077826874736770) 67
INFO        2025-04-26 22:30:19.564051 EST  on_interaction  : mochamoat (1079983420337303552) ran /ticket-logs user:'940136712049410058' in #𝖲𝗍𝖺𝖿𝖿-𝖢𝗈𝗆𝗆𝖺𝗇𝖽𝗌 (918905638464127016) True
INFO        2025-04-26 22:30:48.532624 EST  on_interaction  : exitiummm (750077826874736770) ran /close reason:'you're allowed to invite people during an event, that has been a thing since january' in #xt0297-ticket-161237 (1365872138912927795) True
INFO        2025-04-26 22:30:49.934890 EST  close_command   : Closed #xt0297-ticket-161237 (1365872138912927795) in 1.2s by exitiummm (750077826874736770) 66
INFO        2025-04-26 22:30:58.690442 EST  on_interaction  : exitiummm (750077826874736770) ran /close reason:'its already been closed' in #sweatybomb-ticket-161238 (1365872339555844137) True
INFO        2025-04-26 22:31:00.166677 EST  close_command   : Closed #sweatybomb-ticket-161238 (1365872339555844137) in 1.31s by exitiummm (750077826874736770) 65
INFO        2025-04-26 22:31:44.183848 EST  on_interaction  : exitiummm (750077826874736770) ran /close reason:'accepted' in #richard4500-ticket-161191 (1365799966781607956) True
INFO        2025-04-26 22:31:45.936864 EST  close_command   : Closed #richard4500-ticket-161191 (1365799966781607956) in 1.59s by exitiummm (750077826874736770) 64
INFO        2025-04-26 22:31:57.551029 EST  on_interaction  : exitiummm (750077826874736770) ran /close reason:'player request' in #sweatybomb-ticket-161240 (1365873474186379357) True
INFO        2025-04-26 22:31:59.013230 EST  close_command   : Closed #sweatybomb-ticket-161240 (1365873474186379357) in 1.32s by exitiummm (750077826874736770) 63
INFO        2025-04-26 22:34:07.269387 EST  on_interaction  : llama_xd (200543436749668352) ran /rename name:'ss appeal' in #tourinjapan-ticket-161229 (1365864177608032306) True
INFO        2025-04-26 22:34:19.751598 EST  on_interaction  : ttvlilrolls123_ (776423109317361714) ran /add user:'214177196519063554' in #chargeback-appeal (1365865868109807729) True
INFO        2025-04-26 22:36:41.509452 EST  on_interaction  : exitiummm (750077826874736770) ran /close reason:'pv 1' in #asta1541-ticket-161223 (1365843130766721105) True
INFO        2025-04-26 22:36:43.161405 EST  close_command   : Closed #asta1541-ticket-161223 (1365843130766721105) in 1.49s by exitiummm (750077826874736770) 63
INFO        2025-04-26 22:38:16.173207 EST  on_interaction  : exitiummm (750077826874736770) ran /close reason:'pv 1' in #asadadawfasfg-ticket-161212 (1365815731882688635) True
INFO        2025-04-26 22:38:17.508280 EST  close_command   : Closed #asadadawfasfg-ticket-161212 (1365815731882688635) in 1.2s by exitiummm (750077826874736770) 63
INFO        2025-04-26 22:38:47.645812 EST  on_interaction  : thegenerous (198263506313805824) ran /rename name:'vpn-whitelist' in #imartinwashere-ticket-161244 (1365879626303406120) True
INFO        2025-04-26 22:38:51.031852 EST  on_interaction  : thegenerous (198263506313805824) ran /private in #vpn-whitelist (1365879626303406120) True
INFO        2025-04-26 22:39:19.674287 EST  on_interaction  : thegenerous (198263506313805824) ran /move category:'1003465142018768897' in #wittery0578-ticket-161243 (1365879136761020509) True
INFO        2025-04-26 22:40:13.810566 EST  on_interaction  : exitiummm (750077826874736770) ran /close reason:'denied' in #gaber300-ticket-161196 (1365804687156056165) True
INFO        2025-04-26 22:40:15.497308 EST  close_command   : Closed #gaber300-ticket-161196 (1365804687156056165) in 1.53s by exitiummm (750077826874736770) 63
INFO        2025-04-26 22:41:57.089984 EST  on_interaction  : exitiummm (750077826874736770) ran /close reason:'pv 1' in #zxsnm-ticket-161179 (1365785838142623834) True
INFO        2025-04-26 22:41:58.578510 EST  close_command   : Closed #zxsnm-ticket-161179 (1365785838142623834) in 1.33s by exitiummm (750077826874736770) 62
INFO        2025-04-26 22:46:33.977265 EST  on_interaction  : exitiummm (750077826874736770) ran /close reason:'in your inv' in #pizzabab-ticket-161245 (1365879756410720356) True
INFO        2025-04-26 22:46:35.586908 EST  close_command   : Closed #pizzabab-ticket-161245 (1365879756410720356) in 1.38s by exitiummm (750077826874736770) 61
INFO        2025-04-26 22:47:10.678563 EST  on_interaction  : exitiummm (750077826874736770) ran /close reason:'we will give the gold back, keep in mind the time activates as soon as you get it' in #aprilgone-ticket-161239 (1365873274860470283) True
INFO        2025-04-26 22:47:12.413178 EST  close_command   : Closed #aprilgone-ticket-161239 (1365873274860470283) in 1.54s by exitiummm (750077826874736770) 60
INFO        2025-04-26 23:02:51.837435 EST  on_interaction  : rolith (399760511706726400) ran /close reason:'done' in #vpn-whitelist (1365879626303406120) True
INFO        2025-04-26 23:02:53.526251 EST  close_command   : Closed #vpn-whitelist (1365879626303406120) in 1.51s by rolith (399760511706726400) 60
INFO        2025-04-26 23:04:57.200043 EST  on_interaction  : rolith (399760511706726400) ran /close reason:'fixed' in #wittery0578-ticket-161243 (1365879136761020509) True
INFO        2025-04-26 23:04:58.690702 EST  close_command   : Closed #wittery0578-ticket-161243 (1365879136761020509) in 1.32s by rolith (399760511706726400) 59
INFO        2025-04-26 23:06:10.797503 EST  on_interaction  : rolith (399760511706726400) ran /close reason:'resolved' in #store-query (1365864352384684123) True
INFO        2025-04-26 23:06:12.472419 EST  close_command   : Closed #store-query (1365864352384684123) in 1.54s by rolith (399760511706726400) 59
INFO        2025-04-26 23:06:55.764241 EST  on_interaction  : rolith (399760511706726400) ran /close reason:'pv 1' in #citadel-winners (1365768020974243921) True
INFO        2025-04-26 23:06:57.201894 EST  close_command   : Closed #citadel-winners (1365768020974243921) in 1.27s by rolith (399760511706726400) 58
INFO        2025-04-26 23:07:16.473628 EST  on_interaction  : rolith (399760511706726400) ran /rename name:'xinku' in #previous-ticket-boots (1365801342634954856) True
INFO        2025-04-26 23:07:22.258917 EST  on_interaction  : rolith (399760511706726400) ran /close reason:'no response' in #oldeli-ticket-161236 (1365872112312516679) True
INFO        2025-04-26 23:07:23.694548 EST  close_command   : Closed #oldeli-ticket-161236 (1365872112312516679) in 1.28s by rolith (399760511706726400) 57
INFO        2025-04-26 23:07:41.444998 EST  on_interaction  : rolith (399760511706726400) ran /close reason:'we need video proof of this unfortunately' in #maxerss-ticket-161247 (1365886481331261500) True
INFO        2025-04-26 23:07:43.047462 EST  close_command   : Closed #maxerss-ticket-161247 (1365886481331261500) in 1.44s by rolith (399760511706726400) 56
INFO        2025-04-26 23:08:17.541162 EST  on_interaction  : rolith (399760511706726400) ran /close reason:'this is not enough to ban off of but we can add to the ss list' in #zxzxzxzxzxzxzxzxzxzxzxzxzxzxzxz3-ticket-161234 (1365870637188517949) True
INFO        2025-04-26 23:08:19.489470 EST  close_command   : Closed #zxzxzxzxzxzxzxzxzxzxzxzxzxzxzxz3-ticket-161234 (1365870637188517949) in 1.78s by rolith (399760511706726400) 55
INFO        2025-04-26 23:08:43.477280 EST  on_interaction  : rolith (399760511706726400) ran /close reason:'the leader of the fac must make insiding reports' in #insiding (1365751185881170012) True
INFO        2025-04-26 23:08:45.241716 EST  close_command   : Closed #insiding (1365751185881170012) in 1.61s by rolith (399760511706726400) 55
INFO        2025-04-26 23:09:04.555136 EST  on_interaction  : rolith (399760511706726400) ran /close reason:'the leader of the fac must make insiding reports' in #insiding (1365813392106983584) True
INFO        2025-04-26 23:09:06.388635 EST  close_command   : Closed #insiding (1365813392106983584) in 1.64s by rolith (399760511706726400) 54
INFO        2025-04-26 23:10:39.679631 EST  on_interaction  : rolith (399760511706726400) ran /close reason:'nickhider on. denied' in #merudev-ticket-161114 (1365684831769333760) True
INFO        2025-04-26 23:10:41.391427 EST  close_command   : Closed #merudev-ticket-161114 (1365684831769333760) in 1.53s by rolith (399760511706726400) 53
INFO        2025-04-26 23:18:46.980319 EST  on_interaction  : rolith (399760511706726400) ran /close reason:'dupe ticket' in #maxerss-ticket-161248 (1365887348323254297) True
INFO        2025-04-26 23:18:49.080168 EST  close_command   : Closed #maxerss-ticket-161248 (1365887348323254297) in 1.39s by rolith (399760511706726400) 54
INFO        2025-04-26 23:39:10.543132 EST  on_interaction  : rolith (399760511706726400) ran /close reason:'done' in #willistttt-ticket-161252 (1365890660539830303) True
INFO        2025-04-26 23:39:12.143402 EST  close_command   : Closed #willistttt-ticket-161252 (1365890660539830303) in 1.44s by rolith (399760511706726400) 59
INFO        2025-04-26 23:43:24.254039 EST  on_interaction  : mochamoat (1079983420337303552) ran /rename name:'admin' in #fnbbc-ticket-161254 (1365892081997844540) True
INFO        2025-04-26 23:57:09.682265 EST  on_interaction  : rolith (399760511706726400) ran /close reason:'answered' in #ganzz4480-ticket-161249 (1365887950826766377) True
INFO        2025-04-26 23:57:11.536278 EST  close_command   : Closed #ganzz4480-ticket-161249 (1365887950826766377) in 1.7s by rolith (399760511706726400) 62
INFO        2025-04-27 00:19:09.819180 EST  on_interaction  : rolith (399760511706726400) ran /close reason:'did a small qa nuke' in #reapa1-ticket-161264 (1365902736981233715) True
INFO        2025-04-27 00:19:11.700483 EST  close_command   : Closed #reapa1-ticket-161264 (1365902736981233715) in 1.58s by rolith (399760511706726400) 66
INFO        2025-04-27 00:19:28.361988 EST  on_interaction  : rolith (399760511706726400) ran /close reason:'spam it would be a warning then mute' in #alexrcasi-ticket-161265 (1365902987389571185) True
INFO        2025-04-27 00:19:30.014121 EST  close_command   : Closed #alexrcasi-ticket-161265 (1365902987389571185) in 1.49s by rolith (399760511706726400) 65
INFO        2025-04-27 00:26:47.072970 EST  on_interaction  : thegenerous (198263506313805824) ran /rename name:'tourney-winner' in #cottage-ticket-161258 (1365898005248606321) True
INFO        2025-04-27 00:30:07.087431 EST  on_interaction  : thegenerous (198263506313805824) ran /rename name:'chat-logs' in #3uqn-ticket-161261 (1365900725720191107) True
INFO        2025-04-27 00:32:11.014576 EST  on_interaction  : thegenerous (198263506313805824) ran /close reason:'regen limit is 5 regens + plus however many walls you can fit in 15 chunks (the buffer claim limit)' in #caleb1836875-ticket-161260 (1365899091162431549) True
INFO        2025-04-27 00:32:12.523890 EST  close_command   : Closed #caleb1836875-ticket-161260 (1365899091162431549) in 1.34s by thegenerous (198263506313805824) 65
INFO        2025-04-27 00:38:16.190609 EST  on_interaction  : thegenerous (198263506313805824) ran /close reason:'answered (read transcript)' in #maxerss-ticket-161250 (1365888552717520906) True
INFO        2025-04-27 00:38:17.601825 EST  close_command   : Closed #maxerss-ticket-161250 (1365888552717520906) in 1.26s by thegenerous (198263506313805824) 65
INFO        2025-04-27 00:49:37.391138 EST  on_interaction  : thegenerous (198263506313805824) ran /ticket-logs user:'1090488030751633500' in #𝖲𝗍𝖺𝖿𝖿-𝖢𝗈𝗆𝗆𝖺𝗇𝖽𝗌 (918905638464127016) True
INFO        2025-04-27 01:01:19.667079 EST  on_interaction  : thegenerous (198263506313805824) ran /rename name:'sh-bags-reboot' in #snaggyfool-ticket-161268 (1365913910921658500) True
INFO        2025-04-27 01:28:45.913711 EST  on_interaction  : thegenerous (198263506313805824) ran /rename name:'cannon-quesiton' in #_pvp_-ticket-161270 (1365918263048933437) True
INFO        2025-04-27 01:32:18.539471 EST  on_interaction  : rolith (399760511706726400) ran /close reason:'resolved' in #phattie2024-ticket-161210 (1365815252972867654) True
INFO        2025-04-27 01:32:19.977499 EST  close_command   : Closed #phattie2024-ticket-161210 (1365815252972867654) in 1.3s by rolith (399760511706726400) 70
INFO        2025-04-27 01:32:56.341334 EST  on_interaction  : rolith (399760511706726400) ran /close reason:'unmuted' in #gai-ticket-161266 (1365906148150218803) True
INFO        2025-04-27 01:32:59.126111 EST  close_command   : Closed #gai-ticket-161266 (1365906148150218803) in 1.58s by rolith (399760511706726400) 69
INFO        2025-04-27 01:34:03.227366 EST  on_interaction  : rolith (399760511706726400) ran /close reason:'denied' in #itzperz-ticket-161259 (1365898443557699675) True
INFO        2025-04-27 01:34:05.252997 EST  close_command   : Closed #itzperz-ticket-161259 (1365898443557699675) in 1.87s by rolith (399760511706726400) 68
INFO        2025-04-27 01:35:05.060487 EST  on_interaction  : rolith (399760511706726400) ran /close reason:'fixed' in #cam1417-ticket-161257 (1365897601676738621) True
INFO        2025-04-27 01:35:06.709116 EST  close_command   : Closed #cam1417-ticket-161257 (1365897601676738621) in 1.45s by rolith (399760511706726400) 67
INFO        2025-04-27 01:35:39.305697 EST  on_interaction  : rolith (399760511706726400) ran /close reason:'pv 1' in #tourney-winner (1365898005248606321) True
INFO        2025-04-27 01:35:40.664898 EST  close_command   : Closed #tourney-winner (1365898005248606321) in 1.2s by rolith (399760511706726400) 66
INFO        2025-04-27 01:35:54.447731 EST  on_interaction  : rolith (399760511706726400) ran /close reason:'we do not given bags for that, this is on purpose' in #sh-bags-reboot (1365913910921658500) True
INFO        2025-04-27 01:35:56.049300 EST  close_command   : Closed #sh-bags-reboot (1365913910921658500) in 1.47s by rolith (399760511706726400) 65
INFO        2025-04-27 01:35:56.240635 EST  on_interaction  : thegenerous (198263506313805824) ran /rename name:'chat-logs' in #sweatybomb-ticket-161272 (1365922956425039993) True
INFO        2025-04-27 01:35:59.890470 EST  on_interaction  : thegenerous (198263506313805824) ran /move category:'1009574363915370620' in #chat-logs (1365922956425039993) True
INFO        2025-04-27 01:36:02.493157 EST  on_interaction  : rolith (399760511706726400) ran /close reason:'no response' in #asadadawfasfg-ticket-161269 (1365915010374570005) True
INFO        2025-04-27 01:36:05.198673 EST  close_command   : Closed #asadadawfasfg-ticket-161269 (1365915010374570005) in 2.53s by rolith (399760511706726400) 64
INFO        2025-04-27 01:36:14.962888 EST  on_interaction  : thegenerous (198263506313805824) ran /rename name:'chat-logs' in #sweatybomb-ticket-161273 (1365923453223440465) True
INFO        2025-04-27 01:36:19.268407 EST  on_interaction  : thegenerous (198263506313805824) ran /move category:'1009574363915370620' in #chat-logs (1365923453223440465) True
INFO        2025-04-27 01:36:45.339099 EST  on_interaction  : thegenerous (198263506313805824) ran /rename name:'ip-mute-check' in #narcoses-ticket-161267 (1365909175850242110) True
INFO        2025-04-27 01:37:55.442875 EST  on_interaction  : rolith (399760511706726400) ran /close reason:'accepted' in #chat-logs (1365900725720191107) True
INFO        2025-04-27 01:37:57.295452 EST  close_command   : Closed #chat-logs (1365900725720191107) in 1.71s by rolith (399760511706726400) 63
INFO        2025-04-27 01:38:19.578499 EST  on_interaction  : rolith (399760511706726400) ran /close reason:'dont see any of his accs muted' in #ip-mute-check (1365909175850242110) True
INFO        2025-04-27 01:38:21.191156 EST  close_command   : Closed #ip-mute-check (1365909175850242110) in 1.44s by rolith (399760511706726400) 62
INFO        2025-04-27 01:39:16.873277 EST  on_interaction  : rolith (399760511706726400) ran /close reason:'accepted' in #chat-logs (1365922956425039993) True
INFO        2025-04-27 01:39:18.836823 EST  close_command   : Closed #chat-logs (1365922956425039993) in 1.79s by rolith (399760511706726400) 61
INFO        2025-04-27 01:39:58.967358 EST  on_interaction  : rolith (399760511706726400) ran /close reason:'accepted' in #chat-logs (1365923453223440465) True
INFO        2025-04-27 01:40:00.672176 EST  close_command   : Closed #chat-logs (1365923453223440465) in 1.54s by rolith (399760511706726400) 60
INFO        2025-04-27 01:40:46.576705 EST  on_interaction  : thegenerous (198263506313805824) ran /ticket-logs user:'989146894200606730' in #𝖲𝗍𝖺𝖿𝖿-𝖢𝗈𝗆𝗆𝖺𝗇𝖽𝗌 (918905638464127016) True
INFO        2025-04-27 01:41:22.813616 EST  on_interaction  : rolith (399760511706726400) ran /close reason:'bb tier rll pv 1' in #imluckytoo-ticket-161255 (1365893425995714591) True
INFO        2025-04-27 01:41:24.430696 EST  close_command   : Closed #imluckytoo-ticket-161255 (1365893425995714591) in 1.41s by rolith (399760511706726400) 59
INFO        2025-04-27 01:56:34.370975 EST  on_interaction  : thegenerous (198263506313805824) ran /rename name:'admin' in #vodkalol69-ticket-161251 (1365890342863376464) True
INFO        2025-04-27 02:29:51.557929 EST  on_interaction  : thegenerous (198263506313805824) ran /rename name:'leader-transfer' in #tapemeasure-ticket-161274 (1365937865380597830) True
INFO        2025-04-27 03:00:16.244615 EST  on_interaction  : keksmc (1193224557826412624) ran /rename name:'boss spawn bug' in #santyrohe-ticket-161242 (1365874464968937614) True
INFO        2025-04-27 03:01:01.273304 EST  on_interaction  : keksmc (1193224557826412624) ran /rename name:'event bug' in #chaseoce-ticket-161246 (1365884856399171584) True
INFO        2025-04-27 03:09:52.446954 EST  on_interaction  : thegenerous (198263506313805824) ran /close reason:'answered' in #caleb1836875-ticket-161275 (1365941665721876532) True
INFO        2025-04-27 03:09:53.925192 EST  close_command   : Closed #caleb1836875-ticket-161275 (1365941665721876532) in 1.31s by thegenerous (198263506313805824) 61
INFO        2025-04-27 03:11:22.527723 EST  on_interaction  : pizzamuncher2132 (1066050892203315342) ran /close reason:'ticket denied' in #admin (1365892081997844540) True
INFO        2025-04-27 03:11:25.025889 EST  close_command   : Closed #admin (1365892081997844540) in 2.31s by pizzamuncher2132 (1066050892203315342) 60
INFO        2025-04-27 03:16:37.338914 EST  on_interaction  : pizzamuncher2132 (1066050892203315342) ran /close reason:'Player report denied' in #mcgokuv2-ticket-161277 (1365948622604079114) True
INFO        2025-04-27 03:16:40.442189 EST  close_command   : Closed #mcgokuv2-ticket-161277 (1365948622604079114) in 2.9s by pizzamuncher2132 (1066050892203315342) 60
INFO        2025-04-27 03:16:47.574235 EST  on_interaction  : pizzamuncher2132 (1066050892203315342) ran /close reason:'Answered' in #applesonmcadia-ticket-161140 (1365736186919911435) True
INFO        2025-04-27 03:16:49.147395 EST  close_command   : Closed #applesonmcadia-ticket-161140 (1365736186919911435) in 1.41s by pizzamuncher2132 (1066050892203315342) 59
INFO        2025-04-27 03:45:30.618018 EST  on_interaction  : confrontable (544952418178301974) ran /rename name:'admin' in #restorable-ticket-161256 (1365894931368902717) True
INFO        2025-04-27 04:08:34.801642 EST  on_interaction  : thegenerous (198263506313805824) ran /rename name:'duplicate-item-check' in #asta1541-ticket-161278 (1365962439606140929) True
INFO        2025-04-27 04:25:29.813321 EST  on_interaction  : confrontable (544952418178301974) ran /rename name:'duel bug' in #sweatybomb-ticket-161280 (1365966296801345589) True
INFO        2025-04-27 04:25:37.460900 EST  on_interaction  : confrontable (544952418178301974) ran /move category:'1009882045901721720' in #duel-bug (1365966296801345589) True
INFO        2025-04-27 04:43:23.053977 EST  on_interaction  : confrontable (544952418178301974) ran /rename name:'outpost limit' in #asta1541-ticket-161282 (1365968085848166470) True
INFO        2025-04-27 04:43:29.214723 EST  on_interaction  : confrontable (544952418178301974) ran /move category:'1009574363915370620' in #outpost-limit (1365968085848166470) True
INFO        2025-04-27 04:43:45.056846 EST  on_interaction  : mochamoat (1079983420337303552) ran /ticket-logs user:'1348795635700338709' in #𝖲𝗍𝖺𝖿𝖿-𝖢𝗈𝗆𝗆𝖺𝗇𝖽𝗌 (918905638464127016) True
INFO        2025-04-27 04:55:35.919417 EST  on_interaction  : confrontable (544952418178301974) ran /rename name:'leader transfer' in #desktopmist2089-ticket-161283 (1365974458904481864) True
INFO        2025-04-27 05:05:38.046053 EST  on_interaction  : llama_xd (200543436749668352) ran /close reason:'ACCEPTED' in #outpost-limit (1365968085848166470) True
INFO        2025-04-27 05:05:39.646418 EST  close_command   : Closed #outpost-limit (1365968085848166470) in 1.42s by llama_xd (200543436749668352) 66
INFO        2025-04-27 05:07:50.581370 EST  on_interaction  : llama_xd (200543436749668352) ran /close reason:'accepted' in #____a17-ticket-161285 (1365977084257763349) True
INFO        2025-04-27 05:07:51.937658 EST  close_command   : Closed #____a17-ticket-161285 (1365977084257763349) in 1.21s by llama_xd (200543436749668352) 65
INFO        2025-04-27 05:09:19.447762 EST  on_interaction  : llama_xd (200543436749668352) ran /close reason:'player covered by alternative punishment' in #asta1541-ticket-161281 (1365967726085935145) True
INFO        2025-04-27 05:09:20.812478 EST  close_command   : Closed #asta1541-ticket-161281 (1365967726085935145) in 1.15s by llama_xd (200543436749668352) 64
INFO        2025-04-27 05:25:27.427841 EST  on_interaction  : confrontable (544952418178301974) ran /rename name:'revive question' in #thegoat123458-ticket-161286 (1365981889759805480) True
INFO        2025-04-27 05:41:21.743301 EST  on_interaction  : _matiass. (638734404402806815) ran /close reason:'Added to SS list' in #xinku (1365801342634954856) True
INFO        2025-04-27 05:41:23.277397 EST  close_command   : Closed #xinku (1365801342634954856) in 1.28s by _matiass. (638734404402806815) 64
INFO        2025-04-27 05:53:01.816489 EST  on_interaction  : llama_xd (200543436749668352) ran /close reason:'accepted for williamschicken' in #loosin-ticket-161227 (1365853710080802826) True
INFO        2025-04-27 05:53:04.923812 EST  close_command   : Closed #loosin-ticket-161227 (1365853710080802826) in 1.76s by llama_xd (200543436749668352) 63
INFO        2025-04-27 06:20:09.135800 EST  on_interaction  : confrontable (544952418178301974) ran /rename name:'base comp' in #pvmn-ticket-161289 (1365995104560611338) True
INFO        2025-04-27 06:27:50.844541 EST  on_interaction  : llama_xd (200543436749668352) ran /close reason:'unmuted' in #gai-ticket-161287 (1365990255420899442) True
INFO        2025-04-27 06:27:52.503379 EST  close_command   : Closed #gai-ticket-161287 (1365990255420899442) in 1.49s by llama_xd (200543436749668352) 66
INFO        2025-04-27 06:38:29.468441 EST  on_interaction  : llama_xd (200543436749668352) ran /ticket-logs user:'216705614783447041' in #𝖲𝗍𝖺𝖿𝖿-𝖢𝗈𝗆𝗆𝖺𝗇𝖽𝗌 (918905638464127016) True
INFO        2025-04-27 06:51:42.150064 EST  on_interaction  : llama_xd (200543436749668352) ran /close reason:'already a ticket for this' in #base-comp (1365995104560611338) True
INFO        2025-04-27 06:51:43.831426 EST  close_command   : Closed #base-comp (1365995104560611338) in 1.53s by llama_xd (200543436749668352) 65
INFO        2025-04-27 07:10:06.716063 EST  on_interaction  : confrontable (544952418178301974) ran /rename name:'missing item' in #cwgkdjisaiuxyux-ticket-161291 (1366008128805539840) True
INFO        2025-04-27 08:17:01.756270 EST  on_interaction  : ttvlilrolls123_ (776423109317361714) ran /rename name:'roofart rewards' in #wubblelydubbly-ticket-161025 (1365488309463289908) True
INFO        2025-04-27 08:32:43.794339 EST  on_interaction  : snack6133 (637766719095439380) ran /close reason:'answered' in #niggyboos-ticket-161292 (1366028811770003466) True
INFO        2025-04-27 08:32:45.392050 EST  close_command   : Closed #niggyboos-ticket-161292 (1366028811770003466) in 1.44s by snack6133 (637766719095439380) 66
INFO        2025-04-27 09:26:37.246005 EST  on_interaction  : mochamoat (1079983420337303552) ran /rename name:'render-distance-issue' in #hyperorvg43-ticket-161294 (1366036668725067908) True
INFO        2025-04-27 09:27:21.397404 EST  on_interaction  : llama_xd (200543436749668352) ran /close reason:'answered' in #desktopmist2089-ticket-161295 (1366036738094661693) True
INFO        2025-04-27 09:27:23.005521 EST  close_command   : Closed #desktopmist2089-ticket-161295 (1366036738094661693) in 1.44s by llama_xd (200543436749668352) 69
INFO        2025-04-27 09:27:56.795470 EST  on_interaction  : llama_xd (200543436749668352) ran /close reason:'denied' in #diree-ticket-161296 (1366040940577292309) True
INFO        2025-04-27 09:27:58.872425 EST  close_command   : Closed #diree-ticket-161296 (1366040940577292309) in 1.92s by llama_xd (200543436749668352) 68
INFO        2025-04-27 09:28:24.250543 EST  on_interaction  : mochamoat (1079983420337303552) ran /close reason:'invalid evidence' in #dimi12345678-ticket-161288 (1365992734006972477) True
INFO        2025-04-27 09:28:25.925910 EST  close_command   : Closed #dimi12345678-ticket-161288 (1365992734006972477) in 1.45s by mochamoat (1079983420337303552) 67
INFO        2025-04-27 09:30:34.468109 EST  on_interaction  : mochamoat (1079983420337303552) ran /close reason:'form isnt filled' in #fnbbc-ticket-161279 (1365964508530610299) True
INFO        2025-04-27 09:30:37.471106 EST  close_command   : Closed #fnbbc-ticket-161279 (1365964508530610299) in 2.81s by mochamoat (1079983420337303552) 66
INFO        2025-04-27 09:30:52.036327 EST  on_interaction  : mochamoat (1079983420337303552) ran /close reason:'form wasnt filled' in #santyrohe-ticket-161241 (1365874447986196491) True
INFO        2025-04-27 09:30:53.619771 EST  close_command   : Closed #santyrohe-ticket-161241 (1365874447986196491) in 1.4s by mochamoat (1079983420337303552) 65
INFO        2025-04-27 09:31:05.458955 EST  on_interaction  : mochamoat (1079983420337303552) ran /move category:'1051525603188289727' in #rune-slots-bug (1364671846468948068) True
INFO        2025-04-27 09:34:21.898118 EST  on_interaction  : llama_xd (200543436749668352) ran /close reason:'answered see transcript' in #strike-team (1365679543356231732) True
INFO        2025-04-27 09:34:23.474227 EST  close_command   : Closed #strike-team (1365679543356231732) in 1.42s by llama_xd (200543436749668352) 64
INFO        2025-04-27 09:47:05.525144 EST  on_interaction  : ttvlilrolls123_ (776423109317361714) ran /rename name:'vpn whitelist' in #asta1541-ticket-161298 (1366047493003022396) True
INFO        2025-04-27 09:49:04.406999 EST  on_interaction  : ttvlilrolls123_ (776423109317361714) ran /private in #vpn-whitelist (1366047493003022396) True
INFO        2025-04-27 10:10:13.747395 EST  on_interaction  : ttvlilrolls123_ (776423109317361714) ran /close reason:'answered' in #jake2001-ticket-161300 (1366051231935762464) True
INFO        2025-04-27 10:10:15.390598 EST  close_command   : Closed #jake2001-ticket-161300 (1366051231935762464) in 1.47s by ttvlilrolls123_ (776423109317361714) 69
INFO        2025-04-27 10:13:42.594386 EST  on_interaction  : ttvlilrolls123_ (776423109317361714) ran /rename name:'double star item' in #asta1541-ticket-161302 (1366053652489310238) True
INFO        2025-04-27 10:21:20.151389 EST  on_interaction  : legendsarising (958225180604370945) ran /close reason:'denie' in #ss-appeal (1365864177608032306) True
INFO        2025-04-27 10:21:22.534007 EST  close_command   : Closed #ss-appeal (1365864177608032306) in 2.23s by legendsarising (958225180604370945) 69
INFO        2025-04-27 10:21:29.928636 EST  on_interaction  : ttvlilrolls123_ (776423109317361714) ran /rename name:'leader transfer' in #conquerin-ticket-161303 (1366056322189099068) True
INFO        2025-04-27 10:22:37.017930 EST  on_interaction  : legendsarising (958225180604370945) ran /close reason:'answered' in #revive-question (1365981889759805480) True
INFO        2025-04-27 10:22:38.548279 EST  close_command   : Closed #revive-question (1365981889759805480) in 1.37s by legendsarising (958225180604370945) 68
INFO        2025-04-27 10:24:03.881493 EST  on_interaction  : legendsarising (958225180604370945) ran /close reason:'answered' in #duel-bug (1365966296801345589) True
INFO        2025-04-27 10:24:05.235536 EST  close_command   : Closed #duel-bug (1365966296801345589) in 1.2s by legendsarising (958225180604370945) 67
INFO        2025-04-27 10:24:31.529360 EST  on_interaction  : legendsarising (958225180604370945) ran /close reason:'answered' in #guuh9784-ticket-161262 (1365901576018989106) True
INFO        2025-04-27 10:24:33.070205 EST  close_command   : Closed #guuh9784-ticket-161262 (1365901576018989106) in 1.31s by legendsarising (958225180604370945) 66
INFO        2025-04-27 10:26:47.026354 EST  on_interaction  : legendsarising (958225180604370945) ran /close reason:'answered' in #justinotw-ticket-161301 (1366052513836568759) True
INFO        2025-04-27 10:26:49.105204 EST  close_command   : Closed #justinotw-ticket-161301 (1366052513836568759) in 1.89s by legendsarising (958225180604370945) 66
INFO        2025-04-27 10:27:22.153591 EST  on_interaction  : legendsarising (958225180604370945) ran /close reason:'denie' in #admin (1365894931368902717) True
INFO        2025-04-27 10:27:23.663345 EST  close_command   : Closed #admin (1365894931368902717) in 1.34s by legendsarising (958225180604370945) 65
INFO        2025-04-27 10:27:56.240486 EST  on_interaction  : legendsarising (958225180604370945) ran /close reason:'denie' in #merudev-ticket-161284 (1365976999142625311) True
INFO        2025-04-27 10:27:58.258433 EST  close_command   : Closed #merudev-ticket-161284 (1365976999142625311) in 1.81s by legendsarising (958225180604370945) 64
INFO        2025-04-27 10:29:05.572288 EST  on_interaction  : legendsarising (958225180604370945) ran /close reason:'answered' in #tripaloski0700-ticket-161293 (1366032564653133874) True
INFO        2025-04-27 10:29:07.775592 EST  close_command   : Closed #tripaloski0700-ticket-161293 (1366032564653133874) in 2.0s by legendsarising (958225180604370945) 63
INFO        2025-04-27 10:30:19.616521 EST  on_interaction  : legendsarising (958225180604370945) ran /close reason:'answered' in #guuh9784-ticket-161304 (1366057814421667964) True
INFO        2025-04-27 10:30:21.199013 EST  close_command   : Closed #guuh9784-ticket-161304 (1366057814421667964) in 1.42s by legendsarising (958225180604370945) 63
INFO        2025-04-27 10:47:44.769881 EST  on_interaction  : atomicog (172531164970483712) ran /close reason:'answered' in #staff-report (1365088213781446737) True
INFO        2025-04-27 10:47:46.318008 EST  close_command   : Closed #staff-report (1365088213781446737) in 1.37s by atomicog (172531164970483712) 64
INFO        2025-04-27 11:07:47.267059 EST  on_interaction  : snack6133 (637766719095439380) ran /private in #loosin-ticket-161310 (1366067956680888370) True
INFO        2025-04-27 11:10:29.417980 EST  on_interaction  : snack6133 (637766719095439380) ran /close reason:'denied' in #mythich-ticket-161311 (1366068338710679684) True
INFO        2025-04-27 11:10:31.625875 EST  close_command   : Closed #mythich-ticket-161311 (1366068338710679684) in 1.98s by snack6133 (637766719095439380) 67
INFO        2025-04-27 11:21:33.696212 EST  on_interaction  : llama_xd (200543436749668352) ran /close reason:'denied' in #tourinjapan-ticket-161308 (1366063494998397019) True
INFO        2025-04-27 11:21:35.190551 EST  close_command   : Closed #tourinjapan-ticket-161308 (1366063494998397019) in 1.32s by llama_xd (200543436749668352) 67
INFO        2025-04-27 11:23:17.106228 EST  on_interaction  : snack6133 (637766719095439380) ran /rename name:'strike team' in #briitt-ticket-161312 (1366071271871483999) True
INFO        2025-04-27 11:23:23.185479 EST  on_interaction  : snack6133 (637766719095439380) ran /rename name:'strike team' in #graphicalll-ticket-161307 (1366062741391016028) True
INFO        2025-04-27 11:43:02.213077 EST  on_interaction  : llama_xd (200543436749668352) ran /close reason:'denied' in #strike-team (1366062741391016028) True
INFO        2025-04-27 11:43:03.900289 EST  close_command   : Closed #strike-team (1366062741391016028) in 1.43s by llama_xd (200543436749668352) 67
INFO        2025-04-27 11:43:49.620332 EST  on_interaction  : confrontable (544952418178301974) ran /rename name:'leader transfer' in #dla300-ticket-161313 (1366075704004968478) True
INFO        2025-04-27 12:01:46.539819 EST  on_interaction  : llama_xd (200543436749668352) ran /ticket-logs user:'1302600688731164734' in #𝖲𝗍𝖺𝖿𝖿-𝖢𝗈𝗆𝗆𝖺𝗇𝖽𝗌 (918905638464127016) True
INFO        2025-04-27 12:03:16.512215 EST  on_interaction  : daddy0001 (339415844411146251) ran /rename name:'watered spawners' in #walrustbh-ticket-161315 (1366080260705353739) True
INFO        2025-04-27 12:03:54.986132 EST  on_interaction  : daddy0001 (339415844411146251) ran /rename name:'reboot cancelled raid event' in #walk3d-ticket-161317 (1366082176415698967) True
INFO        2025-04-27 12:04:14.661054 EST  on_interaction  : llama_xd (200543436749668352) ran /close reason:'denied dont make another appeal for this ban' in #tourinjapan-ticket-161316 (1366081660139081908) True
INFO        2025-04-27 12:04:16.303175 EST  close_command   : Closed #tourinjapan-ticket-161316 (1366081660139081908) in 1.41s by llama_xd (200543436749668352) 70
INFO        2025-04-27 12:07:19.084980 EST  on_interaction  : mochamoat (1079983420337303552) ran /close reason:'players punished' in #alexanderg-ticket-161305 (1366058870153150697) True
INFO        2025-04-27 12:07:21.091240 EST  on_interaction  : reheat (409915081317679104) ran /close reason:'given' in #vpn-whitelist (1366047493003022396) True
INFO        2025-04-27 12:07:21.953994 EST  close_command   : Closed #alexanderg-ticket-161305 (1366058870153150697) in 2.62s by mochamoat (1079983420337303552) 69
INFO        2025-04-27 12:07:23.030131 EST  close_command   : Closed #vpn-whitelist (1366047493003022396) in 1.76s by reheat (409915081317679104) 68
INFO        2025-04-27 12:09:31.672043 EST  on_interaction  : reheat (409915081317679104) ran /close reason:'swapped' in #vkit-swap (1365865251807166564) True
INFO        2025-04-27 12:09:33.547226 EST  close_command   : Closed #vkit-swap (1365865251807166564) in 1.68s by reheat (409915081317679104) 67
INFO        2025-04-27 12:10:05.286001 EST  on_interaction  : reheat (409915081317679104) ran /close reason:'join the fac if needed still' in #leader-transfer (1365937865380597830) True
INFO        2025-04-27 12:10:07.044486 EST  close_command   : Closed #leader-transfer (1365937865380597830) in 1.59s by reheat (409915081317679104) 67
INFO        2025-04-27 12:10:18.707524 EST  on_interaction  : reheat (409915081317679104) ran /close reason:'join the fac if needed still' in #leader-transfer (1365974458904481864) True
INFO        2025-04-27 12:10:20.260372 EST  close_command   : Closed #leader-transfer (1365974458904481864) in 1.37s by reheat (409915081317679104) 66
INFO        2025-04-27 12:10:35.365067 EST  on_interaction  : reheat (409915081317679104) ran /close reason:'join the fac if needed still' in #leader-transfer (1366056322189099068) True
INFO        2025-04-27 12:10:37.331003 EST  close_command   : Closed #leader-transfer (1366056322189099068) in 1.75s by reheat (409915081317679104) 65
INFO        2025-04-27 12:10:55.104889 EST  on_interaction  : reheat (409915081317679104) ran /close reason:'done' in #leader-transfer (1366075704004968478) True
INFO        2025-04-27 12:10:57.141644 EST  close_command   : Closed #leader-transfer (1366075704004968478) in 1.86s by reheat (409915081317679104) 64
INFO        2025-04-27 12:11:27.896575 EST  on_interaction  : reheat (409915081317679104) ran /close reason:'The item was most likely taken for a revive' in #missing-item (1366008128805539840) True
INFO        2025-04-27 12:11:30.631592 EST  close_command   : Closed #missing-item (1366008128805539840) in 2.5s by reheat (409915081317679104) 63
INFO        2025-04-27 12:11:58.581298 EST  on_interaction  : reheat (409915081317679104) ran /close reason:'user doesn't have a hook on them' in #duplicate-item-check (1365962439606140929) True
INFO        2025-04-27 12:12:00.149635 EST  close_command   : Closed #duplicate-item-check (1365962439606140929) in 1.39s by reheat (409915081317679104) 63
INFO        2025-04-27 12:13:44.108694 EST  on_interaction  : reheat (409915081317679104) ran /close reason:'fixed' in #watered-spawners (1366080260705353739) True
INFO        2025-04-27 12:13:46.602535 EST  close_command   : Closed #watered-spawners (1366080260705353739) in 2.25s by reheat (409915081317679104) 62
INFO        2025-04-27 12:13:51.675933 EST  on_interaction  : reheat (409915081317679104) ran /rename name:'legends' in #gaber300-ticket-161263 (1365901894652006523) True
INFO        2025-04-27 12:13:59.973221 EST  on_interaction  : reheat (409915081317679104) ran /rename name:'legends' in #iamuberdriver-ticket-161297 (1366045500574531715) True
INFO        2025-04-27 12:14:24.309970 EST  on_interaction  : reheat (409915081317679104) ran /ticket-logs user:'479401103859908610' in #𝖠𝖽𝗆𝗂𝗇-𝖢𝗈𝗆𝗆𝖺𝗇𝖽𝗌 (918905775907291156) True
INFO        2025-04-27 12:14:55.350737 EST  on_interaction  : reheat (409915081317679104) ran /close reason:'As told already, we can't revive you' in #guuh9784-ticket-161306 (1366059701468397618) True
INFO        2025-04-27 12:14:57.158221 EST  close_command   : Closed #guuh9784-ticket-161306 (1366059701468397618) in 1.63s by reheat (409915081317679104) 61
INFO        2025-04-27 12:15:20.146322 EST  on_interaction  : reheat (409915081317679104) ran /close reason:'It was announced already' in #sqeeties-ticket-161271 (1365920183021080716) True
INFO        2025-04-27 12:15:21.997351 EST  close_command   : Closed #sqeeties-ticket-161271 (1365920183021080716) in 1.69s by reheat (409915081317679104) 60
INFO        2025-04-27 12:15:27.548602 EST  on_interaction  : reheat (409915081317679104) ran /rename name:'rolith' in #counterfeits-ticket-161253 (1365891865173426290) True
INFO        2025-04-27 12:19:51.243822 EST  on_interaction  : llama_xd (200543436749668352) ran /close reason:'denieid' in #graphicalll-ticket-161314 (1366077263401062513) True
INFO        2025-04-27 12:19:53.085457 EST  close_command   : Closed #graphicalll-ticket-161314 (1366077263401062513) in 1.64s by llama_xd (200543436749668352) 63
INFO        2025-04-27 12:21:25.181846 EST  on_interaction  : confrontable (544952418178301974) ran /rename name:'missing item' in #ichmussmal-ticket-161323 (1366086355418873936) True
INFO        2025-04-27 12:23:26.235198 EST  on_interaction  : llama_xd (200543436749668352) ran /close reason:'denied' in #graphicalll-ticket-161324 (1366086584428138506) True
INFO        2025-04-27 12:23:27.673496 EST  close_command   : Closed #graphicalll-ticket-161324 (1366086584428138506) in 1.26s by llama_xd (200543436749668352) 64
INFO        2025-04-27 12:23:49.876423 EST  on_interaction  : confrontable (544952418178301974) ran /rename name:'leader transfer' in #ariole-ticket-161325 (1366087185962373181) True
INFO        2025-04-27 12:23:50.322546 EST  blacklist_user  : Ticket blacklisted graphicalll (934074095509852202) for 2d
INFO        2025-04-27 12:23:50.324012 EST  on_interaction  : llama_xd (200543436749668352) ran /blacklist user:'934074095509852202' length:'2d' reason:'appealing multiple times after denied' in #𝖲𝗍𝖺𝖿𝖿-𝖢𝗈𝗆𝗆𝖺𝗇𝖽𝗌 (918905638464127016) True
INFO        2025-04-27 12:24:38.871147 EST  on_interaction  : legendsarising (958225180604370945) ran /close reason:'answered' in #alegarciaaa-ticket-161321 (1366085569918009424) True
INFO        2025-04-27 12:24:57.011223 EST  close_command   : Closed #alegarciaaa-ticket-161321 (1366085569918009424) in 17.94s by legendsarising (958225180604370945) 63
INFO        2025-04-27 12:25:40.679648 EST  on_interaction  : llama_xd (200543436749668352) ran /close reason:'denied' in #ganzz4480-ticket-161299 (1366048280139792416) True
INFO        2025-04-27 12:25:42.229173 EST  close_command   : Closed #ganzz4480-ticket-161299 (1366048280139792416) in 1.37s by llama_xd (200543436749668352) 62
INFO        2025-04-27 12:25:57.771847 EST  on_interaction  : legendsarising (958225180604370945) ran /close reason:'blank' in #ariole-ticket-161318 (1366083924668715068) True
INFO        2025-04-27 12:25:59.323710 EST  close_command   : Closed #ariole-ticket-161318 (1366083924668715068) in 1.37s by legendsarising (958225180604370945) 61
INFO        2025-04-27 12:51:38.278844 EST  on_interaction  : confrontable (544952418178301974) ran /rename name:'watered spawners' in #mattayy-ticket-161327 (1366090419657773116) True
INFO        2025-04-27 13:06:58.751518 EST  on_interaction  : confrontable (544952418178301974) ran /rename name:'tourney winner' in #cowtoe-ticket-161330 (1366096192533958666) True
INFO        2025-04-27 13:07:29.907148 EST  on_interaction  : reheat (409915081317679104) ran /close reason:'tell them to open a ticket for the transfer' in #leader-transfer (1366087185962373181) True
INFO        2025-04-27 13:07:31.316140 EST  close_command   : Closed #leader-transfer (1366087185962373181) in 1.21s by reheat (409915081317679104) 65
INFO        2025-04-27 13:07:47.258411 EST  on_interaction  : reheat (409915081317679104) ran /close reason:'denied' in #alegarciaaa-ticket-161326 (1366089961753018561) True
INFO        2025-04-27 13:07:48.923768 EST  close_command   : Closed #alegarciaaa-ticket-161326 (1366089961753018561) in 1.46s by reheat (409915081317679104) 64
INFO        2025-04-27 13:10:21.570873 EST  on_interaction  : reheat (409915081317679104) ran /add user:'977208815944622081' in #reheat-ticket-161333 (1366099112646148126) True
INFO        2025-04-27 13:10:36.093007 EST  on_interaction  : reheat (409915081317679104) ran /move category:'948592775669121034' in #reheat-ticket-161333 (1366099112646148126) True
INFO        2025-04-27 13:11:59.714544 EST  on_interaction  : reheat (409915081317679104) ran /move category:'948592775669121034' in #roofart-rewards (1365488309463289908) True
INFO        2025-04-27 13:15:02.903994 EST  on_interaction  : confrontable (544952418178301974) ran /rename name:'leader transfer' in #conquerin-ticket-161335 (1366099906758180944) True
INFO        2025-04-27 13:15:38.394228 EST  on_interaction  : confrontable (544952418178301974) ran /rename name:'tourney winner' in #maxyboy43-ticket-161334 (1366099611571458108) True
INFO        2025-04-27 13:22:33.308023 EST  on_interaction  : rolith (399760511706726400) ran /close reason:'done' in #leader-transfer (1366099906758180944) True
INFO        2025-04-27 13:22:34.814033 EST  close_command   : Closed #leader-transfer (1366099906758180944) in 1.34s by rolith (399760511706726400) 70
INFO        2025-04-27 13:22:39.846484 EST  on_interaction  : rolith (399760511706726400) ran /close reason:'bet' in #tourney-winner (1366096192533958666) True
INFO        2025-04-27 13:22:41.696740 EST  close_command   : Closed #tourney-winner (1366096192533958666) in 1.63s by rolith (399760511706726400) 69
INFO        2025-04-27 13:25:23.839746 EST  on_interaction  : thegenerous (198263506313805824) ran /rename name:'leader-transfer' in #hoodturtle-ticket-161339 (1366102404835180766) True
INFO        2025-04-27 13:25:51.198565 EST  on_interaction  : thegenerous (198263506313805824) ran /rename name:'tourney-winner' in #bakugoukatsuki7574-ticket-161340 (1366102924349935831) True
INFO        2025-04-27 13:26:20.300635 EST  on_interaction  : rolith (399760511706726400) ran /close reason:'done' in #leader-transfer (1366102404835180766) True
INFO        2025-04-27 13:26:22.857083 EST  close_command   : Closed #leader-transfer (1366102404835180766) in 2.37s by rolith (399760511706726400) 71
INFO        2025-04-27 13:29:12.551862 EST  on_interaction  : rolith (399760511706726400) ran /close reason:'done' in #watered-spawners (1366090419657773116) True
INFO        2025-04-27 13:29:14.027821 EST  close_command   : Closed #watered-spawners (1366090419657773116) in 1.22s by rolith (399760511706726400) 70
INFO        2025-04-27 13:32:32.481697 EST  on_interaction  : reheat (409915081317679104) ran /close reason:'given most recent hypebox' in #tourney-winner (1366102924349935831) True
INFO        2025-04-27 13:32:34.149093 EST  close_command   : Closed #tourney-winner (1366102924349935831) in 1.46s by reheat (409915081317679104) 71
INFO        2025-04-27 13:33:08.161628 EST  on_interaction  : reheat (409915081317679104) ran /close reason:'requested' in #tourney-winner (1366099611571458108) True
INFO        2025-04-27 13:33:10.200411 EST  close_command   : Closed #tourney-winner (1366099611571458108) in 1.91s by reheat (409915081317679104) 70
INFO        2025-04-27 13:33:46.236039 EST  on_interaction  : reheat (409915081317679104) ran /close reason:'ec and pv1' in #sophiajaja-ticket-161337 (1366101298969186317) True
INFO        2025-04-27 13:33:48.026953 EST  close_command   : Closed #sophiajaja-ticket-161337 (1366101298969186317) in 1.64s by reheat (409915081317679104) 69
INFO        2025-04-27 13:33:49.950897 EST  on_interaction  : reheat (409915081317679104) ran /close reason:'pv1' in #plusaxe242-ticket-161338 (1366102276401266826) True
INFO        2025-04-27 13:33:51.792962 EST  close_command   : Closed #plusaxe242-ticket-161338 (1366102276401266826) in 1.71s by reheat (409915081317679104) 68
INFO        2025-04-27 13:35:52.740481 EST  on_interaction  : rolith (399760511706726400) ran /close reason:'started a raid event' in #reboot-cancelled-raid-event (1366082176415698967) True
INFO        2025-04-27 13:35:54.266004 EST  close_command   : Closed #reboot-cancelled-raid-event (1366082176415698967) in 1.34s by rolith (399760511706726400) 67
INFO        2025-04-27 13:37:43.653769 EST  on_interaction  : legendsarising (958225180604370945) ran /close reason:'answered' in #legends (1366045500574531715) True
INFO        2025-04-27 13:37:45.361069 EST  close_command   : Closed #legends (1366045500574531715) in 1.39s by legendsarising (958225180604370945) 66
INFO        2025-04-27 13:42:04.231211 EST  on_interaction  : thegenerous (198263506313805824) ran /close reason:'brewing stands are disabled' in #criplin-ticket-161328 (1366093581097373706) True
INFO        2025-04-27 13:42:05.923025 EST  close_command   : Closed #criplin-ticket-161328 (1366093581097373706) in 1.52s by thegenerous (198263506313805824) 65
INFO        2025-04-27 13:42:15.425383 EST  on_interaction  : thegenerous (198263506313805824) ran /rename name:'watered-spawners' in #mattayy-ticket-161341 (1366104220922679398) True
INFO        2025-04-27 13:51:58.539662 EST  on_interaction  : reheat (409915081317679104) ran /close reason:'other ones deleted' in #reheat-ticket-161333 (1366099112646148126) True
INFO        2025-04-27 13:52:00.548094 EST  close_command   : Closed #reheat-ticket-161333 (1366099112646148126) in 1.82s by reheat (409915081317679104) 64
INFO        2025-04-27 13:52:15.512572 EST  on_interaction  : reheat (409915081317679104) ran /close reason:'Item was taken since it was somehow duped which wasn't meant to be' in #missing-item (1366086355418873936) True
INFO        2025-04-27 13:52:17.314514 EST  close_command   : Closed #missing-item (1366086355418873936) in 1.63s by reheat (409915081317679104) 63
INFO        2025-04-27 14:06:53.610179 EST  on_interaction  : rolith (399760511706726400) ran /close reason:'answered' in #watered-spawners (1366104220922679398) True
INFO        2025-04-27 14:06:55.254767 EST  close_command   : Closed #watered-spawners (1366104220922679398) in 1.47s by rolith (399760511706726400) 64
INFO        2025-04-27 14:10:15.394799 EST  on_interaction  : mochamoat (1079983420337303552) ran /rename name:'boss-spawn-bug' in #vinix__1-ticket-161336 (1366100932844196023) True
INFO        2025-04-27 14:10:47.563281 EST  on_interaction  : thegenerous (198263506313805824) ran /close reason:'answered' in #jake2001-ticket-161343 (1366112949986529490) True
INFO        2025-04-27 14:10:49.038308 EST  close_command   : Closed #jake2001-ticket-161343 (1366112949986529490) in 1.24s by thegenerous (198263506313805824) 65
INFO        2025-04-27 14:10:56.689901 EST  on_interaction  : confrontable (544952418178301974) ran /close reason:'answered' in #ppuggy-ticket-161345 (1366113496462528526) True
INFO        2025-04-27 14:10:58.038710 EST  close_command   : Closed #ppuggy-ticket-161345 (1366113496462528526) in 1.22s by confrontable (544952418178301974) 64
INFO        2025-04-27 14:10:58.123622 EST  on_interaction  : mochamoat (1079983420337303552) ran /rename name:'admin' in #kingvonreincarnate-ticket-161344 (1366113045360676874) True
INFO        2025-04-27 14:11:05.060780 EST  on_interaction  : confrontable (544952418178301974) ran /rename name:'tourney winner' in #manlikeaz-ticket-161346 (1366114173645225997) True
INFO        2025-04-27 14:20:59.130619 EST  on_interaction  : _matiass. (638734404402806815) ran /close reason:'Denied, nickhider on + vape in video' in #goatrobin-ticket-161332 (1366098767442350121) True
INFO        2025-04-27 14:21:01.030823 EST  close_command   : Closed #goatrobin-ticket-161332 (1366098767442350121) in 1.61s by _matiass. (638734404402806815) 63
INFO        2025-04-27 14:26:58.737778 EST  on_interaction  : ttvlilrolls123_ (776423109317361714) ran /add user:'539493995391483913' in #ttvlilrolls123_-ticket-161347 (1366118359346708480) True
INFO        2025-04-27 14:29:22.128411 EST  on_interaction  : exitiummm (750077826874736770) ran /close reason:'Denied - Evidence & ac logs support' in #bloodsuits-ticket-161309 (1366064098907000924) True
INFO        2025-04-27 14:29:25.011190 EST  close_command   : Closed #bloodsuits-ticket-161309 (1366064098907000924) in 2.65s by exitiummm (750077826874736770) 63
INFO        2025-04-27 14:41:29.144514 EST  on_interaction  : rolith (399760511706726400) ran /close reason:'sorry should have said which pv, in your pv 2' in #mattayy-ticket-161348 (1366119597711032391) True
INFO        2025-04-27 14:41:30.857396 EST  close_command   : Closed #mattayy-ticket-161348 (1366119597711032391) in 1.53s by rolith (399760511706726400) 64
INFO        2025-04-27 14:44:42.717640 EST  on_interaction  : sanamo (837793755838939157) ran /oldest in #test-bot (935016733033525328) True
n answers in #criplin-ticket-161176 (1365783791817330880)
INFO        2025-04-26 16:17:33.581668 EST  on_submit       : odeadpoolo8307 (742237882475085844) updated the embed with question answers in #odeadpoolo8307-ticket-161175 (1365783780752883792)
INFO        2025-04-26 16:18:11.480948 EST  new_ticket      : Created #snack6133-ticket-161177 (1365784041118371851) in 2.15s by snack6133 (637766719095439380) 58
INFO        2025-04-26 16:18:21.805859 EST  new_ticket      : Created #jake2001-ticket-161178 (1365784082696372294) in 2.49s by jake.2001 (231462841008390144) 59
INFO        2025-04-26 16:18:24.228509 EST  enter_information_button : Sent the Questions modal to jake.2001 (231462841008390144)
INFO        2025-04-26 16:18:24.951503 EST  enter_information_button : Sent the Questions modal to snack6133 (637766719095439380)
INFO        2025-04-26 16:19:00.685867 EST  on_submit       : jake.2001 (231462841008390144) updated the embed with question answers in #jake2001-ticket-161178 (1365784082696372294)
INFO        2025-04-26 16:20:26.878562 EST  wrapper         : Rename Command completed in 0.8s
INFO        2025-04-26 16:21:34.698386 EST  wrapper         : Rename Command completed in 0.49s
WARNING     2025-04-26 16:24:49.879929 EST  check_verified  : zxsnm (297104664346755072) is not verified and tried to open a ticket
INFO        2025-04-26 16:25:20.065583 EST  new_ticket      : Created #zxsnm-ticket-161179 (1365785838142623834) in 2.33s by zxsnm (297104664346755072) 60
INFO        2025-04-26 16:25:22.103796 EST  enter_information_button : Sent the Questions modal to zxsnm (297104664346755072)
INFO        2025-04-26 16:27:04.571604 EST  on_submit       : zxsnm (297104664346755072) updated the embed with question answers in #zxsnm-ticket-161179 (1365785838142623834)
INFO        2025-04-26 16:29:53.909807 EST  new_ticket      : Created #overworld5217-ticket-161180 (1365786986173960243) in 2.3s by overworld5217 (808326118779912242) 61
INFO        2025-04-26 16:29:56.688450 EST  enter_information_button : Sent the Questions modal to overworld5217 (808326118779912242)
INFO        2025-04-26 16:30:44.149163 EST  on_submit       : overworld5217 (808326118779912242) updated the embed with question answers in #overworld5217-ticket-161180 (1365786986173960243)
INFO        2025-04-26 16:31:12.295309 EST  wrapper         : Move Command completed in 1.85s
INFO        2025-04-26 16:33:38.917435 EST  wrapper         : Send Ticketlog completed in 0.46s
INFO        2025-04-26 16:40:43.664318 EST  wrapper         : Send Ticketlog completed in 0.43s
INFO        2025-04-26 16:41:26.942621 EST  new_ticket      : Created #bargans123-ticket-161181 (1365789895163121674) in 1.75s by bargans123 (949949916862644245) 60
INFO        2025-04-26 16:41:31.715344 EST  enter_information_button : Sent the Questions modal to bargans123 (949949916862644245)
INFO        2025-04-26 16:41:57.747008 EST  on_submit       : bargans123 (949949916862644245) updated the embed with question answers in #bargans123-ticket-161181 (1365789895163121674)
INFO        2025-04-26 16:44:33.465580 EST  new_ticket      : Created #totallydone127-ticket-161182 (1365790676029149195) in 2.08s by totallydone127 (515520968777793536) 61
INFO        2025-04-26 16:44:35.424702 EST  enter_information_button : Sent the Questions modal to totallydone127 (515520968777793536)
INFO        2025-04-26 16:45:30.127600 EST  on_submit       : totallydone127 (515520968777793536) updated the embed with question answers in #totallydone127-ticket-161182 (1365790676029149195)
INFO        2025-04-26 16:47:06.385482 EST  wrapper         : Send Ticketlog completed in 0.64s
INFO        2025-04-26 16:47:22.954459 EST  new_ticket      : Created #overworld5217-ticket-161183 (1365791388112781372) in 1.8s by overworld5217 (808326118779912242) 61
INFO        2025-04-26 16:47:26.160698 EST  enter_information_button : Sent the Questions modal to overworld5217 (808326118779912242)
INFO        2025-04-26 16:48:28.907581 EST  on_submit       : overworld5217 (808326118779912242) updated the embed with question answers in #overworld5217-ticket-161183 (1365791388112781372)
INFO        2025-04-26 16:52:32.781935 EST  wrapper         : Send Ticketlog completed in 0.32s
INFO        2025-04-26 16:55:48.681070 EST  new_ticket      : Created #jokeralex1234-ticket-161184 (1365793508438446231) in 2.13s by jokeralex1234 (897633313278287903) 61
INFO        2025-04-26 16:55:50.748547 EST  enter_information_button : Sent the Questions modal to jokeralex1234 (897633313278287903)
INFO        2025-04-26 16:56:04.953325 EST  on_submit       : jokeralex1234 (897633313278287903) updated the embed with question answers in #jokeralex1234-ticket-161184 (1365793508438446231)
INFO        2025-04-26 16:58:25.418587 EST  new_ticket      : Created #evonygaming-ticket-161185 (1365794164767457337) in 2.53s by evonygaming (313152423872954368) 62
INFO        2025-04-26 16:58:32.234395 EST  enter_information_button : Sent the Questions modal to evonygaming (313152423872954368)
INFO        2025-04-26 16:59:08.531732 EST  on_submit       : evonygaming (313152423872954368) updated the embed with question answers in #evonygaming-ticket-161185 (1365794164767457337)
INFO        2025-04-26 17:00:35.242941 EST  wrapper         : Rename Command completed in 0.51s
INFO        2025-04-26 17:01:29.835024 EST  new_ticket      : Created #desktopmist2089-ticket-161186 (1365794938171818004) in 2.46s by desktopmist2089 (977960007326892142) 63
INFO        2025-04-26 17:01:31.158084 EST  enter_information_button : Sent the Questions modal to desktopmist2089 (977960007326892142)
INFO        2025-04-26 17:01:45.587797 EST  on_submit       : desktopmist2089 (977960007326892142) updated the embed with question answers in #desktopmist2089-ticket-161186 (1365794938171818004)
INFO        2025-04-26 17:01:59.703857 EST  wrapper         : Rename Command completed in 0.57s
INFO        2025-04-26 17:06:07.035943 EST  wrapper         : Send Ticketlog completed in 0.33s
INFO        2025-04-26 17:07:07.405231 EST  wrapper         : Move Command completed in 2.9s
INFO        2025-04-26 17:10:43.271016 EST  wrapper         : Send Ticketlog completed in 0.37s
INFO        2025-04-26 17:13:05.145992 EST  wrapper         : Send Ticketlog completed in 0.36s
INFO        2025-04-26 17:13:30.230023 EST  wrapper         : Send Ticketlog completed in 0.85s
INFO        2025-04-26 17:13:32.358387 EST  new_ticket      : Created #asta1541-ticket-161187 (1365797969143533608) in 2.13s by asta1541 (977208815944622081) 60
INFO        2025-04-26 17:13:38.360301 EST  enter_information_button : Sent the Questions modal to asta1541 (977208815944622081)
INFO        2025-04-26 17:13:47.948736 EST  on_submit       : asta1541 (977208815944622081) updated the embed with question answers in #asta1541-ticket-161187 (1365797969143533608)
INFO        2025-04-26 17:13:53.845187 EST  wrapper         : Send Ticketlog completed in 0.65s
INFO        2025-04-26 17:15:53.225293 EST  new_ticket      : Created #qruzzy-ticket-161188 (1365798561035452536) in 2.03s by qruzzy. (845715971087138836) 60
INFO        2025-04-26 17:15:57.515824 EST  enter_information_button : Sent the Questions modal to qruzzy. (845715971087138836)
INFO        2025-04-26 17:16:14.608800 EST  new_ticket      : Created #jokeralex1234-ticket-161189 (1365798649745113301) in 2.29s by jokeralex1234 (897633313278287903) 61
INFO        2025-04-26 17:16:17.253475 EST  enter_information_button : Sent the Questions modal to jokeralex1234 (897633313278287903)
INFO        2025-04-26 17:16:25.344424 EST  wrapper         : Send Ticketlog completed in 0.48s
INFO        2025-04-26 17:16:27.348333 EST  on_submit       : jokeralex1234 (897633313278287903) updated the embed with question answers in #jokeralex1234-ticket-161189 (1365798649745113301)
INFO        2025-04-26 17:16:41.652544 EST  on_submit       : qruzzy. (845715971087138836) updated the embed with question answers in #qruzzy-ticket-161188 (1365798561035452536)
INFO        2025-04-26 17:17:01.523145 EST  wrapper         : Send Ticketlog completed in 0.58s
WARNING     2025-04-26 17:17:36.965987 EST  wrapper         : Create Ticket took a long time to complete and finished in 3.14s
INFO        2025-04-26 17:17:37.039404 EST  new_ticket      : Created #kanker62-ticket-161190 (1365798990599295068) in 3.49s by kanker62 (1139937326244577290) 60
WARNING     2025-04-26 17:17:37.039830 EST  wrapper         : New Ticket took a long time to complete and finished in 3.69s
INFO        2025-04-26 17:17:38.785325 EST  enter_information_button : Sent the Questions modal to kanker62 (1139937326244577290)
INFO        2025-04-26 17:17:42.178967 EST  on_submit       : kanker62 (1139937326244577290) updated the embed with question answers in #kanker62-ticket-161190 (1365798990599295068)
INFO        2025-04-26 17:18:31.258012 EST  wrapper         : Rename Command completed in 0.46s
INFO        2025-04-26 17:19:14.557975 EST  wrapper         : Send Ticketlog completed in 0.59s
INFO        2025-04-26 17:20:35.936380 EST  wrapper         : Send Ticketlog completed in 0.37s
INFO        2025-04-26 17:21:03.345320 EST  wrapper         : Send Ticketlog completed in 0.31s
INFO        2025-04-26 17:21:28.440538 EST  new_ticket      : Created #richard4500-ticket-161191 (1365799966781607956) in 2.1s by richard4500. (1090488030751633500) 58
INFO        2025-04-26 17:21:30.522033 EST  enter_information_button : Sent the Questions modal to richard4500. (1090488030751633500)
INFO        2025-04-26 17:21:31.462831 EST  new_ticket      : Created #afcu-ticket-161192 (1365799977087008789) in 2.61s by afcu. (1017165000818839584) 59
INFO        2025-04-26 17:21:33.504673 EST  enter_information_button : Sent the Questions modal to afcu. (1017165000818839584)
INFO        2025-04-26 17:22:13.794107 EST  on_submit       : richard4500. (1090488030751633500) updated the embed with question answers in #richard4500-ticket-161191 (1365799966781607956)
INFO        2025-04-26 17:22:41.991525 EST  on_submit       : afcu. (1017165000818839584) updated the embed with question answers in #afcu-ticket-161192 (1365799977087008789)
INFO        2025-04-26 17:26:53.121800 EST  new_ticket      : Created #cromeey37-ticket-161193 (1365801326902116484) in 2.66s by cromeey37 (1278680219879997560) 60
INFO        2025-04-26 17:26:56.768869 EST  new_ticket      : Created #odeadpoolo8307-ticket-161194 (1365801342634954856) in 2.5s by odeadpoolo8307 (742237882475085844) 61
INFO        2025-04-26 17:26:58.785214 EST  enter_information_button : Sent the Questions modal to odeadpoolo8307 (742237882475085844)
INFO        2025-04-26 17:27:24.242942 EST  enter_information_button : Sent the Questions modal to cromeey37 (1278680219879997560)
INFO        2025-04-26 17:27:24.860298 EST  on_submit       : odeadpoolo8307 (742237882475085844) updated the embed with question answers in #odeadpoolo8307-ticket-161194 (1365801342634954856)
INFO        2025-04-26 17:27:47.041617 EST  on_submit       : cromeey37 (1278680219879997560) updated the embed with question answers in #cromeey37-ticket-161193 (1365801326902116484)
INFO        2025-04-26 17:29:13.073505 EST  wrapper         : Rename Command completed in 0.5s
INFO        2025-04-26 17:30:20.803180 EST  wrapper         : Send Ticketlog completed in 0.32s
INFO        2025-04-26 17:33:15.868723 EST  wrapper         : Send Ticketlog completed in 0.58s
INFO        2025-04-26 17:37:25.120176 EST  new_ticket      : Created #revival2279-ticket-161195 (1365803979853791262) in 1.98s by revival2279 (312982872963284992) 60
INFO        2025-04-26 17:37:28.077544 EST  enter_information_button : Sent the Questions modal to revival2279 (312982872963284992)
INFO        2025-04-26 17:38:08.169108 EST  wrapper         : Send Ticketlog completed in 0.53s
INFO        2025-04-26 17:40:13.707837 EST  new_ticket      : Created #gaber300-ticket-161196 (1365804687156056165) in 2.01s by gaber300 (1344643512737730654) 60
INFO        2025-04-26 17:40:15.199003 EST  enter_information_button : Sent the Questions modal to gaber300 (1344643512737730654)
INFO        2025-04-26 17:40:23.249687 EST  enter_information_button : Sent the Questions modal to gaber300 (1344643512737730654)
INFO        2025-04-26 17:40:23.387521 EST  on_submit       : revival2279 (312982872963284992) updated the embed with question answers in #revival2279-ticket-161195 (1365803979853791262)
INFO        2025-04-26 17:40:24.983183 EST  enter_information_button : Sent the Questions modal to gaber300 (1344643512737730654)
INFO        2025-04-26 17:40:33.095245 EST  on_submit       : gaber300 (1344643512737730654) updated the embed with question answers in #gaber300-ticket-161196 (1365804687156056165)
INFO        2025-04-26 17:41:42.827315 EST  new_ticket      : Created #vodkalol69-ticket-161197 (1365805059014922241) in 2.38s by vodkalol69 (496021347550625792) 61
INFO        2025-04-26 17:41:44.090528 EST  enter_information_button : Sent the Questions modal to vodkalol69 (496021347550625792)
INFO        2025-04-26 17:41:49.349803 EST  on_submit       : vodkalol69 (496021347550625792) updated the embed with question answers in #vodkalol69-ticket-161197 (1365805059014922241)
WARNING     2025-04-26 17:42:13.245449 EST  wrapper         : Create Ticket took a long time to complete and finished in 3.36s
INFO        2025-04-26 17:42:13.317035 EST  new_ticket      : Created #ownaxd-ticket-161198 (1365805181563961384) in 3.68s by ownaxd (560533464294752256) 62
WARNING     2025-04-26 17:42:13.317463 EST  wrapper         : New Ticket took a long time to complete and finished in 3.86s
INFO        2025-04-26 17:42:16.046282 EST  enter_information_button : Sent the Questions modal to ownaxd (560533464294752256)
INFO        2025-04-26 17:42:19.990213 EST  new_ticket      : Created #pengveen-ticket-161199 (1365805215634165770) in 2.35s by pengveen (1155238381584908448) 63
INFO        2025-04-26 17:42:22.486755 EST  enter_information_button : Sent the Questions modal to pengveen (1155238381584908448)
INFO        2025-04-26 17:42:39.013469 EST  new_ticket      : Created #cromeey37-ticket-161200 (1365805296248688753) in 1.99s by cromeey37 (1278680219879997560) 64
INFO        2025-04-26 17:42:50.934364 EST  enter_information_button : Sent the Questions modal to cromeey37 (1278680219879997560)
INFO        2025-04-26 17:42:55.653222 EST  on_submit       : cromeey37 (1278680219879997560) updated the embed with question answers in #cromeey37-ticket-161200 (1365805296248688753)
INFO        2025-04-26 17:43:10.272362 EST  on_submit       : pengveen (1155238381584908448) updated the embed with question answers in #pengveen-ticket-161199 (1365805215634165770)
INFO        2025-04-26 17:44:55.108180 EST  on_submit       : ownaxd (560533464294752256) updated the embed with question answers in #ownaxd-ticket-161198 (1365805181563961384)
INFO        2025-04-26 17:44:59.880924 EST  new_ticket      : Created #afcu-ticket-161201 (1365805886303633510) in 2.21s by afcu. (1017165000818839584) 65
INFO        2025-04-26 17:45:01.758938 EST  enter_information_button : Sent the Questions modal to afcu. (1017165000818839584)
INFO        2025-04-26 17:45:47.274776 EST  on_submit       : afcu. (1017165000818839584) updated the embed with question answers in #afcu-ticket-161201 (1365805886303633510)
INFO        2025-04-26 17:46:10.912215 EST  wrapper         : Send Ticketlog completed in 0.44s
INFO        2025-04-26 17:47:50.565467 EST  new_ticket      : Created #asadadawfasfg-ticket-161202 (1365806602120335420) in 2.34s by asadadawfasfg (688821046341795853) 65
INFO        2025-04-26 17:47:51.932231 EST  enter_information_button : Sent the Questions modal to asadadawfasfg (688821046341795853)
INFO        2025-04-26 17:48:10.210272 EST  new_ticket      : Created #asadadawfasfg-ticket-161203 (1365806685708484698) in 1.95s by asadadawfasfg (688821046341795853) 66
INFO        2025-04-26 17:48:11.609020 EST  enter_information_button : Sent the Questions modal to asadadawfasfg (688821046341795853)
INFO        2025-04-26 17:48:31.296178 EST  on_submit       : asadadawfasfg (688821046341795853) updated the embed with question answers in #asadadawfasfg-ticket-161203 (1365806685708484698)
INFO        2025-04-26 17:49:22.315347 EST  wrapper         : Send Ticketlog completed in 0.45s
INFO        2025-04-26 17:51:44.063748 EST  wrapper         : Send Ticketlog completed in 0.61s
INFO        2025-04-26 17:53:32.174721 EST  new_ticket      : Created #trubnayr-ticket-161204 (1365808034630336572) in 2.35s by trubnayr (207967070053335040) 65
INFO        2025-04-26 17:53:34.946865 EST  enter_information_button : Sent the Questions modal to trubnayr (207967070053335040)
INFO        2025-04-26 17:54:08.553034 EST  on_submit       : trubnayr (207967070053335040) updated the embed with question answers in #trubnayr-ticket-161204 (1365808034630336572)
INFO        2025-04-26 17:54:47.225867 EST  new_ticket      : Created #3uqn-ticket-161205 (1365808350817685665) in 1.86s by 3uqn (730042324343717889) 66
INFO        2025-04-26 17:54:48.879421 EST  enter_information_button : Sent the Questions modal to 3uqn (730042324343717889)
INFO        2025-04-26 17:55:24.632755 EST  on_submit       : 3uqn (730042324343717889) updated the embed with question answers in #3uqn-ticket-161205 (1365808350817685665)
INFO        2025-04-26 17:59:53.755461 EST  wrapper         : Send Ticketlog completed in 0.37s
INFO        2025-04-26 17:59:57.434197 EST  wrapper         : Send Ticketlog completed in 0.79s
INFO        2025-04-26 18:00:13.506279 EST  wrapper         : Send Ticketlog completed in 0.77s
INFO        2025-04-26 18:00:29.084214 EST  wrapper         : Send Ticketlog completed in 0.59s
INFO        2025-04-26 18:01:00.522651 EST  wrapper         : Send Ticketlog completed in 0.49s
INFO        2025-04-26 18:02:40.587752 EST  wrapper         : Send Ticketlog completed in 1.18s
INFO        2025-04-26 18:06:51.792537 EST  wrapper         : Send Ticketlog completed in 1.94s
WARNING     2025-04-26 18:06:52.315458 EST  wrapper         : Close Command took a long time to complete and finished in 3.1s
WARNING     2025-04-26 18:07:13.024891 EST  wrapper         : Create Ticket took a long time to complete and finished in 3.76s
INFO        2025-04-26 18:07:13.115004 EST  new_ticket      : Created #xnv280-ticket-161206 (1365811470683738357) in 4.12s by xnv280 (1027886117506265091) 60
WARNING     2025-04-26 18:07:13.115303 EST  wrapper         : New Ticket took a long time to complete and finished in 4.28s
INFO        2025-04-26 18:07:14.763627 EST  enter_information_button : Sent the Questions modal to xnv280 (1027886117506265091)
INFO        2025-04-26 18:07:25.296939 EST  on_submit       : xnv280 (1027886117506265091) updated the embed with question answers in #xnv280-ticket-161206 (1365811470683738357)
INFO        2025-04-26 18:07:58.383610 EST  new_ticket      : Created #mmareply-ticket-161207 (1365811668092846161) in 2.3s by mmareply (492028532428636162) 61
INFO        2025-04-26 18:08:16.146724 EST  enter_information_button : Sent the Questions modal to mmareply (492028532428636162)
WARNING     2025-04-26 18:09:59.246837 EST  check_verified  : sevdali2309 (836494138681458759) is not verified and tried to open a ticket
INFO        2025-04-26 18:10:17.500737 EST  on_submit       : mmareply (492028532428636162) updated the embed with question answers in #mmareply-ticket-161207 (1365811668092846161)
INFO        2025-04-26 18:10:24.751319 EST  wrapper         : Rename Command completed in 0.49s
INFO        2025-04-26 18:11:44.066782 EST  wrapper         : Send Ticketlog completed in 0.64s
INFO        2025-04-26 18:12:22.359613 EST  new_ticket      : Created #asadadawfasfg-ticket-161208 (1365812776366243880) in 1.93s by asadadawfasfg (688821046341795853) 61
INFO        2025-04-26 18:12:23.712134 EST  enter_information_button : Sent the Questions modal to asadadawfasfg (688821046341795853)
INFO        2025-04-26 18:13:11.400100 EST  on_submit       : asadadawfasfg (688821046341795853) updated the embed with question answers in #asadadawfasfg-ticket-161208 (1365812776366243880)
INFO        2025-04-26 18:14:49.367128 EST  new_ticket      : Created #blaka47-ticket-161209 (1365813392106983584) in 2.24s by blaka47 (310319540280098817) 62
INFO        2025-04-26 18:14:51.525964 EST  enter_information_button : Sent the Questions modal to blaka47 (310319540280098817)
INFO        2025-04-26 18:15:22.134636 EST  on_submit       : blaka47 (310319540280098817) updated the embed with question answers in #blaka47-ticket-161209 (1365813392106983584)
INFO        2025-04-26 18:16:12.634573 EST  wrapper         : Rename Command completed in 0.71s
INFO        2025-04-26 18:21:06.833372 EST  wrapper         : Send Ticketlog completed in 0.38s
INFO        2025-04-26 18:22:12.732919 EST  new_ticket      : Created #phattie2024-ticket-161210 (1365815252972867654) in 3.29s by phattie2024 (1257484372895072318) 62
WARNING     2025-04-26 18:22:12.733499 EST  wrapper         : New Ticket took a long time to complete and finished in 3.53s
INFO        2025-04-26 18:22:16.032731 EST  enter_information_button : Sent the Questions modal to phattie2024 (1257484372895072318)
INFO        2025-04-26 18:22:37.978940 EST  on_submit       : phattie2024 (1257484372895072318) updated the embed with question answers in #phattie2024-ticket-161210 (1365815252972867654)
INFO        2025-04-26 18:23:35.313252 EST  new_ticket      : Created #desktopmist2089-ticket-161211 (1365815598004830268) in 2.01s by desktopmist2089 (977960007326892142) 63
INFO        2025-04-26 18:23:37.375895 EST  enter_information_button : Sent the Questions modal to desktopmist2089 (977960007326892142)
INFO        2025-04-26 18:23:41.534132 EST  on_submit       : desktopmist2089 (977960007326892142) updated the embed with question answers in #desktopmist2089-ticket-161211 (1365815598004830268)
INFO        2025-04-26 18:24:07.307077 EST  new_ticket      : Created #asadadawfasfg-ticket-161212 (1365815731882688635) in 2.35s by asadadawfasfg (688821046341795853) 64
INFO        2025-04-26 18:26:32.297442 EST  enter_information_button : Sent the Questions modal to asadadawfasfg (688821046341795853)
INFO        2025-04-26 18:26:55.272889 EST  on_submit       : asadadawfasfg (688821046341795853) updated the embed with question answers in #asadadawfasfg-ticket-161212 (1365815731882688635)
INFO        2025-04-26 18:27:25.379480 EST  wrapper         : Send Ticketlog completed in 0.45s
INFO        2025-04-26 18:29:25.741292 EST  wrapper         : Send Ticketlog completed in 0.43s
INFO        2025-04-26 18:29:46.472869 EST  new_ticket      : Created #toxicair__-ticket-161213 (1365817156155215902) in 1.85s by toxicair__ (1289969924566945907) 63
INFO        2025-04-26 18:29:49.549066 EST  enter_information_button : Sent the Questions modal to toxicair__ (1289969924566945907)
INFO        2025-04-26 18:30:37.289130 EST  on_submit       : toxicair__ (1289969924566945907) updated the embed with question answers in #toxicair__-ticket-161213 (1365817156155215902)
INFO        2025-04-26 18:43:35.132447 EST  wrapper         : Send Ticketlog completed in 0.5s
INFO        2025-04-26 18:51:40.567972 EST  new_ticket      : Created #iamuberdriver-ticket-161214 (1365822666790928474) in 2.11s by iamuberdriver (1092427870028169307) 63
INFO        2025-04-26 18:51:53.100544 EST  enter_information_button : Sent the Questions modal to iamuberdriver (1092427870028169307)
INFO        2025-04-26 18:52:11.679870 EST  on_submit       : iamuberdriver (1092427870028169307) updated the embed with question answers in #iamuberdriver-ticket-161214 (1365822666790928474)
INFO        2025-04-26 18:53:21.934135 EST  wrapper         : Send Ticketlog completed in 0.43s
INFO        2025-04-26 18:53:54.904220 EST  new_ticket      : Created #iamuberdriver-ticket-161215 (1365823231231262802) in 1.8s by iamuberdriver (1092427870028169307) 63
INFO        2025-04-26 18:53:57.755712 EST  enter_information_button : Sent the Questions modal to iamuberdriver (1092427870028169307)
INFO        2025-04-26 18:54:02.141445 EST  enter_information_button : Sent the Questions modal to iamuberdriver (1092427870028169307)
INFO        2025-04-26 18:54:06.069561 EST  on_submit       : iamuberdriver (1092427870028169307) updated the embed with question answers in #iamuberdriver-ticket-161215 (1365823231231262802)
INFO        2025-04-26 18:57:43.346835 EST  wrapper         : Send Ticketlog completed in 0.4s
INFO        2025-04-26 19:00:57.584949 EST  wrapper         : Send Ticketlog completed in 0.57s
WARNING     2025-04-26 19:03:55.813751 EST  check_verified  : sevdali2309 (836494138681458759) is not verified and tried to open a ticket
INFO        2025-04-26 19:04:30.742070 EST  new_ticket      : Created #sevdali2309-ticket-161216 (1365825897399058452) in 3.16s by sevdali2309 (836494138681458759) 62
WARNING     2025-04-26 19:04:30.742594 EST  wrapper         : New Ticket took a long time to complete and finished in 3.36s
INFO        2025-04-26 19:04:37.326431 EST  enter_information_button : Sent the Questions modal to sevdali2309 (836494138681458759)
INFO        2025-04-26 19:05:15.417648 EST  on_submit       : sevdali2309 (836494138681458759) updated the embed with question answers in #sevdali2309-ticket-161216 (1365825897399058452)
INFO        2025-04-26 19:05:29.808444 EST  wrapper         : Rename Command completed in 2.0s
INFO        2025-04-26 19:26:49.499784 EST  new_ticket      : Created #superdi6-ticket-161217 (1365831510153891912) in 2.72s by superdi6 (348909308664348682) 63
INFO        2025-04-26 19:26:53.308611 EST  enter_information_button : Sent the Questions modal to superdi6 (348909308664348682)
INFO        2025-04-26 19:27:46.997049 EST  on_submit       : superdi6 (348909308664348682) updated the embed with question answers in #superdi6-ticket-161217 (1365831510153891912)
INFO        2025-04-26 19:28:09.802861 EST  wrapper         : Rename Command completed in 0.69s
INFO        2025-04-26 19:29:16.592105 EST  new_ticket      : Created #l122111-ticket-161218 (1365832129555992596) in 2.06s by l122111 (986904901055578142) 64
INFO        2025-04-26 19:29:18.603799 EST  enter_information_button : Sent the Questions modal to l122111 (986904901055578142)
INFO        2025-04-26 19:29:31.204742 EST  on_submit       : l122111 (986904901055578142) updated the embed with question answers in #l122111-ticket-161218 (1365832129555992596)
INFO        2025-04-26 19:29:48.523580 EST  wrapper         : Rename Command completed in 0.53s
INFO        2025-04-26 19:48:10.320589 EST  new_ticket      : Created #asadadawfasfg-ticket-161219 (1365836885615837306) in 1.8s by asadadawfasfg (688821046341795853) 65
INFO        2025-04-26 19:48:11.516476 EST  enter_information_button : Sent the Questions modal to asadadawfasfg (688821046341795853)
INFO        2025-04-26 19:48:32.562766 EST  on_submit       : asadadawfasfg (688821046341795853) updated the embed with question answers in #asadadawfasfg-ticket-161219 (1365836885615837306)
INFO        2025-04-26 19:55:18.553143 EST  new_ticket      : Created #snaggyfool-ticket-161220 (1365838678445920338) in 2.6s by snaggyfool (670686119184302091) 66
INFO        2025-04-26 19:55:20.293237 EST  enter_information_button : Sent the Questions modal to snaggyfool (670686119184302091)
INFO        2025-04-26 19:55:55.188264 EST  on_submit       : snaggyfool (670686119184302091) updated the embed with question answers in #snaggyfool-ticket-161220 (1365838678445920338)
INFO        2025-04-26 19:57:10.227616 EST  wrapper         : Rename Command completed in 0.81s
INFO        2025-04-26 20:04:39.046736 EST  new_ticket      : Created #narcoses-ticket-161221 (1365841031102468166) in 2.49s by narcoses (989146894200606730) 67
INFO        2025-04-26 20:04:40.299486 EST  enter_information_button : Sent the Questions modal to narcoses (989146894200606730)
INFO        2025-04-26 20:05:03.320099 EST  on_submit       : narcoses (989146894200606730) updated the embed with question answers in #narcoses-ticket-161221 (1365841031102468166)
INFO        2025-04-26 20:05:21.221016 EST  wrapper         : Rename Command completed in 0.56s
WARNING     2025-04-26 20:11:49.535382 EST  wrapper         : Create Ticket took a long time to complete and finished in 3.72s
INFO        2025-04-26 20:11:49.609147 EST  new_ticket      : Created #mmareply-ticket-161222 (1365842831427768411) in 4.03s by mmareply (492028532428636162) 68
WARNING     2025-04-26 20:11:49.609469 EST  wrapper         : New Ticket took a long time to complete and finished in 4.19s
INFO        2025-04-26 20:11:52.155254 EST  enter_information_button : Sent the Questions modal to mmareply (492028532428636162)
INFO        2025-04-26 20:12:23.752387 EST  on_submit       : mmareply (492028532428636162) updated the embed with question answers in #mmareply-ticket-161222 (1365842831427768411)
INFO        2025-04-26 20:12:59.776052 EST  new_ticket      : Created #asta1541-ticket-161223 (1365843130766721105) in 2.43s by asta1541 (977208815944622081) 69
INFO        2025-04-26 20:13:10.584802 EST  enter_information_button : Sent the Questions modal to asta1541 (977208815944622081)
INFO        2025-04-26 20:13:42.484596 EST  on_submit       : asta1541 (977208815944622081) updated the embed with question answers in #asta1541-ticket-161223 (1365843130766721105)
INFO        2025-04-26 20:19:59.543558 EST  wrapper         : Send Ticketlog completed in 0.34s
INFO        2025-04-26 20:21:13.553605 EST  wrapper         : Send Ticketlog completed in 0.45s
INFO        2025-04-26 20:21:29.137242 EST  wrapper         : Send Ticketlog completed in 1.62s
WARNING     2025-04-26 20:21:31.051208 EST  wrapper         : Close Command took a long time to complete and finished in 4.18s
INFO        2025-04-26 20:21:31.517576 EST  wrapper         : Send Ticketlog completed in 0.36s
INFO        2025-04-26 20:21:56.125683 EST  wrapper         : Send Ticketlog completed in 0.44s
INFO        2025-04-26 20:23:48.607718 EST  new_ticket      : Created #snaggyfool-ticket-161224 (1365845853788442747) in 1.88s by snaggyfool (670686119184302091) 65
INFO        2025-04-26 20:23:49.928330 EST  enter_information_button : Sent the Questions modal to snaggyfool (670686119184302091)
INFO        2025-04-26 20:23:59.565522 EST  on_submit       : snaggyfool (670686119184302091) updated the embed with question answers in #snaggyfool-ticket-161224 (1365845853788442747)
INFO        2025-04-26 20:25:34.037674 EST  wrapper         : Send Ticketlog completed in 0.5s
INFO        2025-04-26 20:33:24.414353 EST  new_ticket      : Created #draxxcyl-ticket-161225 (1365848268541526067) in 2.0s by draxxcyl (345816461610319872) 65
INFO        2025-04-26 20:33:26.591522 EST  enter_information_button : Sent the Questions modal to draxxcyl (345816461610319872)
INFO        2025-04-26 20:33:31.366222 EST  on_submit       : draxxcyl (345816461610319872) updated the embed with question answers in #draxxcyl-ticket-161225 (1365848268541526067)
INFO        2025-04-26 20:34:09.421357 EST  wrapper         : Rename Command completed in 0.47s
WARNING     2025-04-26 20:34:18.519552 EST  wrapper         : Private Command took a long time to complete and finished in 7.14s
INFO        2025-04-26 20:35:33.513051 EST  new_ticket      : Created #burgasontrinjonesjr-ticket-161226 (1365848807673303042) in 2.77s by burgasontrinjonesjr (1267285016572858519) 66
INFO        2025-04-26 20:35:35.502286 EST  enter_information_button : Sent the Questions modal to burgasontrinjonesjr (1267285016572858519)
INFO        2025-04-26 20:35:44.901883 EST  on_submit       : burgasontrinjonesjr (1267285016572858519) updated the embed with question answers in #burgasontrinjonesjr-ticket-161226 (1365848807673303042)
INFO        2025-04-26 20:48:47.796356 EST  wrapper         : Send Ticketlog completed in 0.6s
WARNING     2025-04-26 20:55:03.374983 EST  wrapper         : Create Ticket took a long time to complete and finished in 3.36s
INFO        2025-04-26 20:55:03.446051 EST  new_ticket      : Created #loosin-ticket-161227 (1365853710080802826) in 3.67s by loosin (347473773613809684) 66
WARNING     2025-04-26 20:55:03.446379 EST  wrapper         : New Ticket took a long time to complete and finished in 3.88s
INFO        2025-04-26 20:55:07.080558 EST  enter_information_button : Sent the Questions modal to loosin (347473773613809684)
INFO        2025-04-26 20:56:56.741708 EST  on_submit       : loosin (347473773613809684) updated the embed with question answers in #loosin-ticket-161227 (1365853710080802826)
INFO        2025-04-26 21:20:24.866249 EST  new_ticket      : Created #wittery0578-ticket-161228 (1365860098605453414) in 1.88s by wittery0578 (1353295404795428957) 67
INFO        2025-04-26 21:20:34.993019 EST  enter_information_button : Sent the Questions modal to wittery0578 (1353295404795428957)
INFO        2025-04-26 21:21:47.242396 EST  on_submit       : wittery0578 (1353295404795428957) updated the embed with question answers in #wittery0578-ticket-161228 (1365860098605453414)
INFO        2025-04-26 21:30:15.559626 EST  wrapper         : Send Ticketlog completed in 0.76s
WARNING     2025-04-26 21:35:29.702137 EST  check_verified  : tourinjapan (1302600688731164734) is not verified and tried to open a ticket
WARNING     2025-04-26 21:36:19.542148 EST  check_verified  : justinotw (290324050302205953) is not verified and tried to open a ticket
INFO        2025-04-26 21:36:37.543136 EST  new_ticket      : Created #tourinjapan-ticket-161229 (1365864177608032306) in 2.14s by tourinjapan (1302600688731164734) 67
INFO        2025-04-26 21:36:39.633719 EST  enter_information_button : Sent the Questions modal to tourinjapan (1302600688731164734)
INFO        2025-04-26 21:37:13.948184 EST  on_submit       : tourinjapan (1302600688731164734) updated the embed with question answers in #tourinjapan-ticket-161229 (1365864177608032306)
INFO        2025-04-26 21:37:14.422724 EST  wrapper         : Send Ticketlog completed in 0.48s
INFO        2025-04-26 21:37:19.198463 EST  new_ticket      : Created #wittery0578-ticket-161230 (1365864352384684123) in 2.12s by wittery0578 (1353295404795428957) 67
INFO        2025-04-26 21:37:25.010706 EST  enter_information_button : Sent the Questions modal to wittery0578 (1353295404795428957)
INFO        2025-04-26 21:38:37.269585 EST  on_submit       : wittery0578 (1353295404795428957) updated the embed with question answers in #wittery0578-ticket-161230 (1365864352384684123)
INFO        2025-04-26 21:39:39.307921 EST  wrapper         : Send Ticketlog completed in 1.69s
INFO        2025-04-26 21:40:03.122813 EST  wrapper         : Send Ticketlog completed in 0.78s
INFO        2025-04-26 21:40:26.027016 EST  wrapper         : Send Ticketlog completed in 0.63s
INFO        2025-04-26 21:40:53.735027 EST  new_ticket      : Created #ziggler123-ticket-161231 (1365865251807166564) in 2.27s by ziggler123 (750172359297728513) 65
INFO        2025-04-26 21:40:55.656016 EST  enter_information_button : Sent the Questions modal to ziggler123 (750172359297728513)
INFO        2025-04-26 21:41:45.179872 EST  on_submit       : ziggler123 (750172359297728513) updated the embed with question answers in #ziggler123-ticket-161231 (1365865251807166564)
INFO        2025-04-26 21:42:44.085717 EST  wrapper         : Send Ticketlog completed in 0.47s
INFO        2025-04-26 21:43:20.359928 EST  new_ticket      : Created #ttvlilrolls123_-ticket-161232 (1365865868109807729) in 1.79s by ttvlilrolls123_ (776423109317361714) 65
INFO        2025-04-26 21:43:22.168816 EST  enter_information_button : Sent the Questions modal to ttvlilrolls123_ (776423109317361714)
INFO        2025-04-26 21:43:33.995286 EST  on_submit       : ttvlilrolls123_ (776423109317361714) updated the embed with question answers in #ttvlilrolls123_-ticket-161232 (1365865868109807729)
INFO        2025-04-26 21:43:51.515859 EST  wrapper         : Add Command completed in 0.53s
INFO        2025-04-26 21:44:18.221151 EST  wrapper         : Send Ticketlog completed in 0.5s
INFO        2025-04-26 21:44:20.161263 EST  wrapper         : Rename Command completed in 0.57s
INFO        2025-04-26 21:45:16.302044 EST  wrapper         : Rename Command completed in 0.53s
INFO        2025-04-26 21:45:17.902273 EST  wrapper         : Send Ticketlog completed in 0.52s
WARNING     2025-04-26 21:45:40.999541 EST  wrapper         : Move Command took a long time to complete and finished in 3.61s
WARNING     2025-04-26 21:46:11.470269 EST  wrapper         : Create Ticket took a long time to complete and finished in 4.19s
INFO        2025-04-26 21:46:11.546118 EST  new_ticket      : Created #pvmn-ticket-161233 (1365866575923642470) in 4.52s by pvmn (1276081704217612319) 64
WARNING     2025-04-26 21:46:11.546449 EST  wrapper         : New Ticket took a long time to complete and finished in 4.73s
INFO        2025-04-26 21:46:12.675421 EST  enter_information_button : Sent the Questions modal to pvmn (1276081704217612319)
INFO        2025-04-26 21:46:23.293737 EST  on_submit       : pvmn (1276081704217612319) updated the embed with question answers in #pvmn-ticket-161233 (1365866575923642470)
INFO        2025-04-26 21:49:50.177671 EST  wrapper         : Rename Command completed in 0.48s
INFO        2025-04-26 21:51:10.041299 EST  wrapper         : Move Command completed in 1.96s
INFO        2025-04-26 21:54:29.018543 EST  wrapper         : Send Ticketlog completed in 0.36s
INFO        2025-04-26 21:54:56.816416 EST  wrapper         : Move Command completed in 2.22s
INFO        2025-04-26 21:55:16.490963 EST  wrapper         : Send Ticketlog completed in 0.74s
INFO        2025-04-26 21:59:56.636424 EST  wrapper         : Send Ticketlog completed in 0.58s
INFO        2025-04-26 22:00:26.854413 EST  wrapper         : Send Ticketlog completed in 0.55s
INFO        2025-04-26 22:02:17.795118 EST  new_ticket      : Created #zxzxzxzxzxzxzxzxzxzxzxzxzxzxzxz3-ticket-161234 (1365870637188517949) in 2.38s by zxzxzxzxzxzxzxzxzxzxzxzxzxzxzxz3 (729021593035997185) 61
INFO        2025-04-26 22:02:19.019325 EST  enter_information_button : Sent the Questions modal to zxzxzxzxzxzxzxzxzxzxzxzxzxzxzxz3 (729021593035997185)
INFO        2025-04-26 22:02:32.294147 EST  on_submit       : zxzxzxzxzxzxzxzxzxzxzxzxzxzxzxz3 (729021593035997185) updated the embed with question answers in #zxzxzxzxzxzxzxzxzxzxzxzxzxzxzxz3-ticket-161234 (1365870637188517949)
INFO        2025-04-26 22:02:46.128257 EST  new_ticket      : Created #bargans123-ticket-161235 (1365870757540007956) in 1.92s by bargans123 (949949916862644245) 62
INFO        2025-04-26 22:02:48.659852 EST  enter_information_button : Sent the Questions modal to bargans123 (949949916862644245)
INFO        2025-04-26 22:03:27.432501 EST  on_submit       : bargans123 (949949916862644245) updated the embed with question answers in #bargans123-ticket-161235 (1365870757540007956)
INFO        2025-04-26 22:05:15.127901 EST  wrapper         : Send Ticketlog completed in 0.45s
INFO        2025-04-26 22:08:09.287670 EST  new_ticket      : Created #oldeli-ticket-161236 (1365872112312516679) in 2.01s by old.eli (495354838666969088) 62
INFO        2025-04-26 22:08:12.786953 EST  enter_information_button : Sent the Questions modal to old.eli (495354838666969088)
INFO        2025-04-26 22:08:15.489928 EST  new_ticket      : Created #xt0297-ticket-161237 (1365872138912927795) in 3.14s by xt0297 (718674369362264064) 63
WARNING     2025-04-26 22:08:15.490230 EST  wrapper         : New Ticket took a long time to complete and finished in 3.29s
INFO        2025-04-26 22:08:21.911129 EST  enter_information_button : Sent the Questions modal to xt0297 (718674369362264064)
INFO        2025-04-26 22:08:44.301045 EST  on_submit       : xt0297 (718674369362264064) updated the embed with question answers in #xt0297-ticket-161237 (1365872138912927795)
INFO        2025-04-26 22:09:03.792568 EST  new_ticket      : Created #sweatybomb-ticket-161238 (1365872339555844137) in 2.32s by sweatybomb (223949506989916170) 64
INFO        2025-04-26 22:09:05.210019 EST  enter_information_button : Sent the Questions modal to sweatybomb (223949506989916170)
INFO        2025-04-26 22:09:20.185558 EST  on_submit       : sweatybomb (223949506989916170) updated the embed with question answers in #sweatybomb-ticket-161238 (1365872339555844137)
INFO        2025-04-26 22:12:47.402328 EST  new_ticket      : Created #aprilgone-ticket-161239 (1365873274860470283) in 2.96s by aprilgone (429713593135661058) 65
WARNING     2025-04-26 22:12:47.402843 EST  wrapper         : New Ticket took a long time to complete and finished in 3.1s
INFO        2025-04-26 22:12:49.537174 EST  enter_information_button : Sent the Questions modal to aprilgone (429713593135661058)
INFO        2025-04-26 22:13:34.556275 EST  new_ticket      : Created #sweatybomb-ticket-161240 (1365873474186379357) in 2.61s by sweatybomb (223949506989916170) 66
INFO        2025-04-26 22:13:36.781185 EST  enter_information_button : Sent the Questions modal to sweatybomb (223949506989916170)
INFO        2025-04-26 22:13:38.973603 EST  on_submit       : sweatybomb (223949506989916170) updated the embed with question answers in #sweatybomb-ticket-161240 (1365873474186379357)
INFO        2025-04-26 22:13:50.090986 EST  enter_information_button : Sent the Questions modal to aprilgone (429713593135661058)
INFO        2025-04-26 22:15:36.441200 EST  on_submit       : aprilgone (429713593135661058) updated the embed with question answers in #aprilgone-ticket-161239 (1365873274860470283)
INFO        2025-04-26 22:17:25.956400 EST  new_ticket      : Created #santyrohe-ticket-161241 (1365874447986196491) in 1.89s by santyrohe (939442973953916949) 67
INFO        2025-04-26 22:17:29.909148 EST  new_ticket      : Created #santyrohe-ticket-161242 (1365874464968937614) in 1.74s by santyrohe (939442973953916949) 68
INFO        2025-04-26 22:17:35.755827 EST  enter_information_button : Sent the Questions modal to santyrohe (939442973953916949)
INFO        2025-04-26 22:18:15.263202 EST  on_submit       : santyrohe (939442973953916949) updated the embed with question answers in #santyrohe-ticket-161242 (1365874464968937614)
INFO        2025-04-26 22:29:50.699275 EST  wrapper         : Send Ticketlog completed in 0.38s
INFO        2025-04-26 22:30:20.616086 EST  wrapper         : Ticket Logs Command completed in 1.05s
INFO        2025-04-26 22:30:49.498895 EST  wrapper         : Send Ticketlog completed in 0.34s
INFO        2025-04-26 22:30:59.808019 EST  wrapper         : Send Ticketlog completed in 0.48s
INFO        2025-04-26 22:31:45.558978 EST  wrapper         : Send Ticketlog completed in 0.67s
INFO        2025-04-26 22:31:58.591719 EST  wrapper         : Send Ticketlog completed in 0.33s
INFO        2025-04-26 22:34:09.298760 EST  wrapper         : Rename Command completed in 2.03s
INFO        2025-04-26 22:34:20.196349 EST  wrapper         : Add Command completed in 0.45s
INFO        2025-04-26 22:36:04.059595 EST  new_ticket      : Created #wittery0578-ticket-161243 (1365879136761020509) in 2.04s by wittery0578 (1353295404795428957) 64
INFO        2025-04-26 22:36:20.767044 EST  enter_information_button : Sent the Questions modal to wittery0578 (1353295404795428957)
INFO        2025-04-26 22:36:42.701238 EST  wrapper         : Send Ticketlog completed in 0.55s
INFO        2025-04-26 22:37:14.904269 EST  on_submit       : wittery0578 (1353295404795428957) updated the embed with question answers in #wittery0578-ticket-161243 (1365879136761020509)
INFO        2025-04-26 22:38:00.571737 EST  new_ticket      : Created #imartinwashere-ticket-161244 (1365879626303406120) in 1.79s by imartinwashere (427086874490961921) 64
INFO        2025-04-26 22:38:03.967963 EST  enter_information_button : Sent the Questions modal to imartinwashere (427086874490961921)
INFO        2025-04-26 22:38:14.935008 EST  on_submit       : imartinwashere (427086874490961921) updated the embed with question answers in #imartinwashere-ticket-161244 (1365879626303406120)
INFO        2025-04-26 22:38:17.094002 EST  wrapper         : Send Ticketlog completed in 0.34s
INFO        2025-04-26 22:38:32.204940 EST  new_ticket      : Created #pizzabab-ticket-161245 (1365879756410720356) in 2.5s by pizzabab (706624881969594481) 64
INFO        2025-04-26 22:38:33.904308 EST  enter_information_button : Sent the Questions modal to pizzabab (706624881969594481)
INFO        2025-04-26 22:38:48.133628 EST  wrapper         : Rename Command completed in 0.49s
WARNING     2025-04-26 22:38:58.179641 EST  wrapper         : Private Command took a long time to complete and finished in 7.15s
INFO        2025-04-26 22:39:22.453890 EST  wrapper         : Move Command completed in 2.78s
INFO        2025-04-26 22:40:15.007243 EST  wrapper         : Send Ticketlog completed in 0.55s
INFO        2025-04-26 22:40:40.220083 EST  on_submit       : pizzabab (706624881969594481) updated the embed with question answers in #pizzabab-ticket-161245 (1365879756410720356)
INFO        2025-04-26 22:41:58.190114 EST  wrapper         : Send Ticketlog completed in 0.39s
INFO        2025-04-26 22:46:35.213913 EST  wrapper         : Send Ticketlog completed in 0.42s
INFO        2025-04-26 22:47:11.938543 EST  wrapper         : Send Ticketlog completed in 0.55s
INFO        2025-04-26 22:58:47.692171 EST  new_ticket      : Created #chaseoce-ticket-161246 (1365884856399171584) in 1.96s by chaseoce (940136712049410058) 61
INFO        2025-04-26 22:58:52.337799 EST  enter_information_button : Sent the Questions modal to chaseoce (940136712049410058)
INFO        2025-04-26 22:59:17.938815 EST  on_submit       : chaseoce (940136712049410058) updated the embed with question answers in #chaseoce-ticket-161246 (1365884856399171584)
INFO        2025-04-26 23:02:53.132370 EST  wrapper         : Send Ticketlog completed in 0.58s
INFO        2025-04-26 23:04:58.284171 EST  wrapper         : Send Ticketlog completed in 0.39s
INFO        2025-04-26 23:05:16.298083 EST  new_ticket      : Created #maxerss-ticket-161247 (1365886481331261500) in 3.32s by maxerss (215541467899232263) 60
WARNING     2025-04-26 23:05:16.298352 EST  wrapper         : New Ticket took a long time to complete and finished in 3.45s
INFO        2025-04-26 23:05:19.917982 EST  enter_information_button : Sent the Questions modal to maxerss (215541467899232263)
INFO        2025-04-26 23:06:03.440200 EST  on_submit       : maxerss (215541467899232263) updated the embed with question answers in #maxerss-ticket-161247 (1365886481331261500)
INFO        2025-04-26 23:06:12.052319 EST  wrapper         : Send Ticketlog completed in 0.5s
WARNING     2025-04-26 23:06:52.915185 EST  check_verified  : fnbbc (1348795635700338709) is not verified and tried to open a ticket
INFO        2025-04-26 23:06:56.742601 EST  wrapper         : Send Ticketlog completed in 0.36s
INFO        2025-04-26 23:07:16.915206 EST  wrapper         : Rename Command completed in 0.44s
INFO        2025-04-26 23:07:23.307022 EST  wrapper         : Send Ticketlog completed in 0.43s
INFO        2025-04-26 23:07:42.639199 EST  wrapper         : Send Ticketlog completed in 0.57s
INFO        2025-04-26 23:08:18.922135 EST  wrapper         : Send Ticketlog completed in 0.65s
INFO        2025-04-26 23:08:41.718255 EST  new_ticket      : Created #maxerss-ticket-161248 (1365887348323254297) in 1.96s by maxerss (215541467899232263) 56
WARNING     2025-04-26 23:08:44.638400 EST  send_ticket_log : Failed to send ticket log: 403 Forbidden (error code: 50007): Cannot send messages to this user
INFO        2025-04-26 23:08:44.638791 EST  wrapper         : Send Ticketlog completed in 0.48s
INFO        2025-04-26 23:08:46.342053 EST  enter_information_button : Sent the Questions modal to maxerss (215541467899232263)
INFO        2025-04-26 23:09:05.800449 EST  wrapper         : Send Ticketlog completed in 0.59s
INFO        2025-04-26 23:09:25.501433 EST  on_submit       : maxerss (215541467899232263) updated the embed with question answers in #maxerss-ticket-161248 (1365887348323254297)
INFO        2025-04-26 23:10:40.959893 EST  wrapper         : Send Ticketlog completed in 0.6s
INFO        2025-04-26 23:11:05.341969 EST  new_ticket      : Created #ganzz4480-ticket-161249 (1365887950826766377) in 1.89s by ganzz4480 (1000805516529893407) 54
INFO        2025-04-26 23:11:10.872729 EST  enter_information_button : Sent the Questions modal to ganzz4480 (1000805516529893407)
INFO        2025-04-26 23:12:06.590563 EST  on_submit       : ganzz4480 (1000805516529893407) updated the embed with question answers in #ganzz4480-ticket-161249 (1365887950826766377)
INFO        2025-04-26 23:13:29.187946 EST  new_ticket      : Created #maxerss-ticket-161250 (1365888552717520906) in 2.17s by maxerss (215541467899232263) 55
INFO        2025-04-26 23:13:31.266095 EST  enter_information_button : Sent the Questions modal to maxerss (215541467899232263)
INFO        2025-04-26 23:14:14.596926 EST  on_submit       : maxerss (215541467899232263) updated the embed with question answers in #maxerss-ticket-161250 (1365888552717520906)
INFO        2025-04-26 23:18:48.661669 EST  wrapper         : Send Ticketlog completed in 0.41s
INFO        2025-04-26 23:20:35.813954 EST  new_ticket      : Created #vodkalol69-ticket-161251 (1365890342863376464) in 2.02s by vodkalol69 (496021347550625792) 55
INFO        2025-04-26 23:20:37.072995 EST  enter_information_button : Sent the Questions modal to vodkalol69 (496021347550625792)
INFO        2025-04-26 23:20:42.294009 EST  on_submit       : vodkalol69 (496021347550625792) updated the embed with question answers in #vodkalol69-ticket-161251 (1365890342863376464)
INFO        2025-04-26 23:21:51.485823 EST  new_ticket      : Created #willistttt-ticket-161252 (1365890660539830303) in 2.07s by willistttt (1270856179219693693) 56
INFO        2025-04-26 23:21:52.757447 EST  enter_information_button : Sent the Questions modal to willistttt (1270856179219693693)
INFO        2025-04-26 23:22:14.530514 EST  enter_information_button : Sent the Questions modal to willistttt (1270856179219693693)
INFO        2025-04-26 23:22:38.849215 EST  on_submit       : willistttt (1270856179219693693) updated the embed with question answers in #willistttt-ticket-161252 (1365890660539830303)
INFO        2025-04-26 23:26:38.625696 EST  new_ticket      : Created #counterfeits-ticket-161253 (1365891865173426290) in 1.79s by counterfeits (524688347214381056) 57
INFO        2025-04-26 23:26:40.306445 EST  enter_information_button : Sent the Questions modal to counterfeits (524688347214381056)
INFO        2025-04-26 23:26:49.357232 EST  on_submit       : counterfeits (524688347214381056) updated the embed with question answers in #counterfeits-ticket-161253 (1365891865173426290)
INFO        2025-04-26 23:27:30.185840 EST  new_ticket      : Created #fnbbc-ticket-161254 (1365892081997844540) in 1.8s by fnbbc (1348795635700338709) 58
INFO        2025-04-26 23:27:35.254637 EST  enter_information_button : Sent the Questions modal to fnbbc (1348795635700338709)
INFO        2025-04-26 23:29:04.090623 EST  on_submit       : fnbbc (1348795635700338709) updated the embed with question answers in #fnbbc-ticket-161254 (1365892081997844540)
INFO        2025-04-26 23:32:50.832651 EST  new_ticket      : Created #imluckytoo-ticket-161255 (1365893425995714591) in 1.95s by imluckytoo (395113324519489536) 59
INFO        2025-04-26 23:32:52.505359 EST  enter_information_button : Sent the Questions modal to imluckytoo (395113324519489536)
INFO        2025-04-26 23:34:13.024018 EST  on_submit       : imluckytoo (395113324519489536) updated the embed with question answers in #imluckytoo-ticket-161255 (1365893425995714591)
INFO        2025-04-26 23:38:49.737430 EST  new_ticket      : Created #restorable-ticket-161256 (1365894931368902717) in 1.97s by restorable (714687115514085473) 60
INFO        2025-04-26 23:38:51.250643 EST  enter_information_button : Sent the Questions modal to restorable (714687115514085473)
INFO        2025-04-26 23:39:11.532301 EST  on_submit       : restorable (714687115514085473) updated the embed with question answers in #restorable-ticket-161256 (1365894931368902717)
INFO        2025-04-26 23:39:11.717669 EST  wrapper         : Send Ticketlog completed in 0.51s
INFO        2025-04-26 23:43:24.873603 EST  wrapper         : Rename Command completed in 0.62s
INFO        2025-04-26 23:49:26.256431 EST  new_ticket      : Created #cam1417-ticket-161257 (1365897601676738621) in 1.96s by cam1417 (338816265357623319) 60
INFO        2025-04-26 23:49:28.650512 EST  enter_information_button : Sent the Questions modal to cam1417 (338816265357623319)
INFO        2025-04-26 23:49:43.518654 EST  enter_information_button : Sent the Questions modal to cam1417 (338816265357623319)
INFO        2025-04-26 23:50:40.617843 EST  on_submit       : cam1417 (338816265357623319) updated the embed with question answers in #cam1417-ticket-161257 (1365897601676738621)
INFO        2025-04-26 23:51:02.531332 EST  new_ticket      : Created #cottage-ticket-161258 (1365898005248606321) in 2.03s by cottage. (282383443491291138) 61
INFO        2025-04-26 23:51:05.910063 EST  enter_information_button : Sent the Questions modal to cottage. (282383443491291138)
INFO        2025-04-26 23:51:14.927019 EST  on_submit       : cottage. (282383443491291138) updated the embed with question answers in #cottage-ticket-161258 (1365898005248606321)
INFO        2025-04-26 23:52:47.239408 EST  new_ticket      : Created #itzperz-ticket-161259 (1365898443557699675) in 2.17s by itzperz (178311257072336896) 62
INFO        2025-04-26 23:52:49.437723 EST  enter_information_button : Sent the Questions modal to itzperz (178311257072336896)
INFO        2025-04-26 23:53:20.351383 EST  on_submit       : itzperz (178311257072336896) updated the embed with question answers in #itzperz-ticket-161259 (1365898443557699675)
INFO        2025-04-26 23:55:21.347166 EST  new_ticket      : Created #caleb1836875-ticket-161260 (1365899091162431549) in 1.73s by caleb1836875 (888090003148767283) 63
INFO        2025-04-26 23:55:24.552767 EST  enter_information_button : Sent the Questions modal to caleb1836875 (888090003148767283)
INFO        2025-04-26 23:55:47.283629 EST  on_submit       : caleb1836875 (888090003148767283) updated the embed with question answers in #caleb1836875-ticket-161260 (1365899091162431549)
INFO        2025-04-26 23:57:10.902546 EST  wrapper         : Send Ticketlog completed in 0.53s
INFO        2025-04-27 00:01:52.416946 EST  new_ticket      : Created #3uqn-ticket-161261 (1365900725720191107) in 3.3s by 3uqn (730042324343717889) 63
WARNING     2025-04-27 00:01:52.417510 EST  wrapper         : New Ticket took a long time to complete and finished in 3.51s
INFO        2025-04-27 00:01:54.537181 EST  enter_information_button : Sent the Questions modal to 3uqn (730042324343717889)
INFO        2025-04-27 00:02:12.414774 EST  on_submit       : 3uqn (730042324343717889) updated the embed with question answers in #3uqn-ticket-161261 (1365900725720191107)
INFO        2025-04-27 00:05:14.460243 EST  new_ticket      : Created #guuh9784-ticket-161262 (1365901576018989106) in 2.57s by guuh9784 (479401103859908610) 64
INFO        2025-04-27 00:06:29.868965 EST  new_ticket      : Created #gaber300-ticket-161263 (1365901894652006523) in 1.87s by gaber300 (1344643512737730654) 65
INFO        2025-04-27 00:06:36.360700 EST  enter_information_button : Sent the Questions modal to gaber300 (1344643512737730654)
INFO        2025-04-27 00:06:52.108570 EST  on_submit       : gaber300 (1344643512737730654) updated the embed with question answers in #gaber300-ticket-161263 (1365901894652006523)
INFO        2025-04-27 00:09:50.672926 EST  new_ticket      : Created #reapa1-ticket-161264 (1365902736981233715) in 1.83s by reapa1 (318449044659765250) 66
INFO        2025-04-27 00:09:52.433700 EST  enter_information_button : Sent the Questions modal to reapa1 (318449044659765250)
INFO        2025-04-27 00:10:03.098502 EST  on_submit       : reapa1 (318449044659765250) updated the embed with question answers in #reapa1-ticket-161264 (1365902736981233715)
INFO        2025-04-27 00:10:15.875813 EST  enter_information_button : Sent the Questions modal to guuh9784 (479401103859908610)
INFO        2025-04-27 00:10:35.607628 EST  on_submit       : guuh9784 (479401103859908610) updated the embed with question answers in #guuh9784-ticket-161262 (1365901576018989106)
WARNING     2025-04-27 00:10:51.749931 EST  wrapper         : Create Ticket took a long time to complete and finished in 3.18s
INFO        2025-04-27 00:10:51.819040 EST  new_ticket      : Created #alexrcasi-ticket-161265 (1365902987389571185) in 3.44s by alexrcasi (554303102564696075) 67
WARNING     2025-04-27 00:10:51.819302 EST  wrapper         : New Ticket took a long time to complete and finished in 3.57s
INFO        2025-04-27 00:10:53.278905 EST  enter_information_button : Sent the Questions modal to alexrcasi (554303102564696075)
INFO        2025-04-27 00:11:16.971832 EST  on_submit       : alexrcasi (554303102564696075) updated the embed with question answers in #alexrcasi-ticket-161265 (1365902987389571185)
INFO        2025-04-27 00:19:11.217517 EST  wrapper         : Send Ticketlog completed in 0.6s
INFO        2025-04-27 00:19:29.617216 EST  wrapper         : Send Ticketlog completed in 0.37s
INFO        2025-04-27 00:23:24.512957 EST  new_ticket      : Created #gai-ticket-161266 (1365906148150218803) in 2.71s by .gai. (462809405105373184) 66
INFO        2025-04-27 00:23:26.516579 EST  enter_information_button : Sent the Questions modal to .gai. (462809405105373184)
INFO        2025-04-27 00:23:48.252329 EST  on_submit       : .gai. (462809405105373184) updated the embed with question answers in #gai-ticket-161266 (1365906148150218803)
INFO        2025-04-27 00:26:47.568607 EST  wrapper         : Rename Command completed in 0.5s
INFO        2025-04-27 00:30:07.718304 EST  wrapper         : Rename Command completed in 0.63s
INFO        2025-04-27 00:32:12.120915 EST  wrapper         : Send Ticketlog completed in 0.46s
INFO        2025-04-27 00:35:26.133693 EST  new_ticket      : Created #narcoses-ticket-161267 (1365909175850242110) in 2.01s by narcoses (989146894200606730) 66
INFO        2025-04-27 00:35:28.221759 EST  enter_information_button : Sent the Questions modal to narcoses (989146894200606730)
INFO        2025-04-27 00:35:55.902966 EST  on_submit       : narcoses (989146894200606730) updated the embed with question answers in #narcoses-ticket-161267 (1365909175850242110)
INFO        2025-04-27 00:38:17.177681 EST  wrapper         : Send Ticketlog completed in 0.32s
INFO        2025-04-27 00:49:37.990909 EST  wrapper         : Ticket Logs Command completed in 0.6s
INFO        2025-04-27 00:54:15.182978 EST  new_ticket      : Created #snaggyfool-ticket-161268 (1365913910921658500) in 2.48s by snaggyfool (670686119184302091) 66
INFO        2025-04-27 00:54:16.791880 EST  enter_information_button : Sent the Questions modal to snaggyfool (670686119184302091)
INFO        2025-04-27 00:54:27.005064 EST  on_submit       : snaggyfool (670686119184302091) updated the embed with question answers in #snaggyfool-ticket-161268 (1365913910921658500)
INFO        2025-04-27 00:58:36.869794 EST  new_ticket      : Created #asadadawfasfg-ticket-161269 (1365915010374570005) in 2.02s by asadadawfasfg (688821046341795853) 67
INFO        2025-04-27 01:01:20.257402 EST  wrapper         : Rename Command completed in 0.59s
INFO        2025-04-27 01:11:32.798991 EST  new_ticket      : Created #_pvp_-ticket-161270 (1365918263048933437) in 2.17s by _pvp_ (946614330554740786) 68
INFO        2025-04-27 01:11:36.979911 EST  enter_information_button : Sent the Questions modal to _pvp_ (946614330554740786)
INFO        2025-04-27 01:12:06.032243 EST  on_submit       : _pvp_ (946614330554740786) updated the embed with question answers in #_pvp_-ticket-161270 (1365918263048933437)
INFO        2025-04-27 01:19:10.208574 EST  new_ticket      : Created #sqeeties-ticket-161271 (1365920183021080716) in 1.89s by sqeeties (1027239627947515985) 69
INFO        2025-04-27 01:19:13.939231 EST  enter_information_button : Sent the Questions modal to sqeeties (1027239627947515985)
INFO        2025-04-27 01:23:19.624546 EST  on_submit       : sqeeties (1027239627947515985) updated the embed with question answers in #sqeeties-ticket-161271 (1365920183021080716)
INFO        2025-04-27 01:28:46.518822 EST  wrapper         : Rename Command completed in 0.61s
INFO        2025-04-27 01:30:11.586469 EST  new_ticket      : Created #sweatybomb-ticket-161272 (1365922956425039993) in 2.12s by sweatybomb (223949506989916170) 70
INFO        2025-04-27 01:30:13.501886 EST  enter_information_button : Sent the Questions modal to sweatybomb (223949506989916170)
INFO        2025-04-27 01:30:16.199912 EST  on_submit       : sweatybomb (223949506989916170) updated the embed with question answers in #sweatybomb-ticket-161272 (1365922956425039993)
INFO        2025-04-27 01:32:10.784649 EST  new_ticket      : Created #sweatybomb-ticket-161273 (1365923453223440465) in 2.98s by sweatybomb (223949506989916170) 71
WARNING     2025-04-27 01:32:10.785036 EST  wrapper         : New Ticket took a long time to complete and finished in 3.13s
INFO        2025-04-27 01:32:19.539060 EST  wrapper         : Send Ticketlog completed in 0.43s
INFO        2025-04-27 01:32:27.616804 EST  enter_information_button : Sent the Questions modal to sweatybomb (223949506989916170)
INFO        2025-04-27 01:32:30.122669 EST  on_submit       : sweatybomb (223949506989916170) updated the embed with question answers in #sweatybomb-ticket-161273 (1365923453223440465)
INFO        2025-04-27 01:32:58.601175 EST  wrapper         : Send Ticketlog completed in 0.58s
INFO        2025-04-27 01:34:04.793368 EST  wrapper         : Send Ticketlog completed in 0.93s
INFO        2025-04-27 01:35:06.329601 EST  wrapper         : Send Ticketlog completed in 0.56s
WARNING     2025-04-27 01:35:40.244143 EST  send_ticket_log : Failed to send ticket log: 403 Forbidden (error code: 50007): Cannot send messages to this user
INFO        2025-04-27 01:35:40.244549 EST  wrapper         : Send Ticketlog completed in 0.35s
INFO        2025-04-27 01:35:55.639700 EST  wrapper         : Send Ticketlog completed in 0.6s
INFO        2025-04-27 01:35:56.697366 EST  wrapper         : Rename Command completed in 0.46s
INFO        2025-04-27 01:36:02.011538 EST  wrapper         : Move Command completed in 2.12s
INFO        2025-04-27 01:36:04.824918 EST  wrapper         : Send Ticketlog completed in 1.69s
INFO        2025-04-27 01:36:15.642696 EST  wrapper         : Rename Command completed in 0.68s
INFO        2025-04-27 01:36:21.922212 EST  wrapper         : Move Command completed in 2.65s
INFO        2025-04-27 01:36:45.877222 EST  wrapper         : Rename Command completed in 0.54s
INFO        2025-04-27 01:37:54.879656 EST  request_tickets : Sent the 📨 button to cottage. (282383443491291138)
INFO        2025-04-27 01:37:56.889627 EST  wrapper         : Send Ticketlog completed in 0.88s
INFO        2025-04-27 01:38:20.657061 EST  wrapper         : Send Ticketlog completed in 0.32s
INFO        2025-04-27 01:39:17.954182 EST  wrapper         : Send Ticketlog completed in 0.51s
INFO        2025-04-27 01:39:59.881565 EST  wrapper         : Send Ticketlog completed in 0.3s
INFO        2025-04-27 01:40:47.301587 EST  wrapper         : Ticket Logs Command completed in 0.73s
INFO        2025-04-27 01:41:24.065847 EST  wrapper         : Send Ticketlog completed in 0.61s
INFO        2025-04-27 01:56:34.979776 EST  wrapper         : Rename Command completed in 0.61s
INFO        2025-04-27 02:18:03.169409 EST  request_tickets : Sent the 📨 button to cottage. (282383443491291138)
INFO        2025-04-27 02:29:25.818115 EST  new_ticket      : Created #tapemeasure-ticket-161274 (1365937865380597830) in 1.73s by tapemeasure (125387540071972864) 60
INFO        2025-04-27 02:29:28.689703 EST  enter_information_button : Sent the Questions modal to tapemeasure (125387540071972864)
INFO        2025-04-27 02:29:42.090700 EST  on_submit       : tapemeasure (125387540071972864) updated the embed with question answers in #tapemeasure-ticket-161274 (1365937865380597830)
INFO        2025-04-27 02:29:51.991066 EST  wrapper         : Rename Command completed in 0.43s
INFO        2025-04-27 02:44:32.230139 EST  new_ticket      : Created #caleb1836875-ticket-161275 (1365941665721876532) in 2.16s by caleb1836875 (888090003148767283) 61
INFO        2025-04-27 02:44:38.009262 EST  enter_information_button : Sent the Questions modal to caleb1836875 (888090003148767283)
INFO        2025-04-27 02:44:54.694888 EST  on_submit       : caleb1836875 (888090003148767283) updated the embed with question answers in #caleb1836875-ticket-161275 (1365941665721876532)
WARNING     2025-04-27 02:47:34.158136 EST  check_3_tickets : chaseoce (940136712049410058) has 3 tickets open and tried to open a ticket
INFO        2025-04-27 03:00:16.816560 EST  wrapper         : Rename Command completed in 0.57s
WARNING     2025-04-27 03:01:00.430172 EST  check_verified  : mcgokuv2 (1329639207194460211) is not verified and tried to open a ticket
INFO        2025-04-27 03:01:01.676973 EST  wrapper         : Rename Command completed in 0.4s
INFO        2025-04-27 03:06:59.371258 EST  new_ticket      : Created #declandmc-ticket-161276 (1365947316208406609) in 2.54s by declandmc (249632012187467785) 62
INFO        2025-04-27 03:07:01.795515 EST  enter_information_button : Sent the Questions modal to declandmc (249632012187467785)
INFO        2025-04-27 03:08:19.399542 EST  on_submit       : declandmc (249632012187467785) updated the embed with question answers in #declandmc-ticket-161276 (1365947316208406609)
INFO        2025-04-27 03:09:53.411494 EST  wrapper         : Send Ticketlog completed in 0.34s
INFO        2025-04-27 03:11:24.610990 EST  wrapper         : Send Ticketlog completed in 1.17s
INFO        2025-04-27 03:12:10.669249 EST  new_ticket      : Created #mcgokuv2-ticket-161277 (1365948622604079114) in 1.9s by mcgokuv2 (1329639207194460211) 61
INFO        2025-04-27 03:12:13.800694 EST  enter_information_button : Sent the Questions modal to mcgokuv2 (1329639207194460211)
INFO        2025-04-27 03:13:35.567139 EST  on_submit       : mcgokuv2 (1329639207194460211) updated the embed with question answers in #mcgokuv2-ticket-161277 (1365948622604079114)
INFO        2025-04-27 03:16:40.088403 EST  wrapper         : Send Ticketlog completed in 1.98s
WARNING     2025-04-27 03:16:40.442472 EST  wrapper         : Close Command took a long time to complete and finished in 3.11s
INFO        2025-04-27 03:16:48.630782 EST  wrapper         : Send Ticketlog completed in 0.34s
INFO        2025-04-27 03:45:31.200668 EST  wrapper         : Rename Command completed in 0.58s
INFO        2025-04-27 04:07:05.039499 EST  new_ticket      : Created #asta1541-ticket-161278 (1365962439606140929) in 2.13s by asta1541 (977208815944622081) 60
INFO        2025-04-27 04:07:07.311745 EST  enter_information_button : Sent the Questions modal to asta1541 (977208815944622081)
INFO        2025-04-27 04:07:19.734802 EST  on_submit       : asta1541 (977208815944622081) updated the embed with question answers in #asta1541-ticket-161278 (1365962439606140929)
INFO        2025-04-27 04:08:35.288038 EST  wrapper         : Rename Command completed in 0.49s
INFO        2025-04-27 04:15:18.582165 EST  new_ticket      : Created #fnbbc-ticket-161279 (1365964508530610299) in 2.5s by fnbbc (1348795635700338709) 61
INFO        2025-04-27 04:15:27.586240 EST  enter_information_button : Sent the Questions modal to fnbbc (1348795635700338709)
WARNING     2025-04-27 04:22:26.268428 EST  wrapper         : Create Ticket took a long time to complete and finished in 3.39s
INFO        2025-04-27 04:22:26.341279 EST  new_ticket      : Created #sweatybomb-ticket-161280 (1365966296801345589) in 3.72s by sweatybomb (223949506989916170) 62
WARNING     2025-04-27 04:22:26.341633 EST  wrapper         : New Ticket took a long time to complete and finished in 3.9s
INFO        2025-04-27 04:22:35.807272 EST  enter_information_button : Sent the Questions modal to sweatybomb (223949506989916170)
INFO        2025-04-27 04:23:31.041376 EST  on_submit       : sweatybomb (223949506989916170) updated the embed with question answers in #sweatybomb-ticket-161280 (1365966296801345589)
INFO        2025-04-27 04:25:31.435306 EST  wrapper         : Rename Command completed in 1.62s
INFO        2025-04-27 04:25:40.311744 EST  wrapper         : Move Command completed in 2.85s
INFO        2025-04-27 04:28:06.060845 EST  new_ticket      : Created #asta1541-ticket-161281 (1365967726085935145) in 2.78s by asta1541 (977208815944622081) 63
INFO        2025-04-27 04:28:08.801531 EST  enter_information_button : Sent the Questions modal to asta1541 (977208815944622081)
INFO        2025-04-27 04:28:19.822392 EST  on_submit       : asta1541 (977208815944622081) updated the embed with question answers in #asta1541-ticket-161281 (1365967726085935145)
WARNING     2025-04-27 04:29:31.397385 EST  wrapper         : Create Ticket took a long time to complete and finished in 3.11s
INFO        2025-04-27 04:29:31.465683 EST  new_ticket      : Created #asta1541-ticket-161282 (1365968085848166470) in 3.38s by asta1541 (977208815944622081) 64
WARNING     2025-04-27 04:29:31.466081 EST  wrapper         : New Ticket took a long time to complete and finished in 3.55s
INFO        2025-04-27 04:29:32.612279 EST  enter_information_button : Sent the Questions modal to asta1541 (977208815944622081)
INFO        2025-04-27 04:30:20.068733 EST  on_submit       : asta1541 (977208815944622081) updated the embed with question answers in #asta1541-ticket-161282 (1365968085848166470)
INFO        2025-04-27 04:43:23.473181 EST  wrapper         : Rename Command completed in 0.42s
WARNING     2025-04-27 04:43:35.408657 EST  wrapper         : Send Embed took a long time to complete and finished in 3.89s
WARNING     2025-04-27 04:43:35.409021 EST  wrapper         : Move Command took a long time to complete and finished in 6.2s
INFO        2025-04-27 04:43:45.687219 EST  wrapper         : Ticket Logs Command completed in 0.63s
INFO        2025-04-27 04:54:50.475398 EST  new_ticket      : Created #desktopmist2089-ticket-161283 (1365974458904481864) in 1.85s by desktopmist2089 (977960007326892142) 65
INFO        2025-04-27 04:54:56.292904 EST  enter_information_button : Sent the Questions modal to desktopmist2089 (977960007326892142)
INFO        2025-04-27 04:55:03.438378 EST  on_submit       : desktopmist2089 (977960007326892142) updated the embed with question answers in #desktopmist2089-ticket-161283 (1365974458904481864)
INFO        2025-04-27 04:55:36.441576 EST  wrapper         : Rename Command completed in 0.52s
WARNING     2025-04-27 04:56:08.499612 EST  check_verified  : pascal_trading (700800489247473705) is not verified and tried to open a ticket
WARNING     2025-04-27 04:56:34.524586 EST  check_verified  : pascal_trading (700800489247473705) is not verified and tried to open a ticket
INFO        2025-04-27 05:04:57.037817 EST  new_ticket      : Created #merudev-ticket-161284 (1365976999142625311) in 2.92s by merudev (430656042880335872) 66
WARNING     2025-04-27 05:04:57.038365 EST  wrapper         : New Ticket took a long time to complete and finished in 3.08s
INFO        2025-04-27 05:05:16.511875 EST  new_ticket      : Created #____a17-ticket-161285 (1365977084257763349) in 1.99s by ____a17 (1178822490831736885) 67
INFO        2025-04-27 05:05:17.647473 EST  enter_information_button : Sent the Questions modal to ____a17 (1178822490831736885)
INFO        2025-04-27 05:05:39.202132 EST  wrapper         : Send Ticketlog completed in 0.44s
INFO        2025-04-27 05:05:41.962355 EST  enter_information_button : Sent the Questions modal to merudev (430656042880335872)
INFO        2025-04-27 05:06:05.482770 EST  on_submit       : ____a17 (1178822490831736885) updated the embed with question answers in #____a17-ticket-161285 (1365977084257763349)
INFO        2025-04-27 05:07:48.919827 EST  on_submit       : merudev (430656042880335872) updated the embed with question answers in #merudev-ticket-161284 (1365976999142625311)
INFO        2025-04-27 05:07:51.470459 EST  wrapper         : Send Ticketlog completed in 0.33s
INFO        2025-04-27 05:09:20.466139 EST  wrapper         : Send Ticketlog completed in 0.38s
WARNING     2025-04-27 05:24:22.367406 EST  wrapper         : Create Ticket took a long time to complete and finished in 3.18s
INFO        2025-04-27 05:24:22.435749 EST  new_ticket      : Created #thegoat123458-ticket-161286 (1365981889759805480) in 3.6s by thegoat123458 (832663463167262780) 65
WARNING     2025-04-27 05:24:22.436048 EST  wrapper         : New Ticket took a long time to complete and finished in 3.76s
INFO        2025-04-27 05:24:24.142584 EST  enter_information_button : Sent the Questions modal to thegoat123458 (832663463167262780)
INFO        2025-04-27 05:25:06.179671 EST  on_submit       : thegoat123458 (832663463167262780) updated the embed with question answers in #thegoat123458-ticket-161286 (1365981889759805480)
INFO        2025-04-27 05:25:28.058417 EST  wrapper         : Rename Command completed in 0.63s
INFO        2025-04-27 05:41:22.929797 EST  wrapper         : Send Ticketlog completed in 0.4s
INFO        2025-04-27 05:53:04.456870 EST  wrapper         : Send Ticketlog completed in 0.7s
WARNING     2025-04-27 05:53:04.924304 EST  wrapper         : Close Command took a long time to complete and finished in 3.11s
INFO        2025-04-27 05:57:37.012973 EST  new_ticket      : Created #gai-ticket-161287 (1365990255420899442) in 2.5s by .gai. (462809405105373184) 64
INFO        2025-04-27 05:57:39.000507 EST  enter_information_button : Sent the Questions modal to .gai. (462809405105373184)
INFO        2025-04-27 05:58:16.662917 EST  on_submit       : .gai. (462809405105373184) updated the embed with question answers in #gai-ticket-161287 (1365990255420899442)
INFO        2025-04-27 06:07:27.600985 EST  new_ticket      : Created #dimi12345678-ticket-161288 (1365992734006972477) in 1.79s by dimi12345678 (1201204378602848338) 65
INFO        2025-04-27 06:07:33.633514 EST  enter_information_button : Sent the Questions modal to dimi12345678 (1201204378602848338)
INFO        2025-04-27 06:09:02.115817 EST  on_submit       : dimi12345678 (1201204378602848338) updated the embed with question answers in #dimi12345678-ticket-161288 (1365992734006972477)
INFO        2025-04-27 06:16:52.759960 EST  new_ticket      : Created #pvmn-ticket-161289 (1365995104560611338) in 1.86s by pvmn (1276081704217612319) 66
INFO        2025-04-27 06:16:54.980234 EST  enter_information_button : Sent the Questions modal to pvmn (1276081704217612319)
INFO        2025-04-27 06:17:34.852014 EST  on_submit       : pvmn (1276081704217612319) updated the embed with question answers in #pvmn-ticket-161289 (1365995104560611338)
INFO        2025-04-27 06:18:35.970614 EST  new_ticket      : Created #thebagman_89-ticket-161290 (1365995537999855626) in 1.66s by thebagman_89 (1333047521567838340) 67
INFO        2025-04-27 06:18:38.528861 EST  enter_information_button : Sent the Questions modal to thebagman_89 (1333047521567838340)
INFO        2025-04-27 06:20:09.620677 EST  wrapper         : Rename Command completed in 0.48s
INFO        2025-04-27 06:20:12.512294 EST  on_submit       : thebagman_89 (1333047521567838340) updated the embed with question answers in #thebagman_89-ticket-161290 (1365995537999855626)
INFO        2025-04-27 06:27:52.026235 EST  wrapper         : Send Ticketlog completed in 0.49s
INFO        2025-04-27 06:38:30.136530 EST  wrapper         : Ticket Logs Command completed in 0.67s
INFO        2025-04-27 06:51:43.171618 EST  wrapper         : Send Ticketlog completed in 0.32s
INFO        2025-04-27 07:08:38.398175 EST  new_ticket      : Created #cwgkdjisaiuxyux-ticket-161291 (1366008128805539840) in 2.27s by cwgkdjisaiuxyux (724580695908810794) 66
INFO        2025-04-27 07:08:40.609666 EST  enter_information_button : Sent the Questions modal to cwgkdjisaiuxyux (724580695908810794)
INFO        2025-04-27 07:09:34.474131 EST  on_submit       : cwgkdjisaiuxyux (724580695908810794) updated the embed with question answers in #cwgkdjisaiuxyux-ticket-161291 (1366008128805539840)
INFO        2025-04-27 07:10:07.232304 EST  wrapper         : Rename Command completed in 0.52s
INFO        2025-04-27 08:17:02.303204 EST  wrapper         : Rename Command completed in 0.55s
WARNING     2025-04-27 08:30:49.655833 EST  wrapper         : Create Ticket took a long time to complete and finished in 3.44s
INFO        2025-04-27 08:30:49.724591 EST  new_ticket      : Created #niggyboos-ticket-161292 (1366028811770003466) in 3.75s by niggyboos (336589260566036480) 67
WARNING     2025-04-27 08:30:49.724853 EST  wrapper         : New Ticket took a long time to complete and finished in 3.9s
INFO        2025-04-27 08:30:51.491944 EST  enter_information_button : Sent the Questions modal to niggyboos (336589260566036480)
INFO        2025-04-27 08:31:37.446107 EST  on_submit       : niggyboos (336589260566036480) updated the embed with question answers in #niggyboos-ticket-161292 (1366028811770003466)
INFO        2025-04-27 08:32:44.986331 EST  wrapper         : Send Ticketlog completed in 0.5s
INFO        2025-04-27 08:45:44.107150 EST  new_ticket      : Created #tripaloski0700-ticket-161293 (1366032564653133874) in 2.18s by tripaloski0700 (286936162319204353) 67
INFO        2025-04-27 08:45:46.731095 EST  enter_information_button : Sent the Questions modal to tripaloski0700 (286936162319204353)
INFO        2025-04-27 08:46:31.691754 EST  on_submit       : tripaloski0700 (286936162319204353) updated the embed with question answers in #tripaloski0700-ticket-161293 (1366032564653133874)
INFO        2025-04-27 09:01:41.194291 EST  request_tickets : Sent the 📨 button to hyperorvg43 (855849953799438366)
INFO        2025-04-27 09:02:03.344655 EST  new_ticket      : Created #hyperorvg43-ticket-161294 (1366036668725067908) in 3.14s by hyperorvg43 (855849953799438366) 68
WARNING     2025-04-27 09:02:03.345261 EST  wrapper         : New Ticket took a long time to complete and finished in 3.32s
INFO        2025-04-27 09:02:09.433753 EST  enter_information_button : Sent the Questions modal to hyperorvg43 (855849953799438366)
WARNING     2025-04-27 09:02:20.962084 EST  wrapper         : Create Ticket took a long time to complete and finished in 3.65s
INFO        2025-04-27 09:02:21.031025 EST  new_ticket      : Created #desktopmist2089-ticket-161295 (1366036738094661693) in 3.97s by desktopmist2089 (977960007326892142) 69
WARNING     2025-04-27 09:02:21.031297 EST  wrapper         : New Ticket took a long time to complete and finished in 4.09s
INFO        2025-04-27 09:02:23.019081 EST  enter_information_button : Sent the Questions modal to desktopmist2089 (977960007326892142)
INFO        2025-04-27 09:02:36.583895 EST  on_submit       : desktopmist2089 (977960007326892142) updated the embed with question answers in #desktopmist2089-ticket-161295 (1366036738094661693)
INFO        2025-04-27 09:04:31.435096 EST  on_submit       : hyperorvg43 (855849953799438366) updated the embed with question answers in #hyperorvg43-ticket-161294 (1366036668725067908)
WARNING     2025-04-27 09:05:57.853998 EST  check_blacklisted : lazaroskouz0202 (1252884792870043660) is blacklisted from tickets and tried to open a ticket
WARNING     2025-04-27 09:06:07.146119 EST  check_blacklisted : lazaroskouz0202 (1252884792870043660) is blacklisted from tickets and tried to open a ticket
INFO        2025-04-27 09:19:01.204482 EST  new_ticket      : Created #diree-ticket-161296 (1366040940577292309) in 2.16s by diree. (1104755311736266883) 70
INFO        2025-04-27 09:19:03.622994 EST  enter_information_button : Sent the Questions modal to diree. (1104755311736266883)
INFO        2025-04-27 09:20:13.682534 EST  on_submit       : diree. (1104755311736266883) updated the embed with question answers in #diree-ticket-161296 (1366040940577292309)
INFO        2025-04-27 09:26:37.777088 EST  wrapper         : Rename Command completed in 0.53s
INFO        2025-04-27 09:27:22.578160 EST  wrapper         : Send Ticketlog completed in 0.56s
INFO        2025-04-27 09:27:58.095794 EST  wrapper         : Send Ticketlog completed in 0.49s
INFO        2025-04-27 09:28:25.432908 EST  wrapper         : Send Ticketlog completed in 0.41s
INFO        2025-04-27 09:30:36.939500 EST  wrapper         : Send Ticketlog completed in 1.78s
INFO        2025-04-27 09:30:53.228709 EST  wrapper         : Send Ticketlog completed in 0.51s
INFO        2025-04-27 09:31:07.894360 EST  wrapper         : Move Command completed in 2.44s
INFO        2025-04-27 09:34:23.085609 EST  wrapper         : Send Ticketlog completed in 0.57s
INFO        2025-04-27 09:37:08.147887 EST  new_ticket      : Created #iamuberdriver-ticket-161297 (1366045500574531715) in 1.86s by iamuberdriver (1092427870028169307) 65
INFO        2025-04-27 09:37:09.948971 EST  enter_information_button : Sent the Questions modal to iamuberdriver (1092427870028169307)
INFO        2025-04-27 09:38:22.107468 EST  on_submit       : iamuberdriver (1092427870028169307) updated the embed with question answers in #iamuberdriver-ticket-161297 (1366045500574531715)
INFO        2025-04-27 09:45:03.755422 EST  new_ticket      : Created #asta1541-ticket-161298 (1366047493003022396) in 2.54s by asta1541 (977208815944622081) 66
INFO        2025-04-27 09:45:05.210134 EST  enter_information_button : Sent the Questions modal to asta1541 (977208815944622081)
INFO        2025-04-27 09:45:12.313610 EST  on_submit       : asta1541 (977208815944622081) updated the embed with question answers in #asta1541-ticket-161298 (1366047493003022396)
INFO        2025-04-27 09:47:06.005591 EST  wrapper         : Rename Command completed in 0.48s
INFO        2025-04-27 09:48:10.922298 EST  new_ticket      : Created #ganzz4480-ticket-161299 (1366048280139792416) in 2.14s by ganzz4480 (1000805516529893407) 67
INFO        2025-04-27 09:48:13.145889 EST  enter_information_button : Sent the Questions modal to ganzz4480 (1000805516529893407)
INFO        2025-04-27 09:48:40.631074 EST  on_submit       : ganzz4480 (1000805516529893407) updated the embed with question answers in #ganzz4480-ticket-161299 (1366048280139792416)
WARNING     2025-04-27 09:49:11.423181 EST  wrapper         : Private Command took a long time to complete and finished in 7.02s
INFO        2025-04-27 09:59:54.654354 EST  new_ticket      : Created #jake2001-ticket-161300 (1366051231935762464) in 1.97s by jake.2001 (231462841008390144) 68
INFO        2025-04-27 09:59:57.004287 EST  enter_information_button : Sent the Questions modal to jake.2001 (231462841008390144)
INFO        2025-04-27 10:00:26.327153 EST  on_submit       : jake.2001 (231462841008390144) updated the embed with question answers in #jake2001-ticket-161300 (1366051231935762464)
WARNING     2025-04-27 10:04:10.958980 EST  check_verified  : justinotw (290324050302205953) is not verified and tried to open a ticket
INFO        2025-04-27 10:05:00.131585 EST  new_ticket      : Created #justinotw-ticket-161301 (1366052513836568759) in 2.14s by justinotw (290324050302205953) 69
INFO        2025-04-27 10:05:03.643715 EST  enter_information_button : Sent the Questions modal to justinotw (290324050302205953)
INFO        2025-04-27 10:06:49.435624 EST  on_submit       : justinotw (290324050302205953) updated the embed with question answers in #justinotw-ticket-161301 (1366052513836568759)
INFO        2025-04-27 10:09:31.969392 EST  new_ticket      : Created #asta1541-ticket-161302 (1366053652489310238) in 2.32s by asta1541 (977208815944622081) 70
INFO        2025-04-27 10:09:32.988325 EST  enter_information_button : Sent the Questions modal to asta1541 (977208815944622081)
INFO        2025-04-27 10:10:14.940127 EST  wrapper         : Send Ticketlog completed in 0.5s
INFO        2025-04-27 10:11:02.037134 EST  on_submit       : asta1541 (977208815944622081) updated the embed with question answers in #asta1541-ticket-161302 (1366053652489310238)
INFO        2025-04-27 10:13:43.208912 EST  wrapper         : Rename Command completed in 0.61s
INFO        2025-04-27 10:20:08.244511 EST  new_ticket      : Created #conquerin-ticket-161303 (1366056322189099068) in 1.96s by conquerin (576869199532654603) 70
INFO        2025-04-27 10:20:10.035728 EST  enter_information_button : Sent the Questions modal to conquerin (576869199532654603)
INFO        2025-04-27 10:20:35.058551 EST  on_submit       : conquerin (576869199532654603) updated the embed with question answers in #conquerin-ticket-161303 (1366056322189099068)
INFO        2025-04-27 10:21:22.050251 EST  wrapper         : Send Ticketlog completed in 1.23s
INFO        2025-04-27 10:21:30.363389 EST  wrapper         : Rename Command completed in 0.43s
INFO        2025-04-27 10:22:38.142997 EST  wrapper         : Send Ticketlog completed in 0.47s
INFO        2025-04-27 10:24:04.863531 EST  wrapper         : Send Ticketlog completed in 0.37s
INFO        2025-04-27 10:24:32.658443 EST  wrapper         : Send Ticketlog completed in 0.43s
WARNING     2025-04-27 10:26:05.906933 EST  wrapper         : Create Ticket took a long time to complete and finished in 3.59s
INFO        2025-04-27 10:26:05.979490 EST  new_ticket      : Created #guuh9784-ticket-161304 (1366057814421667964) in 3.93s by guuh9784 (479401103859908610) 67
WARNING     2025-04-27 10:26:05.979790 EST  wrapper         : New Ticket took a long time to complete and finished in 4.13s
INFO        2025-04-27 10:26:11.477008 EST  enter_information_button : Sent the Questions modal to guuh9784 (479401103859908610)
INFO        2025-04-27 10:26:48.733443 EST  wrapper         : Send Ticketlog completed in 0.98s
WARNING     2025-04-27 10:27:23.265962 EST  send_ticket_log : Failed to send ticket log: 403 Forbidden (error code: 50007): Cannot send messages to this user
INFO        2025-04-27 10:27:23.266259 EST  wrapper         : Send Ticketlog completed in 0.44s
INFO        2025-04-27 10:27:57.710643 EST  wrapper         : Send Ticketlog completed in 0.72s
INFO        2025-04-27 10:28:31.680246 EST  on_submit       : guuh9784 (479401103859908610) updated the embed with question answers in #guuh9784-ticket-161304 (1366057814421667964)
INFO        2025-04-27 10:29:07.124654 EST  wrapper         : Send Ticketlog completed in 0.54s
WARNING     2025-04-27 10:29:32.555728 EST  check_verified  : .alexander.g (921208697139634177) is not verified and tried to open a ticket
INFO        2025-04-27 10:30:15.841148 EST  new_ticket      : Created #alexanderg-ticket-161305 (1366058870153150697) in 2.06s by .alexander.g (921208697139634177) 64
INFO        2025-04-27 10:30:20.819148 EST  wrapper         : Send Ticketlog completed in 0.56s
INFO        2025-04-27 10:30:23.899443 EST  enter_information_button : Sent the Questions modal to .alexander.g (921208697139634177)
INFO        2025-04-27 10:31:19.578952 EST  enter_information_button : Sent the Questions modal to .alexander.g (921208697139634177)
INFO        2025-04-27 10:33:33.965852 EST  new_ticket      : Created #guuh9784-ticket-161306 (1366059701468397618) in 1.95s by guuh9784 (479401103859908610) 64
INFO        2025-04-27 10:33:37.568754 EST  enter_information_button : Sent the Questions modal to guuh9784 (479401103859908610)
INFO        2025-04-27 10:33:53.774954 EST  on_submit       : guuh9784 (479401103859908610) updated the embed with question answers in #guuh9784-ticket-161306 (1366059701468397618)
INFO        2025-04-27 10:37:15.093782 EST  on_submit       : .alexander.g (921208697139634177) updated the embed with question answers in #alexanderg-ticket-161305 (1366058870153150697)
WARNING     2025-04-27 10:44:01.119283 EST  check_verified  : graphicalll (934074095509852202) is not verified and tried to open a ticket
WARNING     2025-04-27 10:44:16.482550 EST  check_verified  : graphicalll (934074095509852202) is not verified and tried to open a ticket
WARNING     2025-04-27 10:44:35.668181 EST  check_verified  : graphicalll (934074095509852202) is not verified and tried to open a ticket
INFO        2025-04-27 10:45:38.763197 EST  new_ticket      : Created #graphicalll-ticket-161307 (1366062741391016028) in 2.16s by graphicalll (934074095509852202) 65
INFO        2025-04-27 10:45:44.393702 EST  enter_information_button : Sent the Questions modal to graphicalll (934074095509852202)
INFO        2025-04-27 10:47:45.936376 EST  wrapper         : Send Ticketlog completed in 0.48s
INFO        2025-04-27 10:48:38.316901 EST  new_ticket      : Created #tourinjapan-ticket-161308 (1366063494998397019) in 2.1s by tourinjapan (1302600688731164734) 65
INFO        2025-04-27 10:48:40.157048 EST  enter_information_button : Sent the Questions modal to tourinjapan (1302600688731164734)
INFO        2025-04-27 10:49:01.232647 EST  on_submit       : tourinjapan (1302600688731164734) updated the embed with question answers in #tourinjapan-ticket-161308 (1366063494998397019)
INFO        2025-04-27 10:50:20.559145 EST  on_submit       : graphicalll (934074095509852202) updated the embed with question answers in #graphicalll-ticket-161307 (1366062741391016028)
WARNING     2025-04-27 10:50:26.350723 EST  check_verified  : bloodsuits (1213586480665202731) is not verified and tried to open a ticket
INFO        2025-04-27 10:51:02.271321 EST  new_ticket      : Created #bloodsuits-ticket-161309 (1366064098907000924) in 2.11s by bloodsuits (1213586480665202731) 66
INFO        2025-04-27 10:51:06.083567 EST  enter_information_button : Sent the Questions modal to bloodsuits (1213586480665202731)
INFO        2025-04-27 10:52:01.150170 EST  on_submit       : bloodsuits (1213586480665202731) updated the embed with question answers in #bloodsuits-ticket-161309 (1366064098907000924)
WARNING     2025-04-27 11:06:22.333129 EST  wrapper         : Create Ticket took a long time to complete and finished in 3.78s
INFO        2025-04-27 11:06:22.401917 EST  new_ticket      : Created #loosin-ticket-161310 (1366067956680888370) in 4.1s by loosin (347473773613809684) 67
WARNING     2025-04-27 11:06:22.402168 EST  wrapper         : New Ticket took a long time to complete and finished in 4.28s
INFO        2025-04-27 11:06:24.021523 EST  enter_information_button : Sent the Questions modal to loosin (347473773613809684)
INFO        2025-04-27 11:06:29.866781 EST  on_submit       : loosin (347473773613809684) updated the embed with question answers in #loosin-ticket-161310 (1366067956680888370)
INFO        2025-04-27 11:07:49.667340 EST  wrapper         : Private Command completed in 2.4s
INFO        2025-04-27 11:07:53.320558 EST  new_ticket      : Created #mythich-ticket-161311 (1366068338710679684) in 2.08s by mythich (285634201737363456) 68
INFO        2025-04-27 11:07:55.422920 EST  enter_information_button : Sent the Questions modal to mythich (285634201737363456)
INFO        2025-04-27 11:08:09.497440 EST  enter_information_button : Sent the Questions modal to mythich (285634201737363456)
INFO        2025-04-27 11:09:01.987779 EST  on_submit       : mythich (285634201737363456) updated the embed with question answers in #mythich-ticket-161311 (1366068338710679684)
INFO        2025-04-27 11:10:30.891936 EST  wrapper         : Send Ticketlog completed in 0.73s
INFO        2025-04-27 11:19:33.189833 EST  new_ticket      : Created #briitt-ticket-161312 (1366071271871483999) in 2.72s by briitt (560221074244239381) 68
INFO        2025-04-27 11:19:35.138207 EST  enter_information_button : Sent the Questions modal to briitt (560221074244239381)
INFO        2025-04-27 11:20:08.891495 EST  on_submit       : briitt (560221074244239381) updated the embed with question answers in #briitt-ticket-161312 (1366071271871483999)
INFO        2025-04-27 11:21:34.787842 EST  wrapper         : Send Ticketlog completed in 0.42s
INFO        2025-04-27 11:23:17.590702 EST  wrapper         : Rename Command completed in 0.48s
INFO        2025-04-27 11:23:23.681610 EST  wrapper         : Rename Command completed in 0.5s
INFO        2025-04-27 11:37:09.221756 EST  new_ticket      : Created #dla300-ticket-161313 (1366075704004968478) in 1.95s by dla300 (913831450154008588) 68
INFO        2025-04-27 11:37:10.509076 EST  enter_information_button : Sent the Questions modal to dla300 (913831450154008588)
INFO        2025-04-27 11:37:13.722177 EST  on_submit       : dla300 (913831450154008588) updated the embed with question answers in #dla300-ticket-161313 (1366075704004968478)
INFO        2025-04-27 11:43:03.452629 EST  wrapper         : Send Ticketlog completed in 0.46s
INFO        2025-04-27 11:43:21.457785 EST  new_ticket      : Created #graphicalll-ticket-161314 (1366077263401062513) in 2.72s by graphicalll (934074095509852202) 68
INFO        2025-04-27 11:43:23.505744 EST  enter_information_button : Sent the Questions modal to graphicalll (934074095509852202)
INFO        2025-04-27 11:43:39.675993 EST  on_submit       : graphicalll (934074095509852202) updated the embed with question answers in #graphicalll-ticket-161314 (1366077263401062513)
INFO        2025-04-27 11:43:50.236590 EST  wrapper         : Rename Command completed in 0.62s
WARNING     2025-04-27 11:54:39.173266 EST  check_verified  : walrustbh (448616126231085069) is not verified and tried to open a ticket
INFO        2025-04-27 11:55:15.474185 EST  new_ticket      : Created #walrustbh-ticket-161315 (1366080260705353739) in 1.85s by walrustbh (448616126231085069) 69
INFO        2025-04-27 11:55:44.903533 EST  enter_information_button : Sent the Questions modal to walrustbh (448616126231085069)
INFO        2025-04-27 12:00:49.199177 EST  new_ticket      : Created #tourinjapan-ticket-161316 (1366081660139081908) in 1.87s by tourinjapan (1302600688731164734) 70
INFO        2025-04-27 12:00:50.866246 EST  enter_information_button : Sent the Questions modal to tourinjapan (1302600688731164734)
INFO        2025-04-27 12:00:58.413961 EST  on_submit       : tourinjapan (1302600688731164734) updated the embed with question answers in #tourinjapan-ticket-161316 (1366081660139081908)
INFO        2025-04-27 12:01:42.987094 EST  on_submit       : walrustbh (448616126231085069) updated the embed with question answers in #walrustbh-ticket-161315 (1366080260705353739)
INFO        2025-04-27 12:01:47.213618 EST  wrapper         : Ticket Logs Command completed in 0.67s
INFO        2025-04-27 12:02:53.078116 EST  new_ticket      : Created #walk3d-ticket-161317 (1366082176415698967) in 2.62s by walk3d (793081601197735936) 71
INFO        2025-04-27 12:02:54.567656 EST  enter_information_button : Sent the Questions modal to walk3d (793081601197735936)
INFO        2025-04-27 12:03:11.078186 EST  on_submit       : walk3d (793081601197735936) updated the embed with question answers in #walk3d-ticket-161317 (1366082176415698967)
INFO        2025-04-27 12:03:17.073805 EST  wrapper         : Rename Command completed in 0.56s
INFO        2025-04-27 12:03:55.724266 EST  wrapper         : Rename Command completed in 0.74s
INFO        2025-04-27 12:04:15.913254 EST  wrapper         : Send Ticketlog completed in 0.48s
INFO        2025-04-27 12:07:21.476397 EST  wrapper         : Send Ticketlog completed in 1.61s
INFO        2025-04-27 12:07:22.530817 EST  wrapper         : Send Ticketlog completed in 0.65s
INFO        2025-04-27 12:09:32.934616 EST  wrapper         : Send Ticketlog completed in 0.53s
INFO        2025-04-27 12:09:50.027177 EST  new_ticket      : Created #ariole-ticket-161318 (1366083924668715068) in 3.21s by ariole (985675692568109177) 68
WARNING     2025-04-27 12:09:50.027532 EST  wrapper         : New Ticket took a long time to complete and finished in 3.33s
INFO        2025-04-27 12:10:06.535512 EST  wrapper         : Send Ticketlog completed in 0.52s
INFO        2025-04-27 12:10:19.843611 EST  wrapper         : Send Ticketlog completed in 0.41s
INFO        2025-04-27 12:10:36.863250 EST  wrapper         : Send Ticketlog completed in 0.73s
INFO        2025-04-27 12:10:54.425855 EST  enter_information_button : Sent the Questions modal to ariole (985675692568109177)
INFO        2025-04-27 12:10:56.633003 EST  wrapper         : Send Ticketlog completed in 0.87s
INFO        2025-04-27 12:11:30.207463 EST  wrapper         : Send Ticketlog completed in 0.43s
INFO        2025-04-27 12:11:34.335441 EST  new_ticket      : Created #realistic2769-ticket-161319 (1366084364932218981) in 2.3s by realistic2769 (1208350581417181186) 64
INFO        2025-04-27 12:11:35.710077 EST  enter_information_button : Sent the Questions modal to realistic2769 (1208350581417181186)
INFO        2025-04-27 12:11:59.698397 EST  wrapper         : Send Ticketlog completed in 0.45s
INFO        2025-04-27 12:12:17.421320 EST  on_submit       : realistic2769 (1208350581417181186) updated the embed with question answers in #realistic2769-ticket-161319 (1366084364932218981)
INFO        2025-04-27 12:13:46.155411 EST  wrapper         : Send Ticketlog completed in 1.23s
INFO        2025-04-27 12:13:52.163772 EST  wrapper         : Rename Command completed in 0.49s
INFO        2025-04-27 12:14:00.469700 EST  wrapper         : Rename Command completed in 0.5s
INFO        2025-04-27 12:14:25.016678 EST  wrapper         : Ticket Logs Command completed in 0.71s
INFO        2025-04-27 12:14:56.722148 EST  wrapper         : Send Ticketlog completed in 0.52s
INFO        2025-04-27 12:15:21.458397 EST  wrapper         : Send Ticketlog completed in 0.71s
INFO        2025-04-27 12:15:28.570642 EST  wrapper         : Rename Command completed in 1.02s
INFO        2025-04-27 12:15:58.437179 EST  new_ticket      : Created #dwights0127-ticket-161320 (1366085472547504259) in 2.38s by dwights0127 (870440938340753408) 61
INFO        2025-04-27 12:16:00.896772 EST  enter_information_button : Sent the Questions modal to dwights0127 (870440938340753408)
INFO        2025-04-27 12:16:21.616179 EST  new_ticket      : Created #alegarciaaa-ticket-161321 (1366085569918009424) in 2.3s by alegarciaaa (748732462732935169) 62
INFO        2025-04-27 12:16:23.750745 EST  enter_information_button : Sent the Questions modal to alegarciaaa (748732462732935169)
INFO        2025-04-27 12:16:33.571308 EST  new_ticket      : Created #guuh9784-ticket-161322 (1366085619050348616) in 2.62s by guuh9784 (479401103859908610) 63
INFO        2025-04-27 12:16:37.552208 EST  enter_information_button : Sent the Questions modal to guuh9784 (479401103859908610)
INFO        2025-04-27 12:17:02.628610 EST  on_submit       : guuh9784 (479401103859908610) updated the embed with question answers in #guuh9784-ticket-161322 (1366085619050348616)
INFO        2025-04-27 12:17:05.299947 EST  on_submit       : dwights0127 (870440938340753408) updated the embed with question answers in #dwights0127-ticket-161320 (1366085472547504259)
INFO        2025-04-27 12:17:22.942564 EST  on_submit       : alegarciaaa (748732462732935169) updated the embed with question answers in #alegarciaaa-ticket-161321 (1366085569918009424)
INFO        2025-04-27 12:19:29.405274 EST  new_ticket      : Created #ichmussmal-ticket-161323 (1366086355418873936) in 2.95s by ichmussmal. (459802588112486423) 64
WARNING     2025-04-27 12:19:29.407503 EST  wrapper         : New Ticket took a long time to complete and finished in 3.18s
INFO        2025-04-27 12:19:31.977885 EST  enter_information_button : Sent the Questions modal to ichmussmal. (459802588112486423)
INFO        2025-04-27 12:19:52.512369 EST  wrapper         : Send Ticketlog completed in 0.49s
INFO        2025-04-27 12:20:23.549543 EST  new_ticket      : Created #graphicalll-ticket-161324 (1366086584428138506) in 2.5s by graphicalll (934074095509852202) 64
INFO        2025-04-27 12:20:25.690704 EST  enter_information_button : Sent the Questions modal to graphicalll (934074095509852202)
INFO        2025-04-27 12:20:41.731143 EST  on_submit       : graphicalll (934074095509852202) updated the embed with question answers in #graphicalll-ticket-161324 (1366086584428138506)
INFO        2025-04-27 12:21:03.723408 EST  on_submit       : ichmussmal. (459802588112486423) updated the embed with question answers in #ichmussmal-ticket-161323 (1366086355418873936)
INFO        2025-04-27 12:21:25.790584 EST  wrapper         : Rename Command completed in 0.61s
INFO        2025-04-27 12:22:46.951633 EST  new_ticket      : Created #ariole-ticket-161325 (1366087185962373181) in 2.31s by ariole (985675692568109177) 65
INFO        2025-04-27 12:22:51.034426 EST  enter_information_button : Sent the Questions modal to ariole (985675692568109177)
INFO        2025-04-27 12:22:55.464152 EST  on_submit       : ariole (985675692568109177) updated the embed with question answers in #ariole-ticket-161325 (1366087185962373181)
INFO        2025-04-27 12:23:27.262441 EST  wrapper         : Send Ticketlog completed in 0.39s
INFO        2025-04-27 12:23:50.429173 EST  wrapper         : Rename Command completed in 0.55s
INFO        2025-04-27 12:23:50.867292 EST  wrapper         : Blacklist Command completed in 0.55s
WARNING     2025-04-27 12:24:56.610978 EST  wrapper         : Send Ticketlog took a long time to complete and finished in 16.66s
WARNING     2025-04-27 12:24:57.011621 EST  wrapper         : Close Command took a long time to complete and finished in 18.14s
INFO        2025-04-27 12:25:41.742732 EST  wrapper         : Send Ticketlog completed in 0.31s
INFO        2025-04-27 12:25:58.881658 EST  wrapper         : Send Ticketlog completed in 0.48s
INFO        2025-04-27 12:33:48.356231 EST  new_ticket      : Created #alegarciaaa-ticket-161326 (1366089961753018561) in 1.77s by alegarciaaa (748732462732935169) 62
INFO        2025-04-27 12:33:51.892161 EST  enter_information_button : Sent the Questions modal to alegarciaaa (748732462732935169)
INFO        2025-04-27 12:34:28.156670 EST  on_submit       : alegarciaaa (748732462732935169) updated the embed with question answers in #alegarciaaa-ticket-161326 (1366089961753018561)
INFO        2025-04-27 12:35:37.627596 EST  new_ticket      : Created #mattayy-ticket-161327 (1366090419657773116) in 1.87s by mattayy (600838921953345567) 63
INFO        2025-04-27 12:37:17.968481 EST  enter_information_button : Sent the Questions modal to mattayy (600838921953345567)
INFO        2025-04-27 12:37:33.387772 EST  on_submit       : mattayy (600838921953345567) updated the embed with question answers in #mattayy-ticket-161327 (1366090419657773116)
INFO        2025-04-27 12:48:11.945863 EST  new_ticket      : Created #criplin-ticket-161328 (1366093581097373706) in 2.63s by criplin (403561555247104023) 64
INFO        2025-04-27 12:48:13.193559 EST  enter_information_button : Sent the Questions modal to criplin (403561555247104023)
INFO        2025-04-27 12:48:43.314540 EST  on_submit       : criplin (403561555247104023) updated the embed with question answers in #criplin-ticket-161328 (1366093581097373706)
INFO        2025-04-27 12:51:38.788118 EST  wrapper         : Rename Command completed in 0.51s
INFO        2025-04-27 12:55:41.545081 EST  new_ticket      : Created #desktopmist2089-ticket-161329 (1366095467385065545) in 2.33s by desktopmist2089 (977960007326892142) 65
INFO        2025-04-27 12:55:43.401352 EST  enter_information_button : Sent the Questions modal to desktopmist2089 (977960007326892142)
INFO        2025-04-27 12:55:51.220184 EST  on_submit       : desktopmist2089 (977960007326892142) updated the embed with question answers in #desktopmist2089-ticket-161329 (1366095467385065545)
INFO        2025-04-27 12:58:34.778190 EST  new_ticket      : Created #cowtoe-ticket-161330 (1366096192533958666) in 2.76s by cowtoe. (1035241601745813576) 66
INFO        2025-04-27 12:58:35.973934 EST  enter_information_button : Sent the Questions modal to cowtoe. (1035241601745813576)
INFO        2025-04-27 12:58:55.436772 EST  on_submit       : cowtoe. (1035241601745813576) updated the embed with question answers in #cowtoe-ticket-161330 (1366096192533958666)
INFO        2025-04-27 13:06:59.481352 EST  wrapper         : Rename Command completed in 0.73s
INFO        2025-04-27 13:07:30.917041 EST  wrapper         : Send Ticketlog completed in 0.3s
INFO        2025-04-27 13:07:48.375436 EST  wrapper         : Send Ticketlog completed in 0.49s
WARNING     2025-04-27 13:07:54.777682 EST  wrapper         : Create Ticket took a long time to complete and finished in 3.07s
INFO        2025-04-27 13:07:54.853476 EST  new_ticket      : Created #whitepony1-ticket-161331 (1366098539146514484) in 4.64s by whitepony1 (485975810847801364) 65
WARNING     2025-04-27 13:07:54.853944 EST  wrapper         : New Ticket took a long time to complete and finished in 4.77s
INFO        2025-04-27 13:07:57.855800 EST  enter_information_button : Sent the Questions modal to whitepony1 (485975810847801364)
INFO        2025-04-27 13:08:48.201543 EST  new_ticket      : Created #goatrobin-ticket-161332 (1366098767442350121) in 2.28s by goatrobin (1325477162228125749) 66
INFO        2025-04-27 13:08:49.882912 EST  enter_information_button : Sent the Questions modal to goatrobin (1325477162228125749)
INFO        2025-04-27 13:09:13.653568 EST  on_submit       : goatrobin (1325477162228125749) updated the embed with question answers in #goatrobin-ticket-161332 (1366098767442350121)
INFO        2025-04-27 13:10:10.951279 EST  new_ticket      : Created #reheat-ticket-161333 (1366099112646148126) in 2.82s by reheat (409915081317679104) 67
WARNING     2025-04-27 13:10:10.951795 EST  wrapper         : New Ticket took a long time to complete and finished in 3.01s
INFO        2025-04-27 13:10:12.583925 EST  enter_information_button : Sent the Questions modal to reheat (409915081317679104)
INFO        2025-04-27 13:10:15.693460 EST  on_submit       : reheat (409915081317679104) updated the embed with question answers in #reheat-ticket-161333 (1366099112646148126)
INFO        2025-04-27 13:10:21.983057 EST  wrapper         : Add Command completed in 0.41s
WARNING     2025-04-27 13:10:39.479142 EST  wrapper         : Move Command took a long time to complete and finished in 3.39s
INFO        2025-04-27 13:10:52.553446 EST  on_submit       : whitepony1 (485975810847801364) updated the embed with question answers in #whitepony1-ticket-161331 (1366098539146514484)
WARNING     2025-04-27 13:12:03.507193 EST  wrapper         : Move Command took a long time to complete and finished in 3.79s
INFO        2025-04-27 13:12:09.409439 EST  new_ticket      : Created #maxyboy43-ticket-161334 (1366099611571458108) in 2.28s by maxyboy43 (939822313598226503) 68
INFO        2025-04-27 13:12:12.660850 EST  enter_information_button : Sent the Questions modal to maxyboy43 (939822313598226503)
INFO        2025-04-27 13:12:40.292111 EST  on_submit       : maxyboy43 (939822313598226503) updated the embed with question answers in #maxyboy43-ticket-161334 (1366099611571458108)
INFO        2025-04-27 13:13:19.863088 EST  new_ticket      : Created #conquerin-ticket-161335 (1366099906758180944) in 3.07s by conquerin (576869199532654603) 69
WARNING     2025-04-27 13:13:19.863581 EST  wrapper         : New Ticket took a long time to complete and finished in 3.25s
INFO        2025-04-27 13:13:22.368633 EST  enter_information_button : Sent the Questions modal to conquerin (576869199532654603)
INFO        2025-04-27 13:13:49.962051 EST  on_submit       : conquerin (576869199532654603) updated the embed with question answers in #conquerin-ticket-161335 (1366099906758180944)
INFO        2025-04-27 13:15:03.752083 EST  wrapper         : Rename Command completed in 0.85s
INFO        2025-04-27 13:15:39.019421 EST  wrapper         : Rename Command completed in 0.63s
INFO        2025-04-27 13:17:24.225940 EST  new_ticket      : Created #vinix__1-ticket-161336 (1366100932844196023) in 2.04s by vinix__1 (1101136988612087909) 70
INFO        2025-04-27 13:17:43.691551 EST  enter_information_button : Sent the Questions modal to vinix__1 (1101136988612087909)
INFO        2025-04-27 13:18:36.141868 EST  on_submit       : vinix__1 (1101136988612087909) updated the embed with question answers in #vinix__1-ticket-161336 (1366100932844196023)
INFO        2025-04-27 13:18:51.909665 EST  new_ticket      : Created #sophiajaja-ticket-161337 (1366101298969186317) in 2.34s by sophiajaja (457406955082743812) 71
INFO        2025-04-27 13:18:53.837780 EST  enter_information_button : Sent the Questions modal to sophiajaja (457406955082743812)
INFO        2025-04-27 13:19:05.741735 EST  on_submit       : sophiajaja (457406955082743812) updated the embed with question answers in #sophiajaja-ticket-161337 (1366101298969186317)
INFO        2025-04-27 13:22:34.371090 EST  wrapper         : Send Ticketlog completed in 0.35s
INFO        2025-04-27 13:22:41.288079 EST  wrapper         : Send Ticketlog completed in 0.73s
WARNING     2025-04-27 13:22:44.639814 EST  wrapper         : Create Ticket took a long time to complete and finished in 3.61s
INFO        2025-04-27 13:22:44.708345 EST  new_ticket      : Created #plusaxe242-ticket-161338 (1366102276401266826) in 3.95s by plusaxe242 (981267233848328282) 70
WARNING     2025-04-27 13:22:44.708680 EST  wrapper         : New Ticket took a long time to complete and finished in 4.15s
INFO        2025-04-27 13:22:46.969727 EST  enter_information_button : Sent the Questions modal to plusaxe242 (981267233848328282)
INFO        2025-04-27 13:22:59.970118 EST  on_submit       : plusaxe242 (981267233848328282) updated the embed with question answers in #plusaxe242-ticket-161338 (1366102276401266826)
WARNING     2025-04-27 13:23:16.489497 EST  wrapper         : Create Ticket took a long time to complete and finished in 3.13s
INFO        2025-04-27 13:23:16.557856 EST  new_ticket      : Created #hoodturtle-ticket-161339 (1366102404835180766) in 3.54s by hoodturtle (216705614783447041) 71
WARNING     2025-04-27 13:23:16.558109 EST  wrapper         : New Ticket took a long time to complete and finished in 3.67s
INFO        2025-04-27 13:23:20.134205 EST  enter_information_button : Sent the Questions modal to hoodturtle (216705614783447041)
INFO        2025-04-27 13:23:24.905613 EST  on_submit       : hoodturtle (216705614783447041) updated the embed with question answers in #hoodturtle-ticket-161339 (1366102404835180766)
INFO        2025-04-27 13:25:19.268125 EST  new_ticket      : Created #bakugoukatsuki7574-ticket-161340 (1366102924349935831) in 2.07s by bakugoukatsuki7574 (786176943586017311) 72
INFO        2025-04-27 13:25:21.044060 EST  enter_information_button : Sent the Questions modal to bakugoukatsuki7574 (786176943586017311)
INFO        2025-04-27 13:25:24.549710 EST  wrapper         : Rename Command completed in 0.71s
INFO        2025-04-27 13:25:29.733752 EST  on_submit       : bakugoukatsuki7574 (786176943586017311) updated the embed with question answers in #bakugoukatsuki7574-ticket-161340 (1366102924349935831)
INFO        2025-04-27 13:25:51.729910 EST  wrapper         : Rename Command completed in 0.53s
INFO        2025-04-27 13:26:22.404617 EST  wrapper         : Send Ticketlog completed in 0.71s
INFO        2025-04-27 13:29:13.606205 EST  wrapper         : Send Ticketlog completed in 0.36s
INFO        2025-04-27 13:30:28.449489 EST  new_ticket      : Created #mattayy-ticket-161341 (1366104220922679398) in 2.32s by mattayy (600838921953345567) 71
INFO        2025-04-27 13:30:30.140963 EST  enter_information_button : Sent the Questions modal to mattayy (600838921953345567)
INFO        2025-04-27 13:30:43.589003 EST  on_submit       : mattayy (600838921953345567) updated the embed with question answers in #mattayy-ticket-161341 (1366104220922679398)
INFO        2025-04-27 13:31:43.273744 EST  new_ticket      : Created #halalalawalalala-ticket-161342 (1366104534413213716) in 2.41s by halalalawalalala (1234354341410766940) 72
INFO        2025-04-27 13:32:08.681430 EST  request_tickets : Sent the 📨 button to restorable (714687115514085473)
INFO        2025-04-27 13:32:33.697894 EST  wrapper         : Send Ticketlog completed in 0.55s
INFO        2025-04-27 13:32:46.745855 EST  enter_information_button : Sent the Questions modal to halalalawalalala (1234354341410766940)
INFO        2025-04-27 13:33:07.124792 EST  on_submit       : halalalawalalala (1234354341410766940) updated the embed with question answers in #halalalawalalala-ticket-161342 (1366104534413213716)
INFO        2025-04-27 13:33:09.746816 EST  wrapper         : Send Ticketlog completed in 0.5s
INFO        2025-04-27 13:33:47.627109 EST  wrapper         : Send Ticketlog completed in 0.58s
INFO        2025-04-27 13:33:51.330033 EST  wrapper         : Send Ticketlog completed in 0.69s
INFO        2025-04-27 13:35:53.870952 EST  wrapper         : Send Ticketlog completed in 0.34s
INFO        2025-04-27 13:37:44.975636 EST  wrapper         : Send Ticketlog completed in 0.47s
INFO        2025-04-27 13:42:05.497665 EST  wrapper         : Send Ticketlog completed in 0.56s
INFO        2025-04-27 13:42:15.938872 EST  wrapper         : Rename Command completed in 0.51s
WARNING     2025-04-27 13:52:00.161807 EST  send_ticket_log : Failed to send ticket log: 403 Forbidden (error code: 50007): Cannot send messages to this user
INFO        2025-04-27 13:52:00.162311 EST  wrapper         : Send Ticketlog completed in 0.58s
INFO        2025-04-27 13:52:16.881269 EST  wrapper         : Send Ticketlog completed in 0.72s
INFO        2025-04-27 14:05:09.240181 EST  new_ticket      : Created #jake2001-ticket-161343 (1366112949986529490) in 2.28s by jake.2001 (231462841008390144) 64
INFO        2025-04-27 14:05:15.749749 EST  enter_information_button : Sent the Questions modal to jake.2001 (231462841008390144)
INFO        2025-04-27 14:05:21.546675 EST  request_tickets : Sent the 📨 button to kingvonreincarnate (837552319829639179)
INFO        2025-04-27 14:05:32.311831 EST  new_ticket      : Created #kingvonreincarnate-ticket-161344 (1366113045360676874) in 2.43s by kingvonreincarnate (837552319829639179) 65
INFO        2025-04-27 14:05:34.744085 EST  enter_information_button : Sent the Questions modal to kingvonreincarnate (837552319829639179)
INFO        2025-04-27 14:05:46.455231 EST  on_submit       : jake.2001 (231462841008390144) updated the embed with question answers in #jake2001-ticket-161343 (1366112949986529490)
INFO        2025-04-27 14:06:13.143889 EST  on_submit       : kingvonreincarnate (837552319829639179) updated the embed with question answers in #kingvonreincarnate-ticket-161344 (1366113045360676874)
INFO        2025-04-27 14:06:54.671353 EST  wrapper         : Send Ticketlog completed in 0.44s
INFO        2025-04-27 14:07:20.036605 EST  new_ticket      : Created #ppuggy-ticket-161345 (1366113496462528526) in 2.56s by ppuggy (498666606323302400) 65
INFO        2025-04-27 14:07:21.306711 EST  enter_information_button : Sent the Questions modal to ppuggy (498666606323302400)
INFO        2025-04-27 14:07:39.478893 EST  on_submit       : ppuggy (498666606323302400) updated the embed with question answers in #ppuggy-ticket-161345 (1366113496462528526)
INFO        2025-04-27 14:10:01.861316 EST  new_ticket      : Created #manlikeaz-ticket-161346 (1366114173645225997) in 2.93s by manlikeaz (528204758175973377) 66
WARNING     2025-04-27 14:10:01.862304 EST  wrapper         : New Ticket took a long time to complete and finished in 3.18s
INFO        2025-04-27 14:10:14.151279 EST  enter_information_button : Sent the Questions modal to manlikeaz (528204758175973377)
INFO        2025-04-27 14:10:15.877167 EST  wrapper         : Rename Command completed in 0.48s
INFO        2025-04-27 14:10:48.633628 EST  wrapper         : Send Ticketlog completed in 0.38s
INFO        2025-04-27 14:10:57.628244 EST  wrapper         : Send Ticketlog completed in 0.32s
INFO        2025-04-27 14:10:58.534886 EST  on_submit       : manlikeaz (528204758175973377) updated the embed with question answers in #manlikeaz-ticket-161346 (1366114173645225997)
INFO        2025-04-27 14:10:58.660914 EST  wrapper         : Rename Command completed in 0.54s
INFO        2025-04-27 14:11:07.022058 EST  wrapper         : Rename Command completed in 1.96s
INFO        2025-04-27 14:21:00.484571 EST  wrapper         : Send Ticketlog completed in 0.56s
WARNING     2025-04-27 14:24:22.701638 EST  check_verified  : aceofspadeslv (539493995391483913) is not verified and tried to open a ticket
INFO        2025-04-27 14:26:39.077081 EST  new_ticket      : Created #ttvlilrolls123_-ticket-161347 (1366118359346708480) in 2.55s by ttvlilrolls123_ (776423109317361714) 64
INFO        2025-04-27 14:26:41.905272 EST  enter_information_button : Sent the Questions modal to ttvlilrolls123_ (776423109317361714)
INFO        2025-04-27 14:26:48.195332 EST  on_submit       : ttvlilrolls123_ (776423109317361714) updated the embed with question answers in #ttvlilrolls123_-ticket-161347 (1366118359346708480)
INFO        2025-04-27 14:26:59.270368 EST  wrapper         : Add Command completed in 0.53s
INFO        2025-04-27 14:29:24.435310 EST  wrapper         : Send Ticketlog completed in 1.53s
INFO        2025-04-27 14:31:34.517326 EST  new_ticket      : Created #mattayy-ticket-161348 (1366119597711032391) in 2.36s by mattayy (600838921953345567) 64
INFO        2025-04-27 14:35:00.891523 EST  enter_information_button : Sent the Questions modal to mattayy (600838921953345567)
INFO        2025-04-27 14:35:12.359807 EST  on_submit       : mattayy (600838921953345567) updated the embed with question answers in #mattayy-ticket-161348 (1366119597711032391)
WARNING     2025-04-27 14:35:54.151429 EST  check_blacklisted : graphicalll (934074095509852202) is blacklisted from tickets and tried to open a ticket
INFO        2025-04-27 14:40:53.304710 EST  new_ticket      : Created #shovtz-ticket-161349 (1366121940384874596) in 2.56s by shovtz (1063059206527275038) 65
INFO        2025-04-27 14:40:57.634496 EST  enter_information_button : Sent the Questions modal to shovtz (1063059206527275038)
INFO        2025-04-27 14:41:30.305367 EST  wrapper         : Send Ticketlog completed in 0.46s
INFO        2025-04-27 14:41:34.600308 EST  on_submit       : shovtz (1063059206527275038) updated the embed with question answers in #shovtz-ticket-161349 (1366121940384874596)
INFO        2025-04-27 14:44:43.466272 EST  wrapper         : Oldest Command completed in 0.75s
